feature,gain,repeat,fold
mfcc_11_std,0.13507787883281708,0,0
mfcc_1_mean,0.07058323919773102,0,0
mfcc_1_p90,0.0551239512860775,0,0
mfcc_8_p90,0.03230763226747513,0,0
rms_std,0.031613755971193314,0,0
mfcc_12_std,0.02387414500117302,0,0
mfcc_16_std,0.022961419075727463,0,0
mfcc_18_p90,0.022229621186852455,0,0
mfcc_17_std,0.019816312938928604,0,0
dominant_frequency,0.01950685866177082,0,0
mfcc_1_p10,0.01892872154712677,0,0
contrast_2_std,0.018283110111951828,0,0
rms_p90,0.018268533051013947,0,0
mfcc_18_mean,0.016236118972301483,0,0
contrast_0_mean,0.014638138934969902,0,0
contrast_3_mean,0.012415111064910889,0,0
dominant_frequency_ratio,0.01196006778627634,0,0
mfcc_16_p10,0.011958280578255653,0,0
spectral_entropy_mean,0.010253794491291046,0,0
rms_p10,0.010037325322628021,0,0
centroid_p90,0.00966967549175024,0,0
mfcc_10_mean,0.009519153274595737,0,0
rolloff85_p10,0.008840184658765793,0,0
mfcc_11_p90,0.008620413951575756,0,0
mfcc_6_p90,0.008303715847432613,0,0
spectral_entropy_p10,0.008205544203519821,0,0
centroid_mean,0.007605520077049732,0,0
mfcc_8_mean,0.00760307302698493,0,0
contrast_3_p90,0.007399372756481171,0,0
mfcc_2_p10,0.007258004508912563,0,0
rms_mean,0.006689256522804499,0,0
contrast_3_std,0.006171178538352251,0,0
mfcc_2_mean,0.005898567847907543,0,0
mfcc_13_p90,0.005752586293965578,0,0
contrast_0_p90,0.005462612025439739,0,0
mfcc_7_std,0.005432329140603542,0,0
spectral_entropy_p90,0.005421881563961506,0,0
mfcc_18_std,0.00539696728810668,0,0
mfcc_15_std,0.0053773485124111176,0,0
mfcc_0_mean,0.00521619850769639,0,0
mfcc_8_p10,0.005172202829271555,0,0
rolloff85_p90,0.005137808620929718,0,0
contrast_2_p90,0.005068411119282246,0,0
mfcc_9_p90,0.005045202095061541,0,0
mfcc_4_p10,0.004957894794642925,0,0
flatness_mean,0.004928956739604473,0,0
mfcc_0_p90,0.004862670321017504,0,0
mfcc_0_p10,0.0047836098819971085,0,0
zero_crossing_rate_p10,0.004765821620821953,0,0
bandwidth_mean,0.004694631788879633,0,0
mfcc_11_mean,0.004688125569373369,0,0
mfcc_7_mean,0.0042284089140594006,0,0
mfcc_8_std,0.00419907970353961,0,0
mfcc_13_mean,0.004033153876662254,0,0
mfcc_3_mean,0.003976201172918081,0,0
mfcc_9_p10,0.0038765177596360445,0,0
bandwidth_p90,0.0038393884897232056,0,0
contrast_4_p90,0.003783995984122157,0,0
mfcc_16_mean,0.0036591016687452793,0,0
contrast_1_p10,0.0036245244555175304,0,0
mfcc_1_mean,0.0878603458404541,0,1
mfcc_1_p90,0.08603168278932571,0,1
mfcc_11_std,0.08567079901695251,0,1
mfcc_16_std,0.06432530283927917,0,1
mfcc_17_std,0.031642768532037735,0,1
contrast_0_p90,0.02401662804186344,0,1
rms_std,0.022494597360491753,0,1
contrast_2_std,0.02194681018590927,0,1
dominant_frequency,0.01998509280383587,0,1
rms_p90,0.018580174073576927,0,1
contrast_4_p90,0.01613352820277214,0,1
mfcc_0_mean,0.013660420663654804,0,1
zero_crossing_rate_p90,0.013579349964857101,0,1
mfcc_1_p10,0.012356788851320744,0,1
mfcc_11_p90,0.012192211113870144,0,1
spectral_entropy_mean,0.012033664621412754,0,1
mfcc_18_std,0.012003160081803799,0,1
dominant_frequency_ratio,0.011665157042443752,0,1
contrast_3_std,0.01129926647990942,0,1
mfcc_2_p90,0.009901735931634903,0,1
contrast_3_p90,0.009451285004615784,0,1
contrast_4_mean,0.008658002130687237,0,1
mfcc_18_mean,0.008394747972488403,0,1
contrast_0_mean,0.007877523079514503,0,1
mfcc_8_p90,0.007657540496438742,0,1
mfcc_18_p90,0.0073643033392727375,0,1
mfcc_11_mean,0.007299541495740414,0,1
mfcc_0_p90,0.00718380743637681,0,1
spectral_entropy_p10,0.0070541128516197205,0,1
mfcc_15_std,0.006996753625571728,0,1
contrast_2_p90,0.006422525271773338,0,1
contrast_3_mean,0.006368701346218586,0,1
mfcc_2_mean,0.005709143355488777,0,1
mfcc_12_std,0.0056815058924257755,0,1
mfcc_12_p90,0.00554368132725358,0,1
mfcc_0_p10,0.005436148028820753,0,1
mfcc_1_std,0.005414576269686222,0,1
zero_crossing_rate_std,0.0053151072934269905,0,1
rms_p10,0.005198952276259661,0,1
centroid_p90,0.005174154881387949,0,1
mfcc_4_p90,0.005141592118889093,0,1
centroid_mean,0.005120793357491493,0,1
centroid_p10,0.004838405176997185,0,1
rolloff85_std,0.004711007699370384,0,1
mfcc_2_p10,0.004620261024683714,0,1
mfcc_16_p10,0.004537396598607302,0,1
contrast_1_p10,0.004431452602148056,0,1
rolloff85_p10,0.004378677345812321,0,1
mfcc_8_p10,0.004366444423794746,0,1
mfcc_5_mean,0.00426966417580843,0,1
flatness_p10,0.004263108130544424,0,1
mfcc_8_mean,0.00412033824250102,0,1
mfcc_9_mean,0.004086725879460573,0,1
mfcc_3_p90,0.0039987992495298386,0,1
mfcc_3_mean,0.003996139392256737,0,1
rms_mean,0.0038588526658713818,0,1
mfcc_delta_0_std,0.0037544313818216324,0,1
bandwidth_mean,0.0037474012933671474,0,1
mfcc_6_mean,0.0035793937277048826,0,1
spectral_entropy_std,0.00355917913839221,0,1
dominant_frequency,0.09477549046278,0,2
mfcc_16_std,0.07831507921218872,0,2
mfcc_17_std,0.06847237795591354,0,2
contrast_2_std,0.034647006541490555,0,2
mfcc_0_mean,0.034111689776182175,0,2
mfcc_1_p10,0.025375302881002426,0,2
mfcc_0_p10,0.025068674236536026,0,2
rms_p10,0.01973179541528225,0,2
mfcc_11_std,0.01901455596089363,0,2
mfcc_18_std,0.018367838114500046,0,2
zero_crossing_rate_p90,0.017426831647753716,0,2
contrast_0_mean,0.015867050737142563,0,2
mfcc_12_std,0.015346698462963104,0,2
zero_crossing_rate_std,0.014981058426201344,0,2
mfcc_18_mean,0.013364135287702084,0,2
mfcc_11_p90,0.01321906317025423,0,2
rms_std,0.013034393079578876,0,2
contrast_0_p90,0.012364009395241737,0,2
mfcc_18_p90,0.01233716495335102,0,2
dominant_frequency_ratio,0.012006513774394989,0,2
mfcc_0_std,0.010967789217829704,0,2
mfcc_delta_0_std,0.010898513719439507,0,2
mfcc_0_p90,0.010146744549274445,0,2
contrast_3_std,0.009650655090808868,0,2
flatness_p90,0.009639325551688671,0,2
mfcc_15_std,0.008673427626490593,0,2
mfcc_2_p10,0.008408552967011929,0,2
flatness_std,0.008337466977536678,0,2
mfcc_1_mean,0.008178559131920338,0,2
mfcc_13_std,0.00773648452013731,0,2
contrast_0_p10,0.007403071969747543,0,2
contrast_4_p90,0.007353432476520538,0,2
contrast_4_std,0.006805650424212217,0,2
centroid_std,0.006687977816909552,0,2
spectral_entropy_mean,0.00667859660461545,0,2
mfcc_2_mean,0.006591849494725466,0,2
mfcc_1_p90,0.0063010165467858315,0,2
rms_mean,0.00617014616727829,0,2
mfcc_6_std,0.006045623682439327,0,2
spectral_entropy_p90,0.0059996978379786015,0,2
mfcc_delta_0_p90,0.00563439354300499,0,2
contrast_4_mean,0.005613849498331547,0,2
contrast_3_p90,0.00554299633949995,0,2
contrast_4_p10,0.0051050977781414986,0,2
rolloff85_p90,0.0047007957473397255,0,2
contrast_1_mean,0.00465970765799284,0,2
mfcc_delta_6_p90,0.004235746804624796,0,2
contrast_3_mean,0.004208158235996962,0,2
flatness_p10,0.0041993227787315845,0,2
flatness_mean,0.0041549052111804485,0,2
mfcc_9_p90,0.00415073661133647,0,2
mfcc_delta_1_std,0.0041396738961339,0,2
mfcc_delta_1_p10,0.004136038012802601,0,2
contrast_1_p10,0.004117433447390795,0,2
centroid_mean,0.0040617757476866245,0,2
spectral_entropy_p10,0.003983342554420233,0,2
mfcc_8_p90,0.003919553477317095,0,2
mfcc_11_mean,0.0038959565572440624,0,2
mfcc_2_p90,0.0038626566529273987,0,2
centroid_p90,0.0038614445365965366,0,2
mfcc_16_std,0.09611281752586365,0,3
mfcc_12_std,0.0625678077340126,0,3
contrast_0_mean,0.05492442473769188,0,3
dominant_frequency,0.052613332867622375,0,3
contrast_2_std,0.029096074402332306,0,3
mfcc_1_std,0.028566602617502213,0,3
contrast_0_p10,0.027105655521154404,0,3
mfcc_11_std,0.026336580514907837,0,3
mfcc_6_std,0.025867415592074394,0,3
rms_mean,0.022163795307278633,0,3
mfcc_0_p10,0.020759111270308495,0,3
mfcc_15_std,0.020655451342463493,0,3
rms_p10,0.018881630152463913,0,3
spectral_entropy_p10,0.01700897328555584,0,3
mfcc_18_std,0.016882531344890594,0,3
mfcc_1_p10,0.016634248197078705,0,3
spectral_entropy_mean,0.01620415598154068,0,3
flatness_p10,0.012137435376644135,0,3
dominant_frequency_ratio,0.01176974643021822,0,3
zero_crossing_rate_std,0.011058401316404343,0,3
contrast_4_p90,0.010764900594949722,0,3
mfcc_2_p10,0.01057448424398899,0,3
contrast_1_p10,0.00925777480006218,0,3
flatness_p90,0.008661044761538506,0,3
zero_crossing_rate_p90,0.008187544532120228,0,3
mfcc_1_mean,0.008125858381390572,0,3
mfcc_8_std,0.008003453724086285,0,3
mfcc_17_std,0.007868719287216663,0,3
contrast_4_p10,0.007492885459214449,0,3
mfcc_1_p90,0.0073141432367265224,0,3
mfcc_0_mean,0.0072343191131949425,0,3
flatness_std,0.0071485452353954315,0,3
spectral_entropy_p90,0.006954170297831297,0,3
contrast_0_p90,0.006871502846479416,0,3
contrast_4_mean,0.006674773059785366,0,3
centroid_p90,0.006643753498792648,0,3
rolloff85_mean,0.006388370878994465,0,3
mfcc_3_p10,0.006300641223788261,0,3
mfcc_delta_2_std,0.005085713230073452,0,3
contrast_2_p90,0.005018269643187523,0,3
centroid_std,0.004946154076606035,0,3
centroid_mean,0.004902921617031097,0,3
mfcc_10_std,0.004610301461070776,0,3
contrast_4_std,0.004552494268864393,0,3
mfcc_2_mean,0.00452037900686264,0,3
rolloff85_p90,0.004507308825850487,0,3
rolloff85_p10,0.004443919751793146,0,3
mfcc_5_p90,0.004392116796225309,0,3
flatness_mean,0.004332116339355707,0,3
contrast_3_mean,0.004141815472394228,0,3
bandwidth_mean,0.003962314687669277,0,3
mfcc_8_p10,0.003919338341802359,0,3
rms_p90,0.0038915113545954227,0,3
mfcc_5_mean,0.0038804132491350174,0,3
mfcc_delta_1_p10,0.0037182127125561237,0,3
mfcc_delta_1_std,0.003676554886624217,0,3
mfcc_7_p10,0.003639370435848832,0,3
bandwidth_p10,0.0034407763741910458,0,3
contrast_3_p10,0.00337981223128736,0,3
zero_crossing_rate_p10,0.0033316940534859896,0,3
mfcc_11_std,0.11849658191204071,0,4
contrast_0_p10,0.09540616720914841,0,4
contrast_0_mean,0.08134622871875763,0,4
mfcc_12_std,0.03746933490037918,0,4
mfcc_16_std,0.035170961171388626,0,4
dominant_frequency,0.03495490178465843,0,4
rolloff85_p10,0.025197351351380348,0,4
contrast_0_p90,0.023450344800949097,0,4
mfcc_18_std,0.02320910058915615,0,4
mfcc_15_std,0.01897580735385418,0,4
mfcc_0_mean,0.018712911754846573,0,4
mfcc_2_p10,0.017734983935952187,0,4
mfcc_17_std,0.015616809949278831,0,4
mfcc_18_p90,0.014871645718812943,0,4
rms_std,0.01218412909656763,0,4
mfcc_1_mean,0.011575364507734776,0,4
contrast_4_p10,0.01151309348642826,0,4
mfcc_4_std,0.01053058821707964,0,4
rolloff85_mean,0.010022847913205624,0,4
mfcc_1_p10,0.009926678612828255,0,4
zero_crossing_rate_p90,0.009580795653164387,0,4
rms_p10,0.008951825089752674,0,4
zero_crossing_rate_std,0.008720790967345238,0,4
mfcc_0_p90,0.008069884032011032,0,4
spectral_entropy_p90,0.008036499843001366,0,4
flatness_std,0.007274634204804897,0,4
spectral_entropy_p10,0.006912326440215111,0,4
flatness_p90,0.006889776326715946,0,4
mfcc_16_p90,0.006662400439381599,0,4
mfcc_18_mean,0.006638769060373306,0,4
mfcc_4_p10,0.006583575624972582,0,4
centroid_p90,0.006167112849652767,0,4
rms_p90,0.0059275394305586815,0,4
contrast_4_mean,0.005871622357517481,0,4
mfcc_3_p10,0.005861172918230295,0,4
mfcc_2_mean,0.005845976062119007,0,4
flatness_mean,0.0057798284105956554,0,4
zero_crossing_rate_p10,0.005580958444625139,0,4
spectral_entropy_mean,0.005368842743337154,0,4
dominant_frequency_ratio,0.005101392045617104,0,4
mfcc_2_p90,0.00485339667648077,0,4
contrast_4_p90,0.0048282695934176445,0,4
rolloff85_p90,0.004816392436623573,0,4
mfcc_1_p90,0.004803476855158806,0,4
contrast_4_std,0.004661620128899813,0,4
mfcc_12_p90,0.004462543409317732,0,4
zero_crossing_rate_mean,0.004452440422028303,0,4
mfcc_15_p10,0.004346203990280628,0,4
rms_mean,0.004343682434409857,0,4
mfcc_13_std,0.004252647049725056,0,4
contrast_1_mean,0.004179961513727903,0,4
flatness_p10,0.004168826621025801,0,4
mfcc_delta_0_std,0.004115254618227482,0,4
mfcc_2_std,0.004038452636450529,0,4
mfcc_4_mean,0.003984477370977402,0,4
mfcc_6_p90,0.0036012663040310144,0,4
contrast_2_std,0.0035805641673505306,0,4
mfcc_0_p10,0.0035466288682073355,0,4
mfcc_7_std,0.0035016704350709915,0,4
contrast_0_std,0.0032096724025905132,0,4
mfcc_11_std,0.13761486113071442,1,0
mfcc_1_mean,0.0714038610458374,1,0
mfcc_1_p90,0.048473842442035675,1,0
mfcc_12_std,0.04309519752860069,1,0
mfcc_8_p90,0.03090905398130417,1,0
dominant_frequency,0.022172434255480766,1,0
contrast_0_mean,0.019555995240807533,1,0
mfcc_18_mean,0.01949627511203289,1,0
centroid_p90,0.01866205595433712,1,0
rms_p90,0.018409086391329765,1,0
mfcc_18_p90,0.018302790820598602,1,0
contrast_3_mean,0.01829664409160614,1,0
mfcc_1_p10,0.017671048641204834,1,0
spectral_entropy_p10,0.017443502321839333,1,0
contrast_2_std,0.01635880023241043,1,0
rms_std,0.015446670353412628,1,0
mfcc_16_std,0.01435660570859909,1,0
spectral_entropy_mean,0.013173903338611126,1,0
mfcc_17_std,0.01194865070283413,1,0
dominant_frequency_ratio,0.011418004520237446,1,0
mfcc_13_p90,0.011404086835682392,1,0
rms_p10,0.011110705323517323,1,0
rolloff85_p10,0.011096036992967129,1,0
contrast_3_std,0.01085155364125967,1,0
mfcc_0_mean,0.009947510436177254,1,0
contrast_0_p90,0.00916197057813406,1,0
contrast_4_p90,0.008904760703444481,1,0
mfcc_11_p90,0.008418194949626923,1,0
mfcc_6_p90,0.006752022076398134,1,0
mfcc_0_p90,0.006726605352014303,1,0
contrast_2_p90,0.0066551584750413895,1,0
mfcc_8_mean,0.006615972612053156,1,0
zero_crossing_rate_p10,0.006606899667531252,1,0
centroid_mean,0.005808387417346239,1,0
rms_mean,0.005611154716461897,1,0
mfcc_9_mean,0.005531163886189461,1,0
mfcc_9_p90,0.005297977477312088,1,0
mfcc_18_std,0.005241870414465666,1,0
zero_crossing_rate_std,0.005234648007899523,1,0
contrast_3_p10,0.005149942357093096,1,0
mfcc_10_p90,0.0051141586154699326,1,0
mfcc_3_mean,0.005103621631860733,1,0
mfcc_10_mean,0.005006736610084772,1,0
bandwidth_mean,0.005003343801945448,1,0
mfcc_11_mean,0.004801962524652481,1,0
mfcc_13_mean,0.0045644361525774,1,0
centroid_p10,0.00456320121884346,1,0
mfcc_delta_9_std,0.004538718145340681,1,0
contrast_0_p10,0.004529289435595274,1,0
mfcc_2_mean,0.004500263836234808,1,0
mfcc_delta_1_std,0.004403718281537294,1,0
bandwidth_p90,0.004363920073956251,1,0
mfcc_16_mean,0.004267498850822449,1,0
mfcc_0_p10,0.004082325845956802,1,0
mfcc_delta_0_std,0.00398335512727499,1,0
mfcc_8_std,0.003898447146639228,1,0
mfcc_7_std,0.003863197285681963,1,0
mfcc_14_p10,0.0037388314958661795,1,0
contrast_4_mean,0.0037371369544416666,1,0
mfcc_6_std,0.003618513001129031,1,0
mfcc_11_std,0.10869032144546509,1,1
mfcc_1_mean,0.0806022360920906,1,1
mfcc_1_p90,0.0767693966627121,1,1
mfcc_16_std,0.06918364018201828,1,1
rms_std,0.02629058063030243,1,1
contrast_2_std,0.02574981190264225,1,1
mfcc_17_std,0.02457834593951702,1,1
centroid_mean,0.019595051184296608,1,1
contrast_0_p90,0.018252504989504814,1,1
dominant_frequency,0.01606648787856102,1,1
contrast_4_p90,0.016047067940235138,1,1
contrast_0_mean,0.014057392254471779,1,1
mfcc_15_p90,0.013238691724836826,1,1
rms_p90,0.012714419513940811,1,1
mfcc_0_p90,0.012589775025844574,1,1
mfcc_11_p90,0.012420265935361385,1,1
mfcc_18_p90,0.011855271644890308,1,1
contrast_3_std,0.011641805060207844,1,1
spectral_entropy_mean,0.010988946072757244,1,1
zero_crossing_rate_p90,0.010711150243878365,1,1
contrast_2_p90,0.010557558387517929,1,1
dominant_frequency_ratio,0.010060827247798443,1,1
mfcc_2_p90,0.0094817616045475,1,1
mfcc_0_mean,0.009162426926195621,1,1
mfcc_11_mean,0.00877087377011776,1,1
contrast_3_p90,0.008017072454094887,1,1
mfcc_8_p90,0.007714887615293264,1,1
mfcc_15_std,0.007425445131957531,1,1
mfcc_12_p90,0.0069338553585112095,1,1
centroid_p90,0.0067952838726341724,1,1
mfcc_1_p10,0.00641563069075346,1,1
mfcc_18_std,0.005931485444307327,1,1
rms_p10,0.005861117970198393,1,1
zero_crossing_rate_std,0.0058417366817593575,1,1
mfcc_4_std,0.0055192140862345695,1,1
contrast_4_mean,0.0054610976949334145,1,1
mfcc_18_mean,0.005344478879123926,1,1
mfcc_12_std,0.005209116265177727,1,1
spectral_entropy_p10,0.005197258200496435,1,1
mfcc_9_p90,0.00513793621212244,1,1
mfcc_8_mean,0.004964188206940889,1,1
mfcc_5_p90,0.004883670713752508,1,1
rolloff85_std,0.004808356054127216,1,1
mfcc_delta_12_std,0.004776122514158487,1,1
mfcc_4_p90,0.004621610976755619,1,1
mfcc_2_mean,0.004444402642548084,1,1
flatness_std,0.004362592939287424,1,1
mfcc_6_mean,0.004240742884576321,1,1
contrast_3_mean,0.004100813530385494,1,1
centroid_p10,0.003927346784621477,1,1
flatness_mean,0.003871048102155328,1,1
mfcc_delta_1_p10,0.003806201508268714,1,1
mfcc_1_std,0.0036821849644184113,1,1
mfcc_5_mean,0.003558725817129016,1,1
mfcc_6_p90,0.003558028256520629,1,1
mfcc_2_p10,0.0035407354589551687,1,1
mfcc_3_mean,0.0035281283780932426,1,1
contrast_3_p10,0.003447391325607896,1,1
mfcc_delta_0_std,0.0034399142023175955,1,1
bandwidth_p90,0.003432652447372675,1,1
dominant_frequency,0.11162290722131729,1,2
mfcc_16_std,0.08042879402637482,1,2
mfcc_17_std,0.0706285759806633,1,2
mfcc_0_mean,0.05347682908177376,1,2
rms_std,0.03268859162926674,1,2
mfcc_1_p10,0.030137289315462112,1,2
rms_p10,0.022422362118959427,1,2
mfcc_0_p10,0.020051458850502968,1,2
contrast_0_mean,0.018831968307495117,1,2
mfcc_18_std,0.016178587451577187,1,2
mfcc_6_p90,0.015800388529896736,1,2
flatness_p90,0.014146850444376469,1,2
mfcc_0_p90,0.012590048834681511,1,2
mfcc_12_std,0.012443370185792446,1,2
zero_crossing_rate_std,0.01228842418640852,1,2
dominant_frequency_ratio,0.012227322906255722,1,2
mfcc_11_std,0.0117185665294528,1,2
mfcc_18_p90,0.011556185781955719,1,2
zero_crossing_rate_p10,0.011154171079397202,1,2
mfcc_18_mean,0.00950184278190136,1,2
zero_crossing_rate_p90,0.009367545135319233,1,2
mfcc_delta_0_std,0.00879609677940607,1,2
mfcc_1_mean,0.008377298712730408,1,2
rolloff85_p90,0.008349107578396797,1,2
contrast_0_p10,0.008313163183629513,1,2
contrast_4_p90,0.007925543934106827,1,2
mfcc_11_p90,0.007701809052377939,1,2
rms_mean,0.007309362757951021,1,2
contrast_3_p10,0.007267934735864401,1,2
contrast_0_p90,0.007120824884623289,1,2
flatness_mean,0.007103211712092161,1,2
bandwidth_p90,0.007035581395030022,1,2
spectral_entropy_mean,0.006920261774212122,1,2
mfcc_2_mean,0.00691933324560523,1,2
contrast_3_mean,0.006444527767598629,1,2
centroid_p10,0.005949297919869423,1,2
centroid_mean,0.005911944434046745,1,2
rms_p90,0.005885620601475239,1,2
mfcc_15_std,0.005763628054410219,1,2
mfcc_12_p90,0.005330782849341631,1,2
centroid_p90,0.005326396320015192,1,2
mfcc_9_p90,0.005182369612157345,1,2
contrast_1_p10,0.004746752325445414,1,2
centroid_std,0.004742451477795839,1,2
contrast_3_p90,0.004722923971712589,1,2
mfcc_3_std,0.004627179820090532,1,2
rolloff85_mean,0.00456523522734642,1,2
mfcc_delta_1_p10,0.004487048834562302,1,2
rolloff85_p10,0.004434171132743359,1,2
spectral_entropy_p90,0.004288083408027887,1,2
mfcc_14_mean,0.0041866120882332325,1,2
mfcc_2_p10,0.0040886495262384415,1,2
contrast_2_std,0.003900344017893076,1,2
flatness_p10,0.003848906373605132,1,2
rolloff85_std,0.003832688322290778,1,2
mfcc_delta_17_p90,0.0038231578655540943,1,2
mfcc_15_p90,0.003821423277258873,1,2
spectral_entropy_p10,0.003721620887517929,1,2
mfcc_19_p90,0.00358776468783617,1,2
mfcc_19_std,0.003572306362912059,1,2
contrast_0_mean,0.08670961111783981,1,3
contrast_0_p10,0.08228489011526108,1,3
mfcc_18_std,0.07820335775613785,1,3
mfcc_11_std,0.05004892498254776,1,3
mfcc_16_std,0.03533077612519264,1,3
spectral_entropy_p10,0.029355280101299286,1,3
mfcc_17_std,0.027127563953399658,1,3
dominant_frequency,0.02222518064081669,1,3
spectral_entropy_mean,0.02086016722023487,1,3
mfcc_12_std,0.0172635056078434,1,3
mfcc_2_p10,0.016097525134682655,1,3
zero_crossing_rate_std,0.01575649157166481,1,3
mfcc_0_mean,0.015054983086884022,1,3
mfcc_4_std,0.014829088933765888,1,3
flatness_p90,0.013097445480525494,1,3
contrast_0_p90,0.012325955554842949,1,3
contrast_4_p90,0.010256762616336346,1,3
mfcc_18_mean,0.009564953856170177,1,3
rolloff85_mean,0.009551404044032097,1,3
mfcc_18_p90,0.00954360980540514,1,3
flatness_mean,0.008881778456270695,1,3
dominant_frequency_ratio,0.008328312076628208,1,3
mfcc_2_std,0.008025159128010273,1,3
mfcc_1_mean,0.007844590581953526,1,3
zero_crossing_rate_p90,0.007776028476655483,1,3
rms_p10,0.007593128364533186,1,3
mfcc_0_p90,0.007195865735411644,1,3
rolloff85_p90,0.007058359682559967,1,3
rms_mean,0.006987401749938726,1,3
centroid_mean,0.006631032098084688,1,3
rms_p90,0.006576478946954012,1,3
contrast_4_mean,0.006477183196693659,1,3
mfcc_6_mean,0.006096522323787212,1,3
contrast_3_mean,0.006062875967472792,1,3
rolloff85_p10,0.005939580965787172,1,3
mfcc_1_p10,0.005877929739654064,1,3
mfcc_15_std,0.005858724005520344,1,3
contrast_3_p10,0.0056768376380205154,1,3
mfcc_5_p90,0.005451456643640995,1,3
centroid_p90,0.00534273125231266,1,3
mfcc_1_p90,0.0053397975862026215,1,3
mfcc_3_p10,0.00511374743655324,1,3
mfcc_2_mean,0.0049475715495646,1,3
bandwidth_p90,0.004741032607853413,1,3
mfcc_delta_1_p10,0.004712576046586037,1,3
contrast_4_p10,0.004609198309481144,1,3
mfcc_2_p90,0.004534357227385044,1,3
mfcc_12_p90,0.004391645081341267,1,3
flatness_p10,0.004376369994133711,1,3
zero_crossing_rate_mean,0.00436257803812623,1,3
contrast_0_std,0.004292846191674471,1,3
mfcc_delta_9_p10,0.004278839100152254,1,3
mfcc_9_p90,0.004256936721503735,1,3
mfcc_delta_1_std,0.004037267994135618,1,3
mfcc_delta_1_p90,0.004029962699860334,1,3
bandwidth_p10,0.003974678460508585,1,3
mfcc_0_std,0.003926712088286877,1,3
mfcc_delta_0_std,0.003869196865707636,1,3
mfcc_0_p10,0.0038534170016646385,1,3
flatness_std,0.003744671354070306,1,3
contrast_2_std,0.12085086852312088,1,4
mfcc_12_std,0.10171715915203094,1,4
mfcc_2_p10,0.06500840187072754,1,4
mfcc_16_std,0.04228002205491066,1,4
mfcc_2_mean,0.036114733666181564,1,4
spectral_entropy_p90,0.0329761728644371,1,4
flatness_p90,0.02659015730023384,1,4
mfcc_18_std,0.022246547043323517,1,4
mfcc_1_p90,0.01982278563082218,1,4
dominant_frequency,0.018922312185168266,1,4
mfcc_17_std,0.01652384176850319,1,4
mfcc_16_p10,0.014328857883810997,1,4
dominant_frequency_ratio,0.013241649605333805,1,4
contrast_3_p90,0.012161771766841412,1,4
mfcc_1_p10,0.012159634381532669,1,4
contrast_0_mean,0.011398589238524437,1,4
contrast_2_p90,0.01134039182215929,1,4
mfcc_6_p90,0.011096799746155739,1,4
mfcc_15_std,0.010255374945700169,1,4
contrast_0_p90,0.009139112196862698,1,4
contrast_4_p10,0.008950497955083847,1,4
rms_p10,0.008779843337833881,1,4
rms_std,0.008348138071596622,1,4
contrast_3_std,0.008037563413381577,1,4
mfcc_1_mean,0.007240425795316696,1,4
zero_crossing_rate_std,0.0068725841119885445,1,4
contrast_0_p10,0.006820248905569315,1,4
zero_crossing_rate_p90,0.006639010738581419,1,4
spectral_entropy_mean,0.006481276359409094,1,4
flatness_std,0.006273429375141859,1,4
mfcc_8_p90,0.0054636807180941105,1,4
mfcc_1_std,0.005209877155721188,1,4
bandwidth_mean,0.005153342615813017,1,4
mfcc_6_mean,0.005065231584012508,1,4
rms_p90,0.005024152807891369,1,4
mfcc_3_p10,0.00499716168269515,1,4
contrast_4_p90,0.004853973630815744,1,4
rolloff85_p90,0.004767161328345537,1,4
contrast_1_p10,0.004751075059175491,1,4
contrast_4_mean,0.004635517485439777,1,4
centroid_mean,0.004601243883371353,1,4
mfcc_delta_8_p10,0.004587272182106972,1,4
mfcc_14_std,0.0044991495087742805,1,4
mfcc_13_std,0.004445030353963375,1,4
mfcc_0_mean,0.004359086975455284,1,4
flatness_mean,0.004349092952907085,1,4
mfcc_4_mean,0.0042509776540100574,1,4
mfcc_delta_1_p90,0.004131255205720663,1,4
mfcc_0_std,0.0039171031676232815,1,4
contrast_3_mean,0.0038545653223991394,1,4
mfcc_8_mean,0.003699354361742735,1,4
mfcc_9_p90,0.0036642674822360277,1,4
mfcc_5_p90,0.0036584166809916496,1,4
mfcc_15_p10,0.003637259127572179,1,4
mfcc_10_std,0.003578347386792302,1,4
mfcc_18_mean,0.003539050929248333,1,4
centroid_p90,0.0034872530959546566,1,4
mfcc_12_p10,0.0034329744521528482,1,4
mfcc_13_p90,0.003417945932596922,1,4
mfcc_4_p90,0.0033785563427954912,1,4
mfcc_11_std,0.10823917388916016,2,0
mfcc_1_mean,0.050259388983249664,2,0
mfcc_1_p90,0.04260854423046112,2,0
mfcc_12_std,0.04070300981402397,2,0
mfcc_1_p10,0.04030383750796318,2,0
rms_std,0.029969826340675354,2,0
mfcc_8_p90,0.029792282730340958,2,0
mfcc_17_std,0.02756711281836033,2,0
dominant_frequency,0.02439972572028637,2,0
mfcc_16_std,0.02174532040953636,2,0
contrast_2_std,0.014983654022216797,2,0
dominant_frequency_ratio,0.014839732088148594,2,0
mfcc_18_mean,0.014625510200858116,2,0
mfcc_18_p90,0.014340337365865707,2,0
contrast_3_mean,0.012520804069936275,2,0
rms_p90,0.012289551086723804,2,0
contrast_0_mean,0.012255607172846794,2,0
centroid_p90,0.012094569392502308,2,0
spectral_entropy_p10,0.011996797285974026,2,0
spectral_entropy_mean,0.011496514081954956,2,0
contrast_4_p90,0.010578963905572891,2,0
mfcc_2_p10,0.009712178260087967,2,0
contrast_3_p90,0.009650747291743755,2,0
rms_p10,0.008948218077421188,2,0
mfcc_0_mean,0.008888225071132183,2,0
mfcc_11_p90,0.008159019984304905,2,0
mfcc_2_mean,0.008131814189255238,2,0
rms_mean,0.007859773933887482,2,0
mfcc_11_mean,0.0075041260570287704,2,0
rolloff85_p10,0.007433039136230946,2,0
mfcc_18_std,0.007174006663262844,2,0
mfcc_4_mean,0.006854196544736624,2,0
mfcc_8_mean,0.006764361634850502,2,0
zero_crossing_rate_std,0.006560401525348425,2,0
mfcc_6_p90,0.006425734143704176,2,0
mfcc_10_mean,0.006349149160087109,2,0
centroid_mean,0.006143059115856886,2,0
contrast_0_p90,0.006033170502632856,2,0
mfcc_13_p90,0.005404585972428322,2,0
mfcc_0_std,0.005320736672729254,2,0
contrast_3_std,0.005316063296049833,2,0
mfcc_2_p90,0.0051908716559410095,2,0
mfcc_15_std,0.00488373963162303,2,0
contrast_2_p90,0.004866147879511118,2,0
mfcc_delta_0_std,0.004813551902770996,2,0
flatness_mean,0.00471918098628521,2,0
mfcc_9_p90,0.004676687531173229,2,0
mfcc_delta_5_std,0.004625305999070406,2,0
mfcc_19_mean,0.0046243793331086636,2,0
mfcc_0_p90,0.004603443667292595,2,0
contrast_3_p10,0.004510664381086826,2,0
zero_crossing_rate_p10,0.004420168232172728,2,0
contrast_4_mean,0.00438788952305913,2,0
flatness_p90,0.004387694410979748,2,0
contrast_0_p10,0.004381238482892513,2,0
mfcc_3_p10,0.0043036616407334805,2,0
mfcc_11_p10,0.004247778095304966,2,0
mfcc_16_p10,0.004229895304888487,2,0
bandwidth_p90,0.0042047579772770405,2,0
bandwidth_mean,0.004171707201749086,2,0
mfcc_11_std,0.109381303191185,2,1
mfcc_1_mean,0.09148980677127838,2,1
mfcc_1_p90,0.09027542918920517,2,1
mfcc_16_std,0.049898069351911545,2,1
mfcc_17_std,0.02758670784533024,2,1
contrast_2_std,0.0268145352602005,2,1
contrast_0_p90,0.024676820263266563,2,1
rms_std,0.02311013452708721,2,1
dominant_frequency,0.02266135811805725,2,1
contrast_4_p90,0.017650874331593513,2,1
mfcc_1_p10,0.014749748632311821,2,1
mfcc_11_p90,0.013429181650280952,2,1
mfcc_0_mean,0.012656587176024914,2,1
rms_p90,0.012618803419172764,2,1
contrast_3_std,0.01256843563169241,2,1
zero_crossing_rate_p90,0.012292413040995598,2,1
mfcc_2_p90,0.010843371041119099,2,1
mfcc_0_p90,0.010376124642789364,2,1
mfcc_18_std,0.010176262818276882,2,1
mfcc_8_p90,0.009981849230825901,2,1
dominant_frequency_ratio,0.009213750250637531,2,1
contrast_3_p90,0.008545556105673313,2,1
mfcc_18_mean,0.008523878641426563,2,1
spectral_entropy_mean,0.008321195840835571,2,1
contrast_4_mean,0.008288371376693249,2,1
contrast_0_mean,0.007224478293210268,2,1
rolloff85_std,0.006489913444966078,2,1
rms_p10,0.006464686710387468,2,1
contrast_2_p90,0.0064469920471310616,2,1
rms_mean,0.006406476255506277,2,1
mfcc_5_p90,0.006132806185632944,2,1
centroid_mean,0.006122668273746967,2,1
mfcc_9_mean,0.006080100778490305,2,1
mfcc_12_p90,0.005833999719470739,2,1
mfcc_1_std,0.005677098874002695,2,1
mfcc_12_std,0.005545103456825018,2,1
mfcc_2_mean,0.005306089762598276,2,1
mfcc_8_mean,0.005294680129736662,2,1
spectral_entropy_p10,0.005273493938148022,2,1
mfcc_4_p90,0.005189214367419481,2,1
mfcc_15_std,0.00518852798268199,2,1
centroid_p10,0.005152858793735504,2,1
mfcc_delta_12_std,0.0051157670095562935,2,1
mfcc_18_p90,0.005074164364486933,2,1
zero_crossing_rate_std,0.004935876000672579,2,1
mfcc_11_mean,0.004531249403953552,2,1
centroid_p90,0.0045257569290697575,2,1
mfcc_delta_0_std,0.004522740375250578,2,1
contrast_3_mean,0.004451841115951538,2,1
bandwidth_mean,0.00432189553976059,2,1
mfcc_16_p10,0.004124937579035759,2,1
mfcc_6_mean,0.003938918933272362,2,1
contrast_1_p10,0.003921722061932087,2,1
rolloff85_p10,0.00387786328792572,2,1
centroid_std,0.003674984909594059,2,1
mfcc_0_p10,0.0036110193468630314,2,1
zero_crossing_rate_p10,0.0035292208194732666,2,1
mfcc_3_mean,0.0034568847622722387,2,1
contrast_1_mean,0.0033929175697267056,2,1
spectral_entropy_std,0.003308710176497698,2,1
dominant_frequency,0.10289274156093597,2,2
mfcc_16_std,0.08116348087787628,2,2
mfcc_17_std,0.06782803684473038,2,2
mfcc_11_std,0.02622835896909237,2,2
mfcc_12_std,0.025415407493710518,2,2
mfcc_18_std,0.02262011356651783,2,2
rms_p10,0.021784108132123947,2,2
rms_mean,0.02125360630452633,2,2
contrast_0_mean,0.020508898422122,2,2
mfcc_0_mean,0.019524719566106796,2,2
mfcc_15_std,0.01590423285961151,2,2
spectral_entropy_p10,0.015833627432584763,2,2
mfcc_18_p90,0.015780488029122353,2,2
zero_crossing_rate_std,0.013567590154707432,2,2
mfcc_0_p10,0.012799638323485851,2,2
mfcc_1_p10,0.012792582623660564,2,2
flatness_p90,0.012489249929785728,2,2
mfcc_2_p10,0.012030974961817265,2,2
contrast_0_p90,0.011260969564318657,2,2
contrast_4_p10,0.01118024904280901,2,2
mfcc_11_p90,0.011130517348647118,2,2
contrast_0_p10,0.01085255853831768,2,2
spectral_entropy_std,0.01023140549659729,2,2
contrast_3_mean,0.009693053551018238,2,2
bandwidth_p90,0.009579170495271683,2,2
contrast_4_p90,0.00937699805945158,2,2
mfcc_18_mean,0.008754211477935314,2,2
dominant_frequency_ratio,0.008150437846779823,2,2
contrast_3_p10,0.008073327131569386,2,2
mfcc_1_mean,0.007855414412915707,2,2
centroid_p90,0.007546586450189352,2,2
contrast_4_mean,0.00714084692299366,2,2
spectral_entropy_mean,0.0070135751739144325,2,2
spectral_entropy_p90,0.006862470414489508,2,2
zero_crossing_rate_p90,0.006626216694712639,2,2
mfcc_6_p90,0.006557673215866089,2,2
mfcc_2_mean,0.006516481749713421,2,2
zero_crossing_rate_mean,0.006455552764236927,2,2
flatness_mean,0.006417823489755392,2,2
mfcc_delta_10_std,0.006404484156519175,2,2
centroid_std,0.006365342065691948,2,2
mfcc_11_mean,0.006263077724725008,2,2
mfcc_3_p10,0.005747823044657707,2,2
mfcc_15_p90,0.00570207554847002,2,2
mfcc_1_p90,0.005262051243335009,2,2
mfcc_9_p90,0.00511243985965848,2,2
zero_crossing_rate_p10,0.005019127856940031,2,2
mfcc_0_p90,0.004843976814299822,2,2
mfcc_4_std,0.004713785834610462,2,2
mfcc_12_p90,0.004703381098806858,2,2
contrast_0_std,0.004701597616076469,2,2
mfcc_2_std,0.004694139584898949,2,2
rolloff85_p90,0.003972718026489019,2,2
mfcc_10_std,0.003903008531779051,2,2
mfcc_delta_0_std,0.003852839581668377,2,2
rolloff85_std,0.0038111654575914145,2,2
mfcc_14_mean,0.0038035311736166477,2,2
mfcc_14_p90,0.0036914111115038395,2,2
mfcc_delta_1_std,0.0036350879818201065,2,2
mfcc_8_p10,0.003510106122121215,2,2
contrast_0_p10,0.08252813667058945,2,3
contrast_0_mean,0.07850668579339981,2,3
mfcc_0_p10,0.07716552913188934,2,3
mfcc_11_std,0.06554504483938217,2,3
mfcc_0_mean,0.05222732573747635,2,3
mfcc_17_std,0.045051027089357376,2,3
mfcc_16_std,0.04283243790268898,2,3
spectral_entropy_p10,0.03425233066082001,2,3
centroid_mean,0.021995753049850464,2,3
mfcc_12_std,0.01753712259232998,2,3
dominant_frequency,0.016755485907197,2,3
mfcc_18_std,0.01554152276366949,2,3
spectral_entropy_mean,0.013659205287694931,2,3
mfcc_3_p10,0.013546059839427471,2,3
flatness_p90,0.011348779313266277,2,3
contrast_0_p90,0.011313868686556816,2,3
zero_crossing_rate_std,0.010732072405517101,2,3
mfcc_1_mean,0.010058775544166565,2,3
rms_p10,0.009701679460704327,2,3
mfcc_1_p10,0.009692390449345112,2,3
rolloff85_std,0.008816956542432308,2,3
mfcc_1_std,0.008144685067236423,2,3
mfcc_delta_2_std,0.007973493076860905,2,3
mfcc_delta_0_std,0.007827379740774632,2,3
dominant_frequency_ratio,0.007642949931323528,2,3
zero_crossing_rate_p90,0.00614016130566597,2,3
rms_mean,0.005947921425104141,2,3
centroid_p90,0.0056003727950155735,2,3
rms_std,0.005409144330769777,2,3
rolloff85_mean,0.005365633871406317,2,3
centroid_p10,0.005337130278348923,2,3
rolloff85_p10,0.005305795464664698,2,3
contrast_4_p90,0.005155814811587334,2,3
mfcc_8_p90,0.0050620692782104015,2,3
mfcc_1_p90,0.005045295227319002,2,3
mfcc_10_p90,0.004613273777067661,2,3
contrast_1_mean,0.00461299903690815,2,3
contrast_4_p10,0.004540315363556147,2,3
mfcc_8_mean,0.004412836395204067,2,3
mfcc_6_p90,0.004400879610329866,2,3
mfcc_0_std,0.0043985918164253235,2,3
spectral_entropy_p90,0.0039951917715370655,2,3
rolloff85_p90,0.003962318878620863,2,3
rms_p90,0.0038417538162320852,2,3
flatness_mean,0.0038265890907496214,2,3
mfcc_9_p90,0.0037539522163569927,2,3
contrast_2_mean,0.0036432507913559675,2,3
contrast_1_p10,0.003623178694397211,2,3
zero_crossing_rate_mean,0.003570494707673788,2,3
mfcc_2_p10,0.003556692972779274,2,3
mfcc_16_p10,0.003508049761876464,2,3
contrast_2_p90,0.003463762579485774,2,3
mfcc_19_std,0.0033934542443603277,2,3
mfcc_5_p90,0.0033482161816209555,2,3
mfcc_delta_2_p90,0.0032915566116571426,2,3
contrast_0_std,0.003189950715750456,2,3
mfcc_delta_6_std,0.0031772986985743046,2,3
contrast_3_mean,0.003167338902130723,2,3
mfcc_8_p10,0.003097063861787319,2,3
mfcc_15_std,0.0030700548086315393,2,3
contrast_2_std,0.09808015078306198,2,4
mfcc_12_std,0.08455699682235718,2,4
mfcc_16_std,0.07179169356822968,2,4
mfcc_2_p10,0.05642402544617653,2,4
dominant_frequency,0.04620303958654404,2,4
mfcc_18_std,0.029535161331295967,2,4
flatness_p90,0.027330933138728142,2,4
contrast_2_p90,0.019039837643504143,2,4
rms_std,0.018150504678487778,2,4
mfcc_1_p90,0.01809568516910076,2,4
mfcc_2_mean,0.01702633686363697,2,4
zero_crossing_rate_p90,0.014313441701233387,2,4
mfcc_1_p10,0.012416469864547253,2,4
zero_crossing_rate_std,0.012288913130760193,2,4
spectral_entropy_mean,0.011051749810576439,2,4
mfcc_15_std,0.011009029112756252,2,4
spectral_entropy_p90,0.010460533201694489,2,4
mfcc_17_std,0.010310132056474686,2,4
contrast_4_mean,0.009839829057455063,2,4
contrast_0_mean,0.009425848722457886,2,4
contrast_3_p90,0.009360400959849358,2,4
dominant_frequency_ratio,0.009092828258872032,2,4
contrast_0_p10,0.009034989401698112,2,4
mfcc_6_p90,0.008333158679306507,2,4
spectral_entropy_p10,0.007696967106312513,2,4
contrast_3_std,0.007050404790788889,2,4
contrast_0_p90,0.006945640780031681,2,4
mfcc_18_p90,0.006718980614095926,2,4
rms_p90,0.0064576976001262665,2,4
mfcc_12_p90,0.006392092444002628,2,4
contrast_4_p10,0.006293098442256451,2,4
mfcc_11_std,0.006113050039857626,2,4
contrast_1_p10,0.006022780202329159,2,4
contrast_4_p90,0.005739002954214811,2,4
rms_p10,0.0057375566102564335,2,4
mfcc_0_mean,0.0056592305190861225,2,4
flatness_std,0.005648320075124502,2,4
mfcc_16_p90,0.005608927458524704,2,4
mfcc_3_p10,0.00553308567032218,2,4
mfcc_delta_0_std,0.005464574787765741,2,4
mfcc_8_p90,0.00542038818821311,2,4
mfcc_1_mean,0.005281240213662386,2,4
mfcc_1_std,0.005259993951767683,2,4
mfcc_10_std,0.005206741858273745,2,4
mfcc_0_p90,0.005037024617195129,2,4
rolloff85_mean,0.004857582505792379,2,4
mfcc_13_p90,0.004851654637604952,2,4
mfcc_13_std,0.00479046069085598,2,4
mfcc_10_mean,0.004703183192759752,2,4
mfcc_delta_1_std,0.004550665616989136,2,4
contrast_4_std,0.004405664745718241,2,4
mfcc_0_p10,0.00416482612490654,2,4
mfcc_3_p90,0.004098177887499332,2,4
mfcc_delta_1_p90,0.00402960367500782,2,4
mfcc_delta_1_p10,0.0039059631526470184,2,4
flatness_p10,0.003900294192135334,2,4
rms_mean,0.003831086913123727,2,4
mfcc_11_p90,0.003814682364463806,2,4
contrast_3_mean,0.0037663839757442474,2,4
bandwidth_p90,0.0036011189222335815,2,4
mfcc_11_std,0.15427827835083008,3,0
mfcc_1_mean,0.06411363184452057,3,0
mfcc_1_p90,0.05196712911128998,3,0
mfcc_12_std,0.039794884622097015,3,0
mfcc_8_p90,0.029021017253398895,3,0
rms_std,0.022266549989581108,3,0
mfcc_1_p10,0.019687017425894737,3,0
mfcc_18_p90,0.019444212317466736,3,0
dominant_frequency,0.01920822449028492,3,0
contrast_0_mean,0.017723457887768745,3,0
contrast_2_std,0.017017211765050888,3,0
dominant_frequency_ratio,0.016028793528676033,3,0
mfcc_6_p90,0.01561675127595663,3,0
contrast_3_mean,0.015072474256157875,3,0
centroid_p90,0.014216060750186443,3,0
spectral_entropy_mean,0.012878164649009705,3,0
mfcc_18_mean,0.012524704448878765,3,0
spectral_entropy_p10,0.012347914278507233,3,0
rms_p90,0.01216170098632574,3,0
mfcc_13_p90,0.011327147483825684,3,0
mfcc_17_std,0.010947281494736671,3,0
mfcc_16_std,0.010807506740093231,3,0
mfcc_11_p90,0.010359412059187889,3,0
contrast_3_std,0.008404894731938839,3,0
contrast_0_p90,0.008394939824938774,3,0
mfcc_0_mean,0.00837782397866249,3,0
rms_mean,0.0076742456294596195,3,0
mfcc_15_std,0.007388236932456493,3,0
mfcc_18_std,0.007161892019212246,3,0
contrast_4_p90,0.007078459952026606,3,0
mfcc_9_mean,0.0069587938487529755,3,0
rms_p10,0.006775692570954561,3,0
mfcc_10_mean,0.00661585945636034,3,0
mfcc_0_std,0.00608432199805975,3,0
mfcc_9_p90,0.006044693756848574,3,0
mfcc_13_mean,0.005622196476906538,3,0
zero_crossing_rate_std,0.005439410451799631,3,0
centroid_mean,0.0054189772345125675,3,0
zero_crossing_rate_p10,0.005235184915363789,3,0
mfcc_16_p10,0.005110669415444136,3,0
contrast_2_p90,0.00510301161557436,3,0
contrast_3_p10,0.005086730699986219,3,0
rolloff85_p10,0.004989264998584986,3,0
mfcc_10_p90,0.004916176199913025,3,0
mfcc_3_mean,0.004885307513177395,3,0
rolloff85_std,0.004828190430998802,3,0
mfcc_delta_0_std,0.004805075470358133,3,0
mfcc_8_mean,0.004719062242656946,3,0
mfcc_delta_0_p90,0.004647868685424328,3,0
mfcc_delta_9_std,0.0046070716343820095,3,0
mfcc_2_p10,0.004497085232287645,3,0
mfcc_0_p10,0.004449676722288132,3,0
mfcc_2_p90,0.004404622595757246,3,0
mfcc_5_mean,0.004127846099436283,3,0
mfcc_8_std,0.00409651268273592,3,0
mfcc_11_mean,0.0040941922925412655,3,0
mfcc_2_mean,0.0040606665425002575,3,0
rolloff85_mean,0.004019490908831358,3,0
mfcc_16_mean,0.00397919537499547,3,0
rolloff85_p90,0.003954456187784672,3,0
mfcc_1_mean,0.0908491387963295,3,1
mfcc_1_p90,0.08319893479347229,3,1
mfcc_17_std,0.05131177231669426,3,1
mfcc_11_std,0.048575855791568756,3,1
mfcc_16_std,0.04258737713098526,3,1
contrast_0_p90,0.030326243489980698,3,1
dominant_frequency,0.02793993055820465,3,1
rms_std,0.0251882653683424,3,1
contrast_2_std,0.023556316271424294,3,1
zero_crossing_rate_p90,0.021637694910168648,3,1
rms_p90,0.016521958634257317,3,1
contrast_4_p90,0.01639406755566597,3,1
spectral_entropy_mean,0.01630113273859024,3,1
mfcc_0_p90,0.015392470173537731,3,1
mfcc_1_p10,0.01438935287296772,3,1
mfcc_18_std,0.013416014611721039,3,1
mfcc_11_p90,0.011971504427492619,3,1
contrast_3_p90,0.011607635766267776,3,1
dominant_frequency_ratio,0.011308219283819199,3,1
centroid_p90,0.011258217506110668,3,1
mfcc_18_mean,0.01039978489279747,3,1
mfcc_18_p90,0.010206817649304867,3,1
spectral_entropy_p90,0.010194043628871441,3,1
contrast_3_std,0.00990996602922678,3,1
mfcc_2_p90,0.009520643390715122,3,1
mfcc_8_p90,0.009423545561730862,3,1
mfcc_0_mean,0.009176799096167088,3,1
mfcc_2_mean,0.008967331610620022,3,1
rolloff85_std,0.007605798076838255,3,1
centroid_mean,0.0075719901360571384,3,1
mfcc_1_std,0.006844221614301205,3,1
mfcc_2_p10,0.006825067102909088,3,1
contrast_4_mean,0.006706381216645241,3,1
mfcc_12_p90,0.00669679744169116,3,1
rms_p10,0.006301056127995253,3,1
flatness_mean,0.0062848771922290325,3,1
contrast_3_mean,0.0061806743033230305,3,1
mfcc_15_std,0.006169721484184265,3,1
contrast_2_p90,0.006030597258359194,3,1
bandwidth_mean,0.005831964313983917,3,1
contrast_0_mean,0.005689585581421852,3,1
zero_crossing_rate_std,0.005061562173068523,3,1
rms_mean,0.004618763457983732,3,1
mfcc_4_p90,0.004479570314288139,3,1
contrast_1_p10,0.0044705686159431934,3,1
mfcc_3_p10,0.0044703008607029915,3,1
centroid_p10,0.004419249016791582,3,1
spectral_entropy_p10,0.0041604726575315,3,1
contrast_2_mean,0.004147568717598915,3,1
mfcc_delta_0_std,0.004131389781832695,3,1
mfcc_11_mean,0.004034311044961214,3,1
mfcc_13_std,0.003968898672610521,3,1
mfcc_6_mean,0.0038986054714769125,3,1
mfcc_8_mean,0.0038393554277718067,3,1
spectral_entropy_std,0.003733560908585787,3,1
mfcc_17_p10,0.0036582560278475285,3,1
mfcc_14_p90,0.003483122680336237,3,1
bandwidth_std,0.003389892401173711,3,1
mfcc_delta_1_std,0.00334494118578732,3,1
rolloff85_p90,0.0032334148418158293,3,1
dominant_frequency,0.1179753914475441,3,2
mfcc_16_std,0.07474091649055481,3,2
mfcc_17_std,0.05854146182537079,3,2
contrast_2_std,0.049471549689769745,3,2
mfcc_12_std,0.04100395366549492,3,2
mfcc_18_std,0.03116339072585106,3,2
mfcc_9_std,0.026567557826638222,3,2
rms_p10,0.021783918142318726,3,2
zero_crossing_rate_std,0.016814332455396652,3,2
mfcc_15_std,0.016443174332380295,3,2
mfcc_1_p10,0.016086483374238014,3,2
contrast_0_mean,0.015756607055664062,3,2
centroid_p90,0.011235792189836502,3,2
mfcc_8_p90,0.011093501932919025,3,2
contrast_0_p10,0.010341369546949863,3,2
contrast_0_p90,0.010287759825587273,3,2
mfcc_5_p90,0.010031442157924175,3,2
rms_mean,0.009703630581498146,3,2
mfcc_delta_0_std,0.009216491132974625,3,2
mfcc_10_std,0.008797602728009224,3,2
flatness_p90,0.008650954812765121,3,2
contrast_4_p90,0.008598797023296356,3,2
bandwidth_p90,0.00854147132486105,3,2
flatness_std,0.008292135782539845,3,2
mfcc_1_mean,0.008174514397978783,3,2
mfcc_13_std,0.008023164235055447,3,2
mfcc_1_p90,0.008013998158276081,3,2
mfcc_18_p90,0.007957655005156994,3,2
mfcc_8_std,0.007916827686131,3,2
mfcc_8_mean,0.007700259331613779,3,2
mfcc_3_p10,0.007503861095756292,3,2
mfcc_16_p10,0.0065378411673009396,3,2
mfcc_1_std,0.006338468287140131,3,2
rolloff85_p10,0.006003514863550663,3,2
contrast_4_p10,0.0058385333977639675,3,2
centroid_std,0.005828937515616417,3,2
zero_crossing_rate_p10,0.005599811673164368,3,2
rolloff85_p90,0.005493741016834974,3,2
mfcc_9_p90,0.005483544897288084,3,2
contrast_3_mean,0.00540986517444253,3,2
mfcc_9_mean,0.00527405459433794,3,2
centroid_mean,0.005214910954236984,3,2
mfcc_15_p90,0.005179757252335548,3,2
rolloff85_mean,0.005037111695855856,3,2
mfcc_2_p10,0.00495802192017436,3,2
contrast_1_mean,0.004926474764943123,3,2
contrast_4_mean,0.0048616137355566025,3,2
spectral_entropy_p90,0.004756701644510031,3,2
contrast_3_p10,0.004652601201087236,3,2
mfcc_7_p10,0.004566753748804331,3,2
contrast_2_p90,0.00446790736168623,3,2
mfcc_11_std,0.004334629978984594,3,2
mfcc_2_mean,0.004053106531500816,3,2
mfcc_17_p90,0.003977347165346146,3,2
mfcc_18_mean,0.0038135291542857885,3,2
spectral_entropy_p10,0.0037988608237355947,3,2
contrast_1_p10,0.00374999875202775,3,2
centroid_p10,0.0037033814005553722,3,2
mfcc_0_mean,0.003663063747808337,3,2
dominant_frequency_ratio,0.003583320416510105,3,2
mfcc_11_std,0.13103805482387543,3,3
contrast_0_p10,0.08980128914117813,3,3
contrast_0_mean,0.08536642044782639,3,3
spectral_entropy_p10,0.03841911628842354,3,3
mfcc_12_std,0.03778911009430885,3,3
mfcc_18_std,0.03528449684381485,3,3
mfcc_16_std,0.023843782022595406,3,3
dominant_frequency,0.02175290137529373,3,3
spectral_entropy_mean,0.02094430662691593,3,3
mfcc_2_std,0.01989838480949402,3,3
mfcc_17_std,0.019531400874257088,3,3
mfcc_2_p10,0.016672296449542046,3,3
contrast_0_p90,0.014252335764467716,3,3
zero_crossing_rate_std,0.013019738718867302,3,3
mfcc_0_mean,0.011362331919372082,3,3
mfcc_4_std,0.0111767603084445,3,3
mfcc_15_std,0.009778730571269989,3,3
zero_crossing_rate_p90,0.009048490785062313,3,3
centroid_mean,0.008707504719495773,3,3
contrast_4_p90,0.007386608514934778,3,3
mfcc_6_p90,0.007292600814253092,3,3
dominant_frequency_ratio,0.00726469187065959,3,3
rms_p10,0.0067468974739313126,3,3
rolloff85_std,0.006612473167479038,3,3
rms_mean,0.0065155029296875,3,3
mfcc_1_p90,0.006447456777095795,3,3
flatness_p90,0.0063170683570206165,3,3
contrast_4_mean,0.006183590739965439,3,3
contrast_4_p10,0.006074255332350731,3,3
centroid_p90,0.005760706961154938,3,3
mfcc_3_p10,0.0057433778420090675,3,3
rolloff85_mean,0.005590413697063923,3,3
flatness_mean,0.005438107065856457,3,3
contrast_0_std,0.005323323886841536,3,3
mfcc_8_mean,0.004917503800243139,3,3
zero_crossing_rate_mean,0.004644880536943674,3,3
mfcc_6_mean,0.004621089436113834,3,3
rms_p90,0.004620965104550123,3,3
mfcc_delta_9_std,0.0045955730602145195,3,3
mfcc_0_std,0.004561658948659897,3,3
mfcc_18_p90,0.004405698273330927,3,3
mfcc_11_p90,0.004286093637347221,3,3
mfcc_0_p10,0.004229804966598749,3,3
mfcc_0_p90,0.004192587453871965,3,3
rolloff85_p90,0.004071438685059547,3,3
mfcc_2_mean,0.003868039697408676,3,3
mfcc_1_mean,0.0038376653101295233,3,3
mfcc_18_mean,0.003761867992579937,3,3
mfcc_16_p10,0.0037578779738396406,3,3
mfcc_5_p90,0.003706414485350251,3,3
mfcc_8_p90,0.0036372544709593058,3,3
mfcc_delta_0_std,0.0036356511991471052,3,3
mfcc_8_std,0.0036342861130833626,3,3
flatness_std,0.003633427433669567,3,3
mfcc_12_mean,0.0036013892386108637,3,3
bandwidth_mean,0.0035522794350981712,3,3
mfcc_7_mean,0.0035060173831880093,3,3
mfcc_16_mean,0.0034782688599079847,3,3
rolloff85_p10,0.0034413058310747147,3,3
mfcc_delta_0_p10,0.0033119081053882837,3,3
contrast_2_std,0.07754923403263092,3,4
mfcc_2_p10,0.0743846744298935,3,4
mfcc_16_std,0.056845806539058685,3,4
mfcc_18_std,0.04905169457197189,3,4
rms_std,0.04003071412444115,3,4
mfcc_2_mean,0.030241305008530617,3,4
spectral_entropy_p90,0.028035752475261688,3,4
mfcc_17_std,0.024221740663051605,3,4
mfcc_12_std,0.021186280995607376,3,4
mfcc_1_p90,0.018735447898507118,3,4
flatness_p90,0.018590012565255165,3,4
dominant_frequency,0.017163492739200592,3,4
mfcc_1_p10,0.015748459845781326,3,4
mfcc_11_p90,0.014893080107867718,3,4
contrast_0_mean,0.014722635969519615,3,4
contrast_1_p10,0.013794487342238426,3,4
mfcc_18_p90,0.011900121346116066,3,4
mfcc_18_mean,0.01162717305123806,3,4
mfcc_15_std,0.011557867750525475,3,4
spectral_entropy_mean,0.010926122777163982,3,4
mfcc_13_std,0.010646090842783451,3,4
contrast_0_p10,0.010436471551656723,3,4
dominant_frequency_ratio,0.010198487900197506,3,4
rms_p10,0.0101922657340765,3,4
mfcc_0_p10,0.009583007544279099,3,4
mfcc_delta_1_std,0.009024668484926224,3,4
zero_crossing_rate_std,0.008754397742450237,3,4
contrast_0_p90,0.007734077051281929,3,4
mfcc_8_p90,0.007708738557994366,3,4
rms_mean,0.007627833168953657,3,4
contrast_3_std,0.007462949492037296,3,4
contrast_2_p90,0.0071265785954892635,3,4
contrast_3_p90,0.007034162525087595,3,4
mfcc_delta_1_p90,0.006999597884714603,3,4
mfcc_1_mean,0.006965092848986387,3,4
zero_crossing_rate_p90,0.006811767350882292,3,4
mfcc_0_mean,0.006619332358241081,3,4
mfcc_0_p90,0.006116172298789024,3,4
mfcc_11_std,0.006108969449996948,3,4
contrast_4_mean,0.006084522232413292,3,4
mfcc_0_std,0.006058457773178816,3,4
flatness_std,0.005962507799267769,3,4
mfcc_18_p10,0.0057435366325080395,3,4
rms_p90,0.005673829931765795,3,4
mfcc_14_std,0.005494954530149698,3,4
mfcc_6_mean,0.005160782486200333,3,4
mfcc_10_std,0.004929430317133665,3,4
mfcc_16_p10,0.004906859714537859,3,4
mfcc_3_p10,0.004831019323319197,3,4
contrast_4_p10,0.00423086853697896,3,4
mfcc_11_mean,0.004225545562803745,3,4
mfcc_12_mean,0.004200126510113478,3,4
centroid_p90,0.004171182867139578,3,4
contrast_4_p90,0.00395585922524333,3,4
rolloff85_p90,0.003899502335116267,3,4
zero_crossing_rate_p10,0.003819728270173073,3,4
bandwidth_mean,0.0037661034148186445,3,4
mfcc_1_std,0.003757755272090435,3,4
spectral_entropy_p10,0.0035628206096589565,3,4
mfcc_delta_6_std,0.0034676201175898314,3,4
mfcc_11_std,0.14434263110160828,4,0
mfcc_1_mean,0.07480251044034958,4,0
mfcc_1_p90,0.04692675545811653,4,0
mfcc_8_p90,0.03301842883229256,4,0
mfcc_12_std,0.031129060313105583,4,0
rms_std,0.024724634364247322,4,0
contrast_2_std,0.023985732346773148,4,0
dominant_frequency,0.0225952360779047,4,0
rms_p90,0.0221254825592041,4,0
mfcc_1_p10,0.018850358203053474,4,0
contrast_0_mean,0.01734202355146408,4,0
mfcc_6_p90,0.01568443514406681,4,0
dominant_frequency_ratio,0.014110591262578964,4,0
mfcc_16_std,0.013059410266578197,4,0
spectral_entropy_mean,0.011903769336640835,4,0
mfcc_11_mean,0.011605840176343918,4,0
mfcc_16_p10,0.011381985619664192,4,0
mfcc_0_mean,0.01075384858995676,4,0
mfcc_17_std,0.01043972373008728,4,0
spectral_entropy_p10,0.010318036191165447,4,0
centroid_p90,0.010025478899478912,4,0
rolloff85_p10,0.009919719770550728,4,0
mfcc_11_p90,0.009654062800109386,4,0
mfcc_18_mean,0.008546336553990841,4,0
contrast_3_mean,0.008220499381422997,4,0
mfcc_8_mean,0.008131120353937149,4,0
mfcc_18_p90,0.00804195273667574,4,0
mfcc_0_std,0.008039169013500214,4,0
mfcc_18_std,0.007467570248991251,4,0
contrast_0_p90,0.007442009169608355,4,0
mfcc_10_mean,0.00730998907238245,4,0
mfcc_9_p90,0.007121745962649584,4,0
contrast_2_p90,0.00698857894167304,4,0
rms_p10,0.006960498634725809,4,0
centroid_mean,0.006630852352827787,4,0
contrast_3_std,0.00657567149028182,4,0
mfcc_2_p10,0.006119872909039259,4,0
flatness_mean,0.005684207193553448,4,0
mfcc_9_mean,0.005305724684149027,4,0
mfcc_0_p10,0.005250298418104649,4,0
mfcc_13_p90,0.005227403715252876,4,0
mfcc_16_mean,0.0051359194330871105,4,0
mfcc_13_mean,0.004931672476232052,4,0
contrast_4_p90,0.004709457978606224,4,0
zero_crossing_rate_p10,0.004678820259869099,4,0
mfcc_delta_0_std,0.004568828735500574,4,0
rms_mean,0.00450507178902626,4,0
mfcc_delta_1_p90,0.0044975606724619865,4,0
mfcc_7_mean,0.004349888768047094,4,0
mfcc_15_std,0.004310961347073317,4,0
mfcc_7_std,0.0042669763788580894,4,0
mfcc_8_std,0.0041231755167245865,4,0
flatness_std,0.0040543354116380215,4,0
mfcc_delta_1_std,0.003993385937064886,4,0
bandwidth_p90,0.003975984640419483,4,0
mfcc_2_mean,0.003924121614545584,4,0
mfcc_5_p90,0.00391985010355711,4,0
mfcc_8_p10,0.0038638142868876457,4,0
mfcc_7_p90,0.0038236503023654222,4,0
mfcc_3_mean,0.003761549247428775,4,0
mfcc_1_p90,0.10343848168849945,4,1
mfcc_1_mean,0.08251751214265823,4,1
mfcc_16_std,0.05807036906480789,4,1
mfcc_17_std,0.05430220812559128,4,1
rms_std,0.03164748474955559,4,1
contrast_0_p90,0.028152190148830414,4,1
mfcc_11_std,0.023950811475515366,4,1
zero_crossing_rate_p90,0.02382962591946125,4,1
dominant_frequency,0.02324916422367096,4,1
rms_p90,0.021803192794322968,4,1
contrast_4_p90,0.01912994496524334,4,1
contrast_2_std,0.018340054899454117,4,1
spectral_entropy_mean,0.016763098537921906,4,1
mfcc_0_p90,0.015511253848671913,4,1
mfcc_18_p90,0.01353881973773241,4,1
mfcc_1_p10,0.013272272422909737,4,1
mfcc_18_std,0.010313078761100769,4,1
contrast_3_p90,0.010302294045686722,4,1
contrast_3_std,0.009650537744164467,4,1
mfcc_2_p90,0.0094980513677001,4,1
mfcc_10_p10,0.009386259131133556,4,1
mfcc_18_mean,0.009004258550703526,4,1
mfcc_8_p90,0.008538816124200821,4,1
spectral_entropy_p90,0.008315443992614746,4,1
contrast_4_mean,0.008015296421945095,4,1
mfcc_11_p90,0.007964478805661201,4,1
flatness_mean,0.0077657210640609264,4,1
mfcc_2_mean,0.007342846132814884,4,1
contrast_2_p90,0.007159697823226452,4,1
mfcc_0_mean,0.0069264015182852745,4,1
dominant_frequency_ratio,0.006751006003469229,4,1
centroid_mean,0.006275651976466179,4,1
mfcc_1_std,0.0062426854856312275,4,1
mfcc_15_std,0.006212030071765184,4,1
rms_p10,0.006083664484322071,4,1
centroid_p90,0.006051660981029272,4,1
rolloff85_std,0.006041824817657471,4,1
zero_crossing_rate_std,0.0058687664568424225,4,1
mfcc_2_p10,0.005592291709035635,4,1
mfcc_15_p10,0.005549033638089895,4,1
contrast_3_mean,0.005476211663335562,4,1
flatness_std,0.005321921315044165,4,1
mfcc_delta_0_std,0.005294352304190397,4,1
centroid_p10,0.005224987864494324,4,1
spectral_entropy_p10,0.005215885117650032,4,1
contrast_0_mean,0.004842288792133331,4,1
mfcc_8_mean,0.0047172983177006245,4,1
mfcc_12_p90,0.004579764325171709,4,1
mfcc_8_p10,0.004132947418838739,4,1
rms_mean,0.004112184047698975,4,1
mfcc_6_std,0.004078781232237816,4,1
rolloff85_p10,0.0037821161095052958,4,1
mfcc_11_p10,0.0036784661933779716,4,1
mfcc_14_mean,0.003641951596364379,4,1
mfcc_0_p10,0.003564475802704692,4,1
mfcc_3_p10,0.0035635281819850206,4,1
mfcc_6_mean,0.0035606827586889267,4,1
contrast_2_mean,0.003551756264641881,4,1
mfcc_delta_1_std,0.003535214811563492,4,1
mfcc_9_p90,0.003506422508507967,4,1
dominant_frequency,0.09043315798044205,4,2
mfcc_16_std,0.08188237994909286,4,2
mfcc_11_std,0.06550884246826172,4,2
mfcc_17_std,0.03571794182062149,4,2
contrast_2_std,0.031167222186923027,4,2
mfcc_18_std,0.029929891228675842,4,2
mfcc_12_std,0.02526237629354,4,2
rms_p10,0.017018742859363556,4,2
zero_crossing_rate_std,0.01673983596265316,4,2
contrast_4_p90,0.014139272272586823,4,2
flatness_p90,0.013487515971064568,4,2
rms_std,0.013392196036875248,4,2
mfcc_11_p90,0.013080821372568607,4,2
spectral_entropy_p10,0.012903486378490925,4,2
contrast_0_mean,0.012612837366759777,4,2
mfcc_11_mean,0.011570220813155174,4,2
contrast_4_mean,0.01102664414793253,4,2
spectral_entropy_mean,0.011003759689629078,4,2
contrast_3_std,0.010730781592428684,4,2
zero_crossing_rate_p90,0.010186918079853058,4,2
mfcc_1_p90,0.009801022708415985,4,2
mfcc_2_p10,0.009734421968460083,4,2
mfcc_1_p10,0.009655495174229145,4,2
mfcc_18_p90,0.008546967059373856,4,2
mfcc_3_p10,0.008493584580719471,4,2
dominant_frequency_ratio,0.00845222920179367,4,2
mfcc_0_mean,0.008411052636802197,4,2
contrast_0_p90,0.008264263160526752,4,2
mfcc_18_mean,0.008219622075557709,4,2
mfcc_2_mean,0.008202193304896355,4,2
mfcc_0_std,0.008063982240855694,4,2
contrast_4_p10,0.007323177997022867,4,2
mfcc_0_p10,0.007113264873623848,4,2
contrast_0_p10,0.007095583714544773,4,2
contrast_3_mean,0.00674408208578825,4,2
mfcc_2_p90,0.006160988938063383,4,2
contrast_3_p90,0.006044717039912939,4,2
flatness_mean,0.0059392075054347515,4,2
rms_p90,0.005778961814939976,4,2
contrast_1_p10,0.005659156944602728,4,2
rolloff85_std,0.005566940177232027,4,2
mfcc_6_p90,0.005511834751814604,4,2
mfcc_6_std,0.005492233671247959,4,2
flatness_std,0.005439738743007183,4,2
mfcc_15_std,0.005427748896181583,4,2
rms_mean,0.005227039102464914,4,2
mfcc_13_std,0.00497754430398345,4,2
mfcc_1_mean,0.004881416447460651,4,2
mfcc_19_std,0.004879103973507881,4,2
mfcc_delta_1_std,0.004809949081391096,4,2
mfcc_delta_0_p90,0.004708704072982073,4,2
spectral_entropy_p90,0.004319718573242426,4,2
contrast_0_std,0.004301451146602631,4,2
bandwidth_mean,0.004162987228482962,4,2
mfcc_9_p90,0.004128080327063799,4,2
contrast_1_mean,0.0040826862677931786,4,2
centroid_mean,0.004080683924257755,4,2
mfcc_5_p90,0.0040656160563230515,4,2
centroid_std,0.004043154884129763,4,2
mfcc_9_mean,0.003994829021394253,4,2
contrast_2_std,0.11109708994626999,4,3
mfcc_16_std,0.08739231526851654,4,3
contrast_0_mean,0.05156105011701584,4,3
dominant_frequency,0.04997493699193001,4,3
mfcc_17_std,0.04407227039337158,4,3
mfcc_0_p10,0.038988146930933,4,3
mfcc_1_std,0.03628532215952873,4,3
contrast_0_p10,0.034844204783439636,4,3
mfcc_1_p10,0.030958790332078934,4,3
mfcc_0_mean,0.030797511339187622,4,3
mfcc_12_std,0.02521948330104351,4,3
rms_p10,0.016355713829398155,4,3
dominant_frequency_ratio,0.015766864642500877,4,3
spectral_entropy_p10,0.014880896545946598,4,3
flatness_p90,0.014453340321779251,4,3
mfcc_1_mean,0.014003288932144642,4,3
mfcc_18_std,0.01352675911039114,4,3
spectral_entropy_mean,0.011897709220647812,4,3
zero_crossing_rate_std,0.011873913928866386,4,3
mfcc_15_std,0.01046033576130867,4,3
contrast_4_std,0.008222917094826698,4,3
mfcc_delta_0_std,0.007488901261240244,4,3
flatness_std,0.007332390174269676,4,3
zero_crossing_rate_p90,0.00677442504093051,4,3
contrast_0_p90,0.006597782950848341,4,3
rolloff85_p90,0.005963542964309454,4,3
rolloff85_mean,0.005938341841101646,4,3
mfcc_13_std,0.005885539576411247,4,3
contrast_4_p90,0.005122442729771137,4,3
mfcc_0_p90,0.0050783162005245686,4,3
rms_std,0.005075026303529739,4,3
mfcc_3_p10,0.004854107275605202,4,3
centroid_p90,0.004808638244867325,4,3
contrast_1_p10,0.004775031004101038,4,3
mfcc_11_std,0.004677685908973217,4,3
contrast_3_mean,0.0044241719879209995,4,3
zero_crossing_rate_p10,0.0043918536975979805,4,3
spectral_entropy_p90,0.004274739883840084,4,3
contrast_1_p90,0.0042389677837491035,4,3
contrast_4_p10,0.004177222494035959,4,3
mfcc_2_p10,0.004136358387768269,4,3
mfcc_0_std,0.004023251123726368,4,3
mfcc_6_p90,0.004006053786724806,4,3
rms_mean,0.003998119384050369,4,3
bandwidth_mean,0.0038530700840055943,4,3
zero_crossing_rate_mean,0.003829799359664321,4,3
mfcc_17_p90,0.0037802329752594233,4,3
mfcc_1_p90,0.0037671085447072983,4,3
mfcc_8_mean,0.003606528276577592,4,3
mfcc_19_std,0.0034064275678247213,4,3
contrast_3_p90,0.0032362884376198053,4,3
mfcc_2_mean,0.0032269558869302273,4,3
flatness_mean,0.003211525734513998,4,3
contrast_4_mean,0.0031585399992763996,4,3
mfcc_8_p10,0.003086662385612726,4,3
centroid_p10,0.002979113021865487,4,3
contrast_1_mean,0.002939871046692133,4,3
contrast_2_p90,0.0028861977625638247,4,3
mfcc_4_p10,0.002884872956201434,4,3
centroid_mean,0.00280258571729064,4,3
mfcc_11_std,0.15636612474918365,4,4
contrast_0_p10,0.11747736483812332,4,4
dominant_frequency,0.03249587118625641,4,4
mfcc_18_std,0.02787179686129093,4,4
mfcc_12_std,0.026404615491628647,4,4
mfcc_2_p10,0.021650467067956924,4,4
mfcc_0_p10,0.020638879388570786,4,4
mfcc_16_p10,0.018404003232717514,4,4
mfcc_0_mean,0.018343869596719742,4,4
contrast_0_mean,0.017628667876124382,4,4
mfcc_17_std,0.016272585839033127,4,4
mfcc_16_std,0.015528511255979538,4,4
contrast_0_p90,0.014402084983885288,4,4
contrast_4_p90,0.01437800657004118,4,4
mfcc_18_p90,0.013802936300635338,4,4
contrast_4_p10,0.012295415624976158,4,4
mfcc_4_p10,0.010705445893108845,4,4
mfcc_4_std,0.009987921454012394,4,4
zero_crossing_rate_std,0.009777257218956947,4,4
mfcc_18_mean,0.009758065454661846,4,4
mfcc_2_std,0.009502323344349861,4,4
rms_std,0.009326682426035404,4,4
mfcc_1_p10,0.009032103233039379,4,4
mfcc_1_mean,0.008321735076606274,4,4
spectral_entropy_p10,0.00819646380841732,4,4
flatness_p90,0.008139031007885933,4,4
zero_crossing_rate_p90,0.007811242714524269,4,4
flatness_p10,0.007773341611027718,4,4
mfcc_0_p90,0.00768218282610178,4,4
mfcc_15_std,0.007247796282172203,4,4
rms_p10,0.00712499488145113,4,4
mfcc_1_p90,0.0070555307902395725,4,4
contrast_4_mean,0.006866140756756067,4,4
mfcc_3_p10,0.006700191646814346,4,4
zero_crossing_rate_p10,0.0063003492541611195,4,4
mfcc_11_p90,0.006175002548843622,4,4
rolloff85_p10,0.0061338720843195915,4,4
rms_mean,0.006074178963899612,4,4
mfcc_18_p10,0.0057638101279735565,4,4
bandwidth_p90,0.005597180686891079,4,4
mfcc_5_p10,0.005483412649482489,4,4
mfcc_5_mean,0.005358573980629444,4,4
contrast_3_mean,0.005338944029062986,4,4
flatness_mean,0.005240072030574083,4,4
mfcc_2_p90,0.005187144502997398,4,4
contrast_4_std,0.0051809954456985,4,4
spectral_entropy_p90,0.004996909759938717,4,4
contrast_0_std,0.0048347399570047855,4,4
zero_crossing_rate_mean,0.00481202220544219,4,4
dominant_frequency_ratio,0.004787562880665064,4,4
mfcc_11_mean,0.004491058178246021,4,4
mfcc_delta_0_p90,0.004400748293846846,4,4
spectral_entropy_mean,0.004369835834950209,4,4
rolloff85_p90,0.004287636838853359,4,4
contrast_3_p90,0.004085817839950323,4,4
mfcc_12_p90,0.004048141185194254,4,4
mfcc_13_std,0.003960743546485901,4,4
rms_p90,0.003844119841232896,4,4
mfcc_5_p90,0.0038242260925471783,4,4
mfcc_16_mean,0.0037796071264892817,4,4
mfcc_11_std,0.13926267623901367,5,0
mfcc_1_mean,0.06126495078206062,5,0
mfcc_12_std,0.03772672265768051,5,0
mfcc_1_p90,0.03493513539433479,5,0
mfcc_8_p90,0.03009583055973053,5,0
dominant_frequency,0.026380255818367004,5,0
mfcc_18_p90,0.02359883114695549,5,0
rms_std,0.02329789102077484,5,0
mfcc_1_p10,0.021469343453645706,5,0
mfcc_17_std,0.020832210779190063,5,0
spectral_entropy_p10,0.020177867263555527,5,0
mfcc_16_std,0.019242318347096443,5,0
contrast_3_mean,0.018118754029273987,5,0
centroid_p90,0.01799057424068451,5,0
mfcc_18_mean,0.017736712470650673,5,0
spectral_entropy_mean,0.017719093710184097,5,0
rms_p90,0.015131263993680477,5,0
contrast_2_std,0.013886531814932823,5,0
dominant_frequency_ratio,0.012396630831062794,5,0
mfcc_8_mean,0.012018567882478237,5,0
mfcc_18_std,0.008268499746918678,5,0
mfcc_2_p10,0.008130495436489582,5,0
rms_p10,0.008120848797261715,5,0
centroid_mean,0.00784351397305727,5,0
contrast_4_p90,0.007670142687857151,5,0
mfcc_9_mean,0.007652341388165951,5,0
mfcc_8_p10,0.007369025144726038,5,0
mfcc_6_p90,0.007049401756376028,5,0
mfcc_11_p90,0.0066365026868879795,5,0
mfcc_13_p90,0.006522181443870068,5,0
flatness_mean,0.006499908864498138,5,0
mfcc_10_mean,0.006470908410847187,5,0
rolloff85_p10,0.00638638436794281,5,0
rms_mean,0.006243476644158363,5,0
contrast_0_p90,0.006124549079686403,5,0
zero_crossing_rate_std,0.0059264409355819225,5,0
zero_crossing_rate_p10,0.005867819767445326,5,0
mfcc_0_mean,0.00582650862634182,5,0
contrast_3_p90,0.005626993719488382,5,0
contrast_3_std,0.005507946014404297,5,0
mfcc_0_p10,0.005417567677795887,5,0
mfcc_0_std,0.005239732097834349,5,0
mfcc_2_mean,0.005180614069104195,5,0
mfcc_3_mean,0.005015921778976917,5,0
contrast_2_p90,0.004918928258121014,5,0
contrast_0_mean,0.004672983195632696,5,0
bandwidth_mean,0.00452708313241601,5,0
mfcc_11_mean,0.004415262956172228,5,0
mfcc_9_p90,0.004410309251397848,5,0
spectral_entropy_p90,0.004368625581264496,5,0
contrast_0_p10,0.004162563476711512,5,0
contrast_3_p10,0.00414658710360527,5,0
mfcc_2_p90,0.004142680671066046,5,0
mfcc_6_std,0.004096281714737415,5,0
contrast_1_mean,0.004089518450200558,5,0
rolloff85_p90,0.0040579079650342464,5,0
flatness_p10,0.00404694676399231,5,0
mfcc_5_p90,0.003985590301454067,5,0
zero_crossing_rate_p90,0.0038394774310290813,5,0
bandwidth_p90,0.003646952798590064,5,0
mfcc_11_std,0.10399869829416275,5,1
mfcc_1_mean,0.10125482082366943,5,1
mfcc_1_p90,0.08044247329235077,5,1
mfcc_16_std,0.07409289479255676,5,1
rms_std,0.025168966501951218,5,1
contrast_0_p90,0.024008477106690407,5,1
mfcc_17_std,0.023917773738503456,5,1
contrast_2_std,0.023562951013445854,5,1
contrast_4_p90,0.018610093742609024,5,1
dominant_frequency,0.018492447212338448,5,1
rms_p90,0.014477462507784367,5,1
mfcc_11_p90,0.01423491071909666,5,1
spectral_entropy_mean,0.013929575681686401,5,1
mfcc_0_p90,0.013439630158245564,5,1
mfcc_0_mean,0.012302889488637447,5,1
zero_crossing_rate_p90,0.012272769585251808,5,1
contrast_3_std,0.011994518339633942,5,1
mfcc_8_p90,0.011665089055895805,5,1
dominant_frequency_ratio,0.011080545373260975,5,1
centroid_mean,0.010575870051980019,5,1
mfcc_2_p90,0.008885608054697514,5,1
mfcc_11_mean,0.008286897093057632,5,1
zero_crossing_rate_std,0.008056542836129665,5,1
mfcc_15_std,0.007976009510457516,5,1
spectral_entropy_p10,0.007815183140337467,5,1
contrast_2_p90,0.007778816856443882,5,1
mfcc_1_p10,0.007754701655358076,5,1
contrast_3_p90,0.007231952156871557,5,1
mfcc_18_mean,0.007192831486463547,5,1
contrast_0_mean,0.007168229203671217,5,1
centroid_p90,0.006969994865357876,5,1
contrast_4_mean,0.006869524251669645,5,1
mfcc_18_p90,0.00678417319431901,5,1
mfcc_2_mean,0.006352489814162254,5,1
centroid_p10,0.005913913249969482,5,1
mfcc_18_std,0.00583827355876565,5,1
rolloff85_std,0.005353409331291914,5,1
rms_p10,0.00512431375682354,5,1
mfcc_2_p10,0.004806698765605688,5,1
contrast_1_p10,0.004331544041633606,5,1
mfcc_12_std,0.004323991481214762,5,1
mfcc_4_p90,0.0041539911180734634,5,1
mfcc_delta_1_p90,0.003904468147084117,5,1
mfcc_12_p90,0.0038805361837148666,5,1
contrast_3_mean,0.0038459855131804943,5,1
mfcc_1_std,0.003787132678553462,5,1
mfcc_delta_8_p90,0.003741578198969364,5,1
mfcc_11_p10,0.0036214026622474194,5,1
mfcc_6_mean,0.0036212382838129997,5,1
rms_mean,0.003599450457841158,5,1
zero_crossing_rate_p10,0.003581502940505743,5,1
mfcc_5_p90,0.0034439268056303263,5,1
spectral_entropy_std,0.0033570649102330208,5,1
mfcc_9_mean,0.0033232346177101135,5,1
mfcc_16_p10,0.0031987992115318775,5,1
mfcc_8_mean,0.0031764565501362085,5,1
mfcc_10_p90,0.0031643498223274946,5,1
contrast_0_std,0.003096966305747628,5,1
mfcc_delta_0_std,0.0030529024079442024,5,1
mfcc_3_mean,0.0030286998953670263,5,1
dominant_frequency,0.10379118472337723,5,2
mfcc_16_std,0.08370084315538406,5,2
contrast_2_std,0.06056512892246246,5,2
mfcc_17_std,0.056662216782569885,5,2
mfcc_18_std,0.03951990231871605,5,2
mfcc_12_std,0.03951408714056015,5,2
mfcc_15_std,0.028636422008275986,5,2
rms_p10,0.01943616196513176,5,2
mfcc_1_p10,0.0185239315032959,5,2
mfcc_9_std,0.015170239843428135,5,2
zero_crossing_rate_std,0.014919281005859375,5,2
contrast_0_p10,0.014332439750432968,5,2
mfcc_6_p90,0.013844862580299377,5,2
contrast_0_mean,0.013252153061330318,5,2
centroid_mean,0.013044632039964199,5,2
dominant_frequency_ratio,0.012767433188855648,5,2
centroid_p90,0.012417133897542953,5,2
mfcc_13_std,0.012299480848014355,5,2
flatness_std,0.01078394241631031,5,2
bandwidth_p90,0.010440081357955933,5,2
zero_crossing_rate_p10,0.00995898712426424,5,2
centroid_std,0.00986664742231369,5,2
mfcc_10_std,0.009692877531051636,5,2
mfcc_8_p90,0.009284470230340958,5,2
mfcc_1_mean,0.00922158919274807,5,2
rolloff85_mean,0.00919284112751484,5,2
flatness_p90,0.008683410473167896,5,2
mfcc_7_mean,0.008096778765320778,5,2
spectral_entropy_mean,0.00794520229101181,5,2
mfcc_16_p10,0.007478712592273951,5,2
mfcc_7_p10,0.007044464349746704,5,2
rms_mean,0.005797187797725201,5,2
spectral_entropy_p10,0.00570644112303853,5,2
mfcc_9_p90,0.005691537167876959,5,2
mfcc_1_p90,0.005567070096731186,5,2
mfcc_18_mean,0.005555054172873497,5,2
mfcc_8_mean,0.005519446916878223,5,2
contrast_1_p10,0.00549557339400053,5,2
mfcc_3_p10,0.005436081904917955,5,2
contrast_0_p90,0.005139591637998819,5,2
mfcc_18_p90,0.005132514983415604,5,2
mfcc_8_std,0.0050938986241817474,5,2
rms_std,0.005043743643909693,5,2
contrast_3_p90,0.004886146169155836,5,2
mfcc_9_mean,0.004667093977332115,5,2
mfcc_2_mean,0.004638463258743286,5,2
mfcc_5_std,0.0044757588766515255,5,2
mfcc_2_p90,0.004454257432371378,5,2
rolloff85_p90,0.0043978034518659115,5,2
flatness_mean,0.004255559295415878,5,2
mfcc_delta_6_std,0.0041639129631221294,5,2
contrast_2_p90,0.004022746346890926,5,2
spectral_entropy_p90,0.003860651748254895,5,2
mfcc_15_p90,0.0038545681163668633,5,2
mfcc_0_p10,0.003816855838522315,5,2
contrast_4_mean,0.0038059588987380266,5,2
contrast_4_p10,0.00376942940056324,5,2
mfcc_0_std,0.0036665755324065685,5,2
mfcc_delta_0_p90,0.0036098859272897243,5,2
rolloff85_p10,0.0035836435854434967,5,2
contrast_0_mean,0.11153459548950195,5,3
mfcc_11_std,0.061094675213098526,5,3
mfcc_18_std,0.05261861905455589,5,3
contrast_0_p10,0.046154189854860306,5,3
mfcc_16_std,0.04133697971701622,5,3
mfcc_17_std,0.04043083265423775,5,3
spectral_entropy_p10,0.038328010588884354,5,3
mfcc_12_std,0.03481055051088333,5,3
dominant_frequency,0.02385423332452774,5,3
spectral_entropy_mean,0.019469156861305237,5,3
mfcc_1_std,0.01764027588069439,5,3
zero_crossing_rate_std,0.016623342409729958,5,3
mfcc_0_mean,0.015047159045934677,5,3
contrast_0_p90,0.014399325475096703,5,3
mfcc_18_p90,0.012762694619596004,5,3
zero_crossing_rate_p90,0.011235153302550316,5,3
mfcc_18_mean,0.011057160794734955,5,3
mfcc_2_std,0.010114990174770355,5,3
dominant_frequency_ratio,0.00990166887640953,5,3
mfcc_4_std,0.009511797688901424,5,3
mfcc_2_p10,0.008742068894207478,5,3
contrast_4_p90,0.008399035781621933,5,3
bandwidth_p90,0.007974146865308285,5,3
rms_p10,0.007850395515561104,5,3
rms_p90,0.007823987863957882,5,3
rolloff85_mean,0.007335723843425512,5,3
mfcc_1_mean,0.007303919643163681,5,3
centroid_p90,0.0069071450270712376,5,3
contrast_4_mean,0.006882172543555498,5,3
flatness_p90,0.00680957268923521,5,3
mfcc_6_mean,0.006782629061490297,5,3
rms_mean,0.006501197349280119,5,3
mfcc_delta_0_p10,0.006248805671930313,5,3
contrast_4_p10,0.00575370155274868,5,3
mfcc_1_p90,0.005396029446274042,5,3
flatness_mean,0.005321428645402193,5,3
contrast_2_p90,0.005129046272486448,5,3
mfcc_15_p10,0.005023142322897911,5,3
mfcc_1_p10,0.004980446770787239,5,3
mfcc_6_p90,0.004919394385069609,5,3
rolloff85_std,0.004859148990362883,5,3
contrast_0_std,0.004507473204284906,5,3
mfcc_3_p10,0.004226564895361662,5,3
mfcc_delta_0_std,0.004104985855519772,5,3
mfcc_delta_1_std,0.004040057770907879,5,3
mfcc_11_p90,0.003977271728217602,5,3
contrast_3_mean,0.003959141205996275,5,3
zero_crossing_rate_mean,0.003939542919397354,5,3
mfcc_15_std,0.0038493419997394085,5,3
mfcc_8_mean,0.0038357567973434925,5,3
mfcc_delta_1_p10,0.0037331196945160627,5,3
contrast_2_std,0.0036969040520489216,5,3
rolloff85_p90,0.0036068493500351906,5,3
spectral_entropy_p90,0.0035955808125436306,5,3
mfcc_0_p10,0.0035801278427243233,5,3
mfcc_0_std,0.0034276251681149006,5,3
centroid_std,0.003400324145331979,5,3
bandwidth_mean,0.0033003385178744793,5,3
mfcc_2_p90,0.003295653499662876,5,3
mfcc_2_mean,0.003251325339078903,5,3
contrast_2_std,0.09396188706159592,5,4
mfcc_2_p10,0.07813198119401932,5,4
mfcc_16_std,0.0663132518529892,5,4
mfcc_18_std,0.044351834803819656,5,4
rms_std,0.037846241146326065,5,4
mfcc_11_std,0.034921977669000626,5,4
mfcc_2_mean,0.025696787983179092,5,4
flatness_p90,0.01988319680094719,5,4
dominant_frequency_ratio,0.018621936440467834,5,4
mfcc_1_p90,0.018327372148633003,5,4
contrast_0_mean,0.016664201393723488,5,4
mfcc_1_p10,0.016461806371808052,5,4
dominant_frequency,0.015884242951869965,5,4
mfcc_17_std,0.01587603986263275,5,4
spectral_entropy_p90,0.013852154836058617,5,4
rms_p10,0.012666342779994011,5,4
mfcc_11_p90,0.011888854205608368,5,4
contrast_0_p90,0.010846301913261414,5,4
mfcc_16_p10,0.009769958443939686,5,4
mfcc_12_std,0.00927840918302536,5,4
mfcc_0_p10,0.00896444171667099,5,4
mfcc_0_mean,0.008653298951685429,5,4
mfcc_18_p90,0.00846804864704609,5,4
mfcc_8_p90,0.008287626318633556,5,4
mfcc_1_mean,0.00826623197644949,5,4
contrast_2_p90,0.007970280013978481,5,4
flatness_std,0.00754749309271574,5,4
mfcc_13_std,0.007281695492565632,5,4
contrast_4_p10,0.007203679997473955,5,4
flatness_mean,0.007199919316917658,5,4
contrast_1_p10,0.00716867670416832,5,4
mfcc_3_p10,0.007136567495763302,5,4
mfcc_9_p90,0.00711365882307291,5,4
mfcc_18_mean,0.006814309395849705,5,4
rms_mean,0.006746881175786257,5,4
bandwidth_mean,0.006058814469724894,5,4
contrast_3_std,0.0059640612453222275,5,4
mfcc_0_std,0.005925179924815893,5,4
spectral_entropy_mean,0.005798374768346548,5,4
mfcc_6_p90,0.005707976873964071,5,4
contrast_3_p90,0.005681212525814772,5,4
rms_p90,0.0056054736487567425,5,4
zero_crossing_rate_p90,0.005346274469047785,5,4
contrast_0_p10,0.0052408492192626,5,4
zero_crossing_rate_std,0.005182080902159214,5,4
mfcc_15_std,0.004861079156398773,5,4
mfcc_delta_1_std,0.004858984611928463,5,4
mfcc_16_p90,0.0046590641140937805,5,4
mfcc_0_p90,0.004328770097345114,5,4
mfcc_13_p90,0.004237661603838205,5,4
contrast_4_mean,0.004150191321969032,5,4
mfcc_5_p90,0.004131164867430925,5,4
centroid_p90,0.004067502450197935,5,4
mfcc_1_std,0.003976206760853529,5,4
mfcc_6_mean,0.0039157867431640625,5,4
spectral_entropy_p10,0.0038539813831448555,5,4
mfcc_6_p10,0.0038343623746186495,5,4
contrast_4_p90,0.003738080384209752,5,4
mfcc_2_p90,0.0036635790020227432,5,4
mfcc_11_p10,0.0036194908898323774,5,4
mfcc_11_std,0.12856411933898926,6,0
mfcc_1_mean,0.07583501189947128,6,0
mfcc_1_p90,0.05522283911705017,6,0
mfcc_12_std,0.039669282734394073,6,0
mfcc_8_p90,0.03141671046614647,6,0
mfcc_16_std,0.03068307787179947,6,0
dominant_frequency,0.02677619457244873,6,0
rms_std,0.023137882351875305,6,0
mfcc_17_std,0.02242277003824711,6,0
mfcc_1_p10,0.018847022205591202,6,0
contrast_0_p90,0.018625129014253616,6,0
contrast_2_std,0.018348071724176407,6,0
dominant_frequency_ratio,0.01662393845617771,6,0
spectral_entropy_mean,0.01585332117974758,6,0
contrast_0_mean,0.015287643298506737,6,0
mfcc_11_p90,0.014769071713089943,6,0
rolloff85_p10,0.014761562459170818,6,0
rms_p90,0.014354852959513664,6,0
mfcc_11_mean,0.01264671329408884,6,0
spectral_entropy_p10,0.012451102957129478,6,0
mfcc_6_p90,0.012339143082499504,6,0
mfcc_18_mean,0.01209341175854206,6,0
mfcc_18_std,0.011174925602972507,6,0
centroid_p90,0.009654023684561253,6,0
contrast_3_std,0.009181930683553219,6,0
mfcc_13_p90,0.009050590917468071,6,0
contrast_3_mean,0.008847213350236416,6,0
rms_p10,0.008653189055621624,6,0
mfcc_10_mean,0.007843735627830029,6,0
mfcc_0_mean,0.0072818477638065815,6,0
centroid_mean,0.006732805632054806,6,0
spectral_entropy_p90,0.006701597478240728,6,0
mfcc_18_p90,0.0062501393258571625,6,0
contrast_3_p90,0.0060632857494056225,6,0
mfcc_13_mean,0.005495705641806126,6,0
contrast_4_p90,0.005229415837675333,6,0
mfcc_16_p10,0.0052207112312316895,6,0
rolloff85_p90,0.005132423248142004,6,0
contrast_2_p90,0.0048913066275417805,6,0
mfcc_8_std,0.0047397916205227375,6,0
mfcc_7_std,0.004698992241173983,6,0
mfcc_8_mean,0.004640474449843168,6,0
zero_crossing_rate_p10,0.004607620183378458,6,0
mfcc_2_p10,0.00440854812040925,6,0
flatness_mean,0.0042562587186694145,6,0
flatness_p10,0.004179397132247686,6,0
bandwidth_mean,0.003986437804996967,6,0
mfcc_15_std,0.00391071243211627,6,0
mfcc_16_mean,0.003828608663752675,6,0
contrast_3_p10,0.003750752191990614,6,0
mfcc_8_p10,0.003746654838323593,6,0
mfcc_17_mean,0.0036447173915803432,6,0
mfcc_2_mean,0.003602386685088277,6,0
mfcc_3_mean,0.0035139950923621655,6,0
mfcc_9_p90,0.0034703996498137712,6,0
flatness_p90,0.0034679085947573185,6,0
mfcc_13_std,0.0034630566369742155,6,0
contrast_1_mean,0.0034594321623444557,6,0
mfcc_0_std,0.0034281956031918526,6,0
rms_mean,0.0034063132479786873,6,0
mfcc_1_mean,0.08913527429103851,6,1
mfcc_1_p90,0.07699379324913025,6,1
mfcc_16_std,0.07406387478113174,6,1
mfcc_11_std,0.06986278295516968,6,1
mfcc_17_std,0.033206190913915634,6,1
rms_std,0.029231412336230278,6,1
contrast_0_p90,0.025561431422829628,6,1
dominant_frequency,0.025351960211992264,6,1
contrast_2_std,0.022572996094822884,6,1
contrast_4_p90,0.02022571675479412,6,1
zero_crossing_rate_p90,0.01806904934346676,6,1
rms_p90,0.01595105603337288,6,1
mfcc_0_mean,0.014033397659659386,6,1
mfcc_1_p10,0.013891156762838364,6,1
centroid_mean,0.013757334090769291,6,1
mfcc_11_p90,0.013626561500132084,6,1
mfcc_0_p90,0.012520643882453442,6,1
contrast_3_std,0.011398817412555218,6,1
spectral_entropy_mean,0.011369179002940655,6,1
mfcc_18_std,0.011133696883916855,6,1
mfcc_8_p90,0.009662140160799026,6,1
dominant_frequency_ratio,0.00946707371622324,6,1
mfcc_2_p90,0.009073780849575996,6,1
contrast_4_mean,0.008591643534600735,6,1
zero_crossing_rate_std,0.00789404846727848,6,1
contrast_3_p90,0.007701280061155558,6,1
mfcc_18_mean,0.007508168462663889,6,1
rolloff85_std,0.007049152627587318,6,1
contrast_0_mean,0.006790844723582268,6,1
mfcc_1_std,0.006703323684632778,6,1
mfcc_2_mean,0.006567023694515228,6,1
mfcc_11_mean,0.006311830133199692,6,1
mfcc_18_p90,0.005851340480148792,6,1
flatness_mean,0.005708777345716953,6,1
rms_p10,0.0057029128074646,6,1
mfcc_8_mean,0.005694402381777763,6,1
mfcc_12_p90,0.005610003136098385,6,1
mfcc_8_p10,0.00536612793803215,6,1
spectral_entropy_p10,0.005268018692731857,6,1
contrast_2_p90,0.005214364733546972,6,1
mfcc_15_std,0.005129318684339523,6,1
centroid_p10,0.0048748464323580265,6,1
mfcc_4_p90,0.004755660891532898,6,1
contrast_3_mean,0.004256523679941893,6,1
rms_mean,0.004167200066149235,6,1
mfcc_12_std,0.004090195521712303,6,1
mfcc_9_mean,0.004057161044329405,6,1
centroid_p90,0.0038918470963835716,6,1
mfcc_6_mean,0.0038830693811178207,6,1
contrast_2_mean,0.003859268268570304,6,1
mfcc_2_p10,0.0036986765917390585,6,1
mfcc_6_p90,0.0035780093166977167,6,1
mfcc_16_p10,0.0034877914004027843,6,1
spectral_entropy_std,0.0034527978859841824,6,1
bandwidth_mean,0.0034461282193660736,6,1
mfcc_delta_0_std,0.0033599690068513155,6,1
rolloff85_p10,0.00329021573998034,6,1
mfcc_9_p90,0.0032836399041116238,6,1
mfcc_5_p90,0.00324857234954834,6,1
mfcc_13_std,0.0032444449607282877,6,1
mfcc_16_std,0.1120772585272789,6,2
dominant_frequency,0.09285345673561096,6,2
mfcc_11_std,0.04231371358036995,6,2
mfcc_18_std,0.04153335094451904,6,2
contrast_2_std,0.030243659391999245,6,2
mfcc_17_std,0.024173593148589134,6,2
mfcc_12_std,0.01907452382147312,6,2
rms_p10,0.015846161171793938,6,2
zero_crossing_rate_std,0.01441856101155281,6,2
rms_std,0.013932286761701107,6,2
spectral_entropy_p10,0.013429596088826656,6,2
mfcc_11_p90,0.013224707916378975,6,2
contrast_0_mean,0.013045740313827991,6,2
contrast_0_p90,0.012196571566164494,6,2
mfcc_15_std,0.012079138308763504,6,2
mfcc_2_p90,0.011787320487201214,6,2
zero_crossing_rate_p90,0.011418803595006466,6,2
flatness_p90,0.011255558580160141,6,2
mfcc_18_p90,0.011178034357726574,6,2
contrast_3_std,0.010978561826050282,6,2
mfcc_18_mean,0.01087620947510004,6,2
dominant_frequency_ratio,0.010156404227018356,6,2
contrast_4_p10,0.009260082617402077,6,2
mfcc_delta_0_std,0.009237959049642086,6,2
spectral_entropy_mean,0.009014721028506756,6,2
mfcc_13_std,0.008969871327280998,6,2
mfcc_0_mean,0.008946353569626808,6,2
contrast_0_p10,0.008733424358069897,6,2
contrast_4_p90,0.008599597029387951,6,2
mfcc_0_std,0.007638738490641117,6,2
mfcc_1_mean,0.007277279160916805,6,2
mfcc_6_p90,0.007154067978262901,6,2
mfcc_1_p90,0.007075384259223938,6,2
mfcc_2_p10,0.006838799919933081,6,2
contrast_4_mean,0.00672448193654418,6,2
mfcc_3_p10,0.006532543804496527,6,2
flatness_std,0.006528666242957115,6,2
flatness_mean,0.006466096732765436,6,2
mfcc_2_mean,0.006414873991161585,6,2
rms_p90,0.006335176061838865,6,2
spectral_entropy_std,0.006298896856606007,6,2
mfcc_8_std,0.006132810842245817,6,2
rms_mean,0.005960404872894287,6,2
mfcc_0_p10,0.005901949945837259,6,2
mfcc_delta_0_p90,0.005868727341294289,6,2
mfcc_delta_1_std,0.0057375384494662285,6,2
zero_crossing_rate_mean,0.005534485448151827,6,2
centroid_p90,0.0053445943631231785,6,2
mfcc_0_p90,0.0050298492424190044,6,2
contrast_3_p90,0.004943434149026871,6,2
mfcc_delta_1_p10,0.004920003470033407,6,2
mfcc_11_mean,0.004622749052941799,6,2
mfcc_1_p10,0.004578796215355396,6,2
rolloff85_p90,0.004347889218479395,6,2
spectral_entropy_p90,0.004205429460853338,6,2
contrast_0_std,0.004101828671991825,6,2
mfcc_15_p10,0.004101382102817297,6,2
mfcc_8_p90,0.004000154789537191,6,2
centroid_mean,0.003891318803653121,6,2
contrast_1_mean,0.0037412007804960012,6,2
mfcc_16_std,0.1304667592048645,6,3
mfcc_0_p10,0.0659092590212822,6,3
contrast_0_mean,0.06482861936092377,6,3
contrast_0_p10,0.05884868651628494,6,3
dominant_frequency,0.04756459966301918,6,3
mfcc_17_std,0.03399646282196045,6,3
mfcc_0_mean,0.02884271740913391,6,3
mfcc_12_std,0.02397887036204338,6,3
centroid_p90,0.018897516652941704,6,3
mfcc_1_p10,0.018393483012914658,6,3
rms_p10,0.01758575066924095,6,3
spectral_entropy_p10,0.01670246757566929,6,3
mfcc_11_std,0.01587492786347866,6,3
spectral_entropy_mean,0.015638010576367378,6,3
zero_crossing_rate_std,0.015074197202920914,6,3
contrast_4_p90,0.011697383597493172,6,3
zero_crossing_rate_p10,0.011493646539747715,6,3
dominant_frequency_ratio,0.010725081898272038,6,3
centroid_mean,0.010678566992282867,6,3
flatness_p90,0.010229739360511303,6,3
mfcc_15_std,0.009437019936740398,6,3
mfcc_1_mean,0.00862927082926035,6,3
contrast_0_p90,0.008329952135682106,6,3
mfcc_18_std,0.008215879090130329,6,3
rolloff85_p90,0.008028366602957249,6,3
mfcc_2_p10,0.007656247355043888,6,3
rolloff85_mean,0.007398189976811409,6,3
contrast_4_std,0.007394743617624044,6,3
centroid_std,0.007309321314096451,6,3
mfcc_1_std,0.007133636623620987,6,3
zero_crossing_rate_p90,0.006895273923873901,6,3
contrast_4_p10,0.00616607116535306,6,3
mfcc_15_p90,0.006086983252316713,6,3
contrast_3_mean,0.0053392453119158745,6,3
mfcc_5_mean,0.00511676212772727,6,3
contrast_1_p10,0.004995063412934542,6,3
mfcc_8_p10,0.004811584949493408,6,3
mfcc_8_mean,0.004683563485741615,6,3
contrast_3_p10,0.004627924412488937,6,3
flatness_p10,0.004555714316666126,6,3
contrast_4_mean,0.004334780853241682,6,3
rms_mean,0.00413619726896286,6,3
mfcc_5_p90,0.004105042200535536,6,3
mfcc_1_p90,0.003885427722707391,6,3
flatness_mean,0.003851483575999737,6,3
mfcc_13_std,0.0037841657176613808,6,3
mfcc_11_p10,0.0034642808604985476,6,3
flatness_std,0.0034272116608917713,6,3
mfcc_10_std,0.003359934315085411,6,3
spectral_entropy_p90,0.0033475584350526333,6,3
contrast_3_p90,0.003336771158501506,6,3
mfcc_9_p90,0.003308454994112253,6,3
mfcc_2_mean,0.0031670285388827324,6,3
mfcc_6_p90,0.0031422690954059362,6,3
mfcc_8_std,0.0031307607423514128,6,3
rolloff85_p10,0.003118795109912753,6,3
mfcc_19_std,0.003101740265265107,6,3
mfcc_6_p10,0.003068530699238181,6,3
mfcc_delta_1_std,0.0030209016986191273,6,3
contrast_2_p90,0.0030183903872966766,6,3
contrast_0_p10,0.0996362566947937,6,4
mfcc_11_std,0.08780847489833832,6,4
mfcc_12_std,0.06352495402097702,6,4
contrast_2_std,0.049626000225543976,6,4
contrast_0_mean,0.028746092692017555,6,4
mfcc_2_p10,0.028209079056978226,6,4
dominant_frequency,0.028156857937574387,6,4
mfcc_16_p10,0.02275901287794113,6,4
mfcc_18_std,0.01983087882399559,6,4
mfcc_0_mean,0.019739238545298576,6,4
contrast_0_p90,0.019228119403123856,6,4
mfcc_18_p90,0.014816781505942345,6,4
mfcc_16_std,0.014661669731140137,6,4
mfcc_1_p10,0.01408236101269722,6,4
mfcc_1_mean,0.013245120644569397,6,4
mfcc_17_std,0.012694230303168297,6,4
flatness_p90,0.011742671951651573,6,4
mfcc_1_p90,0.011554958298802376,6,4
zero_crossing_rate_p90,0.010657002218067646,6,4
mfcc_18_mean,0.010201545432209969,6,4
spectral_entropy_mean,0.009350831620395184,6,4
bandwidth_p90,0.009289615787565708,6,4
contrast_4_p10,0.008770283311605453,6,4
contrast_4_p90,0.008444446139037609,6,4
spectral_entropy_p90,0.008324254304170609,6,4
spectral_entropy_p10,0.008298128843307495,6,4
rms_mean,0.007830577902495861,6,4
mfcc_4_p10,0.0077333939261734486,6,4
contrast_3_p90,0.007603599224239588,6,4
rms_std,0.007547309622168541,6,4
flatness_std,0.007542711682617664,6,4
zero_crossing_rate_mean,0.007258752826601267,6,4
mfcc_4_std,0.007232640404254198,6,4
mfcc_11_p90,0.006643902510404587,6,4
mfcc_3_p10,0.006466780789196491,6,4
rolloff85_p90,0.00643605412915349,6,4
rms_p10,0.006245815195143223,6,4
centroid_std,0.0062311068177223206,6,4
rolloff85_p10,0.006143082864582539,6,4
contrast_4_mean,0.006110404152423143,6,4
dominant_frequency_ratio,0.006056503392755985,6,4
flatness_mean,0.005966587923467159,6,4
zero_crossing_rate_std,0.005658285226672888,6,4
centroid_p90,0.005329296458512545,6,4
mfcc_2_std,0.0052873739041388035,6,4
rms_p90,0.005203960929065943,6,4
mfcc_19_mean,0.005092493258416653,6,4
rolloff85_std,0.005091480445116758,6,4
contrast_4_std,0.005090354476124048,6,4
contrast_0_std,0.004756568931043148,6,4
mfcc_2_mean,0.004720835480839014,6,4
mfcc_6_p90,0.00468091294169426,6,4
contrast_3_mean,0.004263982642441988,6,4
mfcc_16_mean,0.00423081312328577,6,4
mfcc_18_p10,0.004174926318228245,6,4
mfcc_15_std,0.004097433295100927,6,4
rolloff85_mean,0.003967917989939451,6,4
mfcc_7_p90,0.003967019729316235,6,4
mfcc_0_p10,0.003933022730052471,6,4
mfcc_13_std,0.0038769738748669624,6,4
mfcc_11_std,0.16189710795879364,7,0
mfcc_1_mean,0.060558419674634933,7,0
mfcc_1_p90,0.05176835134625435,7,0
mfcc_8_p90,0.03054596297442913,7,0
rms_std,0.028036590665578842,7,0
mfcc_12_std,0.025972841307520866,7,0
mfcc_1_p10,0.024075645953416824,7,0
mfcc_16_std,0.019812021404504776,7,0
mfcc_17_std,0.019323401153087616,7,0
mfcc_18_mean,0.01919376663863659,7,0
dominant_frequency,0.01888955570757389,7,0
mfcc_18_p90,0.0186587143689394,7,0
contrast_2_std,0.017616616562008858,7,0
rms_p90,0.01583116687834263,7,0
contrast_3_mean,0.015697959810495377,7,0
dominant_frequency_ratio,0.015361467376351357,7,0
spectral_entropy_p10,0.0115904426202178,7,0
mfcc_6_p90,0.011417495086789131,7,0
contrast_0_mean,0.010716134682297707,7,0
centroid_p90,0.00937382411211729,7,0
contrast_3_p90,0.009265531785786152,7,0
spectral_entropy_mean,0.009238127619028091,7,0
mfcc_18_std,0.009180845692753792,7,0
rms_p10,0.008778898045420647,7,0
contrast_4_p90,0.008356363512575626,7,0
mfcc_8_mean,0.007967592217028141,7,0
mfcc_13_p90,0.006914782803505659,7,0
mfcc_11_p90,0.0068750218488276005,7,0
mfcc_0_mean,0.006676648277789354,7,0
mfcc_10_mean,0.006398242898285389,7,0
contrast_0_p90,0.005968023557215929,7,0
zero_crossing_rate_std,0.005947038531303406,7,0
mfcc_2_p10,0.005835948511958122,7,0
centroid_mean,0.005653745960444212,7,0
mfcc_2_mean,0.005653492175042629,7,0
mfcc_8_p10,0.005645629484206438,7,0
mfcc_9_mean,0.005433998536318541,7,0
mfcc_11_mean,0.005096167325973511,7,0
flatness_mean,0.00498081324622035,7,0
mfcc_4_p90,0.0049794334918260574,7,0
zero_crossing_rate_p10,0.004880083724856377,7,0
rolloff85_std,0.004865035880357027,7,0
mfcc_16_mean,0.004863346926867962,7,0
rms_mean,0.004857715219259262,7,0
contrast_2_p90,0.004757345654070377,7,0
rolloff85_p10,0.004752439446747303,7,0
mfcc_0_p10,0.0047372085973620415,7,0
contrast_3_p10,0.004523090552538633,7,0
mfcc_5_p90,0.004503053613007069,7,0
mfcc_9_p90,0.004392311442643404,7,0
flatness_p90,0.004238036926835775,7,0
contrast_3_std,0.0042330557480454445,7,0
bandwidth_p90,0.004157878924161196,7,0
mfcc_0_std,0.004124883562326431,7,0
mfcc_3_mean,0.004013663157820702,7,0
mfcc_5_p10,0.003951065707951784,7,0
mfcc_2_p90,0.0039403121918439865,7,0
rolloff85_p90,0.003906664904206991,7,0
mfcc_10_p90,0.0038884703535586596,7,0
bandwidth_mean,0.0038806309457868338,7,0
mfcc_11_std,0.10850242525339127,7,1
mfcc_1_p90,0.08580190688371658,7,1
mfcc_16_std,0.0523446723818779,7,1
mfcc_1_mean,0.046426136046648026,7,1
zero_crossing_rate_p90,0.040624845772981644,7,1
dominant_frequency,0.03565764054656029,7,1
rms_std,0.027617204934358597,7,1
mfcc_17_std,0.026296479627490044,7,1
contrast_2_std,0.02216240204870701,7,1
mfcc_11_p90,0.01746232435107231,7,1
rms_p90,0.017006583511829376,7,1
centroid_p90,0.016214270144701004,7,1
mfcc_1_p10,0.01579958014190197,7,1
contrast_4_p90,0.014593211002647877,7,1
contrast_0_p90,0.013761596754193306,7,1
spectral_entropy_mean,0.013594030402600765,7,1
centroid_mean,0.013143368065357208,7,1
mfcc_18_p90,0.012114902026951313,7,1
dominant_frequency_ratio,0.01136289443820715,7,1
mfcc_0_mean,0.01030205748975277,7,1
contrast_3_mean,0.009378492832183838,7,1
mfcc_18_mean,0.009196789003908634,7,1
contrast_3_std,0.009123015217483044,7,1
mfcc_2_p90,0.009078094735741615,7,1
mfcc_8_p90,0.008616041392087936,7,1
contrast_3_p90,0.008184939622879028,7,1
mfcc_2_p10,0.008135475218296051,7,1
contrast_0_mean,0.007894288748502731,7,1
mfcc_delta_12_std,0.007877747528254986,7,1
mfcc_18_std,0.007443302311003208,7,1
contrast_2_p90,0.007243007887154818,7,1
mfcc_2_mean,0.007156942971050739,7,1
mfcc_3_p10,0.006536358967423439,7,1
spectral_entropy_p10,0.0065198843367397785,7,1
mfcc_12_p90,0.006508628372102976,7,1
contrast_4_mean,0.006231080275028944,7,1
mfcc_12_std,0.005968811456114054,7,1
mfcc_15_std,0.00589250260964036,7,1
rms_p10,0.005593966692686081,7,1
mfcc_0_p90,0.005356664303690195,7,1
mfcc_4_p90,0.005083095747977495,7,1
mfcc_11_mean,0.004989719949662685,7,1
zero_crossing_rate_std,0.0047655170783400536,7,1
centroid_p10,0.00472345482558012,7,1
bandwidth_mean,0.004412400536239147,7,1
rolloff85_std,0.0042627728544175625,7,1
mfcc_1_std,0.004187415353953838,7,1
mfcc_9_mean,0.004151853732764721,7,1
spectral_entropy_std,0.0040172007866203785,7,1
mfcc_0_std,0.003955738618969917,7,1
rms_mean,0.00393753033131361,7,1
mfcc_delta_1_std,0.0038725989870727062,7,1
mfcc_delta_0_std,0.003850312437862158,7,1
contrast_2_mean,0.0038109275046736,7,1
flatness_mean,0.0037318600807338953,7,1
mfcc_6_mean,0.0036939214915037155,7,1
mfcc_delta_1_p10,0.003656210144981742,7,1
mfcc_8_mean,0.0035734702832996845,7,1
mfcc_4_std,0.0035496705677360296,7,1
mfcc_16_p10,0.003408457152545452,7,1
mfcc_16_std,0.10906538367271423,7,2
dominant_frequency,0.10253485292196274,7,2
mfcc_12_std,0.068544901907444,7,2
mfcc_18_std,0.032691698521375656,7,2
rms_mean,0.027589330449700356,7,2
rms_p10,0.022295590490102768,7,2
mfcc_15_std,0.020714785903692245,7,2
spectral_entropy_mean,0.01919415593147278,7,2
contrast_0_mean,0.01911293901503086,7,2
mfcc_8_std,0.017758864909410477,7,2
mfcc_6_p90,0.016170330345630646,7,2
zero_crossing_rate_std,0.01555290911346674,7,2
mfcc_17_std,0.014578715898096561,7,2
mfcc_11_std,0.014121985994279385,7,2
contrast_0_p10,0.01325826533138752,7,2
mfcc_1_p10,0.012720072641968727,7,2
dominant_frequency_ratio,0.012490855529904366,7,2
contrast_0_p90,0.011484548449516296,7,2
contrast_4_p90,0.010462956503033638,7,2
contrast_1_p10,0.009476381354033947,7,2
contrast_4_mean,0.009217324666678905,7,2
flatness_p90,0.008983461186289787,7,2
mfcc_0_mean,0.00894880946725607,7,2
zero_crossing_rate_p90,0.008778408169746399,7,2
bandwidth_p90,0.008124866522848606,7,2
mfcc_1_p90,0.007899926975369453,7,2
centroid_mean,0.007636388763785362,7,2
contrast_4_p10,0.007436612155288458,7,2
spectral_entropy_p10,0.006878152024000883,7,2
rolloff85_mean,0.006558423396199942,7,2
mfcc_5_p90,0.0065009212121367455,7,2
spectral_entropy_std,0.00640283664688468,7,2
mfcc_18_mean,0.006350440438836813,7,2
mfcc_12_p10,0.00634909188374877,7,2
mfcc_2_p10,0.0061371405608952045,7,2
contrast_3_mean,0.006067479494959116,7,2
mfcc_0_p10,0.005993829574435949,7,2
zero_crossing_rate_p10,0.005904000718146563,7,2
contrast_2_p90,0.005770321004092693,7,2
contrast_3_p10,0.005696792155504227,7,2
mfcc_12_p90,0.005476444028317928,7,2
mfcc_9_p90,0.005423037335276604,7,2
flatness_mean,0.0052869608625769615,7,2
mfcc_delta_0_std,0.004875876475125551,7,2
mfcc_8_p10,0.004857555031776428,7,2
centroid_p90,0.0047966535203158855,7,2
spectral_entropy_p90,0.004789551720023155,7,2
mfcc_9_mean,0.004701907746493816,7,2
mfcc_1_mean,0.0046988921239972115,7,2
mfcc_3_p10,0.004505655262619257,7,2
mfcc_2_mean,0.004438630770891905,7,2
mfcc_8_mean,0.0044263512827456,7,2
mfcc_15_p90,0.00440794276073575,7,2
rolloff85_p10,0.004394718445837498,7,2
centroid_std,0.004339182749390602,7,2
mfcc_delta_8_std,0.004073553718626499,7,2
mfcc_4_p90,0.004056647419929504,7,2
contrast_0_std,0.003995989449322224,7,2
mfcc_delta_1_std,0.0038374154828488827,7,2
bandwidth_mean,0.003740779822692275,7,2
mfcc_0_p10,0.1139703094959259,7,3
contrast_0_p10,0.08533210307359695,7,3
mfcc_16_std,0.07836318761110306,7,3
contrast_0_mean,0.07723460346460342,7,3
mfcc_0_mean,0.04972592368721962,7,3
mfcc_17_std,0.04755421355366707,7,3
spectral_entropy_p10,0.032947927713394165,7,3
spectral_entropy_mean,0.02989557571709156,7,3
centroid_mean,0.02303917519748211,7,3
mfcc_18_std,0.014525819569826126,7,3
contrast_0_p90,0.014495618641376495,7,3
spectral_entropy_p90,0.013224718160927296,7,3
mfcc_15_std,0.013145350851118565,7,3
mfcc_0_p90,0.010960355401039124,7,3
mfcc_1_std,0.010909426026046276,7,3
rms_p90,0.010424074716866016,7,3
mfcc_11_std,0.010393526405096054,7,3
dominant_frequency,0.009933768771588802,7,3
rms_mean,0.008283027447760105,7,3
flatness_p90,0.008143828250467777,7,3
zero_crossing_rate_std,0.007837267592549324,7,3
mfcc_3_p10,0.007490465417504311,7,3
rolloff85_p10,0.007381024770438671,7,3
dominant_frequency_ratio,0.0073318337090313435,7,3
rolloff85_mean,0.006662812549620867,7,3
zero_crossing_rate_p90,0.0064535923302173615,7,3
rms_p10,0.006363500375300646,7,3
mfcc_1_p10,0.006176566239446402,7,3
mfcc_6_p90,0.005661712493747473,7,3
centroid_p90,0.005527294706553221,7,3
contrast_4_p10,0.005133466795086861,7,3
mfcc_12_std,0.0051201749593019485,7,3
mfcc_0_std,0.00489428173750639,7,3
mfcc_delta_0_std,0.0048126098699867725,7,3
mfcc_1_mean,0.0047755734995007515,7,3
centroid_std,0.004614632111042738,7,3
mfcc_15_mean,0.004332182928919792,7,3
mfcc_4_mean,0.004315114114433527,7,3
rolloff85_p90,0.0042920829728245735,7,3
contrast_4_p90,0.004113748669624329,7,3
mfcc_1_p90,0.003974329214543104,7,3
mfcc_2_p10,0.0038946454878896475,7,3
mfcc_12_p90,0.0036956851836293936,7,3
mfcc_8_p90,0.0034670615568757057,7,3
contrast_4_mean,0.00337793817743659,7,3
mfcc_15_p10,0.00337064266204834,7,3
mfcc_delta_9_p90,0.003343296702951193,7,3
mfcc_18_p90,0.0032622513826936483,7,3
mfcc_6_mean,0.003209528047591448,7,3
zero_crossing_rate_mean,0.003177486127242446,7,3
mfcc_9_p90,0.0029781379271298647,7,3
contrast_0_std,0.0029508215375244617,7,3
zero_crossing_rate_p10,0.0028640979435294867,7,3
mfcc_delta_2_p90,0.00284770131111145,7,3
contrast_2_std,0.002824914176017046,7,3
contrast_2_p90,0.0027827899903059006,7,3
mfcc_delta_8_p90,0.0027661239728331566,7,3
bandwidth_p90,0.002752352971583605,7,3
mfcc_delta_0_p90,0.0026409325655549765,7,3
mfcc_12_mean,0.002630821196362376,7,3
mfcc_2_p10,0.09796907752752304,7,4
mfcc_11_std,0.06139444559812546,7,4
contrast_2_std,0.06115099415183067,7,4
mfcc_16_std,0.045199036598205566,7,4
mfcc_12_std,0.032034505158662796,7,4
mfcc_18_std,0.029224084690213203,7,4
mfcc_2_mean,0.0288106556981802,7,4
dominant_frequency,0.023143049329519272,7,4
mfcc_17_std,0.022166447713971138,7,4
flatness_p90,0.019537311047315598,7,4
rms_std,0.01817278377711773,7,4
mfcc_11_p90,0.01562555879354477,7,4
contrast_0_mean,0.014903907664120197,7,4
mfcc_1_p90,0.01451496034860611,7,4
mfcc_16_p10,0.014117575250566006,7,4
dominant_frequency_ratio,0.012239273637533188,7,4
zero_crossing_rate_std,0.011929222382605076,7,4
mfcc_1_p10,0.010867618024349213,7,4
contrast_3_p90,0.010217878967523575,7,4
mfcc_delta_1_std,0.00919484905898571,7,4
mfcc_11_mean,0.00908561609685421,7,4
contrast_1_p10,0.009062057361006737,7,4
mfcc_0_p10,0.009002896957099438,7,4
contrast_3_std,0.008938995189964771,7,4
mfcc_8_p90,0.008747789077460766,7,4
zero_crossing_rate_p90,0.008465899154543877,7,4
rms_p10,0.008451557718217373,7,4
mfcc_9_p90,0.008306223899126053,7,4
spectral_entropy_p90,0.008282906375825405,7,4
mfcc_0_std,0.008008144795894623,7,4
contrast_0_p90,0.008002253249287605,7,4
contrast_4_p10,0.007410031743347645,7,4
contrast_2_p90,0.007403096184134483,7,4
contrast_4_p90,0.007326744496822357,7,4
contrast_0_p10,0.007174304220825434,7,4
mfcc_delta_3_std,0.006690363399684429,7,4
mfcc_1_mean,0.006634821649640799,7,4
mfcc_6_p90,0.006467576138675213,7,4
mfcc_16_p90,0.0060188439674675465,7,4
centroid_p90,0.005989240016788244,7,4
mfcc_18_p90,0.005939885973930359,7,4
spectral_entropy_p10,0.005722699221223593,7,4
mfcc_18_mean,0.005668652709573507,7,4
mfcc_0_mean,0.0051664202474057674,7,4
contrast_4_mean,0.005131398793309927,7,4
contrast_3_mean,0.005054356995970011,7,4
mfcc_3_p10,0.004949852824211121,7,4
rolloff85_mean,0.004882307723164558,7,4
mfcc_15_std,0.004842114634811878,7,4
mfcc_12_p90,0.004825122654438019,7,4
rms_mean,0.004812374245375395,7,4
spectral_entropy_mean,0.004713370464742184,7,4
flatness_std,0.004605632741004229,7,4
flatness_mean,0.0045193396508693695,7,4
contrast_0_std,0.004273860715329647,7,4
mfcc_6_std,0.0042657554149627686,7,4
mfcc_0_p90,0.004182519856840372,7,4
contrast_1_mean,0.004038815386593342,7,4
rolloff85_p90,0.003984824754297733,7,4
mfcc_3_p90,0.003924019169062376,7,4
mfcc_11_std,0.15253371000289917,8,0
mfcc_1_mean,0.06344843655824661,8,0
mfcc_1_p90,0.05107726529240608,8,0
mfcc_8_p90,0.034355614334344864,8,0
mfcc_12_std,0.02612709254026413,8,0
contrast_2_std,0.023465292528271675,8,0
rms_std,0.022683702409267426,8,0
dominant_frequency,0.02208307757973671,8,0
mfcc_1_p10,0.018742894753813744,8,0
rms_p90,0.018243970349431038,8,0
rolloff85_p10,0.017945922911167145,8,0
contrast_0_mean,0.017864890396595,8,0
dominant_frequency_ratio,0.014819739386439323,8,0
mfcc_11_mean,0.01341339759528637,8,0
spectral_entropy_mean,0.013379176147282124,8,0
mfcc_16_std,0.012975510209798813,8,0
mfcc_18_mean,0.012189622037112713,8,0
mfcc_2_p10,0.011050271801650524,8,0
spectral_entropy_p10,0.010767471045255661,8,0
mfcc_17_std,0.010506382212042809,8,0
contrast_3_mean,0.009998406283557415,8,0
centroid_p90,0.009940565563738346,8,0
mfcc_10_mean,0.009708560071885586,8,0
contrast_0_p90,0.009410555474460125,8,0
mfcc_18_p90,0.009298100136220455,8,0
mfcc_8_mean,0.009041892364621162,8,0
mfcc_11_p90,0.008862004615366459,8,0
mfcc_0_mean,0.008762599900364876,8,0
mfcc_18_std,0.007906629703938961,8,0
rms_p10,0.007511090021580458,8,0
centroid_mean,0.007451497949659824,8,0
mfcc_9_p90,0.007376483641564846,8,0
contrast_3_std,0.00693192332983017,8,0
mfcc_0_p10,0.006651095114648342,8,0
rms_mean,0.006464201025664806,8,0
mfcc_13_p90,0.006299146916717291,8,0
mfcc_15_p90,0.006157541181892157,8,0
mfcc_8_p10,0.005995522253215313,8,0
contrast_2_p90,0.005982231814414263,8,0
mfcc_0_std,0.005798562429845333,8,0
zero_crossing_rate_p10,0.005418391432613134,8,0
flatness_mean,0.005394525360316038,8,0
mfcc_16_p10,0.005047413520514965,8,0
contrast_4_p90,0.004862329922616482,8,0
mfcc_2_mean,0.004839127417653799,8,0
contrast_3_p90,0.0048038046807050705,8,0
mfcc_13_mean,0.0047952900640666485,8,0
mfcc_delta_1_std,0.004736004397273064,8,0
mfcc_16_mean,0.004632745869457722,8,0
bandwidth_mean,0.004611612297594547,8,0
mfcc_delta_1_p90,0.004400153644382954,8,0
flatness_std,0.00439940532669425,8,0
spectral_entropy_p90,0.004358051344752312,8,0
mfcc_delta_17_p10,0.0043445369228720665,8,0
mfcc_10_p90,0.004305058158934116,8,0
flatness_p90,0.0042694928124547005,8,0
mfcc_3_mean,0.004122120328247547,8,0
bandwidth_p90,0.00409523444250226,8,0
contrast_1_mean,0.0040311967022717,8,0
contrast_3_p10,0.0038335146382451057,8,0
mfcc_11_std,0.09449822455644608,8,1
mfcc_1_p90,0.08545951545238495,8,1
mfcc_1_mean,0.07815009355545044,8,1
mfcc_17_std,0.04405686631798744,8,1
mfcc_16_std,0.035306282341480255,8,1
contrast_0_p90,0.02524411864578724,8,1
contrast_2_std,0.02341259829699993,8,1
rms_std,0.022571397945284843,8,1
dominant_frequency,0.021225428208708763,8,1
mfcc_18_p90,0.02107560820877552,8,1
contrast_4_p90,0.019497673958539963,8,1
mfcc_1_p10,0.017394917085766792,8,1
rms_p90,0.016967471688985825,8,1
zero_crossing_rate_p90,0.01679527387022972,8,1
mfcc_18_std,0.013489441946148872,8,1
mfcc_0_p90,0.013476376421749592,8,1
mfcc_11_p90,0.011201472021639347,8,1
spectral_entropy_mean,0.010967682115733624,8,1
mfcc_8_p90,0.01095257792621851,8,1
contrast_3_p90,0.010040962137281895,8,1
mfcc_0_mean,0.009952434338629246,8,1
contrast_3_std,0.009820740669965744,8,1
mfcc_2_p90,0.00971048790961504,8,1
mfcc_18_mean,0.009374802000820637,8,1
mfcc_15_std,0.008566259406507015,8,1
dominant_frequency_ratio,0.008072879165410995,8,1
centroid_mean,0.007855664007365704,8,1
rolloff85_std,0.0076185655780136585,8,1
contrast_4_mean,0.007188635412603617,8,1
mfcc_2_mean,0.006603836081922054,8,1
mfcc_1_std,0.006542657036334276,8,1
rolloff85_p10,0.006322597153484821,8,1
contrast_3_mean,0.006067998241633177,8,1
centroid_p90,0.00588410347700119,8,1
contrast_2_p90,0.005789563059806824,8,1
mfcc_12_p90,0.005787709262222052,8,1
spectral_entropy_p10,0.0055847978219389915,8,1
rms_mean,0.005578401032835245,8,1
flatness_std,0.0052255261689424515,8,1
rms_p10,0.005192193202674389,8,1
zero_crossing_rate_std,0.005083759780973196,8,1
mfcc_9_mean,0.0048314547166228294,8,1
mfcc_13_std,0.004810579586774111,8,1
mfcc_8_mean,0.004690972622483969,8,1
mfcc_2_p10,0.004660294856876135,8,1
flatness_mean,0.004491603933274746,8,1
contrast_0_mean,0.004295190330594778,8,1
centroid_p10,0.004042221698909998,8,1
mfcc_delta_1_p90,0.0039476556703448296,8,1
mfcc_6_mean,0.00394546939060092,8,1
mfcc_5_mean,0.003940486814826727,8,1
mfcc_6_p90,0.003900400595739484,8,1
centroid_std,0.003849517088383436,8,1
mfcc_4_p90,0.003839547047391534,8,1
mfcc_8_p10,0.003744151908904314,8,1
mfcc_3_mean,0.003600797848775983,8,1
mfcc_delta_1_std,0.0035524487029761076,8,1
mfcc_4_std,0.0035435690078884363,8,1
mfcc_5_p90,0.0033802830148488283,8,1
spectral_entropy_std,0.003360689152032137,8,1
dominant_frequency,0.09616970270872116,8,2
mfcc_16_std,0.07227308303117752,8,2
mfcc_12_std,0.07121633738279343,8,2
mfcc_18_std,0.04629877582192421,8,2
contrast_2_std,0.04131123051047325,8,2
mfcc_15_std,0.03417515009641647,8,2
mfcc_1_p10,0.021773062646389008,8,2
mfcc_17_std,0.020350860431790352,8,2
mfcc_8_std,0.015736091881990433,8,2
zero_crossing_rate_std,0.01565437577664852,8,2
rms_p10,0.015582716092467308,8,2
dominant_frequency_ratio,0.014124304056167603,8,2
contrast_0_mean,0.012827649712562561,8,2
mfcc_13_std,0.012610509991645813,8,2
mfcc_2_p10,0.01260431483387947,8,2
spectral_entropy_mean,0.012583875097334385,8,2
mfcc_0_std,0.01230874564498663,8,2
flatness_p90,0.012087497860193253,8,2
contrast_3_std,0.011617518961429596,8,2
contrast_0_p10,0.009515909478068352,8,2
rms_p90,0.009195572696626186,8,2
contrast_0_p90,0.009157470427453518,8,2
contrast_4_p10,0.00878054741770029,8,2
mfcc_2_mean,0.008766893297433853,8,2
contrast_3_p90,0.008749188855290413,8,2
spectral_entropy_p10,0.008540094830095768,8,2
rms_std,0.007973750121891499,8,2
mfcc_1_p90,0.007793853525072336,8,2
mfcc_delta_0_std,0.007715169340372086,8,2
mfcc_9_std,0.007294720038771629,8,2
zero_crossing_rate_p90,0.007225620560348034,8,2
contrast_4_p90,0.006887836381793022,8,2
centroid_mean,0.006657034624367952,8,2
flatness_std,0.006618719547986984,8,2
mfcc_18_p90,0.006287647411227226,8,2
contrast_4_mean,0.006177816074341536,8,2
rms_mean,0.005826006643474102,8,2
mfcc_0_p10,0.005705959163606167,8,2
mfcc_5_p10,0.0055159758776426315,8,2
mfcc_11_std,0.00550387566909194,8,2
mfcc_0_mean,0.005441159475594759,8,2
mfcc_3_p10,0.00530259357765317,8,2
mfcc_11_p90,0.0052171740680933,8,2
spectral_entropy_std,0.005167617928236723,8,2
mfcc_6_p90,0.0050975424237549305,8,2
mfcc_10_std,0.005065299104899168,8,2
mfcc_8_p10,0.004868286196142435,8,2
flatness_mean,0.004608619026839733,8,2
mfcc_18_mean,0.004574377555400133,8,2
flatness_p10,0.0045679835602641106,8,2
mfcc_15_p10,0.004543555900454521,8,2
contrast_2_p90,0.0044161127880215645,8,2
mfcc_1_mean,0.004266101401299238,8,2
mfcc_4_p90,0.0042251343838870525,8,2
mfcc_0_p90,0.004176429472863674,8,2
bandwidth_p90,0.003927537240087986,8,2
mfcc_6_mean,0.0038905038964003325,8,2
mfcc_delta_0_p90,0.0038739133160561323,8,2
mfcc_4_mean,0.0038646762259304523,8,2
mfcc_7_p10,0.0037756480742245913,8,2
mfcc_16_std,0.07947992533445358,8,3
contrast_0_mean,0.06148992478847504,8,3
contrast_2_std,0.05692972242832184,8,3
mfcc_17_std,0.05474613234400749,8,3
mfcc_0_mean,0.05407245084643364,8,3
dominant_frequency,0.0435217060148716,8,3
mfcc_1_p10,0.03710471838712692,8,3
contrast_0_p10,0.033544156700372696,8,3
mfcc_0_p10,0.029927711933851242,8,3
mfcc_18_std,0.02185574360191822,8,3
spectral_entropy_p10,0.017322516068816185,8,3
rms_p10,0.016139928251504898,8,3
spectral_entropy_mean,0.015984728932380676,8,3
dominant_frequency_ratio,0.015864288434386253,8,3
mfcc_12_std,0.013685978949069977,8,3
zero_crossing_rate_std,0.012866783887147903,8,3
mfcc_1_std,0.012248164042830467,8,3
flatness_p90,0.012113403528928757,8,3
mfcc_11_std,0.011242748238146305,8,3
mfcc_1_mean,0.009610083885490894,8,3
contrast_0_p90,0.009511948563158512,8,3
spectral_entropy_p90,0.00929703377187252,8,3
contrast_4_p90,0.009081972762942314,8,3
mfcc_0_p90,0.008991182781755924,8,3
zero_crossing_rate_p90,0.008960796520113945,8,3
flatness_std,0.008047505281865597,8,3
zero_crossing_rate_p10,0.007052205968648195,8,3
centroid_p90,0.006734353490173817,8,3
centroid_mean,0.006518587004393339,8,3
contrast_4_mean,0.006380260922014713,8,3
contrast_4_std,0.00626450777053833,8,3
bandwidth_mean,0.0062072849832475185,8,3
mfcc_3_p10,0.0058634220622479916,8,3
mfcc_delta_11_std,0.005596529692411423,8,3
rms_std,0.005337813403457403,8,3
centroid_std,0.005291431676596403,8,3
contrast_3_mean,0.005249235779047012,8,3
mfcc_2_mean,0.005007182247936726,8,3
rolloff85_mean,0.004687631037086248,8,3
mfcc_15_std,0.00449675926938653,8,3
mfcc_1_p90,0.004442970734089613,8,3
mfcc_delta_0_std,0.004348092246800661,8,3
bandwidth_p10,0.004318332299590111,8,3
contrast_4_p10,0.00427600322291255,8,3
mfcc_2_p10,0.0041186073794960976,8,3
flatness_mean,0.004091886803507805,8,3
mfcc_17_p90,0.0040671504102647305,8,3
mfcc_15_p90,0.004044538363814354,8,3
mfcc_18_mean,0.0040396773256361485,8,3
mfcc_delta_1_p10,0.004025612957775593,8,3
mfcc_18_p90,0.004020506516098976,8,3
contrast_3_p10,0.003935366403311491,8,3
rolloff85_p90,0.0039267935790121555,8,3
rms_mean,0.00390702486038208,8,3
flatness_p10,0.0038618880789726973,8,3
mfcc_9_p90,0.0037779021076858044,8,3
centroid_p10,0.0036461821291595697,8,3
contrast_2_p90,0.0035326459910720587,8,3
rms_p90,0.0035305237397551537,8,3
zero_crossing_rate_mean,0.0034955565351992846,8,3
mfcc_11_std,0.09361767768859863,8,4
contrast_2_std,0.08550576865673065,8,4
contrast_0_p10,0.08165370672941208,8,4
contrast_0_mean,0.04200119525194168,8,4
mfcc_16_std,0.04002511873841286,8,4
mfcc_18_std,0.03964656963944435,8,4
dominant_frequency,0.03430088981986046,8,4
mfcc_12_std,0.02951500378549099,8,4
contrast_0_p90,0.028922168537974358,8,4
mfcc_1_p90,0.019804757088422775,8,4
rolloff85_p10,0.01815706677734852,8,4
mfcc_17_std,0.016672316938638687,8,4
mfcc_0_mean,0.014821069315075874,8,4
rms_std,0.014259018003940582,8,4
mfcc_2_p10,0.014116795733571053,8,4
spectral_entropy_p10,0.013785543851554394,8,4
contrast_4_p10,0.012641497887670994,8,4
flatness_p90,0.012193193659186363,8,4
mfcc_1_p10,0.010812844149768353,8,4
mfcc_1_mean,0.01061478815972805,8,4
rms_p10,0.00981118530035019,8,4
spectral_entropy_p90,0.009713608771562576,8,4
mfcc_2_std,0.009291301481425762,8,4
mfcc_18_p90,0.009057538583874702,8,4
flatness_std,0.008325760252773762,8,4
zero_crossing_rate_p90,0.008030911907553673,8,4
rms_mean,0.007967643439769745,8,4
mfcc_15_std,0.007591575849801302,8,4
contrast_4_p90,0.00740070128813386,8,4
flatness_mean,0.007369861472398043,8,4
mfcc_12_p90,0.007044490426778793,8,4
mfcc_3_p10,0.006662269588559866,8,4
spectral_entropy_mean,0.006465570535510778,8,4
rms_p90,0.006445225793868303,8,4
mfcc_16_p10,0.006358846090734005,8,4
bandwidth_p90,0.006263449788093567,8,4
zero_crossing_rate_std,0.0062414309941232204,8,4
rolloff85_p90,0.006103912368416786,8,4
mfcc_18_mean,0.006058440078049898,8,4
contrast_4_mean,0.005999098066240549,8,4
dominant_frequency_ratio,0.0053899227641522884,8,4
zero_crossing_rate_p10,0.00524155143648386,8,4
mfcc_0_p90,0.0050859348848462105,8,4
contrast_0_std,0.005025060381740332,8,4
mfcc_4_mean,0.004555654712021351,8,4
mfcc_4_p10,0.004473336972296238,8,4
zero_crossing_rate_mean,0.0041580526158213615,8,4
centroid_p90,0.004139052703976631,8,4
mfcc_11_p90,0.0041237217374145985,8,4
mfcc_2_p90,0.0040131183341145515,8,4
mfcc_8_p90,0.004011344630271196,8,4
centroid_mean,0.0036834231577813625,8,4
contrast_1_mean,0.00361733790487051,8,4
mfcc_13_std,0.003613030072301626,8,4
mfcc_delta_0_p90,0.0035829502157866955,8,4
mfcc_2_mean,0.003523214254528284,8,4
mfcc_16_mean,0.0035011377185583115,8,4
rolloff85_mean,0.003484075888991356,8,4
contrast_1_std,0.0032713678665459156,8,4
mfcc_5_p90,0.003154850797727704,8,4
mfcc_11_std,0.13985764980316162,9,0
mfcc_1_mean,0.06620661169290543,9,0
mfcc_1_p90,0.05278648063540459,9,0
mfcc_12_std,0.03536296635866165,9,0
mfcc_8_p90,0.029137279838323593,9,0
dominant_frequency,0.027672091498970985,9,0
rolloff85_p10,0.02262508124113083,9,0
mfcc_1_p10,0.021332692354917526,9,0
dominant_frequency_ratio,0.018343085423111916,9,0
mfcc_17_std,0.01782100833952427,9,0
contrast_0_mean,0.017648257315158844,9,0
spectral_entropy_mean,0.017372414469718933,9,0
rms_std,0.01710285246372223,9,0
rms_p90,0.017089087516069412,9,0
contrast_3_p90,0.015922818332910538,9,0
contrast_2_std,0.015912696719169617,9,0
spectral_entropy_p10,0.015422540716826916,9,0
centroid_p90,0.014997106976807117,9,0
mfcc_16_std,0.013242321088910103,9,0
mfcc_11_mean,0.012580898590385914,9,0
mfcc_11_p90,0.011506490409374237,9,0
mfcc_0_mean,0.010591626167297363,9,0
mfcc_13_p90,0.010349070653319359,9,0
contrast_3_std,0.009980207309126854,9,0
mfcc_18_mean,0.009641231037676334,9,0
contrast_3_mean,0.009479861706495285,9,0
mfcc_18_std,0.008686461485922337,9,0
rms_p10,0.008216108195483685,9,0
contrast_0_p90,0.007788011338561773,9,0
rms_mean,0.007659370545297861,9,0
centroid_mean,0.007249506656080484,9,0
rolloff85_mean,0.006806178018450737,9,0
mfcc_10_mean,0.006249039433896542,9,0
spectral_entropy_p90,0.006214129272848368,9,0
contrast_2_p90,0.006089451257139444,9,0
mfcc_13_mean,0.005997824016958475,9,0
mfcc_18_p90,0.0059269689954817295,9,0
mfcc_8_mean,0.005825222935527563,9,0
mfcc_16_p10,0.005728007294237614,9,0
mfcc_0_p90,0.0056611220352351665,9,0
contrast_4_p90,0.0051001752726733685,9,0
mfcc_delta_1_std,0.0048975576646625996,9,0
mfcc_9_p90,0.004498180467635393,9,0
mfcc_16_mean,0.004400730598717928,9,0
mfcc_3_mean,0.004392073955386877,9,0
flatness_p90,0.004239714704453945,9,0
mfcc_0_p10,0.004213957116007805,9,0
zero_crossing_rate_p90,0.004197428002953529,9,0
mfcc_2_mean,0.004126903135329485,9,0
zero_crossing_rate_p10,0.004100916441529989,9,0
contrast_1_mean,0.004054866265505552,9,0
mfcc_19_mean,0.004051050171256065,9,0
mfcc_8_p10,0.004049248993396759,9,0
mfcc_2_p10,0.00402613403275609,9,0
mfcc_0_std,0.004020586609840393,9,0
mfcc_6_mean,0.00394510617479682,9,0
contrast_3_p10,0.0037033201660960913,9,0
mfcc_delta_3_p90,0.0036875021178275347,9,0
mfcc_8_std,0.003216644050553441,9,0
bandwidth_mean,0.003095341380685568,9,0
mfcc_1_mean,0.09290283173322678,9,1
mfcc_1_p90,0.08882742375135422,9,1
mfcc_16_std,0.07162339985370636,9,1
mfcc_17_std,0.055160533636808395,9,1
mfcc_11_std,0.04234730079770088,9,1
rms_std,0.029737310484051704,9,1
contrast_0_p90,0.025126060470938683,9,1
dominant_frequency,0.022390346974134445,9,1
contrast_2_std,0.019273703917860985,9,1
contrast_4_p90,0.01908237114548683,9,1
mfcc_1_p10,0.016707217320799828,9,1
mfcc_11_p90,0.013146208599209785,9,1
mfcc_0_p90,0.012701028026640415,9,1
rms_p90,0.012098572216928005,9,1
mfcc_0_mean,0.012021912261843681,9,1
mfcc_18_std,0.011924185790121555,9,1
contrast_3_std,0.011509908363223076,9,1
mfcc_2_p90,0.010913456790149212,9,1
zero_crossing_rate_p90,0.010311724618077278,9,1
contrast_3_p90,0.009705990552902222,9,1
contrast_4_mean,0.009424082934856415,9,1
spectral_entropy_mean,0.00930109340697527,9,1
mfcc_8_p90,0.008897045627236366,9,1
dominant_frequency_ratio,0.008824439719319344,9,1
rms_mean,0.008334366604685783,9,1
mfcc_1_std,0.008159075863659382,9,1
rolloff85_std,0.006975663360208273,9,1
contrast_2_p90,0.006730686407536268,9,1
mfcc_12_p90,0.006719137541949749,9,1
mfcc_18_p90,0.006435833405703306,9,1
centroid_mean,0.006413087714463472,9,1
mfcc_18_mean,0.006354654207825661,9,1
rms_p10,0.00631317775696516,9,1
flatness_mean,0.006296739913523197,9,1
centroid_p10,0.0062082982622087,9,1
zero_crossing_rate_std,0.006040967535227537,9,1
mfcc_8_mean,0.005907892715185881,9,1
spectral_entropy_p10,0.0055749686434865,9,1
mfcc_2_mean,0.0054207188077270985,9,1
mfcc_15_std,0.005373373162001371,9,1
contrast_3_mean,0.005289794877171516,9,1
contrast_0_mean,0.005288250744342804,9,1
centroid_p90,0.00505572184920311,9,1
mfcc_delta_0_std,0.005042453296482563,9,1
mfcc_11_mean,0.00475956778973341,9,1
mfcc_13_std,0.0044987937435507774,9,1
mfcc_6_mean,0.004485323093831539,9,1
mfcc_8_p10,0.004196712747216225,9,1
mfcc_4_p90,0.004088554531335831,9,1
mfcc_3_mean,0.004061250016093254,9,1
mfcc_3_p90,0.003953535575419664,9,1
mfcc_6_p90,0.0038026608526706696,9,1
mfcc_2_p10,0.0036891617346554995,9,1
mfcc_5_p90,0.0036425855942070484,9,1
spectral_entropy_p90,0.0035915239714086056,9,1
contrast_3_p10,0.0035329926759004593,9,1
mfcc_16_p10,0.0035319372545927763,9,1
bandwidth_mean,0.0034635213669389486,9,1
mfcc_5_mean,0.0034236719366163015,9,1
mfcc_5_p10,0.003401209833100438,9,1
dominant_frequency,0.0876913070678711,9,2
mfcc_16_std,0.06731239706277847,9,2
mfcc_11_std,0.06693687289953232,9,2
mfcc_18_std,0.03478742390871048,9,2
mfcc_17_std,0.03459969162940979,9,2
mfcc_2_p10,0.02835472859442234,9,2
contrast_2_std,0.027246883139014244,9,2
mfcc_12_std,0.02299104817211628,9,2
mfcc_18_p90,0.017805378884077072,9,2
mfcc_15_std,0.015958433970808983,9,2
rms_std,0.014788332395255566,9,2
contrast_4_p90,0.014209392480552197,9,2
spectral_entropy_p10,0.0127205615863204,9,2
spectral_entropy_std,0.012512790970504284,9,2
zero_crossing_rate_std,0.011499311774969101,9,2
contrast_0_mean,0.010944442823529243,9,2
spectral_entropy_p90,0.010868644341826439,9,2
flatness_p90,0.010867135599255562,9,2
mfcc_0_mean,0.010385497473180294,9,2
mfcc_2_p90,0.010016844607889652,9,2
zero_crossing_rate_p90,0.010016503743827343,9,2
rms_p10,0.00932349357753992,9,2
contrast_0_p90,0.009247719310224056,9,2
mfcc_1_p10,0.009129360318183899,9,2
dominant_frequency_ratio,0.008950565941631794,9,2
contrast_3_std,0.008821866475045681,9,2
mfcc_3_p10,0.008738446049392223,9,2
mfcc_18_mean,0.00871795043349266,9,2
spectral_entropy_mean,0.008515517227351665,9,2
mfcc_13_std,0.008103572763502598,9,2
contrast_4_p10,0.007709134370088577,9,2
mfcc_11_p90,0.007635320071130991,9,2
mfcc_0_p10,0.007300086785107851,9,2
flatness_std,0.007170363329350948,9,2
mfcc_6_p90,0.007150283083319664,9,2
mfcc_0_std,0.007133173756301403,9,2
contrast_4_mean,0.0068436176516115665,9,2
flatness_mean,0.006612231023609638,9,2
mfcc_1_p90,0.006390564143657684,9,2
zero_crossing_rate_mean,0.00629758695140481,9,2
contrast_3_p90,0.006186476908624172,9,2
mfcc_18_p10,0.006163514219224453,9,2
contrast_0_p10,0.005657259374856949,9,2
contrast_1_p10,0.005601957440376282,9,2
contrast_3_mean,0.005530084948986769,9,2
rms_p90,0.005415729712694883,9,2
rms_mean,0.005279337987303734,9,2
mfcc_2_mean,0.005241588223725557,9,2
mfcc_1_mean,0.005050176754593849,9,2
mfcc_delta_0_std,0.004920709878206253,9,2
mfcc_0_p90,0.004749568644911051,9,2
mfcc_delta_0_p90,0.0045713516883552074,9,2
centroid_mean,0.004536863416433334,9,2
contrast_2_p90,0.004507365636527538,9,2
mfcc_5_mean,0.0043470547534525394,9,2
mfcc_9_p10,0.004150740802288055,9,2
centroid_p90,0.004127561580389738,9,2
mfcc_8_std,0.004101767670363188,9,2
mfcc_8_mean,0.00405519874766469,9,2
mfcc_11_mean,0.004019021987915039,9,2
mfcc_16_std,0.09195248037576675,9,3
contrast_2_std,0.0878726914525032,9,3
dominant_frequency,0.05893058702349663,9,3
mfcc_0_p10,0.057388804852962494,9,3
contrast_0_p10,0.05065031349658966,9,3
contrast_0_mean,0.046866755932569504,9,3
mfcc_17_std,0.036638643592596054,9,3
mfcc_1_p10,0.029343370348215103,9,3
mfcc_1_std,0.019373251125216484,9,3
spectral_entropy_mean,0.01606663130223751,9,3
spectral_entropy_p10,0.016008367761969566,9,3
mfcc_12_std,0.014772316440939903,9,3
flatness_p90,0.014628679491579533,9,3
mfcc_11_std,0.013901080004870892,9,3
zero_crossing_rate_std,0.013464473187923431,9,3
mfcc_2_p10,0.013362640514969826,9,3
mfcc_0_mean,0.013052276335656643,9,3
mfcc_15_std,0.013011583127081394,9,3
rms_p10,0.012695039622485638,9,3
mfcc_18_std,0.011812614277005196,9,3
centroid_mean,0.011267207562923431,9,3
mfcc_1_mean,0.010518313385546207,9,3
contrast_0_p90,0.010200807824730873,9,3
dominant_frequency_ratio,0.009928420186042786,9,3
zero_crossing_rate_p10,0.008063055574893951,9,3
flatness_std,0.007683476433157921,9,3
mfcc_delta_0_std,0.007277895696461201,9,3
contrast_4_std,0.007212486118078232,9,3
zero_crossing_rate_p90,0.007129577454179525,9,3
spectral_entropy_p90,0.00697167357429862,9,3
centroid_p90,0.006319907493889332,9,3
rolloff85_mean,0.006271563470363617,9,3
centroid_std,0.006000318564474583,9,3
contrast_4_p90,0.005943759344518185,9,3
rolloff85_p90,0.005178398452699184,9,3
contrast_4_p10,0.004567657597362995,9,3
mfcc_8_p10,0.004370649810880423,9,3
mfcc_18_mean,0.0039909714832901955,9,3
contrast_3_p90,0.003933135420084,9,3
contrast_3_mean,0.003811391768977046,9,3
rms_mean,0.0037548975087702274,9,3
mfcc_3_p10,0.003707506926730275,9,3
mfcc_0_p90,0.0036490545608103275,9,3
mfcc_15_p10,0.0036275158636271954,9,3
mfcc_1_p90,0.003618901828303933,9,3
mfcc_11_p10,0.0035849963314831257,9,3
bandwidth_p90,0.0034890121314674616,9,3
zero_crossing_rate_mean,0.0033784748520702124,9,3
mfcc_8_mean,0.0033628433011472225,9,3
mfcc_0_std,0.0033278977498412132,9,3
mfcc_delta_1_std,0.0032990595791488886,9,3
bandwidth_mean,0.003253472503274679,9,3
rms_p90,0.003212696174159646,9,3
mfcc_13_std,0.0031959202606230974,9,3
mfcc_4_p90,0.003130001714453101,9,3
mfcc_19_std,0.0030436746310442686,9,3
mfcc_2_mean,0.0029392042197287083,9,3
contrast_4_mean,0.0029099127277731895,9,3
rolloff85_p10,0.0028416181448847055,9,3
contrast_3_p10,0.0027897239197045565,9,3
contrast_0_p10,0.08355888724327087,9,4
mfcc_11_std,0.0740593895316124,9,4
contrast_0_mean,0.06327210366725922,9,4
mfcc_12_std,0.05631551891565323,9,4
mfcc_18_std,0.05469926819205284,9,4
dominant_frequency,0.03959044814109802,9,4
mfcc_16_std,0.0294809490442276,9,4
rolloff85_p10,0.025820476934313774,9,4
mfcc_2_p10,0.02300289459526539,9,4
contrast_0_p90,0.022450866177678108,9,4
rolloff85_std,0.021098732948303223,9,4
contrast_4_p10,0.020800640806555748,9,4
mfcc_18_p90,0.016134172677993774,9,4
mfcc_17_std,0.015671536326408386,9,4
mfcc_1_p10,0.014410442672669888,9,4
spectral_entropy_p10,0.014357899315655231,9,4
mfcc_0_mean,0.012970454059541225,9,4
mfcc_13_std,0.010183564387261868,9,4
spectral_entropy_p90,0.009854842908680439,9,4
mfcc_2_std,0.009728167206048965,9,4
zero_crossing_rate_p90,0.009573452174663544,9,4
rms_p10,0.009548651054501534,9,4
mfcc_1_mean,0.009350057691335678,9,4
mfcc_18_mean,0.008989982306957245,9,4
rolloff85_mean,0.008870502933859825,9,4
rms_std,0.008826807141304016,9,4
mfcc_4_p10,0.008665496483445168,9,4
mfcc_4_std,0.008233567699790001,9,4
contrast_4_mean,0.007569783832877874,9,4
mfcc_0_p10,0.007536247838288546,9,4
mfcc_15_std,0.0071495031006634235,9,4
flatness_mean,0.006619215942919254,9,4
zero_crossing_rate_std,0.006470824126154184,9,4
spectral_entropy_mean,0.006274773273617029,9,4
flatness_std,0.006180015858262777,9,4
flatness_p90,0.00617529870942235,9,4
rms_mean,0.005516148172318935,9,4
contrast_4_p90,0.0053994557820260525,9,4
centroid_p90,0.00530921621248126,9,4
zero_crossing_rate_mean,0.005237646866589785,9,4
mfcc_2_mean,0.0051163481548428535,9,4
flatness_p10,0.005083657801151276,9,4
contrast_0_std,0.0048827193677425385,9,4
rolloff85_p90,0.00458871852606535,9,4
mfcc_2_p90,0.004582644905894995,9,4
mfcc_16_p10,0.004406384192407131,9,4
mfcc_15_p10,0.004391095135360956,9,4
mfcc_4_mean,0.004378844052553177,9,4
dominant_frequency_ratio,0.0043161651119589806,9,4
centroid_std,0.004149027168750763,9,4
mfcc_11_p90,0.00409929733723402,9,4
contrast_4_std,0.003928999416530132,9,4
contrast_2_std,0.0036384069826453924,9,4
centroid_mean,0.0036116766277700663,9,4
mfcc_5_p10,0.003601034637540579,9,4
mfcc_11_mean,0.003571542678400874,9,4
mfcc_delta_0_std,0.0035319761373102665,9,4
bandwidth_mean,0.003364708973094821,9,4
mfcc_9_p10,0.0033602691255509853,9,4
mfcc_3_p10,0.0033486459869891405,9,4
