feature,gain,repeat,fold
contrast_2_p90,0.0765862986445427,0,0
mfcc_15_std,0.05969257652759552,0,0
mfcc_14_std,0.04743948206305504,0,0
contrast_3_p10,0.03198715299367905,0,0
zero_crossing_rate_std,0.02914920635521412,0,0
contrast_3_mean,0.027841851115226746,0,0
rms_p10,0.02648601122200489,0,0
contrast_2_mean,0.022317824885249138,0,0
mfcc_13_std,0.021376311779022217,0,0
dominant_frequency,0.01749820075929165,0,0
mfcc_16_std,0.01713714376091957,0,0
zero_crossing_rate_mean,0.016795329749584198,0,0
contrast_2_std,0.015184684656560421,0,0
contrast_3_p90,0.012905653566122055,0,0
zero_crossing_rate_p90,0.010952498763799667,0,0
mfcc_2_mean,0.010501326993107796,0,0
contrast_4_p90,0.010441833175718784,0,0
mfcc_9_std,0.00976440031081438,0,0
mfcc_19_std,0.009418344125151634,0,0
mfcc_delta_8_p90,0.00828065536916256,0,0
flatness_p10,0.007885940372943878,0,0
zero_crossing_rate_p10,0.007835998199880123,0,0
dominant_frequency_ratio,0.00777469901368022,0,0
contrast_5_mean,0.007426382973790169,0,0
bandwidth_p90,0.007282979786396027,0,0
spectral_entropy_p90,0.007177512627094984,0,0
mfcc_0_p10,0.007176381070166826,0,0
rms_p90,0.006834810599684715,0,0
mfcc_delta_0_p10,0.006828575395047665,0,0
mfcc_8_std,0.006750656757503748,0,0
rms_std,0.006675726734101772,0,0
mfcc_17_std,0.0066095683723688126,0,0
mfcc_delta_1_p90,0.005903678480535746,0,0
mfcc_delta_15_std,0.005874185357242823,0,0
mfcc_3_mean,0.0055593466386199,0,0
mfcc_1_p90,0.0054187779314816,0,0
mfcc_7_std,0.005402994342148304,0,0
mfcc_delta_8_std,0.005378712434321642,0,0
rolloff85_p10,0.005360961426049471,0,0
contrast_4_mean,0.005295533686876297,0,0
centroid_std,0.005265690386295319,0,0
flatness_mean,0.005212944466620684,0,0
mfcc_14_p90,0.004956378135830164,0,0
mfcc_delta_1_p10,0.004894786048680544,0,0
rms_mean,0.004879238083958626,0,0
mfcc_delta_14_std,0.004861684050410986,0,0
mfcc_18_std,0.004765915218740702,0,0
mfcc_15_p10,0.004489774350076914,0,0
mfcc_1_std,0.004461468663066626,0,0
contrast_5_p10,0.004451286047697067,0,0
mfcc_2_p10,0.004447472281754017,0,0
contrast_3_std,0.004438664298504591,0,0
mfcc_16_p10,0.0043766554445028305,0,0
mfcc_delta_6_std,0.004305975046008825,0,0
mfcc_delta_0_std,0.004304881673306227,0,0
mfcc_12_p10,0.004225756973028183,0,0
bandwidth_p10,0.0041684117168188095,0,0
mfcc_19_mean,0.0040573845617473125,0,0
mfcc_13_p10,0.003923499025404453,0,0
mfcc_12_std,0.003860206576064229,0,0
contrast_2_p90,0.10974027961492538,0,1
mfcc_15_std,0.07746776193380356,0,1
mfcc_14_std,0.040814392268657684,0,1
rms_p10,0.038970597088336945,0,1
contrast_3_mean,0.03204345703125,0,1
contrast_2_std,0.019549362361431122,0,1
zero_crossing_rate_std,0.01928044483065605,0,1
mfcc_13_std,0.018511878326535225,0,1
dominant_frequency,0.017724042758345604,0,1
contrast_2_mean,0.014192938804626465,0,1
contrast_3_p10,0.01378826517611742,0,1
flatness_p10,0.012689678929746151,0,1
mfcc_16_std,0.012352265417575836,0,1
contrast_3_p90,0.012112961150705814,0,1
zero_crossing_rate_mean,0.011126686818897724,0,1
rms_p90,0.010453972965478897,0,1
zero_crossing_rate_p10,0.01009761355817318,0,1
flatness_mean,0.009922008030116558,0,1
mfcc_9_std,0.00836507510393858,0,1
rms_std,0.00820538867264986,0,1
rms_mean,0.007740135304629803,0,1
contrast_4_std,0.007503577508032322,0,1
zero_crossing_rate_p90,0.007407210301607847,0,1
mfcc_19_std,0.007100003771483898,0,1
mfcc_7_std,0.006710452027618885,0,1
flatness_std,0.006484384648501873,0,1
mfcc_delta_0_p10,0.006375578697770834,0,1
mfcc_8_std,0.006340641528367996,0,1
mfcc_0_p10,0.006295085418969393,0,1
contrast_4_p90,0.006130874622613192,0,1
mfcc_delta_1_p90,0.006123311817646027,0,1
mfcc_11_mean,0.006007506046444178,0,1
mfcc_delta_15_std,0.005718050058931112,0,1
mfcc_13_p10,0.005554978735744953,0,1
rolloff85_p10,0.005479251965880394,0,1
mfcc_delta_1_p10,0.005448905751109123,0,1
spectral_entropy_mean,0.005373695865273476,0,1
mfcc_14_mean,0.005309011787176132,0,1
contrast_3_std,0.005144098773598671,0,1
mfcc_14_p90,0.005080990958958864,0,1
mfcc_delta_8_std,0.004858838859945536,0,1
mfcc_15_p10,0.004801738075911999,0,1
mfcc_delta_7_p90,0.00464669382199645,0,1
mfcc_delta_7_p10,0.004579759668558836,0,1
dominant_frequency_ratio,0.004457417875528336,0,1
contrast_1_p90,0.00441665668040514,0,1
mfcc_delta_0_std,0.0043918718583881855,0,1
bandwidth_mean,0.0042740958742797375,0,1
mfcc_delta_14_std,0.004219024907797575,0,1
flatness_p90,0.004196750000119209,0,1
mfcc_delta_4_p10,0.004167160484939814,0,1
mfcc_delta_15_p10,0.0037517778109759092,0,1
mfcc_0_mean,0.0037513466086238623,0,1
mfcc_delta_0_p90,0.003743603127077222,0,1
mfcc_1_p90,0.003706801449880004,0,1
mfcc_delta_6_p10,0.0036374994087964296,0,1
mfcc_5_p10,0.003623305819928646,0,1
mfcc_6_mean,0.003578359028324485,0,1
mfcc_delta_3_p90,0.0035578629467636347,0,1
rolloff85_p90,0.003433764446526766,0,1
contrast_3_p90,0.09314729273319244,0,2
contrast_2_p90,0.07444553822278976,0,2
mfcc_15_std,0.06894651800394058,0,2
mfcc_14_std,0.04712613672018051,0,2
rms_p10,0.03503350913524628,0,2
contrast_3_mean,0.03122294694185257,0,2
rms_mean,0.017474545165896416,0,2
contrast_4_p90,0.016428321599960327,0,2
mfcc_13_std,0.016029369086027145,0,2
mfcc_9_std,0.01493061613291502,0,2
mfcc_16_std,0.01384190283715725,0,2
contrast_2_std,0.013527610339224339,0,2
mfcc_19_std,0.013213388621807098,0,2
contrast_2_mean,0.013058082200586796,0,2
dominant_frequency,0.012740422040224075,0,2
zero_crossing_rate_p90,0.011998344212770462,0,2
rms_p90,0.011876165866851807,0,2
mfcc_8_std,0.010396786965429783,0,2
spectral_entropy_mean,0.00937926210463047,0,2
dominant_frequency_ratio,0.009056628681719303,0,2
contrast_3_std,0.008561178110539913,0,2
contrast_1_std,0.008233200758695602,0,2
mfcc_7_std,0.007350022904574871,0,2
zero_crossing_rate_p10,0.007318051066249609,0,2
flatness_p90,0.006855760235339403,0,2
zero_crossing_rate_std,0.006565548479557037,0,2
mfcc_delta_0_p90,0.006477534305304289,0,2
mfcc_11_p90,0.006451617460697889,0,2
mfcc_delta_8_p90,0.006269352976232767,0,2
zero_crossing_rate_mean,0.005848962813615799,0,2
mfcc_17_std,0.005804704502224922,0,2
mfcc_4_mean,0.005663684103637934,0,2
mfcc_0_mean,0.0054833232425153255,0,2
mfcc_delta_15_std,0.005371209233999252,0,2
mfcc_1_mean,0.005337816197425127,0,2
flatness_p10,0.005271521862596273,0,2
mfcc_14_p90,0.0052535682916641235,0,2
mfcc_3_p90,0.005168803967535496,0,2
mfcc_delta_0_p10,0.005021620541810989,0,2
mfcc_0_p10,0.004955613985657692,0,2
spectral_entropy_p10,0.004942151252180338,0,2
spectral_entropy_p90,0.004917764104902744,0,2
mfcc_delta_0_std,0.004771759733557701,0,2
contrast_4_std,0.004511697683483362,0,2
mfcc_18_std,0.004448512103408575,0,2
mfcc_delta_1_std,0.00438192393630743,0,2
rms_std,0.004368961788713932,0,2
mfcc_delta_1_p10,0.004297695588320494,0,2
mfcc_4_p90,0.004070846829563379,0,2
mfcc_delta_19_std,0.004009573254734278,0,2
rolloff85_p10,0.003963056020438671,0,2
mfcc_13_p10,0.003905872581526637,0,2
mfcc_delta_8_p10,0.003877365728840232,0,2
contrast_0_p10,0.00382825150154531,0,2
mfcc_delta_3_std,0.0037913075648248196,0,2
mfcc_10_std,0.0037310465704649687,0,2
mfcc_delta_14_std,0.0036758307833224535,0,2
mfcc_delta_15_p10,0.00361951463855803,0,2
mfcc_5_p90,0.003605917328968644,0,2
centroid_mean,0.0034345441963523626,0,2
contrast_2_p90,0.09127157926559448,0,3
mfcc_15_std,0.059685178101062775,0,3
mfcc_14_std,0.046729832887649536,0,3
rms_p10,0.03486628830432892,0,3
contrast_2_std,0.03326988220214844,0,3
contrast_3_mean,0.029175326228141785,0,3
mfcc_9_std,0.02192733809351921,0,3
mfcc_16_std,0.017904426902532578,0,3
mfcc_13_std,0.016079245135188103,0,3
mfcc_8_std,0.015590175054967403,0,3
mfcc_19_std,0.014711524359881878,0,3
contrast_1_std,0.014403941109776497,0,3
zero_crossing_rate_std,0.013072690926492214,0,3
zero_crossing_rate_p90,0.012630278244614601,0,3
contrast_3_p90,0.011315811425447464,0,3
dominant_frequency,0.010124451480805874,0,3
zero_crossing_rate_mean,0.009586378931999207,0,3
flatness_p10,0.009070029482245445,0,3
mfcc_delta_15_std,0.009056424722075462,0,3
spectral_entropy_mean,0.008967607282102108,0,3
rms_mean,0.008623496629297733,0,3
zero_crossing_rate_p10,0.008581229485571384,0,3
contrast_2_mean,0.0084989657625556,0,3
dominant_frequency_ratio,0.008486823178827763,0,3
mfcc_17_p10,0.008453228510916233,0,3
mfcc_delta_1_std,0.007466387003660202,0,3
rms_std,0.007414359599351883,0,3
rms_p90,0.00678153894841671,0,3
mfcc_0_p10,0.006720383185893297,0,3
mfcc_delta_7_p10,0.0060319723561406136,0,3
mfcc_13_p10,0.005751076154410839,0,3
mfcc_14_p10,0.0056638759560883045,0,3
contrast_3_std,0.005589243955910206,0,3
spectral_entropy_p90,0.0055752526968717575,0,3
mfcc_delta_8_p90,0.005530843045562506,0,3
mfcc_14_p90,0.0054509760811924934,0,3
flatness_mean,0.005277158692479134,0,3
mfcc_15_p10,0.0051808604039251804,0,3
contrast_4_std,0.00503477081656456,0,3
mfcc_delta_0_std,0.005010379012674093,0,3
mfcc_7_std,0.004944634158164263,0,3
rolloff85_p10,0.004828548990190029,0,3
contrast_4_p90,0.004764605779200792,0,3
contrast_3_p10,0.004761538002640009,0,3
mfcc_delta_7_p90,0.004672428593039513,0,3
flatness_p90,0.004552183672785759,0,3
mfcc_delta_19_std,0.004467542748898268,0,3
mfcc_delta_6_p90,0.004406050778925419,0,3
contrast_5_mean,0.0043844012543559074,0,3
mfcc_1_mean,0.004305319860577583,0,3
mfcc_delta_8_p10,0.004211530555039644,0,3
spectral_entropy_p10,0.004048457369208336,0,3
mfcc_delta_15_p10,0.003989015240222216,0,3
rolloff85_std,0.003940229769796133,0,3
mfcc_delta_0_p90,0.003909834194928408,0,3
mfcc_1_p10,0.003839995479211211,0,3
mfcc_delta_14_std,0.003821159712970257,0,3
mfcc_11_mean,0.003701617941260338,0,3
mfcc_0_mean,0.003613290609791875,0,3
contrast_5_p10,0.003581555560231209,0,3
contrast_2_p90,0.08088738471269608,0,4
mfcc_15_std,0.053516410291194916,0,4
contrast_2_std,0.045524705201387405,0,4
mfcc_14_std,0.044054917991161346,0,4
rms_p10,0.026561876758933067,0,4
mfcc_9_std,0.021873852238059044,0,4
contrast_3_mean,0.02115836925804615,0,4
mfcc_13_std,0.017478561028838158,0,4
contrast_1_std,0.016322536394000053,0,4
mfcc_16_std,0.012580146081745625,0,4
dominant_frequency,0.012119847349822521,0,4
contrast_5_p90,0.011133584193885326,0,4
zero_crossing_rate_std,0.011031211353838444,0,4
zero_crossing_rate_p90,0.010802267119288445,0,4
mfcc_7_std,0.01058432087302208,0,4
contrast_5_p10,0.010429716669023037,0,4
mfcc_19_std,0.01012445893138647,0,4
mfcc_17_p10,0.009154066443443298,0,4
mfcc_13_p10,0.008979556150734425,0,4
contrast_3_p90,0.008968383073806763,0,4
contrast_4_std,0.008801933377981186,0,4
contrast_2_mean,0.00863874051719904,0,4
mfcc_delta_0_p10,0.00833800807595253,0,4
mfcc_14_p10,0.008063103072345257,0,4
contrast_4_p90,0.007882051169872284,0,4
mfcc_8_std,0.00759386969730258,0,4
zero_crossing_rate_p10,0.007384379860013723,0,4
bandwidth_p90,0.007297668606042862,0,4
rms_mean,0.007142210844904184,0,4
mfcc_1_p10,0.006802873220294714,0,4
mfcc_15_p10,0.006756408605724573,0,4
rms_p90,0.006480212323367596,0,4
zero_crossing_rate_mean,0.006357365287840366,0,4
spectral_entropy_mean,0.006232753396034241,0,4
contrast_3_std,0.0061776405200362206,0,4
mfcc_1_mean,0.006177578587085009,0,4
mfcc_delta_0_p90,0.005667726509273052,0,4
spectral_entropy_p10,0.005472962278872728,0,4
rolloff85_p90,0.005302139092236757,0,4
mfcc_13_p90,0.00529581168666482,0,4
mfcc_delta_0_std,0.004931257572025061,0,4
rms_std,0.004908135626465082,0,4
mfcc_15_p90,0.004738743882626295,0,4
flatness_p10,0.004712910857051611,0,4
bandwidth_p10,0.0045223296619951725,0,4
mfcc_delta_19_std,0.0044822231866419315,0,4
rolloff85_mean,0.004457615315914154,0,4
mfcc_delta_9_p90,0.004423875827342272,0,4
centroid_p90,0.004397723823785782,0,4
flatness_std,0.004378179088234901,0,4
mfcc_delta_15_std,0.00424137432128191,0,4
mfcc_7_mean,0.004169512540102005,0,4
mfcc_delta_1_std,0.004169485531747341,0,4
mfcc_delta_8_std,0.004150163847953081,0,4
mfcc_3_mean,0.004072313662618399,0,4
contrast_4_p10,0.004004038870334625,0,4
mfcc_delta_6_std,0.003960244357585907,0,4
mfcc_17_std,0.003920350689440966,0,4
mfcc_14_p90,0.0038775401189923286,0,4
mfcc_16_p90,0.003849143162369728,0,4
contrast_2_p90,0.08280408382415771,1,0
mfcc_15_std,0.060227300971746445,1,0
mfcc_14_std,0.03935644030570984,1,0
zero_crossing_rate_std,0.03654571250081062,1,0
rms_p10,0.029997123405337334,1,0
contrast_3_p10,0.02880854532122612,1,0
contrast_2_mean,0.02582697756588459,1,0
contrast_3_mean,0.02388964407145977,1,0
mfcc_13_std,0.02184811607003212,1,0
mfcc_16_std,0.017183197662234306,1,0
contrast_2_std,0.016763970255851746,1,0
dominant_frequency,0.014799500815570354,1,0
zero_crossing_rate_mean,0.013361790217459202,1,0
contrast_3_p90,0.013239587657153606,1,0
mfcc_16_p10,0.012566376477479935,1,0
mfcc_9_std,0.012041197158396244,1,0
contrast_5_mean,0.010127824731171131,1,0
mfcc_2_mean,0.009756035171449184,1,0
mfcc_19_std,0.009672124870121479,1,0
zero_crossing_rate_p90,0.009064931422472,1,0
mfcc_14_p90,0.008730598725378513,1,0
zero_crossing_rate_p10,0.008611957542598248,1,0
flatness_p10,0.007903749123215675,1,0
mfcc_8_std,0.00742879556491971,1,0
mfcc_delta_0_p10,0.007301404140889645,1,0
contrast_4_p90,0.007266818080097437,1,0
rms_p90,0.006847701501101255,1,0
rolloff85_p10,0.0064509594812989235,1,0
mfcc_delta_8_std,0.006220072973519564,1,0
rms_std,0.006157645024359226,1,0
mfcc_delta_8_p90,0.006065473426133394,1,0
mfcc_15_p10,0.005705710034817457,1,0
mfcc_1_p90,0.005652997642755508,1,0
mfcc_7_std,0.0055674039758741856,1,0
mfcc_3_mean,0.005563636776059866,1,0
mfcc_delta_1_p10,0.005524270236492157,1,0
flatness_mean,0.005491338204592466,1,0
mfcc_delta_1_p90,0.005408122669905424,1,0
mfcc_14_p10,0.005381331313401461,1,0
contrast_4_std,0.005088660400360823,1,0
mfcc_0_p10,0.004712048918008804,1,0
mfcc_17_std,0.004638169892132282,1,0
rms_mean,0.004584347363561392,1,0
mfcc_delta_14_std,0.004583871457725763,1,0
mfcc_delta_15_std,0.004565895535051823,1,0
contrast_4_mean,0.00446627102792263,1,0
mfcc_12_p10,0.004444972611963749,1,0
mfcc_15_p90,0.004323888570070267,1,0
spectral_entropy_p90,0.004285708535462618,1,0
mfcc_delta_3_std,0.0042647067457437515,1,0
mfcc_13_p10,0.004159932024776936,1,0
dominant_frequency_ratio,0.004132842645049095,1,0
mfcc_delta_0_std,0.004028495401144028,1,0
mfcc_delta_1_std,0.0039209420792758465,1,0
bandwidth_p90,0.00390347046777606,1,0
contrast_0_p90,0.0038739487063139677,1,0
contrast_1_std,0.0038257972337305546,1,0
flatness_p90,0.003812967799603939,1,0
mfcc_2_p10,0.003753612982109189,1,0
mfcc_12_mean,0.0037300458643585443,1,0
contrast_2_p90,0.11038853228092194,1,1
mfcc_15_std,0.06870758533477783,1,1
mfcc_14_std,0.04805801063776016,1,1
rms_p10,0.04119265079498291,1,1
contrast_3_mean,0.03583028167486191,1,1
contrast_2_mean,0.022205429151654243,1,1
zero_crossing_rate_std,0.021628007292747498,1,1
dominant_frequency,0.018621066585183144,1,1
contrast_3_p10,0.017963368445634842,1,1
mfcc_13_std,0.01680942252278328,1,1
contrast_2_std,0.015446323901414871,1,1
mfcc_16_std,0.014588488265872002,1,1
contrast_3_p90,0.014177887700498104,1,1
contrast_4_p90,0.011361818760633469,1,1
rms_p90,0.009778331033885479,1,1
zero_crossing_rate_mean,0.00932569894939661,1,1
zero_crossing_rate_p10,0.009096849709749222,1,1
flatness_p10,0.0089830057695508,1,1
rms_mean,0.008743737824261189,1,1
zero_crossing_rate_p90,0.00848174374550581,1,1
mfcc_8_std,0.007885926403105259,1,1
mfcc_11_p10,0.007248050067573786,1,1
mfcc_14_p90,0.0072093247435987,1,1
flatness_mean,0.00690061878412962,1,1
mfcc_19_std,0.0068905968219041824,1,1
contrast_4_std,0.006833575665950775,1,1
contrast_3_std,0.0066559952683746815,1,1
mfcc_delta_7_p10,0.006330785807222128,1,1
flatness_p90,0.006225305609405041,1,1
flatness_std,0.006155715323984623,1,1
mfcc_7_std,0.0060395849868655205,1,1
rms_std,0.006030905991792679,1,1
mfcc_9_std,0.005963955540210009,1,1
mfcc_delta_1_p90,0.005935284774750471,1,1
rolloff85_p10,0.005456964485347271,1,1
mfcc_delta_15_std,0.00540007371455431,1,1
mfcc_delta_4_p90,0.005325873848050833,1,1
mfcc_delta_1_p10,0.005053092259913683,1,1
mfcc_delta_0_std,0.004968674387782812,1,1
centroid_p10,0.0048333448357880116,1,1
mfcc_13_p10,0.004614930134266615,1,1
mfcc_delta_14_std,0.0045297471806406975,1,1
mfcc_delta_0_p10,0.004518541973084211,1,1
mfcc_delta_6_p90,0.004345927853137255,1,1
mfcc_11_mean,0.004289813339710236,1,1
mfcc_delta_8_std,0.004179502371698618,1,1
mfcc_1_p10,0.00393573846668005,1,1
mfcc_14_p10,0.0039051109924912453,1,1
mfcc_3_p10,0.0038424660451710224,1,1
mfcc_1_p90,0.0036547821946442127,1,1
mfcc_delta_1_std,0.0035876291804015636,1,1
mfcc_12_p10,0.003586567472666502,1,1
bandwidth_std,0.003579012816771865,1,1
mfcc_delta_7_p90,0.0035588766913861036,1,1
mfcc_1_std,0.003502009902149439,1,1
bandwidth_mean,0.0034580142237246037,1,1
mfcc_6_mean,0.003417849075049162,1,1
mfcc_delta_3_p10,0.0033800145611166954,1,1
mfcc_4_mean,0.003371571423485875,1,1
centroid_mean,0.0033619701862335205,1,1
contrast_3_p90,0.09610435366630554,1,2
contrast_2_p90,0.07760860025882721,1,2
mfcc_15_std,0.05697668343782425,1,2
mfcc_14_std,0.050977230072021484,1,2
rms_p10,0.034826166927814484,1,2
contrast_3_mean,0.029857026413083076,1,2
mfcc_9_std,0.018513428047299385,1,2
mfcc_13_std,0.01802411489188671,1,2
mfcc_16_std,0.01617913320660591,1,2
rms_mean,0.015621686354279518,1,2
contrast_2_std,0.01510824915021658,1,2
contrast_2_mean,0.014812900684773922,1,2
zero_crossing_rate_p90,0.014790982007980347,1,2
contrast_4_p90,0.013990543782711029,1,2
dominant_frequency,0.012769581750035286,1,2
mfcc_19_std,0.01119398232549429,1,2
rms_p90,0.010655468329787254,1,2
mfcc_7_std,0.010052270255982876,1,2
mfcc_8_std,0.010020959191024303,1,2
contrast_3_std,0.009644432924687862,1,2
dominant_frequency_ratio,0.009122579358518124,1,2
zero_crossing_rate_p10,0.008165117353200912,1,2
zero_crossing_rate_std,0.007661046925932169,1,2
mfcc_17_std,0.007609851658344269,1,2
spectral_entropy_mean,0.007523414213210344,1,2
mfcc_delta_0_p90,0.007189663127064705,1,2
mfcc_11_p90,0.007180174347013235,1,2
contrast_1_std,0.006941290572285652,1,2
mfcc_14_p90,0.00588863855227828,1,2
mfcc_delta_0_p10,0.0057629928924143314,1,2
mfcc_delta_8_p90,0.005752625875174999,1,2
mfcc_delta_0_std,0.005449211690574884,1,2
flatness_p90,0.005441916640847921,1,2
zero_crossing_rate_mean,0.005269908346235752,1,2
mfcc_delta_8_p10,0.004845228977501392,1,2
contrast_4_std,0.004778862930834293,1,2
mfcc_0_mean,0.004705871921032667,1,2
flatness_p10,0.0045591299422085285,1,2
mfcc_delta_1_std,0.004431178793311119,1,2
mfcc_0_p10,0.004278020467609167,1,2
mfcc_delta_1_p10,0.004006579052656889,1,2
mfcc_delta_8_std,0.003887841710820794,1,2
mfcc_delta_15_std,0.003886257531121373,1,2
spectral_entropy_p10,0.003874565474689007,1,2
mfcc_18_std,0.003871156368404627,1,2
mfcc_14_p10,0.003818811848759651,1,2
mfcc_10_p90,0.003801442217081785,1,2
mfcc_delta_14_std,0.0037565261591225863,1,2
rolloff85_mean,0.0037355320528149605,1,2
contrast_0_mean,0.0037325751036405563,1,2
mfcc_4_p10,0.0037030319217592478,1,2
mfcc_1_mean,0.0036949198693037033,1,2
mfcc_18_p90,0.0036459872499108315,1,2
mfcc_4_mean,0.0036361366510391235,1,2
flatness_mean,0.0036253761500120163,1,2
rolloff85_p10,0.0036180103197693825,1,2
contrast_0_p10,0.0035889470018446445,1,2
rms_std,0.003542783437296748,1,2
spectral_entropy_p90,0.0033719076309353113,1,2
mfcc_3_p90,0.0033154129050672054,1,2
contrast_2_p90,0.09252005070447922,1,3
mfcc_15_std,0.057464394718408585,1,3
mfcc_14_std,0.05214975029230118,1,3
rms_p10,0.03212376683950424,1,3
contrast_2_std,0.03030066378414631,1,3
contrast_3_mean,0.025277625769376755,1,3
mfcc_16_std,0.01962016150355339,1,3
zero_crossing_rate_p90,0.018762880936264992,1,3
mfcc_9_std,0.017701944336295128,1,3
mfcc_13_std,0.01767858676612377,1,3
contrast_3_p90,0.014138881117105484,1,3
mfcc_19_std,0.013797545805573463,1,3
contrast_4_p90,0.01314586028456688,1,3
contrast_1_std,0.012098102830350399,1,3
zero_crossing_rate_std,0.01119912788271904,1,3
mfcc_13_p10,0.010407166555523872,1,3
dominant_frequency,0.010246027261018753,1,3
zero_crossing_rate_mean,0.009371158666908741,1,3
mfcc_delta_15_std,0.009225052781403065,1,3
mfcc_8_std,0.009087465703487396,1,3
dominant_frequency_ratio,0.008857433684170246,1,3
mfcc_14_p90,0.008822564035654068,1,3
contrast_2_mean,0.008484050631523132,1,3
flatness_p10,0.008314523845911026,1,3
rms_mean,0.008250565268099308,1,3
mfcc_0_p10,0.007945158518850803,1,3
mfcc_14_p10,0.007622934877872467,1,3
mfcc_delta_0_mean,0.007317746989428997,1,3
spectral_entropy_mean,0.007073062937706709,1,3
rms_std,0.007030991837382317,1,3
mfcc_17_p10,0.00667086336761713,1,3
mfcc_1_mean,0.00662976736202836,1,3
zero_crossing_rate_p10,0.006402036175131798,1,3
rms_p90,0.006348247639834881,1,3
spectral_entropy_p90,0.005935556720942259,1,3
mfcc_delta_1_std,0.005877518095076084,1,3
mfcc_delta_8_p90,0.00584282074123621,1,3
contrast_3_std,0.005621301010251045,1,3
mfcc_delta_19_std,0.005234242882579565,1,3
mfcc_15_mean,0.005114146042615175,1,3
flatness_mean,0.005105073098093271,1,3
mfcc_7_std,0.0050811609253287315,1,3
mfcc_delta_6_p90,0.0049971239641308784,1,3
rolloff85_p10,0.004904133267700672,1,3
rolloff85_std,0.004545603413134813,1,3
flatness_p90,0.0045285033993422985,1,3
mfcc_1_p10,0.004308110103011131,1,3
mfcc_delta_0_std,0.004305475857108831,1,3
mfcc_13_mean,0.004290425684303045,1,3
centroid_std,0.004167070612311363,1,3
contrast_5_mean,0.004075428005307913,1,3
contrast_4_std,0.004023373126983643,1,3
mfcc_13_p90,0.003999227657914162,1,3
spectral_entropy_p10,0.003926454111933708,1,3
mfcc_15_p10,0.003878299379721284,1,3
mfcc_delta_6_std,0.003855416551232338,1,3
mfcc_delta_8_std,0.0037534625735133886,1,3
mfcc_4_p10,0.0035980662796646357,1,3
mfcc_delta_14_p10,0.003559224074706435,1,3
mfcc_delta_14_std,0.0035196614917367697,1,3
contrast_2_p90,0.06479782611131668,1,4
mfcc_15_std,0.05371072143316269,1,4
contrast_2_std,0.05353664234280586,1,4
mfcc_14_std,0.04413308948278427,1,4
rms_p10,0.03235488757491112,1,4
contrast_1_std,0.02032642252743244,1,4
contrast_3_mean,0.02031210996210575,1,4
mfcc_9_std,0.01563635654747486,1,4
mfcc_13_std,0.015457568690180779,1,4
contrast_5_p90,0.015067881904542446,1,4
dominant_frequency,0.014442709274590015,1,4
mfcc_17_p10,0.013231507502496243,1,4
zero_crossing_rate_p90,0.011523211374878883,1,4
zero_crossing_rate_std,0.011195959523320198,1,4
contrast_3_p90,0.011016525328159332,1,4
mfcc_19_std,0.010376465506851673,1,4
mfcc_delta_0_p10,0.01016987394541502,1,4
mfcc_7_std,0.00998673401772976,1,4
mfcc_16_std,0.009798737242817879,1,4
contrast_5_p10,0.00976070947945118,1,4
mfcc_15_p10,0.008864467032253742,1,4
contrast_4_p90,0.008484207093715668,1,4
mfcc_13_p10,0.008153579197824001,1,4
contrast_2_mean,0.007853427901864052,1,4
contrast_4_std,0.007765053305774927,1,4
mfcc_14_p10,0.007704447489231825,1,4
rms_mean,0.007112178020179272,1,4
mfcc_delta_0_p90,0.007052336819469929,1,4
flatness_p90,0.006997925695031881,1,4
contrast_3_std,0.006707163993269205,1,4
spectral_entropy_p90,0.006498507224023342,1,4
rms_p90,0.006287595722824335,1,4
mfcc_delta_0_std,0.006182130426168442,1,4
flatness_p10,0.0061323861591517925,1,4
zero_crossing_rate_p10,0.006091298535466194,1,4
rolloff85_mean,0.0060454122722148895,1,4
rolloff85_p10,0.005927149206399918,1,4
spectral_entropy_mean,0.005877325311303139,1,4
mfcc_8_std,0.005810842849314213,1,4
zero_crossing_rate_mean,0.0057983435690402985,1,4
mfcc_1_p10,0.005645078141242266,1,4
bandwidth_p90,0.0055028838105499744,1,4
mfcc_3_mean,0.005424868315458298,1,4
flatness_std,0.005245584063231945,1,4
mfcc_0_mean,0.0051591224037110806,1,4
mfcc_delta_1_std,0.004990939516574144,1,4
mfcc_0_p10,0.004948638379573822,1,4
mfcc_1_mean,0.00493645528331399,1,4
mfcc_delta_7_p10,0.0048571424558758736,1,4
contrast_1_p90,0.0045213825069367886,1,4
mfcc_delta_14_p10,0.004291784018278122,1,4
rolloff85_p90,0.004278481472283602,1,4
mfcc_delta_13_p10,0.004253576509654522,1,4
centroid_std,0.004228219389915466,1,4
centroid_p90,0.004169774707406759,1,4
rms_std,0.004164812620729208,1,4
mfcc_5_p90,0.004151481203734875,1,4
mfcc_13_p90,0.00410717586055398,1,4
contrast_4_p10,0.004105923697352409,1,4
bandwidth_mean,0.0040921843610703945,1,4
contrast_2_p90,0.06871777027845383,2,0
mfcc_15_std,0.062460076063871384,2,0
mfcc_14_std,0.04264279454946518,2,0
zero_crossing_rate_std,0.035669781267642975,2,0
contrast_3_p10,0.03446315601468086,2,0
rms_p10,0.02672613225877285,2,0
mfcc_13_std,0.023656241595745087,2,0
contrast_3_mean,0.0215678159147501,2,0
contrast_2_mean,0.019362356513738632,2,0
contrast_2_std,0.017212774604558945,2,0
mfcc_16_std,0.01702818274497986,2,0
dominant_frequency,0.016726570203900337,2,0
zero_crossing_rate_mean,0.011968462727963924,2,0
contrast_3_p90,0.01182365883141756,2,0
mfcc_2_mean,0.0117069436237216,2,0
contrast_4_p90,0.010904264636337757,2,0
mfcc_19_std,0.010898650623857975,2,0
mfcc_9_std,0.009337776340544224,2,0
zero_crossing_rate_p90,0.008798757568001747,2,0
mfcc_delta_8_std,0.008607782423496246,2,0
zero_crossing_rate_p10,0.008581748232245445,2,0
rolloff85_p10,0.00846017524600029,2,0
flatness_p10,0.008258286863565445,2,0
rms_std,0.007295760326087475,2,0
bandwidth_p90,0.007187576964497566,2,0
rms_p90,0.007094011642038822,2,0
mfcc_delta_0_p10,0.007009809371083975,2,0
mfcc_12_p10,0.006855884566903114,2,0
contrast_5_mean,0.0068284617736935616,2,0
mfcc_8_std,0.006577685941010714,2,0
mfcc_0_p10,0.006559348199516535,2,0
mfcc_14_p90,0.0065430826507508755,2,0
mfcc_7_std,0.006514316890388727,2,0
dominant_frequency_ratio,0.006235084962099791,2,0
centroid_std,0.0059042745269834995,2,0
mfcc_delta_1_p90,0.005593250971287489,2,0
mfcc_delta_1_p10,0.0054546077735722065,2,0
mfcc_delta_14_std,0.005041849799454212,2,0
mfcc_17_std,0.005010432098060846,2,0
mfcc_1_p90,0.00497387396171689,2,0
mfcc_5_p90,0.004925754386931658,2,0
contrast_1_std,0.004842463880777359,2,0
mfcc_delta_15_std,0.004758573602885008,2,0
contrast_5_p10,0.004644810687750578,2,0
flatness_mean,0.004602376371622086,2,0
contrast_1_p90,0.004550622310489416,2,0
mfcc_12_std,0.004490870516747236,2,0
mfcc_delta_0_std,0.004448782652616501,2,0
mfcc_3_mean,0.004393694922327995,2,0
mfcc_3_p90,0.004312533885240555,2,0
mfcc_2_p90,0.0042215269058942795,2,0
mfcc_18_std,0.0042036836966872215,2,0
rms_mean,0.004079371690750122,2,0
mfcc_2_p10,0.004072828218340874,2,0
mfcc_delta_1_std,0.004008930176496506,2,0
mfcc_12_mean,0.003938132897019386,2,0
mfcc_delta_0_p90,0.003915110137313604,2,0
contrast_0_p90,0.003914576023817062,2,0
contrast_3_std,0.003870916785672307,2,0
mfcc_15_p10,0.0037814301904290915,2,0
contrast_2_p90,0.11698871850967407,2,1
mfcc_15_std,0.0628635436296463,2,1
mfcc_14_std,0.05106879025697708,2,1
rms_p10,0.040757302194833755,2,1
contrast_3_mean,0.0316130593419075,2,1
dominant_frequency,0.019260507076978683,2,1
contrast_2_std,0.018694518133997917,2,1
zero_crossing_rate_std,0.018396535888314247,2,1
mfcc_13_std,0.017133474349975586,2,1
contrast_2_mean,0.016400907188653946,2,1
contrast_3_p10,0.013953642919659615,2,1
contrast_3_p90,0.013149808160960674,2,1
mfcc_16_std,0.011445535346865654,2,1
flatness_p10,0.011109876446425915,2,1
rms_p90,0.010507268831133842,2,1
zero_crossing_rate_p10,0.010089014656841755,2,1
flatness_mean,0.009920495562255383,2,1
contrast_4_p90,0.009824616834521294,2,1
rms_mean,0.00821121595799923,2,1
zero_crossing_rate_mean,0.008000867441296577,2,1
mfcc_13_p10,0.007296590134501457,2,1
flatness_std,0.007203796878457069,2,1
zero_crossing_rate_p90,0.007124816533178091,2,1
mfcc_delta_1_p10,0.006816931534558535,2,1
mfcc_delta_1_p90,0.006699655205011368,2,1
mfcc_9_std,0.006554814055562019,2,1
rms_std,0.006493955384939909,2,1
mfcc_11_mean,0.00627394812181592,2,1
mfcc_8_std,0.006228646729141474,2,1
contrast_4_std,0.006140841171145439,2,1
mfcc_delta_7_p10,0.006129623390734196,2,1
contrast_3_std,0.005881207529455423,2,1
mfcc_delta_15_std,0.005574886687099934,2,1
mfcc_delta_0_p10,0.0053929416462779045,2,1
mfcc_19_std,0.005368324927985668,2,1
mfcc_0_p10,0.005336489528417587,2,1
mfcc_7_std,0.005329560954123735,2,1
rolloff85_p10,0.005312800873070955,2,1
mfcc_14_p10,0.005274062976241112,2,1
flatness_p90,0.005227397661656141,2,1
mfcc_delta_8_std,0.004905109293758869,2,1
mfcc_delta_14_std,0.00487386854365468,2,1
mfcc_11_p90,0.0045223962515592575,2,1
bandwidth_mean,0.004458237439393997,2,1
mfcc_7_p90,0.004442600067704916,2,1
mfcc_delta_0_std,0.00438399612903595,2,1
spectral_entropy_mean,0.004382121376693249,2,1
mfcc_15_p10,0.004141649231314659,2,1
mfcc_14_p90,0.004000591579824686,2,1
dominant_frequency_ratio,0.00392709719017148,2,1
mfcc_11_p10,0.003890829160809517,2,1
centroid_p10,0.0038402550853788853,2,1
mfcc_delta_7_p90,0.0038353113923221827,2,1
mfcc_17_std,0.003833757247775793,2,1
mfcc_3_mean,0.0037578707560896873,2,1
mfcc_delta_15_p90,0.003708150237798691,2,1
mfcc_delta_1_std,0.003642207942903042,2,1
mfcc_delta_0_p90,0.0036116857081651688,2,1
mfcc_1_std,0.0035940513480454683,2,1
mfcc_delta_3_p90,0.003570492612197995,2,1
contrast_2_p90,0.09035725146532059,2,2
contrast_3_p90,0.07526087015867233,2,2
mfcc_15_std,0.06951248645782471,2,2
mfcc_14_std,0.055269062519073486,2,2
rms_p10,0.033570297062397,2,2
contrast_3_mean,0.0317906029522419,2,2
mfcc_9_std,0.02039371058344841,2,2
rms_mean,0.017318006604909897,2,2
contrast_4_p90,0.015629107132554054,2,2
mfcc_13_std,0.015043176710605621,2,2
mfcc_16_std,0.014130906201899052,2,2
zero_crossing_rate_p90,0.014034991152584553,2,2
contrast_2_mean,0.013803733512759209,2,2
dominant_frequency,0.012915891595184803,2,2
contrast_2_std,0.012389701791107655,2,2
mfcc_19_std,0.011149653233587742,2,2
rms_p90,0.009701618924736977,2,2
mfcc_7_std,0.009550519287586212,2,2
spectral_entropy_mean,0.00932934507727623,2,2
mfcc_8_std,0.008867339231073856,2,2
dominant_frequency_ratio,0.008008301258087158,2,2
contrast_1_std,0.007760295178741217,2,2
contrast_3_std,0.006964599248021841,2,2
zero_crossing_rate_p10,0.006609042175114155,2,2
flatness_p90,0.00657275877892971,2,2
mfcc_delta_0_p90,0.00650358060374856,2,2
mfcc_delta_8_std,0.006490788888186216,2,2
zero_crossing_rate_std,0.0056876810267567635,2,2
mfcc_18_std,0.005576491821557283,2,2
mfcc_17_std,0.00556159857660532,2,2
mfcc_delta_0_p10,0.00539097934961319,2,2
flatness_p10,0.005229543894529343,2,2
mfcc_0_mean,0.005104566924273968,2,2
mfcc_11_p90,0.005037823226302862,2,2
mfcc_1_mean,0.005020091775804758,2,2
mfcc_14_p90,0.004949204158037901,2,2
mfcc_delta_1_p10,0.004785299766808748,2,2
mfcc_0_p10,0.004784192889928818,2,2
rms_std,0.004677139222621918,2,2
mfcc_delta_0_std,0.004654155112802982,2,2
mfcc_delta_15_p10,0.004619076382368803,2,2
contrast_4_std,0.0044654314406216145,2,2
mfcc_4_p90,0.004461365286260843,2,2
mfcc_4_mean,0.004353693686425686,2,2
spectral_entropy_p10,0.004296900704503059,2,2
mfcc_delta_7_std,0.004280475899577141,2,2
flatness_mean,0.004237821325659752,2,2
spectral_entropy_p90,0.004203876480460167,2,2
mfcc_delta_8_p90,0.004095073323696852,2,2
mfcc_delta_19_std,0.0040415311232209206,2,2
mfcc_delta_8_p10,0.003999064210802317,2,2
mfcc_delta_14_std,0.003989784512668848,2,2
mfcc_delta_3_std,0.003781692823395133,2,2
mfcc_delta_15_std,0.0037782343570142984,2,2
contrast_3_p10,0.003755938960239291,2,2
mfcc_3_p90,0.0036493439693003893,2,2
mfcc_0_p90,0.003635830944404006,2,2
mfcc_13_p10,0.0034994520246982574,2,2
mfcc_delta_1_std,0.0034944552462548018,2,2
mfcc_10_std,0.003446632996201515,2,2
contrast_2_p90,0.09425222873687744,2,3
mfcc_15_std,0.06124018132686615,2,3
mfcc_14_std,0.04642993584275246,2,3
rms_p10,0.03513869643211365,2,3
contrast_2_std,0.033377643674612045,2,3
contrast_3_mean,0.02472775988280773,2,3
mfcc_16_std,0.02081424929201603,2,3
mfcc_9_std,0.020091479644179344,2,3
mfcc_13_std,0.019410764798521996,2,3
contrast_1_std,0.015974007546901703,2,3
mfcc_8_std,0.014818066731095314,2,3
zero_crossing_rate_p90,0.013919445686042309,2,3
zero_crossing_rate_std,0.013016070239245892,2,3
mfcc_19_std,0.012193026952445507,2,3
contrast_3_p90,0.011768667958676815,2,3
dominant_frequency,0.010639342479407787,2,3
mfcc_17_p10,0.010049787349998951,2,3
rms_std,0.009454273618757725,2,3
rms_mean,0.008431771770119667,2,3
contrast_2_mean,0.008309892378747463,2,3
flatness_p10,0.008145395666360855,2,3
dominant_frequency_ratio,0.00814522709697485,2,3
spectral_entropy_mean,0.007767317816615105,2,3
mfcc_delta_15_std,0.007746633607894182,2,3
mfcc_13_p10,0.007476706989109516,2,3
mfcc_delta_1_std,0.007395869120955467,2,3
zero_crossing_rate_p10,0.007270469330251217,2,3
contrast_4_p90,0.007249435409903526,2,3
zero_crossing_rate_mean,0.007139937020838261,2,3
mfcc_delta_0_mean,0.007093600928783417,2,3
mfcc_0_p10,0.006761713419109583,2,3
mfcc_14_p10,0.006751634646207094,2,3
spectral_entropy_p90,0.006301363930106163,2,3
rolloff85_p10,0.005960314534604549,2,3
contrast_3_std,0.005652388092130423,2,3
mfcc_14_p90,0.005590794607996941,2,3
flatness_p90,0.005450766999274492,2,3
mfcc_7_std,0.005284400191158056,2,3
mfcc_15_p10,0.005092928651720285,2,3
mfcc_delta_14_std,0.005087748169898987,2,3
rms_p90,0.005054787266999483,2,3
rolloff85_std,0.005003643687814474,2,3
flatness_mean,0.0047614495269954205,2,3
mfcc_delta_7_p90,0.004733108915388584,2,3
mfcc_delta_8_p90,0.004577314481139183,2,3
contrast_4_std,0.004424505867063999,2,3
mfcc_delta_0_std,0.0043624998070299625,2,3
mfcc_delta_19_std,0.004274747800081968,2,3
mfcc_delta_0_p90,0.004216599743813276,2,3
mfcc_delta_8_p10,0.004103683866560459,2,3
contrast_1_p90,0.0039311423897743225,2,3
mfcc_delta_1_p90,0.003928384277969599,2,3
spectral_entropy_p10,0.0038885322865098715,2,3
mfcc_delta_15_p10,0.0037212998140603304,2,3
mfcc_delta_6_std,0.0036953631788492203,2,3
contrast_5_mean,0.0036853253841400146,2,3
mfcc_delta_1_p10,0.0036065750755369663,2,3
mfcc_delta_14_p10,0.0035974853672087193,2,3
contrast_3_p10,0.003552393987774849,2,3
mfcc_13_mean,0.003514327574521303,2,3
contrast_2_p90,0.08348369598388672,2,4
mfcc_15_std,0.05308437719941139,2,4
mfcc_14_std,0.04524135962128639,2,4
contrast_2_std,0.042530257254838943,2,4
rms_p10,0.026982882991433144,2,4
mfcc_9_std,0.022620782256126404,2,4
contrast_3_mean,0.019670750945806503,2,4
contrast_1_std,0.018405701965093613,2,4
dominant_frequency,0.01519051007926464,2,4
mfcc_13_std,0.014899414964020252,2,4
mfcc_16_std,0.013278411701321602,2,4
contrast_5_p90,0.011463191360235214,2,4
zero_crossing_rate_std,0.011088858358561993,2,4
zero_crossing_rate_p90,0.010748847387731075,2,4
contrast_5_p10,0.010719234123826027,2,4
mfcc_13_p10,0.009866233915090561,2,4
mfcc_19_std,0.009734036400914192,2,4
mfcc_7_std,0.009172271937131882,2,4
contrast_2_mean,0.008894247002899647,2,4
contrast_3_p90,0.008549065329134464,2,4
mfcc_8_std,0.00839069951325655,2,4
contrast_4_std,0.008214292116463184,2,4
mfcc_delta_0_p10,0.008086664602160454,2,4
mfcc_delta_0_p90,0.007881245575845242,2,4
mfcc_14_p10,0.007385374046862125,2,4
zero_crossing_rate_p10,0.00729381525889039,2,4
mfcc_1_mean,0.007258291356265545,2,4
bandwidth_p90,0.007249386515468359,2,4
rms_mean,0.007065239362418652,2,4
mfcc_1_p10,0.006674620322883129,2,4
contrast_3_std,0.006467037368565798,2,4
mfcc_17_p10,0.006297433748841286,2,4
mfcc_15_p90,0.006139602046459913,2,4
rms_p90,0.006133207120001316,2,4
spectral_entropy_mean,0.005919016432017088,2,4
mfcc_delta_9_p10,0.005729109514504671,2,4
mfcc_15_p10,0.00562092661857605,2,4
contrast_4_p90,0.005492552649229765,2,4
rms_std,0.005380567628890276,2,4
mfcc_delta_0_std,0.005208684131503105,2,4
rolloff85_p90,0.0051721204072237015,2,4
zero_crossing_rate_mean,0.004913932643830776,2,4
mfcc_delta_14_p10,0.004708961118012667,2,4
mfcc_0_p90,0.0046382625587284565,2,4
mfcc_0_p10,0.0046341619454324245,2,4
flatness_p10,0.004577876068651676,2,4
mfcc_delta_1_std,0.004562245681881905,2,4
flatness_std,0.0043443045578897,2,4
mfcc_7_p10,0.004299713298678398,2,4
mfcc_13_p90,0.004286683164536953,2,4
mfcc_14_p90,0.0042823064140975475,2,4
flatness_p90,0.004125430714339018,2,4
rolloff85_mean,0.004109701607376337,2,4
mfcc_delta_8_p90,0.004083011299371719,2,4
centroid_std,0.004082155413925648,2,4
dominant_frequency_ratio,0.004077463410794735,2,4
mfcc_0_mean,0.004050316289067268,2,4
mfcc_delta_6_p10,0.004043337889015675,2,4
bandwidth_p10,0.0040159812197089195,2,4
contrast_1_p10,0.004010971635580063,2,4
contrast_2_p90,0.08034420013427734,3,0
mfcc_15_std,0.0637807697057724,3,0
mfcc_14_std,0.045266758650541306,3,0
rms_p10,0.03585834801197052,3,0
contrast_3_p10,0.03169388696551323,3,0
zero_crossing_rate_std,0.026422716677188873,3,0
mfcc_13_std,0.025741644203662872,3,0
contrast_2_std,0.022428670898079872,3,0
contrast_3_mean,0.02095559798181057,3,0
dominant_frequency,0.017182927578687668,3,0
contrast_2_mean,0.016497109085321426,3,0
mfcc_16_std,0.016211427748203278,3,0
mfcc_19_std,0.010762021876871586,3,0
mfcc_2_mean,0.010129103437066078,3,0
zero_crossing_rate_p90,0.008716658689081669,3,0
zero_crossing_rate_mean,0.00861711148172617,3,0
mfcc_8_std,0.008576777763664722,3,0
mfcc_16_p10,0.008355316706001759,3,0
zero_crossing_rate_p10,0.007966197095811367,3,0
contrast_3_p90,0.007948335260152817,3,0
flatness_p10,0.007751143537461758,3,0
contrast_5_mean,0.0077262758277356625,3,0
mfcc_12_p10,0.007723744958639145,3,0
mfcc_delta_0_p10,0.007596306502819061,3,0
mfcc_delta_1_p10,0.007439425680786371,3,0
rolloff85_p10,0.007433997001498938,3,0
mfcc_9_std,0.00717208394780755,3,0
mfcc_14_p90,0.0064742607064545155,3,0
rms_p90,0.00626324862241745,3,0
mfcc_delta_8_std,0.006186588667333126,3,0
mfcc_delta_15_std,0.0060911113396286964,3,0
rms_std,0.006032816134393215,3,0
mfcc_1_p90,0.005966531578451395,3,0
contrast_4_p90,0.005788322072476149,3,0
mfcc_17_std,0.0056592924520373344,3,0
dominant_frequency_ratio,0.005610104184597731,3,0
mfcc_12_std,0.005521382205188274,3,0
contrast_4_mean,0.005371640902012587,3,0
mfcc_18_std,0.005361312534660101,3,0
spectral_entropy_mean,0.005341934505850077,3,0
mfcc_3_mean,0.005317645147442818,3,0
mfcc_delta_1_p90,0.005259318742901087,3,0
contrast_1_std,0.005179735831916332,3,0
mfcc_15_p10,0.00510671641677618,3,0
contrast_4_std,0.004705963656306267,3,0
mfcc_13_p10,0.004703643266111612,3,0
mfcc_5_p90,0.004537325818091631,3,0
mfcc_15_p90,0.0045272973366081715,3,0
mfcc_14_p10,0.004488097969442606,3,0
flatness_mean,0.004448338877409697,3,0
mfcc_11_mean,0.004414875991642475,3,0
mfcc_7_std,0.004376720171421766,3,0
mfcc_11_p90,0.0042907423339784145,3,0
contrast_3_std,0.004200708121061325,3,0
centroid_std,0.004193550907075405,3,0
mfcc_0_p10,0.004181538242846727,3,0
mfcc_2_p10,0.00417770491912961,3,0
rms_mean,0.004004336893558502,3,0
mfcc_2_p90,0.0038744600024074316,3,0
spectral_entropy_p10,0.003843118203803897,3,0
contrast_2_p90,0.09668484330177307,3,1
mfcc_15_std,0.06861694157123566,3,1
mfcc_14_std,0.05035565048456192,3,1
rms_p10,0.03799748420715332,3,1
contrast_3_mean,0.0312860943377018,3,1
zero_crossing_rate_std,0.022012967616319656,3,1
contrast_2_std,0.0198746919631958,3,1
dominant_frequency,0.017368925735354424,3,1
contrast_2_mean,0.016296835616230965,3,1
mfcc_13_std,0.015824830159544945,3,1
contrast_3_p90,0.01335905585438013,3,1
flatness_p10,0.013238806277513504,3,1
contrast_3_p10,0.012575081549584866,3,1
mfcc_16_std,0.011695364490151405,3,1
zero_crossing_rate_mean,0.010339867323637009,3,1
zero_crossing_rate_p90,0.01025008037686348,3,1
rms_p90,0.01012177299708128,3,1
flatness_mean,0.009225006215274334,3,1
zero_crossing_rate_p10,0.008512981235980988,3,1
mfcc_delta_7_p90,0.008229787461459637,3,1
contrast_4_p90,0.008049208670854568,3,1
rms_mean,0.007996157743036747,3,1
mfcc_9_std,0.007588060572743416,3,1
rms_std,0.007525400724261999,3,1
flatness_std,0.007222162559628487,3,1
mfcc_19_std,0.006447178777307272,3,1
mfcc_13_p10,0.0064233955927193165,3,1
mfcc_delta_1_p10,0.006156326271593571,3,1
mfcc_7_std,0.006144530605524778,3,1
mfcc_8_std,0.0059991683810949326,3,1
mfcc_delta_0_p10,0.005989245139062405,3,1
rolloff85_p10,0.00581512413918972,3,1
contrast_3_std,0.005810566712170839,3,1
flatness_p90,0.005525864660739899,3,1
mfcc_delta_6_p90,0.005510109942406416,3,1
contrast_4_std,0.005445949267596006,3,1
mfcc_delta_8_std,0.005352168343961239,3,1
mfcc_0_p10,0.005169515497982502,3,1
mfcc_7_p90,0.00498514948412776,3,1
mfcc_delta_0_std,0.004934944678097963,3,1
mfcc_delta_6_std,0.004891972988843918,3,1
mfcc_14_p10,0.004867393523454666,3,1
mfcc_11_mean,0.004753754939883947,3,1
mfcc_1_mean,0.004556796979159117,3,1
mfcc_14_mean,0.004538222681730986,3,1
mfcc_delta_8_p90,0.004518362693488598,3,1
mfcc_delta_1_p90,0.00441756984218955,3,1
mfcc_delta_0_p90,0.0043624225072562695,3,1
dominant_frequency_ratio,0.004300766624510288,3,1
spectral_entropy_mean,0.004296262748539448,3,1
mfcc_15_p10,0.004237363580614328,3,1
mfcc_delta_7_p10,0.004213429521769285,3,1
mfcc_1_std,0.004145401064306498,3,1
mfcc_delta_13_p90,0.004108463879674673,3,1
mfcc_14_p90,0.004100949969142675,3,1
contrast_1_p90,0.004018028266727924,3,1
mfcc_1_p90,0.004008361604064703,3,1
mfcc_delta_15_std,0.0039170910604298115,3,1
mfcc_3_p10,0.0038849874399602413,3,1
mfcc_delta_14_std,0.0038729675579816103,3,1
contrast_3_p90,0.09209390729665756,3,2
mfcc_15_std,0.08023421466350555,3,2
contrast_2_p90,0.06931734085083008,3,2
mfcc_14_std,0.04274310544133186,3,2
rms_p10,0.0353582464158535,3,2
contrast_3_mean,0.03125299885869026,3,2
contrast_2_mean,0.02045622654259205,3,2
contrast_4_p90,0.017842300236225128,3,2
mfcc_9_std,0.016894791275262833,3,2
rms_mean,0.016406241804361343,3,2
mfcc_13_std,0.016149647533893585,3,2
mfcc_16_std,0.015673145651817322,3,2
contrast_2_std,0.0150901535525918,3,2
zero_crossing_rate_p90,0.014817260205745697,3,2
dominant_frequency,0.012315272353589535,3,2
rms_p90,0.011136673390865326,3,2
contrast_3_std,0.010584576986730099,3,2
mfcc_7_std,0.009614621289074421,3,2
mfcc_19_std,0.00898408330976963,3,2
contrast_1_std,0.007775272708386183,3,2
mfcc_14_p90,0.0073188478127121925,3,2
spectral_entropy_p10,0.007025366183370352,3,2
mfcc_8_std,0.006913452874869108,3,2
mfcc_11_p90,0.006817750632762909,3,2
mfcc_delta_15_std,0.00663274060934782,3,2
mfcc_delta_0_p90,0.006409803871065378,3,2
mfcc_14_mean,0.006349446717649698,3,2
zero_crossing_rate_mean,0.006321363151073456,3,2
dominant_frequency_ratio,0.005833210423588753,3,2
flatness_p90,0.005406965501606464,3,2
zero_crossing_rate_std,0.005285699851810932,3,2
spectral_entropy_mean,0.005259043537080288,3,2
flatness_p10,0.005164233036339283,3,2
zero_crossing_rate_p10,0.005159464664757252,3,2
mfcc_6_p10,0.00490505900233984,3,2
mfcc_delta_0_p10,0.004899807274341583,3,2
mfcc_delta_14_std,0.004849619697779417,3,2
contrast_4_std,0.004740552511066198,3,2
mfcc_delta_1_p10,0.004657635930925608,3,2
mfcc_0_p10,0.004629959352314472,3,2
mfcc_delta_0_std,0.0045543997548520565,3,2
mfcc_13_p10,0.004524903371930122,3,2
centroid_mean,0.004504834301769733,3,2
mfcc_delta_1_std,0.0044327653013169765,3,2
spectral_entropy_p90,0.004397486802190542,3,2
mfcc_17_std,0.004394860006868839,3,2
rolloff85_p10,0.004383754450827837,3,2
mfcc_18_std,0.004220262635499239,3,2
mfcc_3_p90,0.004205149598419666,3,2
mfcc_delta_8_p10,0.004177071154117584,3,2
mfcc_1_mean,0.004176152404397726,3,2
mfcc_delta_13_std,0.004047508351504803,3,2
mfcc_0_mean,0.0039971861988306046,3,2
mfcc_delta_19_std,0.003996463492512703,3,2
mfcc_delta_5_p10,0.0038260389119386673,3,2
mfcc_delta_13_p90,0.0038039651699364185,3,2
mfcc_4_mean,0.003729933174327016,3,2
flatness_mean,0.003704941365867853,3,2
mfcc_delta_1_p90,0.0035848526749759912,3,2
mfcc_delta_8_std,0.0035522168036550283,3,2
mfcc_15_std,0.06084708869457245,3,3
contrast_2_std,0.06049640476703644,3,3
contrast_2_p90,0.0511513277888298,3,3
mfcc_14_std,0.04423793777823448,3,3
rms_p10,0.03329923376441002,3,3
contrast_1_std,0.032464247196912766,3,3
contrast_4_p90,0.022867809981107712,3,3
mfcc_9_std,0.017343848943710327,3,3
contrast_3_p90,0.01565394550561905,3,3
contrast_5_p90,0.015486009418964386,3,3
zero_crossing_rate_p90,0.013846954330801964,3,3
contrast_3_mean,0.01331410277634859,3,3
mfcc_13_std,0.01266343891620636,3,3
zero_crossing_rate_std,0.011736162938177586,3,3
contrast_5_p10,0.010787514969706535,3,3
dominant_frequency_ratio,0.010667524300515652,3,3
zero_crossing_rate_mean,0.010471741668879986,3,3
mfcc_13_p10,0.009846578352153301,3,3
dominant_frequency,0.009273415431380272,3,3
mfcc_14_p10,0.008509606122970581,3,3
contrast_5_mean,0.008475746028125286,3,3
flatness_p90,0.008337353356182575,3,3
mfcc_7_std,0.00823993794620037,3,3
mfcc_19_std,0.00793258473277092,3,3
rolloff85_p10,0.007728276774287224,3,3
flatness_p10,0.007396086119115353,3,3
rms_mean,0.007383256684988737,3,3
mfcc_9_p10,0.0073159742169082165,3,3
mfcc_16_std,0.007298903539776802,3,3
zero_crossing_rate_p10,0.0071710264310240746,3,3
contrast_3_std,0.007140639238059521,3,3
mfcc_3_p10,0.0070419227704405785,3,3
rms_p90,0.007031409535557032,3,3
mfcc_13_p90,0.006788049358874559,3,3
mfcc_14_p90,0.006642236839979887,3,3
mfcc_delta_14_std,0.006626298185437918,3,3
mfcc_12_p10,0.0065570189617574215,3,3
mfcc_15_p10,0.006504697725176811,3,3
mfcc_8_std,0.006344538182020187,3,3
contrast_2_mean,0.006157962139695883,3,3
contrast_4_p10,0.006117664743214846,3,3
mfcc_delta_0_std,0.005885554477572441,3,3
spectral_entropy_p90,0.0058228992857038975,3,3
mfcc_1_p10,0.005045396741479635,3,3
mfcc_delta_15_std,0.004911396186798811,3,3
rms_std,0.004901417531073093,3,3
rolloff85_mean,0.0048512909561395645,3,3
bandwidth_p90,0.0048248060047626495,3,3
rolloff85_p90,0.004777527414262295,3,3
mfcc_delta_0_p10,0.004766884725540876,3,3
centroid_p90,0.004588347394019365,3,3
mfcc_1_mean,0.004561029840260744,3,3
contrast_1_p90,0.004525583703070879,3,3
mfcc_15_mean,0.004490911494940519,3,3
mfcc_5_p10,0.004435868933796883,3,3
mfcc_10_p10,0.004375673830509186,3,3
mfcc_13_mean,0.004346300382167101,3,3
mfcc_2_p90,0.004177693277597427,3,3
mfcc_0_p10,0.0041571855545043945,3,3
mfcc_delta_0_p90,0.004105431027710438,3,3
contrast_2_p90,0.09125214070081711,3,4
mfcc_15_std,0.07940320670604706,3,4
mfcc_14_std,0.05454571917653084,3,4
mfcc_9_std,0.029487423598766327,3,4
rms_p10,0.02916884422302246,3,4
contrast_3_mean,0.02859925851225853,3,4
contrast_2_std,0.02695636823773384,3,4
mfcc_13_std,0.02083408460021019,3,4
mfcc_16_std,0.019432928413152695,3,4
mfcc_19_std,0.014689120464026928,3,4
dominant_frequency,0.014472526498138905,3,4
zero_crossing_rate_p90,0.01390734314918518,3,4
contrast_2_mean,0.012708841823041439,3,4
mfcc_8_std,0.011220010928809643,3,4
contrast_1_std,0.010894807055592537,3,4
contrast_3_p90,0.010640940628945827,3,4
zero_crossing_rate_std,0.010599955916404724,3,4
mfcc_7_std,0.010175971314311028,3,4
mfcc_delta_15_std,0.009580569341778755,3,4
zero_crossing_rate_p10,0.009387127123773098,3,4
mfcc_13_p10,0.008191007189452648,3,4
spectral_entropy_mean,0.00816876906901598,3,4
mfcc_12_p10,0.007698962464928627,3,4
zero_crossing_rate_mean,0.007180281914770603,3,4
flatness_p10,0.006705025210976601,3,4
contrast_3_p10,0.006043795961886644,3,4
mfcc_delta_0_p10,0.0060025728307664394,3,4
mfcc_delta_19_std,0.005712456069886684,3,4
mfcc_14_p90,0.005684913136065006,3,4
mfcc_14_p10,0.005483814049512148,3,4
mfcc_delta_1_std,0.005448671989142895,3,4
spectral_entropy_p90,0.005446873139590025,3,4
mfcc_delta_14_std,0.00544367078691721,3,4
flatness_p90,0.005197763442993164,3,4
rolloff85_p10,0.005002481862902641,3,4
contrast_4_p90,0.004971538204699755,3,4
contrast_3_std,0.004968712572008371,3,4
dominant_frequency_ratio,0.00465586269274354,3,4
flatness_std,0.004630576353520155,3,4
flatness_mean,0.004572289064526558,3,4
mfcc_delta_0_std,0.004548229742795229,3,4
mfcc_0_mean,0.004540250636637211,3,4
rms_mean,0.00447765551507473,3,4
mfcc_delta_15_p90,0.004424615763127804,3,4
mfcc_delta_0_p90,0.00437322398647666,3,4
mfcc_delta_15_p10,0.004350188188254833,3,4
mfcc_15_p10,0.0043105632066726685,3,4
mfcc_13_p90,0.004222922492772341,3,4
bandwidth_mean,0.0041985344141721725,3,4
mfcc_delta_8_p10,0.004110649693757296,3,4
mfcc_12_std,0.004105811007320881,3,4
mfcc_11_mean,0.00406308937817812,3,4
mfcc_7_p90,0.00396135775372386,3,4
mfcc_16_p10,0.003921224735677242,3,4
mfcc_delta_1_p10,0.0037632968742400408,3,4
rms_std,0.003720629494637251,3,4
contrast_4_std,0.003704526461660862,3,4
rms_p90,0.0036834708880633116,3,4
mfcc_delta_13_p10,0.0036413134075701237,3,4
mfcc_15_p90,0.003576258895918727,3,4
contrast_2_p90,0.07793109863996506,4,0
mfcc_15_std,0.05676174536347389,4,0
mfcc_14_std,0.04440804570913315,4,0
contrast_3_p10,0.03322695940732956,4,0
zero_crossing_rate_std,0.03261927515268326,4,0
contrast_3_mean,0.029088176786899567,4,0
rms_p10,0.027996836230158806,4,0
mfcc_13_std,0.022293057292699814,4,0
contrast_2_std,0.021418416872620583,4,0
dominant_frequency,0.01849074475467205,4,0
contrast_2_mean,0.017374614253640175,4,0
mfcc_16_std,0.01620488427579403,4,0
mfcc_19_std,0.01199338212609291,4,0
contrast_3_p90,0.011839108541607857,4,0
rolloff85_p10,0.009836476296186447,4,0
zero_crossing_rate_mean,0.009630759246647358,4,0
mfcc_2_mean,0.009289119392633438,4,0
flatness_p10,0.00910127628594637,4,0
mfcc_9_std,0.008222469128668308,4,0
mfcc_14_p90,0.007994737476110458,4,0
rms_p90,0.007679686415940523,4,0
contrast_5_mean,0.007396465167403221,4,0
contrast_4_mean,0.007309144362807274,4,0
zero_crossing_rate_p10,0.007220535539090633,4,0
mfcc_17_std,0.007030898705124855,4,0
mfcc_12_p10,0.006996448617428541,4,0
mfcc_13_p10,0.006622930057346821,4,0
mfcc_7_std,0.006528070196509361,4,0
mfcc_delta_0_p10,0.006523057818412781,4,0
mfcc_delta_1_p10,0.00651476439088583,4,0
rms_std,0.006479023024439812,4,0
mfcc_1_p90,0.0063102636486291885,4,0
mfcc_2_p90,0.006209542974829674,4,0
mfcc_delta_1_std,0.0061918580904603004,4,0
mfcc_0_p10,0.006130043417215347,4,0
mfcc_8_std,0.006111566908657551,4,0
mfcc_3_mean,0.005934793036431074,4,0
dominant_frequency_ratio,0.005693302024155855,4,0
mfcc_delta_8_std,0.005621186923235655,4,0
mfcc_12_std,0.005474680103361607,4,0
mfcc_16_p10,0.0053528533317148685,4,0
flatness_mean,0.005334541201591492,4,0
contrast_4_p90,0.005286044906824827,4,0
zero_crossing_rate_p90,0.005208703223615885,4,0
contrast_1_std,0.005146079696714878,4,0
bandwidth_p90,0.004949973896145821,4,0
mfcc_3_p90,0.004908091854304075,4,0
mfcc_15_p10,0.004683376755565405,4,0
spectral_entropy_mean,0.004596475977450609,4,0
contrast_4_std,0.0045359437353909016,4,0
mfcc_delta_15_std,0.004480293486267328,4,0
mfcc_1_std,0.004469601437449455,4,0
contrast_0_p90,0.004454721696674824,4,0
mfcc_delta_14_std,0.004448852967470884,4,0
mfcc_15_mean,0.004371196031570435,4,0
contrast_3_std,0.004356755875051022,4,0
mfcc_delta_1_p90,0.004160861950367689,4,0
mfcc_2_p10,0.004097036086022854,4,0
mfcc_17_p90,0.003995681181550026,4,0
rms_mean,0.003953784238547087,4,0
contrast_2_p90,0.11780741065740585,4,1
mfcc_15_std,0.06213492155075073,4,1
mfcc_14_std,0.057165127247571945,4,1
rms_p10,0.03900892287492752,4,1
contrast_3_mean,0.035966381430625916,4,1
zero_crossing_rate_std,0.02324191853404045,4,1
contrast_2_mean,0.02036934345960617,4,1
mfcc_13_std,0.020298637449741364,4,1
dominant_frequency,0.018221106380224228,4,1
contrast_3_p90,0.015760039910674095,4,1
contrast_2_std,0.015507674776017666,4,1
contrast_3_p10,0.014516479335725307,4,1
flatness_p10,0.011414413340389729,4,1
mfcc_16_std,0.011236999183893204,4,1
zero_crossing_rate_p90,0.010867363773286343,4,1
rms_p90,0.010291049256920815,4,1
rms_mean,0.009399295784533024,4,1
flatness_mean,0.009306086227297783,4,1
contrast_4_p90,0.008577250875532627,4,1
zero_crossing_rate_p10,0.008483832702040672,4,1
zero_crossing_rate_mean,0.008025583811104298,4,1
flatness_std,0.00799604319036007,4,1
rms_std,0.007574943825602531,4,1
mfcc_9_std,0.007255571894347668,4,1
contrast_3_std,0.007149321958422661,4,1
mfcc_8_std,0.007116626016795635,4,1
mfcc_13_p10,0.006639652419835329,4,1
mfcc_11_mean,0.006479501724243164,4,1
mfcc_delta_7_p10,0.006160209886729717,4,1
contrast_4_std,0.005671915132552385,4,1
bandwidth_mean,0.005531347822397947,4,1
mfcc_delta_0_p10,0.005465502850711346,4,1
mfcc_1_mean,0.005347005091607571,4,1
mfcc_14_p90,0.005307094659656286,4,1
mfcc_19_std,0.0052911206148564816,4,1
mfcc_14_p10,0.0052819401025772095,4,1
mfcc_7_std,0.00525256060063839,4,1
mfcc_delta_1_p10,0.005203092936426401,4,1
flatness_p90,0.005159314256161451,4,1
mfcc_delta_0_std,0.00504645798355341,4,1
mfcc_delta_15_std,0.005022904369980097,4,1
mfcc_delta_1_p90,0.004957898054271936,4,1
mfcc_3_p10,0.004591633565723896,4,1
mfcc_delta_8_p90,0.004569169599562883,4,1
mfcc_delta_4_p90,0.00444382568821311,4,1
mfcc_delta_14_std,0.004400252364575863,4,1
mfcc_14_mean,0.004173728637397289,4,1
contrast_1_std,0.00411634286865592,4,1
mfcc_delta_0_p90,0.003884254489094019,4,1
mfcc_2_p90,0.0038792998529970646,4,1
mfcc_15_p10,0.0038557532243430614,4,1
mfcc_3_mean,0.003854622831568122,4,1
mfcc_11_p10,0.00377999572083354,4,1
mfcc_delta_8_std,0.0035205320455133915,4,1
mfcc_delta_6_p90,0.0034737619571387768,4,1
dominant_frequency_ratio,0.003424895228818059,4,1
rolloff85_p10,0.0034154586028307676,4,1
mfcc_0_p10,0.003381923772394657,4,1
mfcc_delta_15_p10,0.0033673166763037443,4,1
contrast_1_p90,0.0032737338915467262,4,1
contrast_3_p90,0.08796010911464691,4,2
contrast_2_p90,0.0872163400053978,4,2
mfcc_15_std,0.06144575774669647,4,2
mfcc_14_std,0.05597409978508949,4,2
rms_p10,0.03695273771882057,4,2
contrast_3_mean,0.03127904608845711,4,2
mfcc_13_std,0.021381283178925514,4,2
mfcc_9_std,0.02062751166522503,4,2
contrast_2_std,0.014868413098156452,4,2
zero_crossing_rate_p90,0.014774337410926819,4,2
rms_mean,0.014672213234007359,4,2
contrast_4_p90,0.014079415239393711,4,2
contrast_2_mean,0.013155529275536537,4,2
mfcc_19_std,0.012418858706951141,4,2
dominant_frequency,0.012352008372545242,4,2
mfcc_16_std,0.012289829552173615,4,2
rms_p90,0.011143787764012814,4,2
dominant_frequency_ratio,0.010163846425712109,4,2
mfcc_7_std,0.009964525699615479,4,2
mfcc_8_std,0.009835087694227695,4,2
mfcc_17_std,0.008769955486059189,4,2
contrast_1_std,0.008711636997759342,4,2
contrast_3_std,0.008678611367940903,4,2
zero_crossing_rate_p10,0.007142253220081329,4,2
flatness_p90,0.006489205174148083,4,2
mfcc_delta_0_p90,0.00642640795558691,4,2
mfcc_11_p90,0.0064081004820764065,4,2
zero_crossing_rate_std,0.006393837742507458,4,2
mfcc_delta_15_std,0.006350989919155836,4,2
zero_crossing_rate_mean,0.006090092938393354,4,2
mfcc_delta_0_p10,0.005903495009988546,4,2
mfcc_delta_0_std,0.0053347134962677956,4,2
mfcc_14_p90,0.00525257783010602,4,2
contrast_5_p90,0.004950200207531452,4,2
flatness_p10,0.004774709232151508,4,2
mfcc_delta_14_std,0.004722407087683678,4,2
mfcc_18_std,0.004600570537149906,4,2
mfcc_16_p10,0.004456187132745981,4,2
mfcc_3_p90,0.004367757122963667,4,2
flatness_mean,0.004319795407354832,4,2
spectral_entropy_p90,0.004286190029233694,4,2
spectral_entropy_p10,0.004263438284397125,4,2
mfcc_0_p10,0.004165437072515488,4,2
mfcc_4_mean,0.004120618104934692,4,2
mfcc_12_std,0.004032360855489969,4,2
mfcc_4_p10,0.0040275524370372295,4,2
contrast_0_p10,0.003930814564228058,4,2
rms_std,0.003855525515973568,4,2
mfcc_0_mean,0.003845776431262493,4,2
contrast_4_std,0.0038083165418356657,4,2
contrast_3_p10,0.0037452124524861574,4,2
mfcc_14_p10,0.0037257045041769743,4,2
mfcc_delta_1_p90,0.0036458850372582674,4,2
mfcc_10_p90,0.003610609332099557,4,2
mfcc_delta_1_p10,0.0035826824605464935,4,2
flatness_std,0.003512269351631403,4,2
mfcc_delta_8_p10,0.003468291135504842,4,2
contrast_0_mean,0.0034483459312468767,4,2
mfcc_4_p90,0.0034254025667905807,4,2
spectral_entropy_mean,0.003386354073882103,4,2
contrast_2_std,0.07081440836191177,4,3
mfcc_15_std,0.04955906420946121,4,3
contrast_2_p90,0.04367297887802124,4,3
mfcc_14_std,0.042869653552770615,4,3
rms_p10,0.03196953982114792,4,3
contrast_1_std,0.03056134283542633,4,3
contrast_4_p90,0.02100186049938202,4,3
zero_crossing_rate_p90,0.017604397609829903,4,3
mfcc_13_std,0.01503495592623949,4,3
contrast_3_p90,0.014841181226074696,4,3
mfcc_9_std,0.014801017008721828,4,3
contrast_3_mean,0.01410415954887867,4,3
rms_mean,0.012257261201739311,4,3
contrast_5_p10,0.011586458422243595,4,3
dominant_frequency,0.010968485847115517,4,3
mfcc_14_p10,0.010627594776451588,4,3
dominant_frequency_ratio,0.009857606142759323,4,3
mfcc_17_p10,0.009773647412657738,4,3
mfcc_13_p10,0.009537195786833763,4,3
zero_crossing_rate_std,0.009432345628738403,4,3
contrast_5_p90,0.009139264933764935,4,3
rms_p90,0.008958118967711926,4,3
contrast_3_std,0.008513771928846836,4,3
zero_crossing_rate_mean,0.007732326630502939,4,3
flatness_p10,0.0075900438241660595,4,3
contrast_4_p10,0.007445210125297308,4,3
mfcc_16_std,0.0069892932660877705,4,3
rolloff85_p10,0.006898388732224703,4,3
mfcc_14_p90,0.0067450059577822685,4,3
contrast_4_std,0.006617756560444832,4,3
mfcc_3_p10,0.006580097135156393,4,3
rolloff85_mean,0.006475428119301796,4,3
mfcc_delta_1_std,0.006321401335299015,4,3
zero_crossing_rate_p10,0.006308273877948523,4,3
mfcc_delta_0_p10,0.0062242355197668076,4,3
mfcc_delta_0_std,0.006071346811950207,4,3
mfcc_15_p10,0.005898159462958574,4,3
mfcc_19_std,0.005878424271941185,4,3
mfcc_delta_7_p90,0.005687589291483164,4,3
mfcc_7_std,0.0056251175701618195,4,3
contrast_2_mean,0.005387723445892334,4,3
rms_std,0.00538674695417285,4,3
mfcc_1_p10,0.0051381876692175865,4,3
flatness_p90,0.005078732501715422,4,3
flatness_std,0.005024630110710859,4,3
mfcc_delta_0_p90,0.004981765523552895,4,3
centroid_p90,0.004795536864548922,4,3
spectral_entropy_p90,0.004711231682449579,4,3
mfcc_delta_8_p90,0.004670885391533375,4,3
spectral_entropy_mean,0.004554524086415768,4,3
flatness_mean,0.004548219032585621,4,3
mfcc_8_std,0.0044756121933460236,4,3
centroid_std,0.004425520077347755,4,3
mfcc_0_p10,0.004412475507706404,4,3
mfcc_13_p90,0.004384895786643028,4,3
mfcc_5_p10,0.004350755829364061,4,3
rolloff85_p90,0.00433166790753603,4,3
contrast_0_mean,0.004149601329118013,4,3
mfcc_delta_7_p10,0.004014146979898214,4,3
contrast_1_p90,0.004010964650660753,4,3
mfcc_15_std,0.08989325910806656,4,4
contrast_2_p90,0.08775632828474045,4,4
mfcc_14_std,0.050622228533029556,4,4
rms_p10,0.02979435957968235,4,4
contrast_3_mean,0.02749951183795929,4,4
mfcc_9_std,0.02467251382768154,4,4
contrast_2_std,0.023927684873342514,4,4
mfcc_16_std,0.019995516166090965,4,4
mfcc_13_std,0.01784299500286579,4,4
mfcc_delta_15_std,0.015861546620726585,4,4
contrast_2_mean,0.013943401165306568,4,4
dominant_frequency,0.0136507423594594,4,4
mfcc_19_std,0.01258782111108303,4,4
mfcc_8_std,0.01250089518725872,4,4
zero_crossing_rate_p90,0.01228632964193821,4,4
contrast_3_p90,0.01155761443078518,4,4
contrast_1_std,0.011531216092407703,4,4
zero_crossing_rate_std,0.011196717619895935,4,4
mfcc_7_std,0.011166868731379509,4,4
mfcc_12_p10,0.009120577946305275,4,4
zero_crossing_rate_p10,0.008722826838493347,4,4
spectral_entropy_mean,0.00793308112770319,4,4
mfcc_13_p10,0.007674745284020901,4,4
contrast_3_p10,0.007496848236769438,4,4
mfcc_delta_14_std,0.006784544792026281,4,4
flatness_p10,0.006576186046004295,4,4
mfcc_0_p10,0.006030933931469917,4,4
mfcc_14_p10,0.006011177785694599,4,4
mfcc_delta_14_p10,0.005879581905901432,4,4
zero_crossing_rate_mean,0.005473306868225336,4,4
mfcc_delta_1_std,0.005250168964266777,4,4
flatness_mean,0.0052230339497327805,4,4
mfcc_delta_0_p10,0.00518896384164691,4,4
spectral_entropy_p90,0.0051759216003119946,4,4
mfcc_1_mean,0.005151699297130108,4,4
flatness_p90,0.004937669262290001,4,4
centroid_p90,0.004891824908554554,4,4
mfcc_14_p90,0.004742635879665613,4,4
rms_std,0.004723252262920141,4,4
mfcc_delta_0_p90,0.004691282752901316,4,4
mfcc_13_p90,0.004681432619690895,4,4
rolloff85_p10,0.004650077782571316,4,4
contrast_3_std,0.004646321292966604,4,4
mfcc_delta_15_p10,0.004596136976033449,4,4
dominant_frequency_ratio,0.004478153772652149,4,4
mfcc_delta_13_std,0.0043930732645094395,4,4
bandwidth_mean,0.004236796870827675,4,4
mfcc_delta_0_std,0.004225744400173426,4,4
mfcc_delta_19_std,0.004177405033260584,4,4
mfcc_0_mean,0.004021839704364538,4,4
rms_mean,0.0038583383429795504,4,4
rms_p90,0.003854877082630992,4,4
rolloff85_std,0.003840695833787322,4,4
mfcc_delta_7_p10,0.003825755789875984,4,4
mfcc_delta_1_p90,0.0038250109646469355,4,4
mfcc_5_p10,0.0037167887203395367,4,4
mfcc_7_p90,0.0037089178804308176,4,4
mfcc_delta_7_std,0.0036580865271389484,4,4
mfcc_15_p10,0.0035955915227532387,4,4
mfcc_1_p10,0.0035300187300890684,4,4
contrast_2_p90,0.0749790221452713,5,0
mfcc_15_std,0.057109929621219635,5,0
mfcc_14_std,0.04826093837618828,5,0
zero_crossing_rate_std,0.03375890478491783,5,0
contrast_3_p10,0.030892910435795784,5,0
rms_p10,0.02699592337012291,5,0
contrast_3_mean,0.022522781044244766,5,0
mfcc_13_std,0.019611697643995285,5,0
dominant_frequency,0.018697872757911682,5,0
contrast_2_std,0.018467750400304794,5,0
contrast_2_mean,0.017778592184185982,5,0
mfcc_16_std,0.015312081202864647,5,0
zero_crossing_rate_mean,0.012859249487519264,5,0
contrast_4_p90,0.012591552920639515,5,0
mfcc_9_std,0.011187645606696606,5,0
mfcc_2_mean,0.010990457609295845,5,0
mfcc_19_std,0.010635854676365852,5,0
contrast_3_p90,0.009960240684449673,5,0
rolloff85_p10,0.009735354222357273,5,0
zero_crossing_rate_p10,0.00905444286763668,5,0
contrast_5_mean,0.008962420746684074,5,0
mfcc_12_p10,0.008677856996655464,5,0
rms_p90,0.007965396158397198,5,0
flatness_p10,0.007766036316752434,5,0
rms_std,0.0077030472457408905,5,0
mfcc_14_p90,0.007529235444962978,5,0
mfcc_3_p90,0.00751832127571106,5,0
mfcc_8_std,0.0070494250394403934,5,0
zero_crossing_rate_p90,0.006773378700017929,5,0
mfcc_delta_0_p10,0.006617947481572628,5,0
mfcc_7_std,0.006456717383116484,5,0
mfcc_delta_8_std,0.006368620321154594,5,0
mfcc_0_p10,0.0060036382637917995,5,0
mfcc_delta_1_p90,0.005990250036120415,5,0
contrast_1_std,0.005983020644634962,5,0
mfcc_1_p90,0.00568163488060236,5,0
mfcc_16_p10,0.005663817282766104,5,0
mfcc_delta_15_std,0.005635008681565523,5,0
contrast_1_p90,0.005591534078121185,5,0
contrast_4_mean,0.00534424465149641,5,0
dominant_frequency_ratio,0.0053202910348773,5,0
spectral_entropy_mean,0.005308018997311592,5,0
mfcc_delta_14_std,0.005108586046844721,5,0
bandwidth_p90,0.005103866569697857,5,0
mfcc_14_p10,0.005084003321826458,5,0
mfcc_2_p90,0.00497458828613162,5,0
mfcc_17_std,0.004939205013215542,5,0
mfcc_12_mean,0.004780401475727558,5,0
flatness_mean,0.004777396563440561,5,0
mfcc_delta_1_p10,0.004772957880049944,5,0
centroid_p10,0.004739073105156422,5,0
mfcc_15_p10,0.004688323009759188,5,0
mfcc_13_p10,0.004602233413606882,5,0
contrast_3_std,0.004433751106262207,5,0
spectral_entropy_p90,0.0044003622606396675,5,0
mfcc_delta_0_p90,0.004370285198092461,5,0
rms_mean,0.004362400621175766,5,0
mfcc_delta_8_p90,0.004172785207629204,5,0
mfcc_1_mean,0.004075768403708935,5,0
mfcc_delta_0_std,0.004041669890284538,5,0
contrast_2_p90,0.10218207538127899,5,1
mfcc_15_std,0.07180271297693253,5,1
mfcc_14_std,0.050671789795160294,5,1
rms_p10,0.03943386673927307,5,1
contrast_3_mean,0.032307516783475876,5,1
zero_crossing_rate_std,0.022273223847150803,5,1
mfcc_13_std,0.01976969838142395,5,1
dominant_frequency,0.017486894503235817,5,1
contrast_2_mean,0.017207209020853043,5,1
contrast_2_std,0.016540681943297386,5,1
contrast_3_p10,0.014536055736243725,5,1
contrast_3_p90,0.013352211564779282,5,1
flatness_p10,0.012490205466747284,5,1
rms_p90,0.011076506227254868,5,1
mfcc_16_std,0.009969147853553295,5,1
zero_crossing_rate_mean,0.009642067365348339,5,1
contrast_4_p90,0.009431412443518639,5,1
zero_crossing_rate_p10,0.009263669140636921,5,1
flatness_mean,0.008740689605474472,5,1
zero_crossing_rate_p90,0.008663702756166458,5,1
rms_mean,0.007955142296850681,5,1
flatness_std,0.007635603658854961,5,1
mfcc_delta_14_std,0.007050679996609688,5,1
rms_std,0.006915316917002201,5,1
mfcc_9_std,0.006907527334988117,5,1
mfcc_7_std,0.006792127154767513,5,1
mfcc_delta_0_p10,0.006690048146992922,5,1
mfcc_delta_7_p10,0.0063760229386389256,5,1
mfcc_delta_8_std,0.006276351399719715,5,1
mfcc_13_p10,0.0061307321302592754,5,1
mfcc_8_std,0.006113266572356224,5,1
mfcc_11_mean,0.005962631199508905,5,1
mfcc_19_std,0.005804081913083792,5,1
contrast_4_std,0.005791904870420694,5,1
mfcc_delta_7_p90,0.005707895383238792,5,1
contrast_3_std,0.005587454419583082,5,1
mfcc_17_std,0.005342475604265928,5,1
mfcc_delta_0_std,0.00509904557839036,5,1
mfcc_delta_1_p10,0.005026243627071381,5,1
mfcc_1_mean,0.005019922275096178,5,1
rolloff85_p10,0.005000626668334007,5,1
mfcc_delta_15_std,0.004892534110695124,5,1
contrast_1_p90,0.004849547985941172,5,1
spectral_entropy_mean,0.004698480479419231,5,1
mfcc_1_p90,0.004693746566772461,5,1
mfcc_0_p10,0.004626962821930647,5,1
centroid_p10,0.004563471302390099,5,1
mfcc_14_p90,0.0045590950176119804,5,1
mfcc_14_p10,0.004402626305818558,5,1
mfcc_delta_1_p90,0.004382277373224497,5,1
mfcc_1_p10,0.004367865156382322,5,1
dominant_frequency_ratio,0.00435675960034132,5,1
mfcc_7_p90,0.004338424187153578,5,1
mfcc_15_p10,0.0042702918872237206,5,1
mfcc_1_std,0.004219598602503538,5,1
bandwidth_p10,0.004099112004041672,5,1
mfcc_delta_3_p90,0.003949800040572882,5,1
mfcc_delta_8_p90,0.0039435941725969315,5,1
flatness_p90,0.003929015249013901,5,1
mfcc_delta_0_p90,0.0038822616916149855,5,1
contrast_3_p90,0.09211917221546173,5,2
contrast_2_p90,0.07066649943590164,5,2
mfcc_15_std,0.06343238055706024,5,2
mfcc_14_std,0.041185881942510605,5,2
rms_p10,0.040541402995586395,5,2
contrast_3_mean,0.031085260212421417,5,2
rms_mean,0.022827360779047012,5,2
mfcc_9_std,0.01907496154308319,5,2
contrast_4_p90,0.017987584695219994,5,2
mfcc_13_std,0.016951903700828552,5,2
contrast_2_mean,0.015328927896916866,5,2
contrast_2_std,0.014420379884541035,5,2
mfcc_16_std,0.01416616141796112,5,2
mfcc_19_std,0.011801627464592457,5,2
zero_crossing_rate_p90,0.011132399551570415,5,2
mfcc_7_std,0.01085265725851059,5,2
dominant_frequency,0.009315083734691143,5,2
zero_crossing_rate_p10,0.00918571837246418,5,2
mfcc_8_std,0.009125199168920517,5,2
dominant_frequency_ratio,0.008884587325155735,5,2
contrast_1_std,0.008704089559614658,5,2
zero_crossing_rate_std,0.00767501350492239,5,2
contrast_3_std,0.007422029972076416,5,2
spectral_entropy_p10,0.007415416184812784,5,2
spectral_entropy_mean,0.007185367401689291,5,2
mfcc_11_p90,0.006752749904990196,5,2
flatness_p90,0.0066881319507956505,5,2
rms_p90,0.006650614086538553,5,2
mfcc_1_mean,0.006641149055212736,5,2
mfcc_14_p90,0.006552248261868954,5,2
mfcc_delta_0_p90,0.006150988861918449,5,2
flatness_p10,0.005738701205700636,5,2
mfcc_0_mean,0.005667302757501602,5,2
mfcc_delta_15_std,0.005548431072384119,5,2
zero_crossing_rate_mean,0.005498937796801329,5,2
mfcc_0_p10,0.0050436099991202354,5,2
flatness_mean,0.0046675559133291245,5,2
mfcc_18_std,0.004565292038023472,5,2
mfcc_3_p90,0.004372192081063986,5,2
mfcc_delta_8_p90,0.004356171004474163,5,2
mfcc_delta_0_std,0.004272745922207832,5,2
contrast_4_std,0.00424541812390089,5,2
mfcc_14_p10,0.004205995239317417,5,2
spectral_entropy_p90,0.004175333306193352,5,2
mfcc_delta_1_std,0.004152125678956509,5,2
mfcc_delta_19_p10,0.004007617011666298,5,2
mfcc_3_mean,0.003983792383223772,5,2
contrast_5_mean,0.0039796289056539536,5,2
mfcc_4_p10,0.003962807822972536,5,2
mfcc_delta_8_p10,0.0038446441758424044,5,2
mfcc_delta_0_p10,0.003791391383856535,5,2
mfcc_17_std,0.0037657604552805424,5,2
mfcc_delta_14_std,0.0037578202318400145,5,2
mfcc_13_p10,0.0037105081137269735,5,2
mfcc_delta_8_std,0.003707155818119645,5,2
mfcc_delta_3_std,0.0037010388914495707,5,2
mfcc_6_p10,0.0036306350957602262,5,2
mfcc_delta_7_p10,0.0036181737668812275,5,2
mfcc_10_std,0.003498589852824807,5,2
rolloff85_p10,0.003439311869442463,5,2
contrast_2_p90,0.09437456727027893,5,3
mfcc_15_std,0.05776794254779816,5,3
mfcc_14_std,0.05175745114684105,5,3
rms_p10,0.03339219093322754,5,3
contrast_2_std,0.030111169442534447,5,3
contrast_3_mean,0.02503344416618347,5,3
mfcc_16_std,0.019946210086345673,5,3
mfcc_13_std,0.01659989543259144,5,3
mfcc_8_std,0.015177463181316853,5,3
mfcc_9_std,0.015084473416209221,5,3
contrast_1_std,0.0146305738016963,5,3
zero_crossing_rate_p90,0.013986465521156788,5,3
dominant_frequency,0.012984546832740307,5,3
mfcc_19_std,0.012969091534614563,5,3
zero_crossing_rate_std,0.01161813735961914,5,3
contrast_3_p90,0.011483410373330116,5,3
mfcc_17_p10,0.009599833749234676,5,3
mfcc_delta_1_std,0.008845977485179901,5,3
contrast_2_mean,0.008716464042663574,5,3
spectral_entropy_p90,0.008710536174476147,5,3
rms_std,0.008422328159213066,5,3
spectral_entropy_mean,0.00830826535820961,5,3
mfcc_delta_15_std,0.007560820784419775,5,3
flatness_p10,0.0071256523951888084,5,3
rms_mean,0.007104675285518169,5,3
zero_crossing_rate_p10,0.007038117852061987,5,3
mfcc_13_p10,0.006892796140164137,5,3
mfcc_14_p90,0.006712616886943579,5,3
contrast_3_std,0.006418213713914156,5,3
rms_p90,0.006397639866918325,5,3
mfcc_14_p10,0.006384635344147682,5,3
zero_crossing_rate_mean,0.006374891847372055,5,3
dominant_frequency_ratio,0.006354109849780798,5,3
mfcc_delta_0_p90,0.0062273419462144375,5,3
contrast_4_std,0.005975889042019844,5,3
mfcc_15_p10,0.005658354610204697,5,3
mfcc_delta_7_p10,0.005577255506068468,5,3
mfcc_delta_6_p90,0.0054662954062223434,5,3
mfcc_13_p90,0.005407071206718683,5,3
mfcc_delta_1_p10,0.005319491494446993,5,3
spectral_entropy_p10,0.005281552206724882,5,3
mfcc_delta_7_p90,0.005172982346266508,5,3
rolloff85_p10,0.005158072337508202,5,3
contrast_4_p90,0.005112322047352791,5,3
mfcc_delta_14_std,0.005096462555229664,5,3
mfcc_delta_0_std,0.005059106275439262,5,3
contrast_3_p10,0.005004026927053928,5,3
mfcc_7_std,0.004943926353007555,5,3
mfcc_delta_6_std,0.004870330914855003,5,3
flatness_p90,0.004756722133606672,5,3
mfcc_0_p10,0.004650842398405075,5,3
flatness_mean,0.004457890521734953,5,3
mfcc_delta_14_p10,0.004371082875877619,5,3
mfcc_0_mean,0.004307781811803579,5,3
rolloff85_std,0.0042535699903965,5,3
mfcc_delta_8_p10,0.004212166182696819,5,3
mfcc_delta_0_mean,0.0041601094417274,5,3
mfcc_delta_0_p10,0.004080011043697596,5,3
mfcc_15_p90,0.003903689095750451,5,3
mfcc_delta_15_p90,0.003826533444225788,5,3
contrast_2_p90,0.09326691180467606,5,4
mfcc_15_std,0.057989344000816345,5,4
mfcc_14_std,0.04182351380586624,5,4
contrast_2_std,0.04097990691661835,5,4
rms_p10,0.02676471322774887,5,4
mfcc_9_std,0.02140578255057335,5,4
contrast_3_mean,0.020693719387054443,5,4
mfcc_13_std,0.019384190440177917,5,4
contrast_1_std,0.015301503241062164,5,4
zero_crossing_rate_p90,0.013498853892087936,5,4
mfcc_16_std,0.013427527621388435,5,4
contrast_5_p90,0.01304540317505598,5,4
dominant_frequency,0.012465089559555054,5,4
mfcc_17_p10,0.012033233419060707,5,4
mfcc_19_std,0.01094011403620243,5,4
contrast_5_p10,0.010896348394453526,5,4
zero_crossing_rate_std,0.010886460542678833,5,4
contrast_3_p90,0.009550333954393864,5,4
mfcc_7_std,0.009224314242601395,5,4
contrast_4_std,0.009106322191655636,5,4
contrast_2_mean,0.00906513910740614,5,4
mfcc_8_std,0.008511723019182682,5,4
mfcc_delta_1_std,0.007741264067590237,5,4
mfcc_1_p10,0.007617638446390629,5,4
rms_mean,0.0069835614413022995,5,4
mfcc_delta_0_p10,0.006738670170307159,5,4
contrast_4_p90,0.00669845612719655,5,4
rms_p90,0.006386519409716129,5,4
contrast_3_std,0.006289287935942411,5,4
rolloff85_p10,0.006286122836172581,5,4
mfcc_1_mean,0.006209683138877153,5,4
zero_crossing_rate_p10,0.006049820687621832,5,4
mfcc_14_p10,0.006022069603204727,5,4
bandwidth_p10,0.005977666936814785,5,4
contrast_5_mean,0.005954175256192684,5,4
mfcc_delta_19_std,0.005878140218555927,5,4
mfcc_delta_0_p90,0.005839033052325249,5,4
mfcc_13_p10,0.005560758989304304,5,4
bandwidth_mean,0.005377878900617361,5,4
bandwidth_p90,0.0053751468658447266,5,4
zero_crossing_rate_mean,0.005283651873469353,5,4
mfcc_3_mean,0.005279225297272205,5,4
flatness_p10,0.005237142089754343,5,4
rolloff85_p90,0.004819556605070829,5,4
rms_std,0.004775566514581442,5,4
mfcc_7_mean,0.004650540184229612,5,4
mfcc_14_p90,0.004643636289983988,5,4
contrast_1_p10,0.004570030141621828,5,4
centroid_p90,0.00443399790674448,5,4
mfcc_15_p10,0.004387788008898497,5,4
mfcc_delta_0_std,0.004361415281891823,5,4
mfcc_17_std,0.004358560778200626,5,4
flatness_std,0.004262086469680071,5,4
flatness_p90,0.004220136441290379,5,4
rolloff85_mean,0.004169813357293606,5,4
mfcc_delta_9_p10,0.004033774137496948,5,4
flatness_mean,0.003934923093765974,5,4
mfcc_delta_9_p90,0.003911904059350491,5,4
dominant_frequency_ratio,0.003866174491122365,5,4
mfcc_0_p90,0.0038305395282804966,5,4
contrast_2_p90,0.08719228208065033,6,0
mfcc_15_std,0.05790601670742035,6,0
mfcc_14_std,0.04464004188776016,6,0
contrast_3_p10,0.035261012613773346,6,0
zero_crossing_rate_std,0.030585594475269318,6,0
rms_p10,0.027976764366030693,6,0
contrast_3_mean,0.02417093701660633,6,0
mfcc_13_std,0.021678203716874123,6,0
dominant_frequency,0.020341111347079277,6,0
contrast_2_mean,0.019725486636161804,6,0
contrast_2_std,0.016093943268060684,6,0
mfcc_16_std,0.014930822886526585,6,0
mfcc_2_mean,0.011802512221038342,6,0
contrast_3_p90,0.010547906160354614,6,0
zero_crossing_rate_mean,0.010144108906388283,6,0
contrast_4_p90,0.009746295399963856,6,0
mfcc_0_p10,0.009301554411649704,6,0
mfcc_19_std,0.008962597697973251,6,0
mfcc_12_p10,0.008752795867621899,6,0
flatness_p10,0.00848939549177885,6,0
dominant_frequency_ratio,0.008312966674566269,6,0
rolloff85_p10,0.007352203596383333,6,0
zero_crossing_rate_p10,0.007038967218250036,6,0
rms_std,0.006946093402802944,6,0
mfcc_9_std,0.006932687014341354,6,0
rms_p90,0.006803659722208977,6,0
zero_crossing_rate_p90,0.006764362100511789,6,0
mfcc_1_p90,0.006749950814992189,6,0
mfcc_delta_8_std,0.006559380795806646,6,0
mfcc_7_std,0.0064758011139929295,6,0
mfcc_8_std,0.006260075140744448,6,0
mfcc_12_mean,0.006246318109333515,6,0
contrast_5_mean,0.006192336790263653,6,0
mfcc_12_std,0.0061918580904603004,6,0
contrast_1_p90,0.0056582107208669186,6,0
mfcc_delta_0_p10,0.005609636195003986,6,0
mfcc_3_mean,0.005605912767350674,6,0
mfcc_14_p90,0.00555292097851634,6,0
contrast_5_p10,0.005519866943359375,6,0
mfcc_delta_15_std,0.005513777956366539,6,0
centroid_std,0.005421943962574005,6,0
bandwidth_p90,0.00524913752451539,6,0
mfcc_17_std,0.004992811940610409,6,0
mfcc_delta_1_p10,0.004863911774009466,6,0
mfcc_0_mean,0.004861707799136639,6,0
mfcc_delta_1_p90,0.004768746439367533,6,0
contrast_4_mean,0.004751368425786495,6,0
rms_mean,0.004709598142653704,6,0
mfcc_3_p90,0.004688766319304705,6,0
flatness_mean,0.004549618810415268,6,0
contrast_1_std,0.0043388367630541325,6,0
mfcc_delta_0_p90,0.00424396526068449,6,0
mfcc_2_p90,0.004208770580589771,6,0
mfcc_13_p10,0.004174578469246626,6,0
spectral_entropy_p10,0.004143597558140755,6,0
spectral_entropy_p90,0.004040824249386787,6,0
spectral_entropy_mean,0.003942550625652075,6,0
mfcc_delta_6_std,0.003901258111000061,6,0
mfcc_15_p10,0.0038789391983300447,6,0
mfcc_delta_14_std,0.003826719708740711,6,0
contrast_2_p90,0.09934572130441666,6,1
mfcc_15_std,0.05664680153131485,6,1
mfcc_14_std,0.05523966997861862,6,1
rms_p10,0.0389527752995491,6,1
contrast_3_mean,0.03265891969203949,6,1
zero_crossing_rate_std,0.024720126762986183,6,1
contrast_2_mean,0.02101740799844265,6,1
mfcc_13_std,0.018141256645321846,6,1
dominant_frequency,0.01729005016386509,6,1
contrast_3_p90,0.01684991456568241,6,1
contrast_2_std,0.01637713424861431,6,1
contrast_3_p10,0.014969756826758385,6,1
flatness_p10,0.013596691191196442,6,1
mfcc_16_std,0.01325758546590805,6,1
rms_p90,0.010220828466117382,6,1
zero_crossing_rate_mean,0.009623018093407154,6,1
rms_mean,0.008857033215463161,6,1
contrast_4_p90,0.008604252710938454,6,1
zero_crossing_rate_p90,0.008461693301796913,6,1
mfcc_9_std,0.008327987045049667,6,1
flatness_mean,0.008224301040172577,6,1
rms_std,0.00821700133383274,6,1
mfcc_8_std,0.007919472642242908,6,1
flatness_std,0.007705601863563061,6,1
zero_crossing_rate_p10,0.007622627075761557,6,1
mfcc_delta_0_p10,0.0074045127257704735,6,1
mfcc_delta_7_p90,0.0073302495293319225,6,1
contrast_3_std,0.0071143899112939835,6,1
mfcc_delta_8_p90,0.006952774245291948,6,1
mfcc_14_p90,0.006547161377966404,6,1
mfcc_7_std,0.006511405110359192,6,1
mfcc_delta_0_std,0.00642038369551301,6,1
mfcc_delta_15_std,0.006195615045726299,6,1
mfcc_delta_4_p90,0.006012951023876667,6,1
mfcc_delta_1_p10,0.005779367871582508,6,1
mfcc_19_std,0.005328394006937742,6,1
mfcc_13_p10,0.005180207546800375,6,1
mfcc_1_std,0.0049787843599915504,6,1
mfcc_14_p10,0.004918962251394987,6,1
mfcc_11_mean,0.0047845239751040936,6,1
flatness_p90,0.00474630668759346,6,1
mfcc_delta_0_p90,0.004731292836368084,6,1
contrast_1_std,0.004517430439591408,6,1
mfcc_delta_7_p10,0.004383545834571123,6,1
mfcc_delta_14_std,0.004340359941124916,6,1
mfcc_1_mean,0.004300468601286411,6,1
mfcc_delta_1_p90,0.004295154940336943,6,1
rolloff85_p10,0.0042753866873681545,6,1
mfcc_14_mean,0.00416287686675787,6,1
mfcc_6_std,0.004152039997279644,6,1
mfcc_delta_3_p10,0.004124398343265057,6,1
mfcc_15_p10,0.0040102191269397736,6,1
mfcc_3_p10,0.003993571270257235,6,1
mfcc_delta_6_p90,0.003966914024204016,6,1
dominant_frequency_ratio,0.0038119247183203697,6,1
mfcc_delta_14_p10,0.00378110958263278,6,1
mfcc_delta_8_p10,0.0037788881454616785,6,1
mfcc_0_p10,0.003745171707123518,6,1
contrast_4_std,0.0036945072934031487,6,1
mfcc_1_p90,0.0036538492422550917,6,1
contrast_2_p90,0.09048574417829514,6,2
contrast_3_p90,0.07355278730392456,6,2
mfcc_15_std,0.06446536630392075,6,2
mfcc_14_std,0.05002767592668533,6,2
rms_p10,0.040227118879556656,6,2
contrast_3_mean,0.037330593913793564,6,2
mfcc_9_std,0.020843854174017906,6,2
rms_mean,0.01840132847428322,6,2
contrast_4_p90,0.017676442861557007,6,2
mfcc_13_std,0.01643664389848709,6,2
mfcc_16_std,0.015792010352015495,6,2
contrast_2_std,0.015052909031510353,6,2
contrast_2_mean,0.013090169057250023,6,2
zero_crossing_rate_p90,0.011926238425076008,6,2
dominant_frequency,0.0111136045306921,6,2
mfcc_19_std,0.010894524864852428,6,2
mfcc_7_std,0.009470834396779537,6,2
spectral_entropy_mean,0.009410952217876911,6,2
mfcc_8_std,0.00927373580634594,6,2
zero_crossing_rate_std,0.008031640201807022,6,2
contrast_1_std,0.007942404597997665,6,2
dominant_frequency_ratio,0.0077475025318562984,6,2
rms_p90,0.007499915547668934,6,2
zero_crossing_rate_p10,0.007311651483178139,6,2
contrast_3_std,0.007152592297643423,6,2
spectral_entropy_p10,0.006283905822783709,6,2
flatness_p90,0.00620932225137949,6,2
mfcc_17_std,0.006176508963108063,6,2
mfcc_delta_8_std,0.006016523577272892,6,2
mfcc_11_p90,0.005888216197490692,6,2
flatness_p10,0.005770944058895111,6,2
mfcc_delta_0_p90,0.005676931701600552,6,2
contrast_4_std,0.0051702153868973255,6,2
mfcc_3_p90,0.0048571364022791386,6,2
mfcc_10_std,0.004759032279253006,6,2
mfcc_1_mean,0.004724513739347458,6,2
mfcc_18_std,0.004647085443139076,6,2
flatness_mean,0.004540957510471344,6,2
mfcc_delta_19_std,0.0044805267825722694,6,2
mfcc_delta_0_std,0.004421892110258341,6,2
rolloff85_p10,0.00441321637481451,6,2
rms_std,0.004392656031996012,6,2
flatness_std,0.004252205137163401,6,2
mfcc_0_mean,0.0041862064972519875,6,2
spectral_entropy_p90,0.004151506815105677,6,2
mfcc_delta_14_std,0.004038226790726185,6,2
contrast_3_p10,0.003962825983762741,6,2
mfcc_14_p90,0.003957714419811964,6,2
mfcc_delta_7_std,0.003844233462586999,6,2
mfcc_3_mean,0.0038115521892905235,6,2
rolloff85_mean,0.0036148272920399904,6,2
mfcc_delta_0_p10,0.0035895826295018196,6,2
mfcc_delta_1_std,0.003546719904989004,6,2
zero_crossing_rate_mean,0.0034522819332778454,6,2
mfcc_4_p90,0.0033844902645796537,6,2
mfcc_1_p10,0.003359565744176507,6,2
bandwidth_mean,0.0032609286718070507,6,2
mfcc_delta_15_p10,0.0032548862509429455,6,2
mfcc_4_p10,0.0032366246450692415,6,2
mfcc_12_std,0.0032186564058065414,6,2
contrast_2_std,0.06949515640735626,6,3
mfcc_15_std,0.05230168625712395,6,3
contrast_2_p90,0.04862833023071289,6,3
mfcc_14_std,0.04122788459062576,6,3
rms_p10,0.03090796433389187,6,3
contrast_1_std,0.028543323278427124,6,3
contrast_3_p90,0.017233051359653473,6,3
mfcc_9_std,0.01508238073438406,6,3
mfcc_13_std,0.01480608619749546,6,3
zero_crossing_rate_p90,0.014365456998348236,6,3
contrast_3_mean,0.014154722914099693,6,3
dominant_frequency,0.012922452762722969,6,3
rms_mean,0.011915039271116257,6,3
contrast_4_p90,0.011590288020670414,6,3
zero_crossing_rate_std,0.01110669132322073,6,3
contrast_5_p10,0.010450288653373718,6,3
rms_p90,0.009989489801228046,6,3
mfcc_17_p10,0.009742715395987034,6,3
mfcc_16_std,0.009606807492673397,6,3
contrast_3_std,0.009460599161684513,6,3
mfcc_delta_1_std,0.009299097582697868,6,3
mfcc_delta_0_p90,0.008693729527294636,6,3
dominant_frequency_ratio,0.008487586863338947,6,3
mfcc_delta_0_p10,0.008165929466485977,6,3
mfcc_delta_0_std,0.008162428624927998,6,3
mfcc_13_p10,0.00805510114878416,6,3
zero_crossing_rate_mean,0.007979822345077991,6,3
mfcc_14_p10,0.007847881875932217,6,3
zero_crossing_rate_p10,0.007839854806661606,6,3
contrast_4_std,0.007587374188005924,6,3
flatness_p10,0.00714900391176343,6,3
mfcc_7_std,0.007137686014175415,6,3
contrast_4_p10,0.006864304654300213,6,3
rolloff85_p10,0.006372269243001938,6,3
rms_std,0.006287445314228535,6,3
mfcc_14_p90,0.006282164249569178,6,3
rolloff85_mean,0.006205882411450148,6,3
mfcc_1_p10,0.00612901384010911,6,3
mfcc_19_std,0.005803792737424374,6,3
mfcc_13_p90,0.005779723636806011,6,3
contrast_5_p90,0.005346273072063923,6,3
mfcc_8_std,0.005230388138443232,6,3
contrast_2_mean,0.0051660118624567986,6,3
flatness_std,0.005132447462528944,6,3
spectral_entropy_mean,0.005097395274788141,6,3
mfcc_delta_7_p10,0.005094672553241253,6,3
mfcc_3_p10,0.005002782214432955,6,3
mfcc_15_p10,0.004947963636368513,6,3
rolloff85_p90,0.004874169826507568,6,3
flatness_p90,0.004824671894311905,6,3
bandwidth_p90,0.0047628250904381275,6,3
spectral_entropy_p90,0.004752490669488907,6,3
mfcc_delta_8_p90,0.00471148919314146,6,3
bandwidth_std,0.004648516420274973,6,3
bandwidth_p10,0.0043182941153645515,6,3
mfcc_0_p10,0.00431092269718647,6,3
mfcc_delta_7_p90,0.004287299700081348,6,3
contrast_1_p90,0.0041537475772202015,6,3
rolloff85_std,0.004102489445358515,6,3
mfcc_delta_1_p90,0.004089091904461384,6,3
contrast_2_p90,0.08161462843418121,6,4
mfcc_15_std,0.0758509486913681,6,4
mfcc_14_std,0.04872346296906471,6,4
rms_p10,0.0291533675044775,6,4
contrast_2_std,0.028369715437293053,6,4
contrast_3_mean,0.02460607886314392,6,4
mfcc_13_std,0.022964032366871834,6,4
mfcc_9_std,0.021099407225847244,6,4
zero_crossing_rate_p90,0.01666192151606083,6,4
mfcc_16_std,0.015245014801621437,6,4
mfcc_delta_15_std,0.01491506490856409,6,4
mfcc_19_std,0.013876116834580898,6,4
zero_crossing_rate_std,0.013822976499795914,6,4
dominant_frequency,0.013599731028079987,6,4
mfcc_8_std,0.013256226666271687,6,4
contrast_2_mean,0.013121558353304863,6,4
zero_crossing_rate_p10,0.011152179911732674,6,4
contrast_1_std,0.010429522953927517,6,4
contrast_3_p90,0.010380031540989876,6,4
spectral_entropy_mean,0.009620288386940956,6,4
mfcc_7_std,0.00959760881960392,6,4
mfcc_13_p10,0.008350756950676441,6,4
mfcc_delta_14_std,0.007058009039610624,6,4
mfcc_0_p10,0.006600863300263882,6,4
mfcc_14_p10,0.006493454799056053,6,4
dominant_frequency_ratio,0.006421773228794336,6,4
contrast_3_p10,0.0061874366365373135,6,4
mfcc_3_mean,0.0061178188771009445,6,4
flatness_p90,0.00594783341512084,6,4
mfcc_delta_1_std,0.0058121453039348125,6,4
contrast_4_p90,0.005494133103638887,6,4
rms_mean,0.0053223841823637486,6,4
mfcc_delta_15_p10,0.005231907591223717,6,4
flatness_p10,0.005189216695725918,6,4
spectral_entropy_p90,0.005185544956475496,6,4
zero_crossing_rate_mean,0.005093555897474289,6,4
mfcc_delta_0_p10,0.0048935008235275745,6,4
mfcc_delta_0_p90,0.004852252081036568,6,4
mfcc_0_mean,0.0047119176015257835,6,4
centroid_p90,0.0045898123644292355,6,4
rolloff85_p10,0.004387372173368931,6,4
mfcc_13_p90,0.004345180466771126,6,4
mfcc_delta_0_mean,0.004315349273383617,6,4
mfcc_delta_8_p10,0.004230670630931854,6,4
rms_std,0.004222883377224207,6,4
contrast_3_std,0.004214730113744736,6,4
flatness_mean,0.004161152523010969,6,4
mfcc_15_mean,0.004150970373302698,6,4
mfcc_17_std,0.004088967107236385,6,4
mfcc_10_p90,0.004045399837195873,6,4
bandwidth_mean,0.004016461782157421,6,4
spectral_entropy_p10,0.003999238833785057,6,4
centroid_mean,0.0039768829010427,6,4
mfcc_14_p90,0.0039671012200415134,6,4
centroid_p10,0.003937984351068735,6,4
mfcc_delta_13_p10,0.003913001623004675,6,4
mfcc_delta_19_std,0.0038691589143127203,6,4
mfcc_2_std,0.00383649836294353,6,4
contrast_5_p10,0.003707562107592821,6,4
mfcc_12_std,0.003690402489155531,6,4
contrast_2_p90,0.10121644288301468,7,0
mfcc_15_std,0.07432045042514801,7,0
mfcc_14_std,0.05111874267458916,7,0
contrast_3_p10,0.03939983993768692,7,0
rms_p10,0.026081645861268044,7,0
zero_crossing_rate_std,0.025680942460894585,7,0
contrast_3_mean,0.021430907770991325,7,0
dominant_frequency,0.021357692778110504,7,0
mfcc_13_std,0.020337913185358047,7,0
contrast_2_mean,0.018214082345366478,7,0
contrast_2_std,0.01781066693365574,7,0
mfcc_2_mean,0.014651205390691757,7,0
zero_crossing_rate_mean,0.011907437816262245,7,0
mfcc_16_std,0.011712634935975075,7,0
contrast_4_p90,0.010523948818445206,7,0
contrast_3_p90,0.009236629121005535,7,0
mfcc_19_std,0.009027055464684963,7,0
mfcc_0_p10,0.00885188952088356,7,0
mfcc_9_std,0.008755565620958805,7,0
flatness_p10,0.008657796308398247,7,0
contrast_5_mean,0.008596466854214668,7,0
zero_crossing_rate_p10,0.007730312645435333,7,0
zero_crossing_rate_p90,0.007637101225554943,7,0
rolloff85_p10,0.007351721171289682,7,0
mfcc_8_std,0.006578813772648573,7,0
mfcc_delta_0_p10,0.006437239702790976,7,0
rms_std,0.006369895301759243,7,0
mfcc_delta_8_std,0.006253417581319809,7,0
rms_p90,0.006185881327837706,7,0
mfcc_3_mean,0.006158964708447456,7,0
flatness_mean,0.006126152817159891,7,0
dominant_frequency_ratio,0.005929450038820505,7,0
contrast_1_p90,0.005842328071594238,7,0
mfcc_12_p10,0.005832536146044731,7,0
mfcc_delta_1_p90,0.0057043046690523624,7,0
centroid_std,0.005394798703491688,7,0
mfcc_18_std,0.0052431258372962475,7,0
mfcc_delta_15_p90,0.005226049572229385,7,0
mfcc_delta_15_std,0.005171738564968109,7,0
contrast_1_std,0.005137911532074213,7,0
mfcc_delta_14_std,0.004994682967662811,7,0
mfcc_delta_1_p10,0.0048310356214642525,7,0
mfcc_7_std,0.004791155457496643,7,0
bandwidth_p90,0.0047566695138812065,7,0
rolloff85_std,0.004454154521226883,7,0
mfcc_1_p90,0.004427827894687653,7,0
mfcc_12_std,0.004355812910944223,7,0
mfcc_delta_3_std,0.004266771953552961,7,0
mfcc_delta_1_std,0.004206551238894463,7,0
contrast_3_std,0.004145771265029907,7,0
mfcc_5_mean,0.003939163871109486,7,0
mfcc_delta_0_std,0.0039311847649514675,7,0
mfcc_delta_0_p90,0.0038213522639125586,7,0
contrast_1_p10,0.003674817504361272,7,0
mfcc_17_std,0.0036023310385644436,7,0
spectral_entropy_p10,0.003597765928134322,7,0
flatness_p90,0.003595139365643263,7,0
mfcc_delta_6_std,0.003493842901661992,7,0
flatness_std,0.0034491291735321283,7,0
mfcc_0_mean,0.0034097309689968824,7,0
contrast_2_p90,0.10970071703195572,7,1
mfcc_15_std,0.06415896862745285,7,1
mfcc_14_std,0.051258351653814316,7,1
rms_p10,0.036513254046440125,7,1
contrast_3_mean,0.03195255249738693,7,1
zero_crossing_rate_std,0.020494334399700165,7,1
contrast_2_std,0.018300052732229233,7,1
mfcc_13_std,0.016927948221564293,7,1
contrast_3_p10,0.01644880510866642,7,1
contrast_2_mean,0.016236452385783195,7,1
dominant_frequency,0.016010593622922897,7,1
mfcc_11_p10,0.012125126086175442,7,1
contrast_3_p90,0.0114545077085495,7,1
mfcc_16_std,0.011423678137362003,7,1
rms_p90,0.011103159748017788,7,1
flatness_p10,0.011022916063666344,7,1
zero_crossing_rate_mean,0.01051633432507515,7,1
zero_crossing_rate_p10,0.010350652039051056,7,1
rms_mean,0.008921177126467228,7,1
zero_crossing_rate_p90,0.008872791193425655,7,1
flatness_mean,0.00861278921365738,7,1
flatness_std,0.008068067952990532,7,1
mfcc_9_std,0.007358118426054716,7,1
contrast_4_p90,0.0069588422775268555,7,1
mfcc_13_p10,0.006838121917098761,7,1
rms_std,0.006777641829103231,7,1
mfcc_delta_1_p10,0.006609703414142132,7,1
mfcc_14_p90,0.006380511913448572,7,1
mfcc_8_std,0.006343412678688765,7,1
mfcc_delta_7_p10,0.00629041763022542,7,1
flatness_p90,0.005923813674598932,7,1
contrast_4_std,0.005802363622933626,7,1
mfcc_15_p10,0.00579111510887742,7,1
mfcc_delta_15_std,0.005692801438271999,7,1
mfcc_delta_7_p90,0.005691586993634701,7,1
contrast_3_std,0.005660546012222767,7,1
mfcc_delta_0_p10,0.005620534997433424,7,1
spectral_entropy_mean,0.005569783505052328,7,1
mfcc_7_std,0.005316738039255142,7,1
rolloff85_p10,0.005213743541389704,7,1
mfcc_19_std,0.005075179506093264,7,1
mfcc_delta_0_std,0.005043637473136187,7,1
mfcc_11_mean,0.004914912860840559,7,1
mfcc_0_p10,0.004780139308422804,7,1
mfcc_14_p10,0.00475236214697361,7,1
mfcc_delta_1_p90,0.004749072249978781,7,1
bandwidth_mean,0.00469086691737175,7,1
mfcc_1_mean,0.00444837287068367,7,1
dominant_frequency_ratio,0.0044098286889493465,7,1
mfcc_1_p90,0.004265426192432642,7,1
centroid_p10,0.004260426387190819,7,1
mfcc_4_std,0.004255813546478748,7,1
mfcc_17_std,0.004165321122854948,7,1
mfcc_delta_14_std,0.004033910576254129,7,1
contrast_1_p90,0.0039271698333323,7,1
mfcc_14_mean,0.00391305610537529,7,1
mfcc_7_p10,0.0038295751437544823,7,1
spectral_entropy_p10,0.0038199780974537134,7,1
contrast_1_std,0.0037563396617770195,7,1
mfcc_delta_4_p90,0.003578603034839034,7,1
contrast_2_p90,0.09329238533973694,7,2
contrast_3_p90,0.07554011791944504,7,2
mfcc_14_std,0.05852865055203438,7,2
mfcc_15_std,0.058299217373132706,7,2
contrast_3_mean,0.03651579096913338,7,2
rms_p10,0.033352311700582504,7,2
mfcc_13_std,0.018101228401064873,7,2
mfcc_9_std,0.017313044518232346,7,2
rms_mean,0.015783660113811493,7,2
zero_crossing_rate_p90,0.015721671283245087,7,2
contrast_4_p90,0.01537786703556776,7,2
contrast_2_mean,0.01469099149107933,7,2
mfcc_16_std,0.014420697465538979,7,2
dominant_frequency,0.013635295443236828,7,2
contrast_2_std,0.013583214953541756,7,2
mfcc_19_std,0.011645296588540077,7,2
mfcc_8_std,0.010993116535246372,7,2
rms_p90,0.010012021288275719,7,2
mfcc_7_std,0.009777873754501343,7,2
contrast_1_std,0.007531981449574232,7,2
mfcc_delta_8_std,0.007351733278483152,7,2
dominant_frequency_ratio,0.007043748628348112,7,2
spectral_entropy_mean,0.0064919935539364815,7,2
contrast_3_std,0.006368816364556551,7,2
mfcc_delta_0_p90,0.006360803730785847,7,2
zero_crossing_rate_std,0.006096402648836374,7,2
zero_crossing_rate_p10,0.0060592470690608025,7,2
mfcc_17_std,0.006028304807841778,7,2
flatness_p90,0.005949919577687979,7,2
mfcc_11_p90,0.005894209258258343,7,2
spectral_entropy_p10,0.005890396889299154,7,2
mfcc_delta_0_p10,0.005833827890455723,7,2
flatness_p10,0.0056791724637150764,7,2
mfcc_delta_8_p90,0.005165649112313986,7,2
mfcc_3_p90,0.005044248420745134,7,2
mfcc_4_mean,0.004999523051083088,7,2
contrast_4_std,0.004936929792165756,7,2
mfcc_14_p90,0.004874581936746836,7,2
mfcc_delta_3_p10,0.004767006263136864,7,2
mfcc_18_std,0.004619067534804344,7,2
zero_crossing_rate_mean,0.004516794811934233,7,2
mfcc_0_mean,0.004476339090615511,7,2
rms_std,0.0043173376470804214,7,2
mfcc_delta_0_std,0.004283848684281111,7,2
contrast_3_p10,0.004275001585483551,7,2
mfcc_delta_14_std,0.004232996143400669,7,2
mfcc_4_p90,0.0041933804750442505,7,2
flatness_mean,0.0041668289341032505,7,2
mfcc_1_mean,0.004115617834031582,7,2
mfcc_delta_1_std,0.00410277396440506,7,2
rolloff85_std,0.003826642408967018,7,2
flatness_std,0.0037405784241855145,7,2
spectral_entropy_p90,0.0037403213791549206,7,2
mfcc_13_p10,0.0037372056394815445,7,2
mfcc_delta_13_std,0.0036157595459371805,7,2
rolloff85_p10,0.0035262450110167265,7,2
mfcc_1_std,0.0034890426322817802,7,2
mfcc_delta_7_std,0.00347948563285172,7,2
mfcc_4_p10,0.0033880705013871193,7,2
mfcc_6_mean,0.003385546850040555,7,2
contrast_2_p90,0.0852004736661911,7,3
mfcc_15_std,0.06565294414758682,7,3
mfcc_14_std,0.05127362161874771,7,3
rms_p10,0.03533119708299637,7,3
contrast_2_std,0.03295576944947243,7,3
contrast_3_mean,0.027752511203289032,7,3
mfcc_13_std,0.01991182565689087,7,3
mfcc_8_std,0.01817738637328148,7,3
mfcc_16_std,0.017465323209762573,7,3
mfcc_19_std,0.016123952344059944,7,3
contrast_1_std,0.01399347372353077,7,3
mfcc_9_std,0.013617455027997494,7,3
zero_crossing_rate_p90,0.011248494498431683,7,3
zero_crossing_rate_std,0.011185863055288792,7,3
contrast_3_p90,0.011177741922438145,7,3
dominant_frequency,0.010977067984640598,7,3
mfcc_delta_15_std,0.010371037758886814,7,3
mfcc_17_p10,0.009464018046855927,7,3
dominant_frequency_ratio,0.009069584310054779,7,3
rms_std,0.008943119086325169,7,3
rms_mean,0.008193294517695904,7,3
mfcc_13_p10,0.008046883158385754,7,3
mfcc_delta_1_std,0.007751557044684887,7,3
flatness_p10,0.007622748147696257,7,3
spectral_entropy_mean,0.00743306428194046,7,3
zero_crossing_rate_mean,0.0074079446494579315,7,3
rms_p90,0.007390599697828293,7,3
contrast_2_mean,0.007337917573750019,7,3
mfcc_0_p10,0.007222241722047329,7,3
spectral_entropy_p90,0.007058373652398586,7,3
zero_crossing_rate_p10,0.007017551455646753,7,3
mfcc_delta_7_p90,0.006104972679167986,7,3
rolloff85_p10,0.00584043562412262,7,3
mfcc_7_std,0.005834199488162994,7,3
mfcc_14_p90,0.005816583521664143,7,3
mfcc_14_p10,0.005694357678294182,7,3
contrast_3_std,0.005430897697806358,7,3
mfcc_delta_8_p10,0.005374344997107983,7,3
flatness_p90,0.005241907201707363,7,3
spectral_entropy_p10,0.004833932965993881,7,3
flatness_mean,0.004753514658659697,7,3
mfcc_delta_14_std,0.004645689856261015,7,3
contrast_4_std,0.004531119950115681,7,3
mfcc_1_mean,0.004473639652132988,7,3
mfcc_delta_19_p10,0.0044479528442025185,7,3
mfcc_delta_7_p10,0.004344450309872627,7,3
mfcc_delta_0_mean,0.0042741005308926105,7,3
contrast_4_p90,0.004272165708243847,7,3
mfcc_13_p90,0.004029873758554459,7,3
mfcc_delta_6_std,0.0039933789521455765,7,3
contrast_5_mean,0.0039863912388682365,7,3
mfcc_delta_0_std,0.003966584801673889,7,3
mfcc_delta_5_p10,0.0039588757790625095,7,3
mfcc_15_p10,0.0038909600116312504,7,3
contrast_3_p10,0.003886641003191471,7,3
centroid_std,0.0038563297130167484,7,3
mfcc_delta_8_p90,0.003847600193694234,7,3
mfcc_delta_2_p90,0.0036947878543287516,7,3
mfcc_delta_6_p90,0.0036858415696769953,7,3
mfcc_delta_0_p90,0.0035458714701235294,7,3
contrast_2_p90,0.0824965238571167,7,4
mfcc_15_std,0.05631551519036293,7,4
contrast_2_std,0.0427706353366375,7,4
mfcc_14_std,0.042532723397016525,7,4
rms_p10,0.026965707540512085,7,4
contrast_3_mean,0.021574921905994415,7,4
mfcc_13_std,0.018010500818490982,7,4
contrast_1_std,0.017873622477054596,7,4
mfcc_9_std,0.017805464565753937,7,4
zero_crossing_rate_p90,0.01345460582524538,7,4
dominant_frequency,0.013017804361879826,7,4
contrast_5_p10,0.011545869521796703,7,4
mfcc_16_std,0.01146099716424942,7,4
mfcc_13_p10,0.011254996992647648,7,4
contrast_4_std,0.011148029007017612,7,4
contrast_3_p90,0.010890573263168335,7,4
zero_crossing_rate_std,0.010023626498878002,7,4
mfcc_7_std,0.00976056233048439,7,4
mfcc_17_p10,0.009251403622329235,7,4
contrast_4_p90,0.009040598757565022,7,4
contrast_2_mean,0.00862423051148653,7,4
mfcc_8_std,0.008456501178443432,7,4
mfcc_14_p10,0.008359811268746853,7,4
mfcc_delta_0_p10,0.00831974484026432,7,4
mfcc_19_std,0.008302498608827591,7,4
contrast_5_p90,0.007774675264954567,7,4
zero_crossing_rate_p10,0.007586731109768152,7,4
bandwidth_p10,0.007455700077116489,7,4
mfcc_delta_0_p90,0.007322818040847778,7,4
bandwidth_p90,0.007208358962088823,7,4
contrast_3_std,0.006942599080502987,7,4
rms_p90,0.00692646624520421,7,4
mfcc_15_p10,0.006851475685834885,7,4
rms_mean,0.006804813630878925,7,4
mfcc_1_p10,0.005940874572843313,7,4
mfcc_delta_0_std,0.005907054990530014,7,4
mfcc_1_mean,0.005819002632051706,7,4
bandwidth_mean,0.005766586866229773,7,4
mfcc_15_p90,0.005488390102982521,7,4
mfcc_7_p10,0.005434302147477865,7,4
mfcc_7_mean,0.0053410823456943035,7,4
mfcc_delta_1_std,0.0051737320609390736,7,4
spectral_entropy_mean,0.005167510826140642,7,4
mfcc_3_p10,0.004950862377882004,7,4
flatness_p10,0.00491868844255805,7,4
flatness_std,0.0048574358224868774,7,4
zero_crossing_rate_mean,0.004829609300941229,7,4
rolloff85_p90,0.004815054126083851,7,4
mfcc_14_p90,0.004756241105496883,7,4
spectral_entropy_p10,0.004711547400802374,7,4
mfcc_8_p10,0.004658321850001812,7,4
bandwidth_std,0.004357677418738604,7,4
centroid_std,0.004069032147526741,7,4
rolloff85_p10,0.004047085996717215,7,4
rms_std,0.004046691581606865,7,4
mfcc_1_std,0.0039955624379217625,7,4
mfcc_0_mean,0.003944160882383585,7,4
mfcc_13_p90,0.003937639761716127,7,4
mfcc_3_mean,0.0039255390875041485,7,4
mfcc_delta_8_p90,0.003774565178900957,7,4
contrast_2_p90,0.0760846808552742,8,0
mfcc_15_std,0.05611173063516617,8,0
mfcc_14_std,0.05420788750052452,8,0
zero_crossing_rate_std,0.03307958319783211,8,0
contrast_3_p10,0.032506320625543594,8,0
rms_p10,0.031059343367815018,8,0
contrast_3_mean,0.023090802133083344,8,0
mfcc_13_std,0.019828030839562416,8,0
contrast_2_mean,0.01930183544754982,8,0
dominant_frequency,0.017149657011032104,8,0
contrast_2_std,0.017119722440838814,8,0
mfcc_16_std,0.014004153199493885,8,0
mfcc_9_std,0.012582052499055862,8,0
zero_crossing_rate_mean,0.012023125775158405,8,0
contrast_3_p90,0.010803724639117718,8,0
mfcc_2_mean,0.010774925351142883,8,0
contrast_5_mean,0.010497193783521652,8,0
zero_crossing_rate_p10,0.009104733355343342,8,0
rolloff85_p10,0.008685041218996048,8,0
mfcc_19_std,0.008373331278562546,8,0
mfcc_14_p90,0.008333076722919941,8,0
mfcc_8_std,0.007753588724881411,8,0
flatness_p10,0.007507277652621269,8,0
mfcc_delta_0_p10,0.007272171322256327,8,0
mfcc_1_p90,0.006883233319967985,8,0
rms_p90,0.006821106653660536,8,0
zero_crossing_rate_p90,0.006522148847579956,8,0
rms_std,0.006304755806922913,8,0
mfcc_delta_1_p90,0.0060206083580851555,8,0
mfcc_7_std,0.005970196332782507,8,0
mfcc_delta_1_p10,0.005952216684818268,8,0
mfcc_0_p10,0.005950927268713713,8,0
mfcc_12_p10,0.005920225754380226,8,0
mfcc_2_p90,0.005866199266165495,8,0
spectral_entropy_mean,0.005820483900606632,8,0
mfcc_delta_8_std,0.005629213992506266,8,0
mfcc_17_std,0.005439765751361847,8,0
contrast_4_p90,0.005372497718781233,8,0
contrast_1_std,0.005308451130986214,8,0
contrast_1_p90,0.004926333669573069,8,0
mfcc_3_p90,0.004808120895177126,8,0
mfcc_delta_14_std,0.004776980262249708,8,0
mfcc_14_p10,0.004738967400044203,8,0
mfcc_3_mean,0.004735195077955723,8,0
mfcc_17_p90,0.004664028529077768,8,0
mfcc_delta_1_std,0.004573773127049208,8,0
mfcc_delta_0_p90,0.0045673418790102005,8,0
mfcc_5_p90,0.004472906701266766,8,0
dominant_frequency_ratio,0.004438044968992472,8,0
centroid_std,0.004415751434862614,8,0
flatness_mean,0.004386842250823975,8,0
mfcc_15_p10,0.004293295554816723,8,0
rms_mean,0.004274355713278055,8,0
mfcc_18_std,0.004266551695764065,8,0
mfcc_delta_15_std,0.004255852196365595,8,0
mfcc_13_p10,0.00413545174524188,8,0
bandwidth_mean,0.004118719603866339,8,0
mfcc_15_p90,0.00409560976549983,8,0
contrast_5_p10,0.004074304364621639,8,0
mfcc_19_p90,0.004003987181931734,8,0
contrast_2_p90,0.11164188385009766,8,1
mfcc_15_std,0.057783372700214386,8,1
mfcc_14_std,0.04980596527457237,8,1
rms_p10,0.03979657217860222,8,1
contrast_3_mean,0.03189171850681305,8,1
zero_crossing_rate_std,0.02324676513671875,8,1
mfcc_13_std,0.02038297988474369,8,1
contrast_2_mean,0.01940884068608284,8,1
dominant_frequency,0.016478316858410835,8,1
contrast_2_std,0.015748951584100723,8,1
contrast_3_p90,0.015023321844637394,8,1
contrast_3_p10,0.013325217179954052,8,1
zero_crossing_rate_mean,0.012991032563149929,8,1
flatness_p10,0.0121028833091259,8,1
mfcc_16_std,0.011843394488096237,8,1
rms_p90,0.0095891822129488,8,1
flatness_mean,0.009091801010072231,8,1
zero_crossing_rate_p90,0.00849352590739727,8,1
rms_mean,0.008399860933423042,8,1
mfcc_delta_1_p10,0.008347269147634506,8,1
zero_crossing_rate_p10,0.008146331645548344,8,1
flatness_std,0.007769131567329168,8,1
rms_std,0.007718875538557768,8,1
contrast_3_std,0.007447804789990187,8,1
contrast_4_p90,0.0072803921066224575,8,1
mfcc_delta_7_p10,0.00701060239225626,8,1
contrast_4_std,0.006956637371331453,8,1
mfcc_9_std,0.006721110083162785,8,1
mfcc_14_p90,0.006599167361855507,8,1
mfcc_delta_0_p10,0.006550394464284182,8,1
mfcc_11_mean,0.006395197939127684,8,1
mfcc_19_std,0.006316447630524635,8,1
mfcc_7_std,0.005857090000063181,8,1
mfcc_14_p10,0.005826590117067099,8,1
mfcc_delta_15_std,0.005819930694997311,8,1
mfcc_8_std,0.005775779485702515,8,1
mfcc_delta_1_p90,0.00576896732673049,8,1
mfcc_delta_7_p90,0.005759231746196747,8,1
mfcc_13_p10,0.005697953514754772,8,1
mfcc_delta_0_std,0.005380148533731699,8,1
mfcc_delta_6_p90,0.005202701780945063,8,1
mfcc_delta_0_p90,0.004786951467394829,8,1
flatness_p90,0.00464259646832943,8,1
bandwidth_mean,0.004483658354729414,8,1
mfcc_4_mean,0.004423269536346197,8,1
mfcc_15_p10,0.004388836678117514,8,1
mfcc_delta_8_std,0.004232609178870916,8,1
mfcc_5_p10,0.004112180322408676,8,1
rolloff85_p10,0.004056746605783701,8,1
centroid_p10,0.00403811177238822,8,1
mfcc_17_std,0.003996874671429396,8,1
dominant_frequency_ratio,0.003992636222392321,8,1
mfcc_3_mean,0.003991073463112116,8,1
mfcc_delta_14_std,0.003977861721068621,8,1
mfcc_delta_15_p10,0.0038394613657146692,8,1
mfcc_3_p10,0.003788603702560067,8,1
mfcc_delta_8_p90,0.0036310714203864336,8,1
mfcc_1_p90,0.003610807005316019,8,1
mfcc_0_p10,0.0035961936227977276,8,1
mfcc_0_mean,0.003594989888370037,8,1
contrast_3_p90,0.08349377661943436,8,2
mfcc_15_std,0.06277181208133698,8,2
contrast_2_p90,0.059846531599760056,8,2
mfcc_14_std,0.036835528910160065,8,2
rms_p10,0.03528120741248131,8,2
contrast_3_mean,0.02837672084569931,8,2
mfcc_9_std,0.024399342015385628,8,2
contrast_4_p90,0.0204301904886961,8,2
contrast_2_mean,0.018390532582998276,8,2
zero_crossing_rate_p90,0.017371267080307007,8,2
rms_mean,0.016055168583989143,8,2
contrast_2_std,0.013936704024672508,8,2
mfcc_13_std,0.013882544822990894,8,2
mfcc_16_std,0.013773445971310139,8,2
mfcc_7_std,0.011886854656040668,8,2
mfcc_8_std,0.011687851510941982,8,2
mfcc_19_std,0.011345082893967628,8,2
zero_crossing_rate_std,0.009961551055312157,8,2
dominant_frequency_ratio,0.009499958716332912,8,2
contrast_3_std,0.009469353593885899,8,2
rms_p90,0.008584652096033096,8,2
dominant_frequency,0.007894295267760754,8,2
spectral_entropy_p10,0.007619081065058708,8,2
mfcc_3_p90,0.007584996055811644,8,2
zero_crossing_rate_mean,0.0069117737002670765,8,2
spectral_entropy_mean,0.006702171638607979,8,2
mfcc_14_p90,0.00668826000764966,8,2
flatness_p10,0.006610022392123938,8,2
contrast_1_std,0.006463414523750544,8,2
mfcc_13_p10,0.006399518344551325,8,2
mfcc_17_std,0.006351334508508444,8,2
mfcc_14_p10,0.006123341619968414,8,2
mfcc_18_std,0.006092576310038567,8,2
mfcc_11_p90,0.005885915365070105,8,2
zero_crossing_rate_p10,0.005776443053036928,8,2
mfcc_delta_15_std,0.005428175907582045,8,2
flatness_p90,0.005219714716076851,8,2
mfcc_0_mean,0.005005131475627422,8,2
mfcc_4_mean,0.0049009197391569614,8,2
flatness_mean,0.0047423322685062885,8,2
mfcc_delta_8_std,0.0045367819257080555,8,2
mfcc_0_p10,0.00444928091019392,8,2
mfcc_delta_14_std,0.0044413963332772255,8,2
contrast_4_std,0.004424354527145624,8,2
mfcc_delta_1_p10,0.00421590032055974,8,2
mfcc_10_std,0.0041935681365430355,8,2
mfcc_1_mean,0.004182723816484213,8,2
mfcc_delta_0_std,0.004152328707277775,8,2
spectral_entropy_p90,0.004110712092369795,8,2
flatness_std,0.004066738300025463,8,2
mfcc_delta_0_p10,0.003923982381820679,8,2
mfcc_18_p90,0.003848271444439888,8,2
centroid_mean,0.0038296340499073267,8,2
mfcc_13_p90,0.003815582487732172,8,2
mfcc_4_p90,0.0038052916061133146,8,2
mfcc_delta_1_std,0.0037942659109830856,8,2
mfcc_delta_0_p90,0.00374233047477901,8,2
rolloff85_mean,0.003500254126265645,8,2
rolloff85_p10,0.003492341609671712,8,2
mfcc_4_p10,0.0034887094516307116,8,2
contrast_2_p90,0.08773661404848099,8,3
mfcc_15_std,0.05966110900044441,8,3
mfcc_14_std,0.04955103620886803,8,3
rms_p10,0.032959844917058945,8,3
contrast_2_std,0.03265923634171486,8,3
contrast_3_mean,0.02614782564342022,8,3
mfcc_16_std,0.020753463730216026,8,3
mfcc_9_std,0.016843492165207863,8,3
mfcc_13_std,0.016737373545765877,8,3
mfcc_8_std,0.01589401252567768,8,3
contrast_1_std,0.015874791890382767,8,3
dominant_frequency,0.014186471700668335,8,3
mfcc_19_std,0.014148527756333351,8,3
contrast_3_p90,0.012464744038879871,8,3
rms_std,0.010554084554314613,8,3
zero_crossing_rate_std,0.010376229882240295,8,3
mfcc_delta_0_mean,0.010342833586037159,8,3
zero_crossing_rate_p90,0.010293505154550076,8,3
zero_crossing_rate_mean,0.008697036653757095,8,3
spectral_entropy_mean,0.008591199293732643,8,3
mfcc_13_p10,0.008553948253393173,8,3
rms_p90,0.008176530711352825,8,3
dominant_frequency_ratio,0.007939955219626427,8,3
mfcc_1_mean,0.00755199184641242,8,3
mfcc_delta_1_std,0.007289258297532797,8,3
contrast_2_mean,0.00726931681856513,8,3
flatness_p10,0.0072497217915952206,8,3
spectral_entropy_p90,0.007194860838353634,8,3
mfcc_delta_15_std,0.006704073399305344,8,3
mfcc_17_p10,0.006635171826928854,8,3
mfcc_delta_6_p90,0.006613976322114468,8,3
mfcc_15_p10,0.006255992688238621,8,3
mfcc_delta_8_p90,0.0062333969399333,8,3
mfcc_7_std,0.00605764240026474,8,3
mfcc_delta_14_p90,0.005991119891405106,8,3
mfcc_delta_0_p90,0.005761799868196249,8,3
rms_mean,0.005726392846554518,8,3
zero_crossing_rate_p10,0.005668755155056715,8,3
contrast_5_mean,0.005667726043611765,8,3
mfcc_14_p90,0.005511036142706871,8,3
spectral_entropy_p10,0.005393575876951218,8,3
contrast_3_std,0.005355548579245806,8,3
mfcc_delta_14_std,0.005324853118509054,8,3
mfcc_14_p10,0.005221566651016474,8,3
contrast_4_std,0.004685679450631142,8,3
contrast_4_p90,0.004589261952787638,8,3
mfcc_delta_1_p10,0.0044753397814929485,8,3
centroid_p90,0.004469544626772404,8,3
mfcc_0_mean,0.004450806882232428,8,3
mfcc_delta_0_std,0.004444087855517864,8,3
mfcc_15_p90,0.004433590453118086,8,3
flatness_p90,0.0044268411584198475,8,3
mfcc_delta_1_p90,0.004414994735270739,8,3
flatness_mean,0.004374314099550247,8,3
mfcc_delta_19_std,0.0043082283809781075,8,3
mfcc_delta_14_p10,0.004223739728331566,8,3
mfcc_delta_0_p10,0.004112836439162493,8,3
bandwidth_p90,0.0040863752365112305,8,3
mfcc_1_p90,0.00406052777543664,8,3
mfcc_delta_7_p90,0.004031520336866379,8,3
contrast_2_p90,0.06386995315551758,8,4
mfcc_15_std,0.05669422447681427,8,4
contrast_2_std,0.050464849919080734,8,4
mfcc_14_std,0.043453775346279144,8,4
rms_p10,0.02831801399588585,8,4
contrast_1_std,0.019460324198007584,8,4
mfcc_13_std,0.0180689487606287,8,4
contrast_3_mean,0.01646813191473484,8,4
mfcc_9_std,0.015858331695199013,8,4
dominant_frequency,0.015365802682936192,8,4
mfcc_7_std,0.013054420240223408,8,4
zero_crossing_rate_p90,0.012904640287160873,8,4
zero_crossing_rate_std,0.012257085181772709,8,4
mfcc_13_p10,0.011548968963325024,8,4
mfcc_17_p10,0.011419665068387985,8,4
contrast_3_p90,0.011101801879703999,8,4
mfcc_16_std,0.011095932684838772,8,4
contrast_5_p10,0.010984007269144058,8,4
mfcc_delta_0_p10,0.010198844596743584,8,4
mfcc_14_p10,0.00923085119575262,8,4
contrast_4_std,0.009129251353442669,8,4
contrast_5_p90,0.008872722275555134,8,4
mfcc_15_p10,0.008766149170696735,8,4
contrast_3_std,0.008294512517750263,8,4
contrast_4_p90,0.008011505007743835,8,4
contrast_2_mean,0.007943631149828434,8,4
mfcc_19_std,0.007743106689304113,8,4
spectral_entropy_mean,0.00739262904971838,8,4
rms_p90,0.00694364495575428,8,4
zero_crossing_rate_p10,0.006704087369143963,8,4
contrast_5_mean,0.006583098322153091,8,4
mfcc_delta_0_p90,0.006563328672200441,8,4
rms_mean,0.006547798868268728,8,4
mfcc_8_std,0.005823501851409674,8,4
mfcc_delta_0_std,0.005800293758511543,8,4
spectral_entropy_p90,0.005762153305113316,8,4
mfcc_1_p10,0.0056239706464111805,8,4
rolloff85_p10,0.005575158167630434,8,4
bandwidth_p90,0.005531447008252144,8,4
mfcc_delta_1_std,0.005322316195815802,8,4
zero_crossing_rate_mean,0.0053023057989776134,8,4
rolloff85_p90,0.005260806530714035,8,4
flatness_p10,0.005256377160549164,8,4
mfcc_delta_7_p10,0.005200437270104885,8,4
mfcc_3_mean,0.005051954183727503,8,4
flatness_std,0.005020362790673971,8,4
rolloff85_mean,0.0050161294639110565,8,4
bandwidth_p10,0.00489044887945056,8,4
flatness_p90,0.0047540259547531605,8,4
mfcc_0_p10,0.004753704182803631,8,4
centroid_p90,0.004745743237435818,8,4
mfcc_15_p90,0.004489354323595762,8,4
contrast_1_p90,0.004478859715163708,8,4
mfcc_0_mean,0.004367419984191656,8,4
mfcc_8_p10,0.004319506231695414,8,4
mfcc_14_p90,0.0042214468121528625,8,4
bandwidth_std,0.004198045935481787,8,4
mfcc_delta_15_p10,0.004155134316533804,8,4
rms_std,0.004028537310659885,8,4
mfcc_delta_13_p90,0.004006973933428526,8,4
contrast_2_p90,0.08440291881561279,9,0
mfcc_15_std,0.06292444467544556,9,0
mfcc_14_std,0.04309608414769173,9,0
contrast_3_p10,0.03199276700615883,9,0
rms_p10,0.031488530337810516,9,0
zero_crossing_rate_std,0.029749250039458275,9,0
contrast_3_mean,0.024821976199746132,9,0
contrast_2_mean,0.024073855951428413,9,0
mfcc_13_std,0.021403726190328598,9,0
dominant_frequency,0.01930437795817852,9,0
mfcc_16_std,0.016789713874459267,9,0
contrast_2_std,0.016244081780314445,9,0
contrast_3_p90,0.013025971129536629,9,0
mfcc_14_p90,0.01182503066956997,9,0
zero_crossing_rate_mean,0.011394593864679337,9,0
mfcc_19_std,0.00984625332057476,9,0
mfcc_2_mean,0.009607330895960331,9,0
zero_crossing_rate_p90,0.00838293507695198,9,0
contrast_5_mean,0.008097979240119457,9,0
flatness_p10,0.008027316071093082,9,0
mfcc_9_std,0.007136670406907797,9,0
zero_crossing_rate_p10,0.007107352837920189,9,0
mfcc_12_p10,0.0071060373447835445,9,0
mfcc_3_p10,0.007045992184430361,9,0
mfcc_delta_1_p10,0.0069542317651212215,9,0
mfcc_1_p90,0.006914753466844559,9,0
rms_std,0.00685077765956521,9,0
rolloff85_p10,0.006575968116521835,9,0
mfcc_delta_8_p90,0.006377759389579296,9,0
mfcc_delta_0_p10,0.0061965277418494225,9,0
mfcc_3_mean,0.006035735365003347,9,0
mfcc_8_std,0.0058930255472660065,9,0
mfcc_delta_15_std,0.005889615509659052,9,0
dominant_frequency_ratio,0.005787288770079613,9,0
contrast_4_mean,0.005747441668063402,9,0
mfcc_7_std,0.005743009969592094,9,0
rms_p90,0.005714905448257923,9,0
mfcc_13_p10,0.005655613262206316,9,0
mfcc_delta_8_std,0.005460924003273249,9,0
rms_mean,0.005361582152545452,9,0
contrast_4_p90,0.0052781435661017895,9,0
mfcc_0_p10,0.005261387676000595,9,0
mfcc_12_std,0.005050294101238251,9,0
mfcc_delta_1_p90,0.0048335944302380085,9,0
contrast_4_std,0.004744833335280418,9,0
contrast_1_std,0.004483436234295368,9,0
flatness_mean,0.0043732174672186375,9,0
mfcc_delta_0_std,0.004372299183160067,9,0
mfcc_15_p90,0.004323442932218313,9,0
mfcc_delta_14_std,0.00427686981856823,9,0
mfcc_14_p10,0.004181937780231237,9,0
mfcc_1_std,0.004147815518081188,9,0
mfcc_delta_19_p10,0.004120836034417152,9,0
mfcc_16_p10,0.004082890693098307,9,0
mfcc_15_p10,0.0040532732382416725,9,0
mfcc_delta_15_p90,0.00388955301605165,9,0
mfcc_3_p90,0.0038853385485708714,9,0
mfcc_delta_7_p10,0.0037760459817945957,9,0
contrast_3_std,0.0037756452802568674,9,0
mfcc_delta_0_p90,0.0037411057855933905,9,0
contrast_2_p90,0.1071755588054657,9,1
mfcc_15_std,0.06270548701286316,9,1
mfcc_14_std,0.04879382997751236,9,1
rms_p10,0.0384962372481823,9,1
contrast_3_mean,0.03210211172699928,9,1
zero_crossing_rate_std,0.019950278103351593,9,1
dominant_frequency,0.019767992198467255,9,1
contrast_3_p10,0.01917327381670475,9,1
contrast_2_mean,0.018023673444986343,9,1
contrast_2_std,0.016830721870064735,9,1
mfcc_13_std,0.014633006416261196,9,1
contrast_3_p90,0.01294663641601801,9,1
flatness_p10,0.011693100444972515,9,1
contrast_4_p90,0.011599400080740452,9,1
rms_p90,0.011255874298512936,9,1
mfcc_16_std,0.010847019031643867,9,1
zero_crossing_rate_mean,0.010353854857385159,9,1
zero_crossing_rate_p90,0.010059873573482037,9,1
zero_crossing_rate_p10,0.00995070580393076,9,1
flatness_mean,0.009623710066080093,9,1
flatness_std,0.007951526902616024,9,1
mfcc_9_std,0.0073309545405209064,9,1
rms_mean,0.007034768350422382,9,1
rms_std,0.006835669744759798,9,1
mfcc_13_p10,0.006823139730840921,9,1
mfcc_7_std,0.006727535743266344,9,1
mfcc_0_p10,0.006122685503214598,9,1
mfcc_delta_14_std,0.006105995737016201,9,1
mfcc_8_std,0.005896890535950661,9,1
mfcc_delta_15_std,0.00575269665569067,9,1
mfcc_delta_0_p10,0.005573360249400139,9,1
contrast_4_std,0.005488263443112373,9,1
rolloff85_p10,0.0053261579014360905,9,1
mfcc_delta_6_p90,0.005118108354508877,9,1
mfcc_delta_7_p10,0.005094172898679972,9,1
mfcc_11_mean,0.005074775777757168,9,1
mfcc_1_mean,0.004997820593416691,9,1
mfcc_19_std,0.004988707136362791,9,1
mfcc_14_p90,0.0049446881748735905,9,1
mfcc_delta_6_std,0.0049228244461119175,9,1
bandwidth_p10,0.004879211541265249,9,1
mfcc_1_p90,0.004764933604747057,9,1
mfcc_delta_1_p90,0.004615262150764465,9,1
flatness_p90,0.0045914300717413425,9,1
bandwidth_mean,0.004588259384036064,9,1
mfcc_15_p10,0.004515128210186958,9,1
mfcc_delta_8_p90,0.00448957085609436,9,1
mfcc_delta_3_p90,0.0044746194034814835,9,1
mfcc_delta_0_std,0.004473768640309572,9,1
contrast_3_std,0.004427040461450815,9,1
mfcc_delta_1_p10,0.00438168877735734,9,1
mfcc_delta_0_p90,0.004342078231275082,9,1
mfcc_2_p90,0.004257161635905504,9,1
spectral_entropy_mean,0.004255233332514763,9,1
dominant_frequency_ratio,0.004179475829005241,9,1
mfcc_delta_4_p10,0.00414050230756402,9,1
mfcc_delta_7_std,0.003940284252166748,9,1
mfcc_14_mean,0.003815187606960535,9,1
contrast_1_std,0.003760996740311384,9,1
mfcc_4_mean,0.003744173562154174,9,1
contrast_2_p90,0.09614495933055878,9,2
mfcc_15_std,0.07648254930973053,9,2
contrast_3_p90,0.061622254550457,9,2
mfcc_14_std,0.0497962087392807,9,2
rms_p10,0.03624706342816353,9,2
contrast_3_mean,0.035599905997514725,9,2
mfcc_9_std,0.02062174305319786,9,2
contrast_2_mean,0.020157868042588234,9,2
mfcc_13_std,0.01835469901561737,9,2
contrast_4_p90,0.017382731661200523,9,2
contrast_2_std,0.014510813169181347,9,2
zero_crossing_rate_p90,0.013648873195052147,9,2
rms_mean,0.013640662655234337,9,2
mfcc_16_std,0.013144521974027157,9,2
mfcc_19_std,0.011685468256473541,9,2
dominant_frequency,0.011578304693102837,9,2
rms_p90,0.011445453390479088,9,2
mfcc_7_std,0.01023850403726101,9,2
contrast_3_std,0.009046880528330803,9,2
mfcc_8_std,0.008951377123594284,9,2
mfcc_delta_15_std,0.007486296817660332,9,2
zero_crossing_rate_p10,0.007214566692709923,9,2
mfcc_delta_0_p90,0.006650529336184263,9,2
mfcc_14_p90,0.006510281469672918,9,2
contrast_1_std,0.006509759463369846,9,2
dominant_frequency_ratio,0.006475081667304039,9,2
mfcc_16_p10,0.0061890073120594025,9,2
mfcc_11_p90,0.006054178345948458,9,2
zero_crossing_rate_mean,0.005932023748755455,9,2
mfcc_18_std,0.005432826932519674,9,2
flatness_p90,0.005340295378118753,9,2
mfcc_delta_3_std,0.005288830026984215,9,2
mfcc_delta_0_std,0.005075160413980484,9,2
mfcc_delta_0_p10,0.0049702757969498634,9,2
mfcc_delta_3_p10,0.004965408239513636,9,2
flatness_p10,0.004930532071739435,9,2
zero_crossing_rate_std,0.0049100276082754135,9,2
mfcc_13_p10,0.0048432257026433945,9,2
mfcc_delta_7_std,0.0046319300308823586,9,2
mfcc_12_p10,0.004469894804060459,9,2
mfcc_17_std,0.004466794431209564,9,2
mfcc_delta_8_std,0.004172306042164564,9,2
contrast_3_p10,0.004101718310266733,9,2
contrast_4_std,0.004053948912769556,9,2
flatness_std,0.004017929546535015,9,2
mfcc_14_p10,0.003981843125075102,9,2
mfcc_delta_7_p90,0.00396569212898612,9,2
mfcc_delta_16_std,0.003949424251914024,9,2
mfcc_14_mean,0.003806944703683257,9,2
spectral_entropy_p90,0.0037950763944536448,9,2
mfcc_12_std,0.0037750303745269775,9,2
mfcc_delta_13_p90,0.0036543086171150208,9,2
mfcc_delta_13_std,0.0035015654284507036,9,2
mfcc_delta_1_p10,0.0034522826317697763,9,2
mfcc_4_p90,0.0034456460271030664,9,2
flatness_mean,0.003330415580421686,9,2
mfcc_delta_14_std,0.003321853233501315,9,2
mfcc_11_p10,0.0033053967636078596,9,2
contrast_5_p90,0.0031748460605740547,9,2
spectral_entropy_std,0.0031656604260206223,9,2
contrast_2_std,0.06736587733030319,9,3
mfcc_15_std,0.06118852272629738,9,3
contrast_2_p90,0.044014934450387955,9,3
mfcc_14_std,0.04191507771611214,9,3
rms_p10,0.031313441693782806,9,3
contrast_1_std,0.02561381459236145,9,3
contrast_4_p90,0.02114323526620865,9,3
zero_crossing_rate_p90,0.01643417216837406,9,3
contrast_3_p90,0.01625857688486576,9,3
contrast_3_mean,0.012864961288869381,9,3
mfcc_9_std,0.01265448983758688,9,3
mfcc_13_std,0.012268089689314365,9,3
zero_crossing_rate_std,0.011660628020763397,9,3
contrast_5_p10,0.011406349018216133,9,3
mfcc_17_p10,0.011246186681091785,9,3
dominant_frequency,0.01122192945331335,9,3
mfcc_16_std,0.010825060307979584,9,3
zero_crossing_rate_mean,0.010534950532019138,9,3
rms_p90,0.00977861974388361,9,3
rms_mean,0.009610608220100403,9,3
dominant_frequency_ratio,0.00897122360765934,9,3
contrast_3_std,0.00856358464807272,9,3
mfcc_14_p10,0.008406107313930988,9,3
mfcc_13_p10,0.008301256224513054,9,3
flatness_p10,0.007742101792246103,9,3
mfcc_delta_1_std,0.0075921486131846905,9,3
contrast_5_p90,0.007533874828368425,9,3
mfcc_19_std,0.007336749695241451,9,3
contrast_4_std,0.006758307572454214,9,3
contrast_4_p10,0.006546776741743088,9,3
mfcc_delta_0_p10,0.0061258976347744465,9,3
flatness_p90,0.005893331486731768,9,3
mfcc_14_p90,0.005762002430856228,9,3
mfcc_8_p10,0.005702655762434006,9,3
rolloff85_mean,0.005697021260857582,9,3
mfcc_delta_0_std,0.005685295909643173,9,3
mfcc_7_std,0.005604494363069534,9,3
rolloff85_p10,0.005502478685230017,9,3
mfcc_13_p90,0.0054926336742937565,9,3
mfcc_8_std,0.005449404940009117,9,3
contrast_2_mean,0.0054007782600820065,9,3
centroid_mean,0.005388923455029726,9,3
zero_crossing_rate_p10,0.005118745844811201,9,3
mfcc_0_p10,0.00510174548253417,9,3
mfcc_1_p10,0.0050710588693618774,9,3
mfcc_delta_0_p90,0.004968739580363035,9,3
mfcc_3_p10,0.004865830298513174,9,3
flatness_std,0.004732151050120592,9,3
mfcc_15_p10,0.004717790521681309,9,3
contrast_2_p10,0.004648595582693815,9,3
spectral_entropy_p90,0.004626136273145676,9,3
rms_std,0.004609399940818548,9,3
contrast_1_p90,0.004599765874445438,9,3
rolloff85_p90,0.0044355192221701145,9,3
centroid_std,0.004418749827891588,9,3
mfcc_15_p90,0.004364524502307177,9,3
bandwidth_p90,0.004242277238518,9,3
centroid_p90,0.004184589721262455,9,3
mfcc_6_std,0.004109106492251158,9,3
flatness_mean,0.003970128018409014,9,3
contrast_2_p90,0.10896982997655869,9,4
mfcc_15_std,0.07405087351799011,9,4
mfcc_14_std,0.056525200605392456,9,4
rms_p10,0.03356706351041794,9,4
contrast_2_std,0.029107997193932533,9,4
contrast_3_mean,0.028958991169929504,9,4
mfcc_13_std,0.023443670943379402,9,4
dominant_frequency,0.019609175622463226,9,4
mfcc_9_std,0.018667971715331078,9,4
mfcc_16_std,0.01695721410214901,9,4
mfcc_19_std,0.016467293724417686,9,4
mfcc_8_std,0.0144805284217,9,4
contrast_2_mean,0.013510274700820446,9,4
contrast_1_std,0.011859999969601631,9,4
zero_crossing_rate_p90,0.011446368880569935,9,4
contrast_3_p90,0.010997716337442398,9,4
zero_crossing_rate_std,0.009968305006623268,9,4
spectral_entropy_mean,0.009369546547532082,9,4
mfcc_12_p10,0.009116912260651588,9,4
mfcc_7_std,0.008586459793150425,9,4
zero_crossing_rate_p10,0.008012443780899048,9,4
contrast_3_p10,0.007586685940623283,9,4
mfcc_delta_0_p10,0.007327938452363014,9,4
mfcc_delta_15_std,0.007138825487345457,9,4
mfcc_13_p10,0.0067799766547977924,9,4
mfcc_delta_14_std,0.00651854882016778,9,4
mfcc_14_p10,0.006298374384641647,9,4
mfcc_delta_1_std,0.006276446394622326,9,4
flatness_p90,0.005389513913542032,9,4
mfcc_delta_14_p10,0.00528333056718111,9,4
mfcc_14_p90,0.005276951007544994,9,4
dominant_frequency_ratio,0.0049782125279307365,9,4
mfcc_13_p90,0.0049775997176766396,9,4
spectral_entropy_p90,0.004938947502523661,9,4
zero_crossing_rate_mean,0.004717336036264896,9,4
mfcc_delta_0_std,0.004712219350039959,9,4
mfcc_delta_1_p10,0.004682218190282583,9,4
contrast_3_std,0.004660992883145809,9,4
mfcc_delta_19_std,0.004646934103220701,9,4
bandwidth_mean,0.004633734002709389,9,4
flatness_p10,0.004630889277905226,9,4
rms_std,0.004598363768309355,9,4
mfcc_15_p10,0.0044242013245821,9,4
flatness_mean,0.004415880423039198,9,4
rolloff85_p10,0.004368509165942669,9,4
mfcc_delta_0_p90,0.004361642058938742,9,4
mfcc_delta_1_p90,0.004327329341322184,9,4
mfcc_delta_8_p10,0.00428382121026516,9,4
bandwidth_p90,0.0041978619992733,9,4
rms_mean,0.004178206901997328,9,4
mfcc_delta_8_p90,0.0040176729671657085,9,4
spectral_entropy_std,0.004002186469733715,9,4
mfcc_delta_15_p10,0.00389462080784142,9,4
mfcc_7_p90,0.003867130959406495,9,4
contrast_5_mean,0.0038582112174481153,9,4
mfcc_delta_6_p90,0.003847682848572731,9,4
rms_p90,0.0037462683394551277,9,4
contrast_1_p90,0.003691036719828844,9,4
mfcc_0_p10,0.0036283093504607677,9,4
mfcc_delta_3_p90,0.003380917012691498,9,4
