feature,gain,repeat,fold
mfcc_1_mean,0.2105950266122818,0,0
mfcc_1_p90,0.08964201807975769,0,0
mfcc_1_p10,0.048249635845422745,0,0
contrast_0_p90,0.018084319308400154,0,0
contrast_0_mean,0.017440907657146454,0,0
rms_p10,0.016714930534362793,0,0
contrast_5_p90,0.015639061108231544,0,0
contrast_5_mean,0.010732290334999561,0,0
zero_crossing_rate_p90,0.010646612383425236,0,0
contrast_0_p10,0.009324965067207813,0,0
mfcc_14_std,0.007542965933680534,0,0
zero_crossing_rate_mean,0.007038006093353033,0,0
flatness_p90,0.006716007832437754,0,0
centroid_p10,0.006609709933400154,0,0
mfcc_7_p90,0.006448144558817148,0,0
mfcc_9_p10,0.006242254748940468,0,0
mfcc_15_std,0.005947475787252188,0,0
flatness_mean,0.005883360747247934,0,0
contrast_5_std,0.005873727146536112,0,0
rms_p90,0.005400593858212233,0,0
mfcc_5_p10,0.005393419414758682,0,0
mfcc_delta_1_p90,0.005101675167679787,0,0
rolloff85_p10,0.005083759780973196,0,0
mfcc_7_mean,0.005033687222748995,0,0
contrast_1_mean,0.004941351246088743,0,0
mfcc_5_p90,0.004890423733741045,0,0
mfcc_9_p90,0.004764504265040159,0,0
mfcc_8_p10,0.0046798004768788815,0,0
zero_crossing_rate_p10,0.004657068755477667,0,0
mfcc_delta_13_p90,0.00456240912899375,0,0
mfcc_3_mean,0.004556876607239246,0,0
mfcc_10_std,0.004426825791597366,0,0
contrast_1_std,0.004404385574162006,0,0
mfcc_9_mean,0.004311359953135252,0,0
mfcc_14_mean,0.00428313622251153,0,0
contrast_3_mean,0.004259101580828428,0,0
mfcc_5_mean,0.004185203462839127,0,0
mfcc_3_p10,0.004061838146299124,0,0
mfcc_delta_3_p10,0.00394813297316432,0,0
centroid_p90,0.003924202173948288,0,0
mfcc_3_p90,0.003917711321264505,0,0
contrast_1_p90,0.003836879273876548,0,0
contrast_4_p90,0.003704253351315856,0,0
mfcc_14_p10,0.00366729567758739,0,0
spectral_entropy_p10,0.0035520305391401052,0,0
mfcc_11_p10,0.003519695717841387,0,0
dominant_frequency_ratio,0.0035027789417654276,0,0
mfcc_13_std,0.003412195248529315,0,0
mfcc_12_p90,0.0034059665631502867,0,0
zero_crossing_rate_std,0.003405893687158823,0,0
mfcc_7_p10,0.0033884881995618343,0,0
contrast_4_mean,0.003355850698426366,0,0
mfcc_6_p90,0.0033245128579437733,0,0
mfcc_delta_8_p90,0.0033230141270905733,0,0
mfcc_17_p90,0.00332128768786788,0,0
mfcc_16_std,0.003263377118855715,0,0
mfcc_15_mean,0.0032316946890205145,0,0
mfcc_delta_8_p10,0.0032244480680674314,0,0
mfcc_2_p90,0.003218879224732518,0,0
rms_mean,0.00320416665636003,0,0
rolloff85_mean,0.4740835726261139,0,1
rolloff85_p10,0.1263372004032135,0,1
mfcc_1_p90,0.04148246347904205,0,1
contrast_0_p90,0.02418341115117073,0,1
contrast_0_mean,0.021566636860370636,0,1
rolloff85_p90,0.01979479007422924,0,1
centroid_p10,0.005984243471175432,0,1
rms_p10,0.00584032665938139,0,1
mfcc_delta_6_std,0.004404786042869091,0,1
mfcc_7_p90,0.0041256253607571125,0,1
mfcc_delta_1_p90,0.003599930787459016,0,1
contrast_0_p10,0.0035508167929947376,0,1
mfcc_8_p90,0.003518891055136919,0,1
mfcc_delta_16_std,0.0030926179606467485,0,1
rolloff85_std,0.0030720834620296955,0,1
mfcc_delta_7_p90,0.0030618642922490835,0,1
mfcc_delta_18_std,0.0030366373248398304,0,1
spectral_entropy_p90,0.0030169442761689425,0,1
mfcc_11_p90,0.003016664879396558,0,1
mfcc_2_p90,0.0029832078143954277,0,1
mfcc_9_p90,0.0029096982907503843,0,1
mfcc_delta_1_p10,0.0028967021498829126,0,1
mfcc_delta_18_mean,0.002894202247262001,0,1
bandwidth_p90,0.002811664482578635,0,1
rms_mean,0.002793701598420739,0,1
contrast_4_p90,0.0027070522774010897,0,1
mfcc_10_mean,0.0026429109275341034,0,1
mfcc_6_p10,0.0026025583501905203,0,1
mfcc_5_mean,0.0025539137423038483,0,1
mfcc_3_p10,0.0025261128321290016,0,1
flatness_p10,0.0024984381161630154,0,1
mfcc_5_p10,0.002430608030408621,0,1
contrast_4_p10,0.0024282936938107014,0,1
mfcc_delta_10_std,0.0023904796689748764,0,1
mfcc_1_mean,0.0023838046472519636,0,1
mfcc_2_p10,0.002333746524527669,0,1
mfcc_7_mean,0.0023019430227577686,0,1
centroid_mean,0.0022953483276069164,0,1
mfcc_9_mean,0.002288229763507843,0,1
mfcc_2_mean,0.002159347292035818,0,1
mfcc_8_mean,0.002152438974007964,0,1
mfcc_delta_10_p90,0.002149233827367425,0,1
mfcc_0_std,0.002114091068506241,0,1
flatness_p90,0.002109276596456766,0,1
flatness_mean,0.0020825318060815334,0,1
mfcc_delta_0_p10,0.0020699810702353716,0,1
contrast_4_mean,0.002026656409725547,0,1
mfcc_12_mean,0.00202510179951787,0,1
mfcc_10_p90,0.001983102411031723,0,1
mfcc_delta_18_p90,0.0019400323508307338,0,1
bandwidth_mean,0.0019235596992075443,0,1
dominant_frequency_ratio,0.0019234141800552607,0,1
mfcc_18_std,0.001905537792481482,0,1
mfcc_delta_15_p10,0.0018511771922931075,0,1
contrast_5_p90,0.0018150830874219537,0,1
zero_crossing_rate_p10,0.0018129462841898203,0,1
mfcc_19_p90,0.0017890684539452195,0,1
mfcc_10_p10,0.0017790712881833315,0,1
mfcc_6_mean,0.0017596196848899126,0,1
mfcc_4_p90,0.0017559111583977938,0,1
mfcc_1_p90,0.16935767233371735,0,2
mfcc_1_mean,0.15586945414543152,0,2
contrast_5_p10,0.056018322706222534,0,2
mfcc_1_p10,0.02231159619987011,0,2
contrast_5_mean,0.012256713584065437,0,2
zero_crossing_rate_p90,0.012044855393469334,0,2
flatness_mean,0.011740737594664097,0,2
mfcc_14_std,0.011324132792651653,0,2
mfcc_9_p10,0.010681302286684513,0,2
contrast_4_mean,0.007899891585111618,0,2
mfcc_7_mean,0.006860373541712761,0,2
contrast_4_p90,0.006852055434137583,0,2
contrast_5_p90,0.006673502270132303,0,2
centroid_p10,0.006671195384114981,0,2
contrast_5_std,0.006435270421206951,0,2
rms_mean,0.0064306193962693214,0,2
mfcc_15_std,0.006070516537874937,0,2
zero_crossing_rate_mean,0.006046679336577654,0,2
rms_p90,0.0057919020764529705,0,2
mfcc_9_mean,0.005732864607125521,0,2
mfcc_2_mean,0.0056415097787976265,0,2
rolloff85_p10,0.005480429623275995,0,2
mfcc_17_p90,0.005183345638215542,0,2
mfcc_7_p90,0.005038846284151077,0,2
centroid_p90,0.005029856692999601,0,2
mfcc_3_mean,0.004979812074452639,0,2
rms_p10,0.004953159485012293,0,2
mfcc_9_p90,0.004794077016413212,0,2
mfcc_2_p10,0.004759125877171755,0,2
centroid_mean,0.004722595680505037,0,2
contrast_1_std,0.004561269655823708,0,2
mfcc_3_p90,0.004414078313857317,0,2
mfcc_4_p10,0.004296039696782827,0,2
mfcc_2_p90,0.004291647579520941,0,2
contrast_1_mean,0.004278335254639387,0,2
mfcc_17_mean,0.004257334861904383,0,2
mfcc_15_mean,0.004240319598466158,0,2
mfcc_7_p10,0.004210541490465403,0,2
mfcc_delta_15_std,0.0041333637200295925,0,2
dominant_frequency_ratio,0.004092274699360132,0,2
rolloff85_mean,0.004065585322678089,0,2
mfcc_16_p10,0.0040456196293234825,0,2
mfcc_6_p10,0.004040560219436884,0,2
mfcc_6_mean,0.003966199699789286,0,2
spectral_entropy_mean,0.003934582229703665,0,2
zero_crossing_rate_p10,0.003928521182388067,0,2
flatness_p90,0.0039161923341453075,0,2
mfcc_10_p90,0.0039003025740385056,0,2
mfcc_delta_1_p90,0.003880836069583893,0,2
mfcc_5_p90,0.0037740152329206467,0,2
bandwidth_mean,0.0037427302449941635,0,2
contrast_0_p10,0.0037404317408800125,0,2
contrast_1_p90,0.0036913505755364895,0,2
spectral_entropy_p10,0.0036295612808316946,0,2
mfcc_delta_16_std,0.0036137429997324944,0,2
mfcc_12_p90,0.003589160041883588,0,2
mfcc_17_std,0.003525545820593834,0,2
mfcc_delta_6_std,0.0035212941002100706,0,2
mfcc_delta_1_p10,0.0034326715394854546,0,2
mfcc_delta_13_p90,0.0033862683922052383,0,2
contrast_5_p10,0.1893220692873001,0,3
mfcc_1_p90,0.085932157933712,0,3
rms_mean,0.04082966223359108,0,3
rms_p90,0.032401446253061295,0,3
mfcc_1_mean,0.024631550535559654,0,3
mfcc_2_p90,0.018796468153595924,0,3
contrast_5_mean,0.015526105649769306,0,3
dominant_frequency,0.014919042587280273,0,3
contrast_0_p90,0.013931043446063995,0,3
rms_p10,0.012342073954641819,0,3
mfcc_15_std,0.011600801721215248,0,3
contrast_0_p10,0.01118396781384945,0,3
centroid_mean,0.010328864678740501,0,3
mfcc_1_p10,0.010237244889140129,0,3
mfcc_0_std,0.009536217898130417,0,3
contrast_0_mean,0.008013110607862473,0,3
zero_crossing_rate_mean,0.007942155934870243,0,3
mfcc_3_mean,0.007921398617327213,0,3
bandwidth_p90,0.007404031231999397,0,3
mfcc_17_mean,0.007241861429065466,0,3
zero_crossing_rate_p90,0.00693981209769845,0,3
mfcc_14_std,0.006819949485361576,0,3
mfcc_3_p90,0.0061629884876310825,0,3
centroid_p90,0.0056433663703501225,0,3
contrast_1_mean,0.005591318942606449,0,3
flatness_mean,0.005544948857277632,0,3
contrast_5_std,0.005339055322110653,0,3
mfcc_9_p90,0.00474249292165041,0,3
rolloff85_mean,0.004669667221605778,0,3
zero_crossing_rate_p10,0.0046245381236076355,0,3
spectral_entropy_mean,0.004607353825122118,0,3
mfcc_6_p90,0.004434640984982252,0,3
bandwidth_mean,0.004369578789919615,0,3
mfcc_2_mean,0.004267700482159853,0,3
mfcc_10_mean,0.004199188202619553,0,3
contrast_5_p90,0.00411923648789525,0,3
mfcc_16_std,0.004040640778839588,0,3
contrast_4_mean,0.003940538968890905,0,3
contrast_2_p90,0.003906480967998505,0,3
mfcc_delta_15_std,0.003904834156855941,0,3
mfcc_0_p10,0.003868763567879796,0,3
contrast_3_mean,0.0038489075377583504,0,3
flatness_p90,0.0037965693045407534,0,3
mfcc_7_p10,0.003613143227994442,0,3
mfcc_5_mean,0.003571739187464118,0,3
mfcc_2_p10,0.0035100539680570364,0,3
mfcc_10_std,0.003509869333356619,0,3
mfcc_17_p90,0.0035084690898656845,0,3
mfcc_10_p90,0.0034317001700401306,0,3
mfcc_14_mean,0.0033832353074103594,0,3
mfcc_7_std,0.003379866946488619,0,3
rms_std,0.0033622172195464373,0,3
contrast_2_p10,0.0032305412460118532,0,3
contrast_3_std,0.0032064125407487154,0,3
mfcc_5_p10,0.0030621534679085016,0,3
mfcc_13_p10,0.0030244882218539715,0,3
centroid_p10,0.0030139361042529345,0,3
mfcc_18_mean,0.0030007660388946533,0,3
mfcc_14_p10,0.002995017683133483,0,3
mfcc_18_std,0.0029796850867569447,0,3
mfcc_1_p90,0.18973912298679352,0,4
contrast_5_p10,0.05461880937218666,0,4
contrast_0_p90,0.0455639474093914,0,4
dominant_frequency,0.02485990896821022,0,4
rms_p10,0.022934535518288612,0,4
rms_p90,0.02152559906244278,0,4
rms_mean,0.017046550288796425,0,4
contrast_5_mean,0.015892501920461655,0,4
mfcc_1_mean,0.013126709498465061,0,4
rms_std,0.008743363432586193,0,4
zero_crossing_rate_p90,0.008373369462788105,0,4
mfcc_15_std,0.008293675258755684,0,4
flatness_p90,0.008230707608163357,0,4
mfcc_5_mean,0.007436448708176613,0,4
zero_crossing_rate_mean,0.007029465399682522,0,4
mfcc_14_std,0.0069279116578400135,0,4
mfcc_11_mean,0.006899390369653702,0,4
centroid_p10,0.00684760045260191,0,4
mfcc_3_p90,0.006402210798114538,0,4
mfcc_7_p90,0.006199434865266085,0,4
centroid_mean,0.006029322277754545,0,4
mfcc_delta_10_std,0.0060063572600483894,0,4
mfcc_7_mean,0.0057308124378323555,0,4
flatness_mean,0.005696400068700314,0,4
mfcc_3_mean,0.005630571860820055,0,4
mfcc_2_p90,0.0055085779167711735,0,4
mfcc_1_p10,0.0054450929164886475,0,4
contrast_5_std,0.00543510215356946,0,4
contrast_5_p90,0.005425205919891596,0,4
rolloff85_mean,0.0052817147225141525,0,4
zero_crossing_rate_p10,0.004818961955606937,0,4
mfcc_10_std,0.004802803974598646,0,4
flatness_std,0.004709560889750719,0,4
mfcc_2_mean,0.0046584513038396835,0,4
contrast_4_mean,0.0046510398387908936,0,4
contrast_1_std,0.00463492888957262,0,4
mfcc_5_p10,0.004578480031341314,0,4
mfcc_11_p10,0.004488964099436998,0,4
mfcc_7_p10,0.004263937007635832,0,4
mfcc_14_p90,0.0041131251491606236,0,4
mfcc_6_mean,0.003988443408161402,0,4
contrast_3_mean,0.003971774596720934,0,4
mfcc_17_mean,0.003969820216298103,0,4
spectral_entropy_p90,0.00396241620182991,0,4
flatness_p10,0.003915589302778244,0,4
mfcc_delta_7_p10,0.0038976215291768312,0,4
mfcc_17_p90,0.003850150853395462,0,4
mfcc_12_mean,0.003826319705694914,0,4
bandwidth_p90,0.00377919664606452,0,4
spectral_entropy_mean,0.003682164940983057,0,4
rolloff85_p10,0.003585082245990634,0,4
mfcc_6_p90,0.0035793008282780647,0,4
mfcc_10_mean,0.0035335817374289036,0,4
mfcc_delta_5_std,0.003533143550157547,0,4
mfcc_5_p90,0.0034845180343836546,0,4
spectral_entropy_p10,0.0034829527139663696,0,4
contrast_0_p10,0.00346840126439929,0,4
contrast_1_mean,0.0033850090112537146,0,4
mfcc_delta_13_p90,0.003355857217684388,0,4
mfcc_delta_1_p90,0.0033538297284394503,0,4
mfcc_1_mean,0.21583208441734314,1,0
mfcc_1_p90,0.0850033164024353,1,0
mfcc_1_p10,0.04041970148682594,1,0
contrast_0_mean,0.018307702615857124,1,0
rms_p10,0.017103808000683784,1,0
contrast_5_p90,0.015688752755522728,1,0
contrast_0_p90,0.01394155528396368,1,0
zero_crossing_rate_p90,0.010056638158857822,1,0
contrast_0_p10,0.009397139772772789,1,0
contrast_5_mean,0.009294161573052406,1,0
mfcc_14_std,0.008495013229548931,1,0
mfcc_15_std,0.007814515382051468,1,0
mfcc_7_p90,0.006941226776689291,1,0
centroid_p10,0.006800916511565447,1,0
zero_crossing_rate_mean,0.00655848253518343,1,0
contrast_5_std,0.006073294673115015,1,0
mfcc_9_p10,0.005834560375660658,1,0
rolloff85_p10,0.005753462668508291,1,0
rms_p90,0.005358411464840174,1,0
mfcc_8_p10,0.00527607649564743,1,0
mfcc_5_p90,0.005247887223958969,1,0
zero_crossing_rate_p10,0.005213509313762188,1,0
mfcc_9_p90,0.00517989881336689,1,0
flatness_mean,0.0050759692676365376,1,0
contrast_1_std,0.004846910946071148,1,0
mfcc_5_mean,0.004798476118594408,1,0
contrast_1_mean,0.004743481986224651,1,0
centroid_p90,0.004743082448840141,1,0
mfcc_3_mean,0.004578631836920977,1,0
mfcc_7_mean,0.004574823658913374,1,0
contrast_4_p90,0.004551670514047146,1,0
mfcc_5_p10,0.004549324046820402,1,0
zero_crossing_rate_std,0.004194512497633696,1,0
contrast_3_mean,0.004162325523793697,1,0
mfcc_9_mean,0.004129752051085234,1,0
rolloff85_std,0.004093893337994814,1,0
mfcc_3_p90,0.004072251264005899,1,0
mfcc_14_mean,0.0040479605086147785,1,0
flatness_p90,0.003989838529378176,1,0
mfcc_delta_1_p90,0.003855084301903844,1,0
mfcc_2_p90,0.003747716546058655,1,0
dominant_frequency,0.003747486975044012,1,0
mfcc_delta_4_std,0.0037463323678821325,1,0
mfcc_11_p10,0.0037081376649439335,1,0
centroid_mean,0.003696716157719493,1,0
dominant_frequency_ratio,0.003677573287859559,1,0
mfcc_10_std,0.003621952375397086,1,0
mfcc_4_p90,0.0035676544066518545,1,0
mfcc_12_mean,0.003551793983206153,1,0
mfcc_17_p90,0.003527710447087884,1,0
rms_mean,0.0034740932751446962,1,0
mfcc_3_p10,0.0034730678889900446,1,0
mfcc_10_p90,0.0034470672253519297,1,0
mfcc_delta_19_p90,0.0034131340216845274,1,0
mfcc_11_mean,0.003393464954569936,1,0
contrast_4_mean,0.0033877405803650618,1,0
spectral_entropy_p90,0.0033603538759052753,1,0
mfcc_15_mean,0.003299400908872485,1,0
mfcc_2_mean,0.0032871731091290712,1,0
bandwidth_mean,0.0032683631870895624,1,0
mfcc_1_p90,0.20585526525974274,1,1
rolloff85_mean,0.19079934060573578,1,1
rolloff85_p10,0.12319188565015793,1,1
rolloff85_p90,0.09566523879766464,1,1
bandwidth_mean,0.01142793521285057,1,1
mfcc_delta_6_p90,0.007286802865564823,1,1
mfcc_3_mean,0.00703476695343852,1,1
mfcc_delta_7_p90,0.004854588303714991,1,1
mfcc_delta_3_p90,0.004846717696636915,1,1
mfcc_7_p90,0.004776200279593468,1,1
contrast_0_p90,0.004527074284851551,1,1
mfcc_delta_1_p90,0.004524752497673035,1,1
mfcc_3_p90,0.004502491559833288,1,1
mfcc_delta_0_p10,0.004113065544515848,1,1
centroid_p10,0.0038843315560370684,1,1
mfcc_delta_10_std,0.003696569474413991,1,1
mfcc_17_std,0.0036961291916668415,1,1
mfcc_0_mean,0.0036533602979034185,1,1
flatness_p90,0.0036270716227591038,1,1
mfcc_delta_4_p90,0.0035787022206932306,1,1
mfcc_delta_18_std,0.0035717161372303963,1,1
mfcc_5_mean,0.00353796174749732,1,1
mfcc_5_p10,0.0035179981496185064,1,1
mfcc_8_p90,0.003413876285776496,1,1
bandwidth_p10,0.00336657278239727,1,1
mfcc_18_std,0.0031625188421458006,1,1
mfcc_4_p10,0.003117410931736231,1,1
mfcc_3_p10,0.0030248877592384815,1,1
mfcc_2_mean,0.003017436945810914,1,1
mfcc_4_std,0.0030130925588309765,1,1
centroid_p90,0.0030029648914933205,1,1
mfcc_9_mean,0.0029570753686130047,1,1
contrast_5_p90,0.002937402343377471,1,1
rolloff85_std,0.0029320477042347193,1,1
flatness_p10,0.002873373916372657,1,1
mfcc_delta_1_p10,0.0028665424324572086,1,1
centroid_mean,0.002774197841063142,1,1
flatness_mean,0.0027576470747590065,1,1
mfcc_delta_18_p90,0.0027194509748369455,1,1
mfcc_7_mean,0.002687829779461026,1,1
mfcc_2_p90,0.0026007317937910557,1,1
mfcc_delta_15_std,0.0025639785453677177,1,1
mfcc_11_p90,0.002545585623010993,1,1
contrast_1_p10,0.0025360221043229103,1,1
mfcc_10_p90,0.0025337734259665012,1,1
mfcc_10_std,0.002493094652891159,1,1
mfcc_6_p10,0.00249080010689795,1,1
dominant_frequency_ratio,0.0024853916838765144,1,1
spectral_entropy_std,0.002479738323017955,1,1
mfcc_5_p90,0.002473988803103566,1,1
mfcc_0_std,0.0023841517977416515,1,1
mfcc_1_mean,0.002357687335461378,1,1
mfcc_17_mean,0.0023339532781392336,1,1
mfcc_12_p10,0.0023285422939807177,1,1
mfcc_delta_10_p90,0.002298035891726613,1,1
mfcc_12_mean,0.0022810292430222034,1,1
mfcc_2_p10,0.0022684261202812195,1,1
mfcc_17_p90,0.0022580642253160477,1,1
mfcc_12_p90,0.0021238091867417097,1,1
mfcc_10_p10,0.0021203504875302315,1,1
mfcc_1_mean,0.21393951773643494,1,2
mfcc_1_p90,0.11891429871320724,1,2
contrast_5_p10,0.05309579148888588,1,2
mfcc_1_p10,0.023819932714104652,1,2
contrast_5_mean,0.014199461787939072,1,2
mfcc_14_std,0.012137121520936489,1,2
flatness_mean,0.011086766608059406,1,2
zero_crossing_rate_p90,0.010784479789435863,1,2
mfcc_9_p10,0.009794792160391808,1,2
rms_mean,0.007578897289931774,1,2
centroid_p10,0.006834579631686211,1,2
rolloff85_p10,0.00680556520819664,1,2
mfcc_7_mean,0.006617548409849405,1,2
zero_crossing_rate_mean,0.006611305754631758,1,2
contrast_5_std,0.006573986262083054,1,2
centroid_p90,0.006285557989031076,1,2
mfcc_7_p10,0.0061910380609333515,1,2
mfcc_15_std,0.005961072165518999,1,2
contrast_5_p90,0.005847197491675615,1,2
mfcc_2_mean,0.005842663813382387,1,2
centroid_mean,0.005801062099635601,1,2
rms_p10,0.005755550693720579,1,2
contrast_4_mean,0.005570337176322937,1,2
mfcc_9_mean,0.005482166074216366,1,2
contrast_4_p90,0.005094815511256456,1,2
contrast_1_std,0.005006914958357811,1,2
rms_p90,0.004635830409824848,1,2
mfcc_4_mean,0.004488839302212,1,2
mfcc_3_p90,0.004428595770150423,1,2
mfcc_4_p10,0.004344316199421883,1,2
mfcc_7_p90,0.0043365973979234695,1,2
mfcc_17_mean,0.00433639669790864,1,2
mfcc_3_mean,0.004238226916640997,1,2
contrast_1_mean,0.004188920836895704,1,2
mfcc_6_mean,0.004184314515441656,1,2
mfcc_6_p10,0.004183053970336914,1,2
mfcc_17_std,0.004129607696086168,1,2
mfcc_17_p90,0.00395430251955986,1,2
mfcc_3_p10,0.003945362754166126,1,2
mfcc_10_p90,0.0038188286125659943,1,2
mfcc_9_p90,0.003776289289817214,1,2
mfcc_15_mean,0.0036636018194258213,1,2
mfcc_12_mean,0.0036454268265515566,1,2
mfcc_5_p10,0.0036305298563092947,1,2
dominant_frequency,0.0036222178023308516,1,2
spectral_entropy_mean,0.0036106989718973637,1,2
contrast_3_mean,0.0035902170930057764,1,2
rms_std,0.0035772777628153563,1,2
mfcc_5_p90,0.0035674646496772766,1,2
flatness_p90,0.0035447892732918262,1,2
mfcc_2_p10,0.0034973721485584974,1,2
mfcc_13_mean,0.003429344156756997,1,2
zero_crossing_rate_p10,0.0034118425101041794,1,2
mfcc_delta_7_p10,0.0034078252501785755,1,2
mfcc_5_mean,0.0034069661051034927,1,2
dominant_frequency_ratio,0.003338103648275137,1,2
contrast_0_p10,0.0032910986337810755,1,2
mfcc_10_p10,0.003273180453106761,1,2
rolloff85_mean,0.003253079717978835,1,2
spectral_entropy_p10,0.0032368642278015614,1,2
mfcc_1_p90,0.23016268014907837,1,3
mfcc_1_mean,0.13690488040447235,1,3
rms_p10,0.029634490609169006,1,3
contrast_5_p90,0.017234275117516518,1,3
rolloff85_mean,0.013559594750404358,1,3
mfcc_delta_6_p90,0.01316780224442482,1,3
mfcc_14_std,0.011642780154943466,1,3
mfcc_15_std,0.010396399535238743,1,3
contrast_5_mean,0.009856226854026318,1,3
zero_crossing_rate_p90,0.008721291087567806,1,3
bandwidth_p90,0.00832110084593296,1,3
contrast_4_mean,0.007246737368404865,1,3
centroid_p10,0.006835507228970528,1,3
contrast_0_p10,0.00644338596612215,1,3
mfcc_2_mean,0.006366821005940437,1,3
mfcc_2_p10,0.006131628528237343,1,3
mfcc_2_p90,0.0061219255439937115,1,3
contrast_5_std,0.006091332994401455,1,3
flatness_std,0.005596730392426252,1,3
mfcc_delta_15_p90,0.005216481164097786,1,3
mfcc_delta_13_std,0.004868139512836933,1,3
mfcc_14_p10,0.004764004144817591,1,3
mfcc_16_p10,0.004679912235587835,1,3
contrast_0_p90,0.004469594918191433,1,3
centroid_std,0.004370067268610001,1,3
zero_crossing_rate_p10,0.004359512124210596,1,3
centroid_mean,0.004295556340366602,1,3
mfcc_9_p10,0.0042101917788386345,1,3
mfcc_5_mean,0.004185110330581665,1,3
mfcc_delta_1_p90,0.004161215852946043,1,3
contrast_0_mean,0.004118119366466999,1,3
contrast_4_p90,0.0039375172927975655,1,3
mfcc_delta_14_std,0.003739375853911042,1,3
mfcc_8_p10,0.003715032944455743,1,3
mfcc_14_mean,0.0036829740274697542,1,3
mfcc_delta_3_p90,0.0036219691392034292,1,3
mfcc_10_std,0.0036173744592815638,1,3
zero_crossing_rate_mean,0.0035566850565373898,1,3
mfcc_delta_7_std,0.003467219416052103,1,3
mfcc_16_std,0.003440458793193102,1,3
mfcc_delta_5_std,0.0034348154440522194,1,3
mfcc_9_p90,0.0034317465033382177,1,3
spectral_entropy_mean,0.0034197536297142506,1,3
contrast_5_p10,0.0034015504643321037,1,3
mfcc_0_mean,0.0033776876516640186,1,3
mfcc_17_mean,0.0033390000462532043,1,3
flatness_p10,0.0033120845910161734,1,3
mfcc_0_p90,0.0033073732629418373,1,3
mfcc_3_mean,0.003307195845991373,1,3
mfcc_7_p10,0.0032889482099562883,1,3
mfcc_14_p90,0.003275696188211441,1,3
mfcc_5_p90,0.0032629745546728373,1,3
mfcc_delta_16_p10,0.0032361578196287155,1,3
mfcc_delta_11_p90,0.003198451129719615,1,3
mfcc_delta_7_p10,0.003143628127872944,1,3
mfcc_2_std,0.003099460620433092,1,3
mfcc_3_p90,0.003081145230680704,1,3
mfcc_delta_14_p90,0.003074249718338251,1,3
bandwidth_mean,0.003038315335288644,1,3
rolloff85_p10,0.0030213918071240187,1,3
mfcc_1_p90,0.1857185810804367,1,4
contrast_5_p10,0.06045560911297798,1,4
contrast_0_p90,0.047133881598711014,1,4
rms_p90,0.03327484056353569,1,4
dominant_frequency,0.020816082134842873,1,4
contrast_5_mean,0.018679125234484673,1,4
rms_p10,0.017994236201047897,1,4
rms_mean,0.014904634095728397,1,4
mfcc_1_mean,0.011897498741745949,1,4
rms_std,0.009381486102938652,1,4
mfcc_14_std,0.009322316385805607,1,4
zero_crossing_rate_mean,0.009038853459060192,1,4
mfcc_3_mean,0.007647508755326271,1,4
mfcc_delta_15_std,0.007317682262510061,1,4
zero_crossing_rate_p90,0.007098125293850899,1,4
mfcc_15_std,0.00704232370480895,1,4
mfcc_11_mean,0.006976202595978975,1,4
centroid_p10,0.0069563500583171844,1,4
centroid_mean,0.006515996064990759,1,4
mfcc_5_mean,0.006301919464021921,1,4
mfcc_2_p90,0.006082064937800169,1,4
mfcc_7_p90,0.006079876329749823,1,4
mfcc_3_p90,0.005964356008917093,1,4
flatness_p90,0.0059529938735067844,1,4
flatness_mean,0.005456720944494009,1,4
contrast_5_std,0.00543599110096693,1,4
mfcc_7_mean,0.0047366744838654995,1,4
mfcc_5_p10,0.0047227609902620316,1,4
mfcc_7_p10,0.0046459161676466465,1,4
contrast_4_mean,0.004512474872171879,1,4
mfcc_0_std,0.004455336835235357,1,4
zero_crossing_rate_p10,0.0044551389291882515,1,4
mfcc_delta_6_std,0.004385678097605705,1,4
mfcc_delta_16_p10,0.00437951972708106,1,4
contrast_5_p90,0.004187046550214291,1,4
contrast_0_p10,0.004106205888092518,1,4
mfcc_delta_0_std,0.0040456210263073444,1,4
mfcc_6_p90,0.004006577655673027,1,4
mfcc_10_std,0.0038223492447286844,1,4
mfcc_delta_10_std,0.0037693921476602554,1,4
mfcc_17_p90,0.003697943175211549,1,4
mfcc_delta_7_p10,0.003686591051518917,1,4
centroid_p90,0.0036799327936023474,1,4
rolloff85_std,0.0036712917499244213,1,4
mfcc_delta_9_std,0.0036398989614099264,1,4
centroid_std,0.0035812121350318193,1,4
mfcc_delta_16_std,0.003557802177965641,1,4
flatness_p10,0.0035562848206609488,1,4
mfcc_17_mean,0.003531227819621563,1,4
mfcc_16_p10,0.0035136425867676735,1,4
flatness_std,0.003490391420200467,1,4
contrast_1_std,0.0034882838372141123,1,4
mfcc_5_p90,0.0034863504115492105,1,4
bandwidth_mean,0.0033743265084922314,1,4
bandwidth_p10,0.0033658300526440144,1,4
mfcc_delta_2_p90,0.0033349974546581507,1,4
mfcc_6_mean,0.0033202501945197582,1,4
spectral_entropy_mean,0.0033112813252955675,1,4
mfcc_0_mean,0.0032688125502318144,1,4
contrast_1_mean,0.003248234512284398,1,4
mfcc_1_p90,0.16587010025978088,2,0
mfcc_1_mean,0.13030171394348145,2,0
mfcc_1_p10,0.05289080739021301,2,0
rolloff85_mean,0.018836230039596558,2,0
contrast_5_mean,0.018657837063074112,2,0
contrast_5_p90,0.012613742612302303,2,0
rms_p10,0.01113252155482769,2,0
mfcc_2_std,0.008971747010946274,2,0
rolloff85_p10,0.008427467197179794,2,0
centroid_p10,0.007640939671546221,2,0
zero_crossing_rate_p90,0.007127351593226194,2,0
mfcc_14_p10,0.0069147199392318726,2,0
flatness_mean,0.006896666716784239,2,0
mfcc_7_p90,0.006512671709060669,2,0
mfcc_delta_5_std,0.006415640469640493,2,0
contrast_0_mean,0.006305035203695297,2,0
mfcc_5_mean,0.006279518362134695,2,0
mfcc_5_p10,0.006276234984397888,2,0
contrast_1_std,0.0061101182363927364,2,0
contrast_5_std,0.005991881713271141,2,0
mfcc_9_p10,0.005943765863776207,2,0
mfcc_delta_3_p90,0.0058710272423923016,2,0
mfcc_15_std,0.005756177008152008,2,0
contrast_5_p10,0.005512605421245098,2,0
mfcc_17_p90,0.005145162343978882,2,0
zero_crossing_rate_p10,0.005103785544633865,2,0
mfcc_14_std,0.004644431173801422,2,0
mfcc_5_p90,0.004597146529704332,2,0
contrast_1_mean,0.004596095532178879,2,0
mfcc_delta_1_p90,0.00458409171551466,2,0
centroid_mean,0.004489591345191002,2,0
mfcc_delta_7_p10,0.004381036385893822,2,0
spectral_entropy_p10,0.004351379815489054,2,0
mfcc_14_p90,0.004312834702432156,2,0
bandwidth_p10,0.004310475662350655,2,0
mfcc_4_std,0.004252350423485041,2,0
mfcc_3_mean,0.004165828227996826,2,0
mfcc_delta_6_p10,0.004048820585012436,2,0
mfcc_delta_2_p90,0.004021331202238798,2,0
mfcc_11_p10,0.0039501185528934,2,0
zero_crossing_rate_std,0.0039315978065133095,2,0
mfcc_delta_15_std,0.003921360708773136,2,0
mfcc_2_p90,0.0038998990785330534,2,0
mfcc_delta_10_std,0.0038921055383980274,2,0
mfcc_7_mean,0.0038835632149130106,2,0
mfcc_14_mean,0.0038729431107640266,2,0
mfcc_7_p10,0.003845343366265297,2,0
mfcc_delta_17_p10,0.003788913367316127,2,0
mfcc_17_mean,0.0036770938895642757,2,0
mfcc_1_std,0.0036348020657896996,2,0
contrast_4_mean,0.0036261454224586487,2,0
mfcc_2_p10,0.0036004765424877405,2,0
centroid_p90,0.00359988771378994,2,0
mfcc_2_mean,0.0035359084140509367,2,0
rms_mean,0.003504667431116104,2,0
mfcc_delta_9_p90,0.0034969679545611143,2,0
mfcc_9_mean,0.003423282178118825,2,0
zero_crossing_rate_mean,0.003407201496884227,2,0
flatness_p10,0.0033787377178668976,2,0
mfcc_15_mean,0.0033716754987835884,2,0
rolloff85_mean,0.37414172291755676,2,1
rolloff85_p10,0.15647843480110168,2,1
mfcc_1_p90,0.04884258657693863,2,1
contrast_0_p90,0.03454095870256424,2,1
contrast_0_mean,0.02318599447607994,2,1
rolloff85_p90,0.014998840168118477,2,1
rms_p10,0.007174967788159847,2,1
mfcc_0_std,0.006470512133091688,2,1
mfcc_7_p90,0.005235557444393635,2,1
spectral_entropy_p90,0.0042950669303536415,2,1
mfcc_delta_1_p90,0.004137852694839239,2,1
centroid_p10,0.004089461639523506,2,1
mfcc_delta_18_std,0.004071523901075125,2,1
mfcc_8_p90,0.003818570403382182,2,1
rms_mean,0.0037672005128115416,2,1
mfcc_delta_1_p10,0.0036785348784178495,2,1
mfcc_3_p10,0.003667304525151849,2,1
bandwidth_mean,0.0035980469547212124,2,1
mfcc_9_mean,0.003428666852414608,2,1
mfcc_2_p90,0.0033190313261002302,2,1
mfcc_11_p90,0.003258815733715892,2,1
mfcc_6_p10,0.0032429166603833437,2,1
rms_std,0.0032160012051463127,2,1
mfcc_delta_18_mean,0.003142531029880047,2,1
mfcc_delta_4_p10,0.0030980193987488747,2,1
mfcc_5_mean,0.003026230726391077,2,1
mfcc_delta_18_p90,0.0030113558750599623,2,1
contrast_4_p90,0.0030079898424446583,2,1
flatness_p10,0.002993089845404029,2,1
contrast_0_p10,0.0029398370534181595,2,1
mfcc_9_p90,0.0029383159708231688,2,1
centroid_mean,0.002815595595166087,2,1
mfcc_delta_15_p10,0.0027706706896424294,2,1
mfcc_10_mean,0.0027654962614178658,2,1
bandwidth_p90,0.0027650424744933844,2,1
mfcc_1_mean,0.002761204494163394,2,1
mfcc_delta_16_std,0.002705915365368128,2,1
mfcc_delta_7_p90,0.002666858257725835,2,1
mfcc_2_mean,0.0026452969759702682,2,1
mfcc_17_std,0.0025761735159903765,2,1
contrast_4_mean,0.0025451513938605785,2,1
rolloff85_std,0.002544514834880829,2,1
mfcc_13_std,0.0024403214920312166,2,1
mfcc_7_mean,0.0024242401123046875,2,1
mfcc_6_std,0.0024168866220861673,2,1
contrast_5_p10,0.002396246185526252,2,1
mfcc_5_p10,0.0023695698473602533,2,1
mfcc_11_mean,0.002346083289012313,2,1
mfcc_18_std,0.002343039959669113,2,1
mfcc_14_p10,0.002316817408427596,2,1
flatness_mean,0.002297909464687109,2,1
mfcc_delta_0_p10,0.002282795961946249,2,1
mfcc_2_p10,0.002282767090946436,2,1
mfcc_12_mean,0.002228741766884923,2,1
mfcc_10_p90,0.002218796405941248,2,1
flatness_p90,0.002197660505771637,2,1
mfcc_3_mean,0.0021917996928095818,2,1
mfcc_6_mean,0.002187148667871952,2,1
mfcc_18_mean,0.0021514929831027985,2,1
contrast_4_p10,0.002150844782590866,2,1
mfcc_1_mean,0.17081977427005768,2,2
mfcc_1_p90,0.14271996915340424,2,2
contrast_5_p10,0.0641912966966629,2,2
mfcc_1_p10,0.027904264628887177,2,2
contrast_5_mean,0.014474625699222088,2,2
flatness_mean,0.01264047622680664,2,2
zero_crossing_rate_p90,0.012378770858049393,2,2
mfcc_9_p10,0.0114400964230299,2,2
mfcc_14_std,0.010447302833199501,2,2
rms_mean,0.008461271412670612,2,2
centroid_p10,0.007722784765064716,2,2
mfcc_15_std,0.007639259099960327,2,2
zero_crossing_rate_mean,0.007186552044004202,2,2
rolloff85_p10,0.007140653673559427,2,2
mfcc_7_p10,0.006831673439592123,2,2
mfcc_2_mean,0.00645150151103735,2,2
contrast_5_std,0.0064430017955601215,2,2
mfcc_3_mean,0.0063752830028533936,2,2
centroid_p90,0.006284638773649931,2,2
mfcc_7_mean,0.006135211791843176,2,2
contrast_1_mean,0.005542644299566746,2,2
mfcc_3_p90,0.00538842985406518,2,2
centroid_mean,0.005372021347284317,2,2
rms_p90,0.0052878898568451405,2,2
contrast_4_mean,0.005054359789937735,2,2
rms_p10,0.00505300285294652,2,2
contrast_1_std,0.005022807978093624,2,2
mfcc_9_mean,0.004993929527699947,2,2
mfcc_12_p90,0.004797196947038174,2,2
contrast_5_p90,0.004686142783612013,2,2
mfcc_6_p10,0.004664136096835136,2,2
mfcc_7_p90,0.00453003728762269,2,2
mfcc_4_mean,0.004519826732575893,2,2
mfcc_17_mean,0.004356302786618471,2,2
dominant_frequency,0.004332825541496277,2,2
mfcc_10_p90,0.0043136924505233765,2,2
mfcc_3_p10,0.004284743219614029,2,2
mfcc_9_p90,0.004269400145858526,2,2
dominant_frequency_ratio,0.0041209799237549305,2,2
mfcc_17_p90,0.0040774354711174965,2,2
mfcc_5_mean,0.004075958859175444,2,2
contrast_0_p10,0.004002211149781942,2,2
mfcc_6_mean,0.003969128243625164,2,2
mfcc_16_p10,0.003923536743968725,2,2
mfcc_15_mean,0.0038857797626405954,2,2
mfcc_6_p90,0.003823527367785573,2,2
mfcc_5_p90,0.0037708187010139227,2,2
mfcc_17_std,0.003741763997823,2,2
contrast_4_p10,0.0036830506287515163,2,2
spectral_entropy_p10,0.003648999612778425,2,2
rolloff85_mean,0.0036373846232891083,2,2
mfcc_2_p90,0.0035354068968445063,2,2
bandwidth_p10,0.003466579131782055,2,2
mfcc_18_std,0.003405272262170911,2,2
contrast_0_mean,0.0032677953131496906,2,2
flatness_p10,0.0032105364371091127,2,2
mfcc_10_std,0.0031945211812853813,2,2
mfcc_0_std,0.0031669125892221928,2,2
contrast_4_p90,0.003154163947328925,2,2
mfcc_2_p10,0.0031516251619905233,2,2
mfcc_1_p90,0.16758890450000763,2,3
rms_p10,0.10742292553186417,2,3
mfcc_1_mean,0.06971868127584457,2,3
contrast_0_p90,0.02664053440093994,2,3
mfcc_15_std,0.015107984654605389,2,3
mfcc_3_p90,0.013782110065221786,2,3
contrast_5_p90,0.013240784406661987,2,3
contrast_5_mean,0.011856300756335258,2,3
bandwidth_p90,0.0116589879617095,2,3
mfcc_14_std,0.01159694418311119,2,3
zero_crossing_rate_p90,0.011082413606345654,2,3
contrast_0_p10,0.010950316675007343,2,3
zero_crossing_rate_mean,0.008631023578345776,2,3
rolloff85_mean,0.008350221440196037,2,3
mfcc_2_p90,0.008210260421037674,2,3
mfcc_3_mean,0.008029762655496597,2,3
contrast_4_p90,0.00800409447401762,2,3
contrast_5_std,0.007474050857126713,2,3
mfcc_2_mean,0.006954874377697706,2,3
centroid_mean,0.006117963697761297,2,3
mfcc_delta_16_mean,0.00539426552131772,2,3
flatness_std,0.005095097701996565,2,3
contrast_0_mean,0.00501997908577323,2,3
rms_mean,0.004912062548100948,2,3
bandwidth_mean,0.004845927469432354,2,3
mfcc_delta_16_p10,0.004609308205544949,2,3
mfcc_5_mean,0.004492416512221098,2,3
mfcc_delta_1_p90,0.004404748789966106,2,3
mfcc_6_p90,0.004279588349163532,2,3
rms_std,0.004206484649330378,2,3
mfcc_9_p10,0.004180711228400469,2,3
mfcc_delta_14_p10,0.00406485702842474,2,3
contrast_1_std,0.00402551144361496,2,3
mfcc_10_std,0.003927199169993401,2,3
mfcc_13_std,0.0039182016626000404,2,3
contrast_4_mean,0.0038561299443244934,2,3
mfcc_16_p10,0.0038215965032577515,2,3
mfcc_17_mean,0.003780494211241603,2,3
rolloff85_std,0.0037335625384002924,2,3
mfcc_9_mean,0.003699131542816758,2,3
contrast_2_mean,0.00368581828661263,2,3
contrast_2_p10,0.0036792196333408356,2,3
centroid_std,0.0036736191250383854,2,3
mfcc_delta_7_std,0.003660316811874509,2,3
bandwidth_p10,0.003642408177256584,2,3
mfcc_delta_10_p10,0.0036013710778206587,2,3
mfcc_7_p90,0.003576094750314951,2,3
contrast_3_mean,0.0035326690413057804,2,3
mfcc_8_p90,0.003428291529417038,2,3
mfcc_delta_14_p90,0.003404515329748392,2,3
mfcc_delta_15_std,0.0033808157313615084,2,3
mfcc_5_p90,0.0033318561036139727,2,3
mfcc_delta_5_p90,0.0033290868159383535,2,3
mfcc_delta_8_p90,0.0033207598607987165,2,3
rolloff85_p10,0.0032694970723241568,2,3
contrast_3_p10,0.0032632346265017986,2,3
dominant_frequency,0.003253473900258541,2,3
mfcc_1_p10,0.0032300292514264584,2,3
mfcc_17_p90,0.003200760344043374,2,3
mfcc_delta_7_p90,0.003190437564626336,2,3
mfcc_1_p90,0.16833725571632385,2,4
contrast_5_p10,0.05465323105454445,2,4
contrast_0_p90,0.046999115496873856,2,4
rms_p90,0.025267159566283226,2,4
dominant_frequency,0.022098900750279427,2,4
rms_p10,0.020083438605070114,2,4
contrast_5_mean,0.018182314932346344,2,4
mfcc_1_mean,0.016253139823675156,2,4
rms_std,0.010652772150933743,2,4
rms_mean,0.009193184785544872,2,4
mfcc_15_std,0.00831212941557169,2,4
zero_crossing_rate_p90,0.00809275358915329,2,4
mfcc_3_mean,0.008044485934078693,2,4
mfcc_14_std,0.007577466778457165,2,4
mfcc_delta_16_std,0.007370718754827976,2,4
mfcc_3_p90,0.007056137081235647,2,4
mfcc_5_mean,0.006900816224515438,2,4
contrast_0_p10,0.006790306884795427,2,4
centroid_p10,0.006751189939677715,2,4
mfcc_11_mean,0.00663712527602911,2,4
mfcc_2_p90,0.006574852392077446,2,4
flatness_p90,0.006413712166249752,2,4
mfcc_delta_9_std,0.006167919375002384,2,4
centroid_mean,0.006147744134068489,2,4
mfcc_7_p90,0.005868024192750454,2,4
contrast_0_mean,0.005729729775339365,2,4
contrast_5_std,0.005488649941980839,2,4
mfcc_delta_15_std,0.005451272241771221,2,4
mfcc_delta_16_p10,0.005315887276083231,2,4
contrast_5_p90,0.005295556504279375,2,4
flatness_std,0.005125643219798803,2,4
zero_crossing_rate_mean,0.005078515503555536,2,4
flatness_mean,0.004993366543203592,2,4
mfcc_7_p10,0.004831709899008274,2,4
mfcc_5_p10,0.0047172727063298225,2,4
mfcc_delta_10_std,0.004586059600114822,2,4
mfcc_17_p90,0.004461892414838076,2,4
centroid_std,0.0044397772289812565,2,4
contrast_4_p90,0.00442211888730526,2,4
rolloff85_mean,0.004375861957669258,2,4
centroid_p90,0.004315882921218872,2,4
zero_crossing_rate_p10,0.004275014158338308,2,4
mfcc_14_mean,0.004181961994618177,2,4
flatness_p10,0.004168784711509943,2,4
mfcc_delta_2_p10,0.00414950679987669,2,4
mfcc_delta_0_p10,0.004143993370234966,2,4
mfcc_7_mean,0.00403688894584775,2,4
contrast_3_mean,0.004033258650451899,2,4
mfcc_6_p90,0.003947131335735321,2,4
mfcc_11_p10,0.003933096304535866,2,4
rolloff85_std,0.0038881152868270874,2,4
mfcc_delta_0_std,0.0038325469940900803,2,4
contrast_1_std,0.003801085753366351,2,4
mfcc_17_mean,0.0037130024284124374,2,4
mfcc_14_p90,0.003706371644511819,2,4
bandwidth_mean,0.003697891253978014,2,4
contrast_2_mean,0.003691562218591571,2,4
mfcc_4_p10,0.0036847670562565327,2,4
mfcc_delta_14_std,0.003682407783344388,2,4
mfcc_5_p90,0.0036720929201692343,2,4
mfcc_1_mean,0.22209204733371735,3,0
mfcc_1_p90,0.08199822902679443,3,0
mfcc_1_p10,0.04387698695063591,3,0
rms_p10,0.019877877086400986,3,0
contrast_5_p90,0.015355706214904785,3,0
contrast_0_p90,0.013411995954811573,3,0
contrast_0_mean,0.01315133087337017,3,0
contrast_5_mean,0.01190266851335764,3,0
zero_crossing_rate_p90,0.01058797724545002,3,0
mfcc_15_std,0.009168487973511219,3,0
mfcc_9_p10,0.0072423601523041725,3,0
mfcc_7_p90,0.006906304508447647,3,0
mfcc_14_std,0.0066024623811244965,3,0
contrast_0_p10,0.0064413598738610744,3,0
rms_p90,0.006070098839700222,3,0
contrast_5_std,0.006063174456357956,3,0
mfcc_5_mean,0.005647066980600357,3,0
centroid_p10,0.005641996394842863,3,0
zero_crossing_rate_mean,0.005497117061167955,3,0
mfcc_5_p10,0.005226030480116606,3,0
flatness_mean,0.005215131677687168,3,0
mfcc_9_mean,0.005155346821993589,3,0
mfcc_3_p90,0.004983149468898773,3,0
mfcc_5_p90,0.004845522344112396,3,0
mfcc_9_p90,0.004730713553726673,3,0
rolloff85_p10,0.004717643838375807,3,0
contrast_1_std,0.004608885385096073,3,0
mfcc_3_mean,0.0045424336567521095,3,0
mfcc_delta_1_p90,0.004519286099821329,3,0
contrast_1_mean,0.0044733136892318726,3,0
zero_crossing_rate_p10,0.004458138719201088,3,0
mfcc_7_mean,0.004450934939086437,3,0
mfcc_8_p10,0.004277009982615709,3,0
mfcc_15_mean,0.004194215871393681,3,0
mfcc_3_p10,0.004177838563919067,3,0
flatness_p90,0.004143591038882732,3,0
centroid_p90,0.00400705449283123,3,0
spectral_entropy_p90,0.003917990252375603,3,0
dominant_frequency,0.0039040520787239075,3,0
mfcc_11_p10,0.0038347707595676184,3,0
mfcc_2_p90,0.003746294416487217,3,0
mfcc_14_mean,0.0037278947420418262,3,0
rms_mean,0.0036932334769517183,3,0
spectral_entropy_p10,0.003660507733002305,3,0
mfcc_18_std,0.0036350456066429615,3,0
spectral_entropy_mean,0.003613042877987027,3,0
contrast_3_mean,0.0035508961882442236,3,0
contrast_2_p10,0.003530162386596203,3,0
flatness_p10,0.003465615212917328,3,0
contrast_4_p90,0.003451448166742921,3,0
mfcc_2_mean,0.0034404280595481396,3,0
contrast_5_p10,0.0034310834016650915,3,0
mfcc_10_std,0.003426422830671072,3,0
mfcc_delta_3_p90,0.0033991821110248566,3,0
mfcc_0_p90,0.0033611736726015806,3,0
mfcc_delta_5_p90,0.003280509728938341,3,0
flatness_std,0.003249308792874217,3,0
mfcc_10_p90,0.0032444915268570185,3,0
mfcc_delta_10_std,0.0032413986045867205,3,0
mfcc_delta_1_mean,0.0032281605526804924,3,0
rolloff85_mean,0.22440195083618164,3,1
mfcc_1_p90,0.2061438113451004,3,1
rolloff85_p10,0.12604187428951263,3,1
rolloff85_p90,0.0618760921061039,3,1
bandwidth_mean,0.011008023284375668,3,1
mfcc_delta_6_p90,0.007807819172739983,3,1
mfcc_delta_7_p90,0.006926329340785742,3,1
mfcc_3_mean,0.006552618462592363,3,1
contrast_0_p90,0.005241495557129383,3,1
mfcc_delta_1_p90,0.004651572555303574,3,1
mfcc_7_p90,0.004593046847730875,3,1
mfcc_delta_0_p10,0.004174476955085993,3,1
mfcc_delta_4_p90,0.003984598908573389,3,1
mfcc_8_p10,0.00390812149271369,3,1
bandwidth_p10,0.0037864763289690018,3,1
mfcc_3_p90,0.003653373336419463,3,1
mfcc_0_mean,0.0035434633027762175,3,1
mfcc_delta_10_std,0.0034551932476460934,3,1
rms_mean,0.0034400178119540215,3,1
mfcc_5_p10,0.003368424018844962,3,1
flatness_p90,0.0033207139931619167,3,1
mfcc_4_std,0.0033022603020071983,3,1
mfcc_18_std,0.003290447173640132,3,1
mfcc_5_mean,0.003216166514903307,3,1
centroid_p10,0.003208776004612446,3,1
centroid_p90,0.0031195697374641895,3,1
mfcc_12_mean,0.003089974168688059,3,1
mfcc_6_mean,0.0030868565663695335,3,1
flatness_p10,0.0030774802435189486,3,1
mfcc_17_std,0.002939916215837002,3,1
mfcc_3_p10,0.002894188044592738,3,1
mfcc_delta_18_p90,0.002763791475445032,3,1
mfcc_2_mean,0.0027480304706841707,3,1
mfcc_11_p90,0.002719273092225194,3,1
mfcc_7_mean,0.0027143904007971287,3,1
mfcc_delta_18_std,0.00266597350127995,3,1
centroid_mean,0.002660479163751006,3,1
mfcc_12_p90,0.0026545815635472536,3,1
mfcc_delta_1_p10,0.002571347402408719,3,1
mfcc_8_p90,0.002475701505318284,3,1
contrast_1_p10,0.0024468612391501665,3,1
spectral_entropy_p10,0.0024151380639523268,3,1
mfcc_9_mean,0.0024081156589090824,3,1
mfcc_14_mean,0.0024004075676202774,3,1
flatness_mean,0.0023875930346548557,3,1
spectral_entropy_std,0.0023706855718046427,3,1
mfcc_2_p10,0.0023455345071852207,3,1
mfcc_2_p90,0.0023285173811018467,3,1
mfcc_14_p10,0.0023034201003611088,3,1
dominant_frequency_ratio,0.0022978857159614563,3,1
mfcc_5_p90,0.0022911650594323874,3,1
mfcc_0_p10,0.0022411206737160683,3,1
mfcc_0_std,0.002211625687777996,3,1
mfcc_4_p10,0.0022091835271567106,3,1
mfcc_delta_8_std,0.002207380486652255,3,1
mfcc_6_p10,0.0021896983962506056,3,1
mfcc_10_p10,0.0021854473743587732,3,1
mfcc_delta_11_p10,0.0021356488578021526,3,1
mfcc_17_mean,0.0021173316054046154,3,1
mfcc_10_p90,0.002107330597937107,3,1
mfcc_1_mean,0.15761855244636536,3,2
mfcc_1_p90,0.14375141263008118,3,2
contrast_5_p10,0.06512424349784851,3,2
mfcc_1_p10,0.035576362162828445,3,2
flatness_mean,0.013263274915516376,3,2
contrast_5_mean,0.013247444294393063,3,2
mfcc_14_std,0.010509068146348,3,2
rolloff85_p10,0.010496334172785282,3,2
mfcc_7_p10,0.009451005607843399,3,2
zero_crossing_rate_p90,0.00910602044314146,3,2
zero_crossing_rate_mean,0.008953756652772427,3,2
mfcc_15_std,0.007502735126763582,3,2
mfcc_9_p10,0.0072121093980968,3,2
mfcc_7_mean,0.006809233222156763,3,2
centroid_p90,0.006671008188277483,3,2
contrast_5_std,0.006329566705971956,3,2
centroid_p10,0.006180784199386835,3,2
centroid_mean,0.006083946209400892,3,2
mfcc_3_mean,0.0059122671373188496,3,2
rolloff85_mean,0.00551900127902627,3,2
contrast_4_p90,0.0054892078042030334,3,2
contrast_5_p90,0.00538328941911459,3,2
mfcc_7_p90,0.005158556625247002,3,2
contrast_1_std,0.005045121069997549,3,2
mfcc_2_mean,0.0050112903118133545,3,2
contrast_4_mean,0.004885150119662285,3,2
flatness_p90,0.0048616984859108925,3,2
mfcc_3_p90,0.004838990513235331,3,2
mfcc_2_p90,0.004818491637706757,3,2
rms_mean,0.004757946357131004,3,2
rms_p90,0.0046906620264053345,3,2
mfcc_10_p90,0.004453736823052168,3,2
mfcc_15_mean,0.004427103791385889,3,2
dominant_frequency,0.004406504798680544,3,2
mfcc_6_mean,0.004303077235817909,3,2
mfcc_13_mean,0.004261833615601063,3,2
mfcc_17_mean,0.004124080296605825,3,2
mfcc_2_p10,0.0040827845223248005,3,2
contrast_1_mean,0.0040715835057199,3,2
mfcc_5_mean,0.003990176599472761,3,2
mfcc_17_p90,0.003982629626989365,3,2
mfcc_17_std,0.0038770772516727448,3,2
contrast_4_p10,0.0038183059077709913,3,2
mfcc_5_p90,0.0037240558303892612,3,2
rms_p10,0.0036995557602494955,3,2
mfcc_12_mean,0.003680179128423333,3,2
mfcc_10_std,0.0036149693187326193,3,2
mfcc_9_p90,0.0035939428489655256,3,2
mfcc_delta_13_p90,0.0035833334550261497,3,2
mfcc_5_p10,0.0035269211512058973,3,2
mfcc_12_p90,0.0035162304993718863,3,2
mfcc_10_p10,0.003484478686004877,3,2
mfcc_6_p10,0.0034593974705785513,3,2
mfcc_18_std,0.0034141233190894127,3,2
mfcc_16_p10,0.0033838942181319,3,2
mfcc_13_std,0.003358832560479641,3,2
flatness_p10,0.003273520153015852,3,2
spectral_entropy_std,0.003267757361754775,3,2
contrast_0_p10,0.0032630255445837975,3,2
rms_std,0.003208588110283017,3,2
contrast_5_p10,0.18616360425949097,3,3
mfcc_1_p90,0.07285809516906738,3,3
rms_p90,0.04701285436749458,3,3
rms_mean,0.0441570021212101,3,3
mfcc_1_mean,0.02404310554265976,3,3
mfcc_2_p90,0.018194762989878654,3,3
dominant_frequency,0.01698092557489872,3,3
rms_p10,0.01619887910783291,3,3
contrast_0_p90,0.016125213354825974,3,3
contrast_5_mean,0.015893399715423584,3,3
contrast_0_mean,0.014066671021282673,3,3
mfcc_15_std,0.011664831079542637,3,3
mfcc_1_p10,0.010762385092675686,3,3
mfcc_0_std,0.009387783706188202,3,3
contrast_0_p10,0.009049046784639359,3,3
zero_crossing_rate_mean,0.008600953035056591,3,3
mfcc_3_mean,0.00818465556949377,3,3
mfcc_7_p10,0.0077999550849199295,3,3
zero_crossing_rate_p90,0.007771893870085478,3,3
bandwidth_p90,0.007518232334405184,3,3
mfcc_14_std,0.006963787600398064,3,3
mfcc_17_mean,0.006193074863404036,3,3
mfcc_2_mean,0.006125767249614,3,3
mfcc_3_p90,0.00590544706210494,3,3
centroid_mean,0.005896085407584906,3,3
centroid_p90,0.005191902630031109,3,3
contrast_5_std,0.005132842343300581,3,3
mfcc_6_p90,0.0047950753942132,3,3
mfcc_10_mean,0.0046053542755544186,3,3
mfcc_10_std,0.004560824483633041,3,3
mfcc_delta_5_std,0.004517238587141037,3,3
mfcc_9_p90,0.004460939206182957,3,3
contrast_4_p90,0.004426287021487951,3,3
contrast_1_mean,0.00442158430814743,3,3
centroid_p10,0.004258762579411268,3,3
contrast_5_p90,0.004232550039887428,3,3
zero_crossing_rate_p10,0.004181750118732452,3,3
mfcc_6_std,0.004040209576487541,3,3
mfcc_10_p90,0.003900412004441023,3,3
contrast_2_p90,0.0038719731383025646,3,3
bandwidth_mean,0.0035808805841952562,3,3
rolloff85_mean,0.0035643666051328182,3,3
mfcc_13_p10,0.003494080388918519,3,3
mfcc_2_p10,0.003473754972219467,3,3
contrast_4_mean,0.003439881606027484,3,3
mfcc_17_p90,0.0033996037673205137,3,3
mfcc_18_std,0.003335762768983841,3,3
mfcc_15_mean,0.003303607925772667,3,3
mfcc_8_p10,0.003286598017439246,3,3
mfcc_0_p10,0.003238275647163391,3,3
mfcc_7_mean,0.0031929321121424437,3,3
mfcc_delta_15_std,0.0031747559551149607,3,3
mfcc_delta_4_std,0.003133373335003853,3,3
mfcc_6_mean,0.0031199795193970203,3,3
mfcc_16_std,0.0030912691727280617,3,3
mfcc_delta_2_p90,0.0030786965508013964,3,3
mfcc_delta_15_p90,0.003073537489399314,3,3
mfcc_9_mean,0.0030215857550501823,3,3
mfcc_4_mean,0.002994994632899761,3,3
flatness_std,0.0029871705919504166,3,3
mfcc_1_p90,0.17826209962368011,3,4
contrast_5_p10,0.0546734593808651,3,4
contrast_0_p90,0.04010213539004326,3,4
rms_p90,0.029111072421073914,3,4
dominant_frequency,0.0221960861235857,3,4
rms_p10,0.02081575244665146,3,4
contrast_5_mean,0.02049962989985943,3,4
mfcc_1_mean,0.014833718538284302,3,4
rms_mean,0.012405794113874435,3,4
rms_std,0.009037784300744534,3,4
zero_crossing_rate_mean,0.008836722932755947,3,4
mfcc_14_std,0.00840042531490326,3,4
centroid_mean,0.008301747031509876,3,4
zero_crossing_rate_p90,0.00791576411575079,3,4
mfcc_15_std,0.006973533891141415,3,4
mfcc_3_mean,0.006958337500691414,3,4
mfcc_delta_8_std,0.006819412112236023,3,4
mfcc_5_mean,0.006670535076409578,3,4
mfcc_3_p90,0.006604315713047981,3,4
centroid_p10,0.006484331097453833,3,4
mfcc_11_mean,0.006411768961697817,3,4
mfcc_7_p90,0.006362147629261017,3,4
flatness_p90,0.006219701375812292,3,4
mfcc_2_p90,0.006178011652082205,3,4
mfcc_7_p10,0.0056164683774113655,3,4
contrast_5_std,0.005473196040838957,3,4
flatness_mean,0.005360356532037258,3,4
mfcc_6_mean,0.005155779421329498,3,4
mfcc_7_mean,0.005145472474396229,3,4
contrast_4_mean,0.005140936933457851,3,4
contrast_0_mean,0.005138765554875135,3,4
rolloff85_std,0.004739199765026569,3,4
contrast_5_p90,0.0045751966536045074,3,4
mfcc_17_mean,0.004499783739447594,3,4
mfcc_5_p10,0.004469629842787981,3,4
mfcc_delta_5_std,0.004310288466513157,3,4
spectral_entropy_p10,0.004303509835153818,3,4
mfcc_17_p90,0.004274528939276934,3,4
mfcc_14_p10,0.004257223103195429,3,4
zero_crossing_rate_p10,0.004194074776023626,3,4
contrast_0_p10,0.004147851839661598,3,4
mfcc_10_std,0.004140359815210104,3,4
flatness_p10,0.004134261514991522,3,4
spectral_entropy_mean,0.004126477520912886,3,4
mfcc_5_p90,0.004116008058190346,3,4
bandwidth_mean,0.00407638493925333,3,4
rolloff85_mean,0.004068164154887199,3,4
contrast_3_mean,0.003957249689847231,3,4
contrast_1_mean,0.003930165898054838,3,4
flatness_std,0.0038153857458382845,3,4
mfcc_2_mean,0.003811132162809372,3,4
mfcc_11_p10,0.0037658114451915026,3,4
spectral_entropy_p90,0.003761959495022893,3,4
mfcc_delta_9_std,0.003701485227793455,3,4
mfcc_delta_10_std,0.003619826165959239,3,4
centroid_std,0.003592186141759157,3,4
mfcc_0_mean,0.003522024489939213,3,4
mfcc_6_p90,0.0035149790346622467,3,4
mfcc_delta_2_std,0.003507763147354126,3,4
mfcc_0_std,0.0033950149081647396,3,4
mfcc_1_p90,0.16134974360466003,4,0
mfcc_1_mean,0.09539858996868134,4,0
mfcc_1_p10,0.05863074213266373,4,0
rolloff85_mean,0.028987694531679153,4,0
contrast_5_mean,0.01836295798420906,4,0
contrast_5_p90,0.012485528364777565,4,0
rms_p10,0.011894997209310532,4,0
rolloff85_p10,0.009916147217154503,4,0
mfcc_0_std,0.008541041053831577,4,0
flatness_mean,0.008078145794570446,4,0
centroid_p10,0.007823492400348186,4,0
mfcc_14_p10,0.007526267785578966,4,0
zero_crossing_rate_p90,0.007321044337004423,4,0
contrast_1_std,0.007001195568591356,4,0
mfcc_5_mean,0.006805887445807457,4,0
mfcc_4_p90,0.0062804557383060455,4,0
mfcc_8_p10,0.0062224846333265305,4,0
mfcc_delta_6_p90,0.006138216238468885,4,0
mfcc_9_p10,0.0060827103443443775,4,0
mfcc_7_p90,0.0058628167025744915,4,0
contrast_0_mean,0.005760233849287033,4,0
mfcc_14_std,0.0057550049386918545,4,0
contrast_5_std,0.0057265120558440685,4,0
mfcc_5_p90,0.005681308452039957,4,0
mfcc_5_p10,0.00529308058321476,4,0
mfcc_15_mean,0.005083300173282623,4,0
mfcc_7_p10,0.005012692883610725,4,0
mfcc_delta_1_p90,0.0050058369524776936,4,0
mfcc_17_p90,0.004953795112669468,4,0
contrast_5_p10,0.004830436781048775,4,0
mfcc_14_p90,0.0046897511929273605,4,0
mfcc_7_mean,0.004630841314792633,4,0
zero_crossing_rate_p10,0.0045855981297791,4,0
zero_crossing_rate_std,0.00457554217427969,4,0
mfcc_14_mean,0.004502305760979652,4,0
mfcc_2_mean,0.004491312894970179,4,0
mfcc_9_mean,0.0044508036226034164,4,0
mfcc_15_std,0.004442340694367886,4,0
bandwidth_p10,0.0042270938865840435,4,0
centroid_mean,0.004189645405858755,4,0
rms_mean,0.004132695030421019,4,0
mfcc_delta_0_std,0.004108468070626259,4,0
dominant_frequency,0.004066179506480694,4,0
mfcc_3_mean,0.004056003410369158,4,0
mfcc_delta_15_std,0.004055793397128582,4,0
contrast_1_mean,0.003926498349756002,4,0
mfcc_11_p10,0.003875363850966096,4,0
mfcc_2_p90,0.003790096612647176,4,0
mfcc_delta_7_p10,0.0037831414956599474,4,0
mfcc_9_p90,0.0037515489384531975,4,0
contrast_4_mean,0.0037438676226884127,4,0
mfcc_17_mean,0.0036464715376496315,4,0
mfcc_2_p10,0.003626992227509618,4,0
spectral_entropy_p90,0.0035634832456707954,4,0
contrast_0_p10,0.0035181143321096897,4,0
contrast_3_mean,0.0034992548171430826,4,0
mfcc_1_std,0.003482590662315488,4,0
mfcc_delta_10_std,0.0034640354570001364,4,0
mfcc_delta_10_p10,0.0034317688550800085,4,0
mfcc_0_p90,0.00341737549751997,4,0
rolloff85_mean,0.42890465259552,4,1
rolloff85_p10,0.1432722508907318,4,1
mfcc_1_p90,0.03562571480870247,4,1
contrast_0_p90,0.02805282548069954,4,1
rolloff85_p90,0.02798888273537159,4,1
contrast_0_mean,0.015693020075559616,4,1
rms_p10,0.006101936101913452,4,1
mfcc_3_mean,0.006087131332606077,4,1
mfcc_0_std,0.006066915113478899,4,1
mfcc_7_p90,0.004986917600035667,4,1
mfcc_delta_1_p90,0.004823752213269472,4,1
contrast_0_p10,0.003993574529886246,4,1
mfcc_6_p10,0.0039010383188724518,4,1
centroid_p10,0.0038643546868115664,4,1
mfcc_delta_8_mean,0.0037794855888932943,4,1
mfcc_3_p90,0.0036089273635298014,4,1
rms_mean,0.0035297367721796036,4,1
mfcc_8_p90,0.0035270487423986197,4,1
mfcc_2_p10,0.0032850743737071753,4,1
mfcc_2_p90,0.0032823975197970867,4,1
centroid_mean,0.003263637889176607,4,1
mfcc_5_mean,0.0032154538203030825,4,1
contrast_4_p90,0.0030963681638240814,4,1
mfcc_9_mean,0.0028739592526108027,4,1
mfcc_9_p90,0.002820899710059166,4,1
mfcc_2_mean,0.002777433954179287,4,1
mfcc_11_p90,0.0027696003671735525,4,1
mfcc_delta_18_p90,0.0024795017670840025,4,1
mfcc_7_mean,0.002454550703987479,4,1
flatness_mean,0.002447711769491434,4,1
centroid_p90,0.0024228806141763926,4,1
mfcc_delta_0_p10,0.0024220109917223454,4,1
mfcc_delta_7_p90,0.0024044406600296497,4,1
mfcc_3_p10,0.0023177762050181627,4,1
flatness_p10,0.0023164788726717234,4,1
mfcc_18_std,0.0022999518550932407,4,1
mfcc_18_mean,0.002242781687527895,4,1
spectral_entropy_mean,0.0022321545984596014,4,1
dominant_frequency_ratio,0.0022262888960540295,4,1
bandwidth_p90,0.0021839686669409275,4,1
mfcc_delta_6_p90,0.0021825593430548906,4,1
mfcc_10_p90,0.0021524205803871155,4,1
contrast_1_mean,0.0021318458020687103,4,1
mfcc_6_p90,0.0021049852948635817,4,1
mfcc_1_mean,0.0021040975116193295,4,1
mfcc_4_std,0.0020882058888673782,4,1
mfcc_delta_18_std,0.002055733697488904,4,1
centroid_std,0.002043226733803749,4,1
mfcc_10_p10,0.0020106672309339046,4,1
mfcc_10_mean,0.001995179569348693,4,1
contrast_2_std,0.0019723945297300816,4,1
mfcc_17_std,0.001955416752025485,4,1
mfcc_delta_1_std,0.0019512518774718046,4,1
contrast_4_mean,0.0019488128600642085,4,1
mfcc_12_p90,0.0019445453071966767,4,1
mfcc_delta_1_p10,0.0019344664178788662,4,1
contrast_1_std,0.001912935171276331,4,1
bandwidth_mean,0.001831331755965948,4,1
mfcc_5_p10,0.0018246617401018739,4,1
contrast_3_std,0.0017882008105516434,4,1
mfcc_1_mean,0.17051759362220764,4,2
mfcc_1_p90,0.1595529019832611,4,2
contrast_5_p10,0.05628107115626335,4,2
mfcc_1_p10,0.01593206822872162,4,2
contrast_5_mean,0.014724171720445156,4,2
flatness_mean,0.011535879224538803,4,2
mfcc_7_p10,0.010637322440743446,4,2
mfcc_15_std,0.008870318531990051,4,2
zero_crossing_rate_p90,0.008672340773046017,4,2
mfcc_14_std,0.008035549893975258,4,2
contrast_4_p90,0.0077660102397203445,4,2
mfcc_9_p10,0.007571895141154528,4,2
rolloff85_p10,0.007144472561776638,4,2
flatness_p90,0.006862424314022064,4,2
mfcc_7_mean,0.006826616823673248,4,2
contrast_5_std,0.006629853509366512,4,2
centroid_mean,0.0064558847807347775,4,2
rolloff85_mean,0.006423107348382473,4,2
zero_crossing_rate_mean,0.006338242441415787,4,2
contrast_4_mean,0.006336655467748642,4,2
contrast_5_p90,0.005556471645832062,4,2
centroid_p90,0.005542142316699028,4,2
centroid_p10,0.005536386277526617,4,2
mfcc_3_mean,0.005395039450377226,4,2
mfcc_6_p10,0.005363548174500465,4,2
mfcc_7_p90,0.005248597357422113,4,2
mfcc_17_p90,0.005181625951081514,4,2
rms_p90,0.005173931363970041,4,2
rms_mean,0.005057923495769501,4,2
mfcc_17_mean,0.0048233866691589355,4,2
mfcc_3_p90,0.004795309621840715,4,2
mfcc_15_mean,0.004735794384032488,4,2
mfcc_2_p90,0.004506516736000776,4,2
mfcc_9_mean,0.004491615109145641,4,2
mfcc_6_p90,0.004424417391419411,4,2
mfcc_12_p90,0.0043935831636190414,4,2
mfcc_17_std,0.00430853758007288,4,2
contrast_1_mean,0.004143276251852512,4,2
mfcc_10_p90,0.0041097840294241905,4,2
mfcc_16_p10,0.004062047228217125,4,2
mfcc_5_p10,0.004020252265036106,4,2
mfcc_2_p10,0.003929849248379469,4,2
dominant_frequency,0.003912201151251793,4,2
contrast_1_p90,0.003671147394925356,4,2
contrast_1_std,0.003644278272986412,4,2
mfcc_2_mean,0.003641746938228607,4,2
contrast_0_p10,0.0035936180502176285,4,2
mfcc_12_mean,0.0035525267012417316,4,2
mfcc_delta_13_p90,0.003533974289894104,4,2
bandwidth_mean,0.0035125527065247297,4,2
mfcc_6_mean,0.0035039468202739954,4,2
mfcc_5_mean,0.003484318731352687,4,2
mfcc_delta_1_std,0.0034420706797391176,4,2
flatness_std,0.0034075297880917788,4,2
dominant_frequency_ratio,0.0033530769869685173,4,2
contrast_3_mean,0.003340733703225851,4,2
rms_std,0.0033294721506536007,4,2
zero_crossing_rate_p10,0.0032969973981380463,4,2
mfcc_delta_3_p90,0.0032732707913964987,4,2
mfcc_11_p10,0.0032580133993178606,4,2
rms_p10,0.1944582164287567,4,3
mfcc_1_p90,0.05087719485163689,4,3
mfcc_1_mean,0.04765547811985016,4,3
mfcc_15_std,0.01914859004318714,4,3
contrast_0_p90,0.018880445510149002,4,3
contrast_5_p90,0.015042771585285664,4,3
contrast_5_mean,0.014939391054213047,4,3
mfcc_3_p90,0.014635025523602962,4,3
bandwidth_p90,0.012582707218825817,4,3
rolloff85_mean,0.01240589004009962,4,3
mfcc_3_mean,0.011909066699445248,4,3
contrast_0_p10,0.010809349827468395,4,3
zero_crossing_rate_p90,0.00994557049125433,4,3
mfcc_14_std,0.009475613944232464,4,3
contrast_4_mean,0.009256488643586636,4,3
mfcc_2_p90,0.008854323998093605,4,3
rms_p90,0.00841749832034111,4,3
contrast_5_std,0.007887449115514755,4,3
mfcc_delta_15_std,0.007564215455204248,4,3
mfcc_2_mean,0.006205815821886063,4,3
mfcc_13_mean,0.005669043865054846,4,3
contrast_0_mean,0.005617715884000063,4,3
mfcc_3_p10,0.005510536953806877,4,3
contrast_3_p10,0.005397368688136339,4,3
mfcc_9_p10,0.005269385874271393,4,3
mfcc_delta_3_p10,0.005198745522648096,4,3
mfcc_5_mean,0.005196153186261654,4,3
flatness_std,0.004879077896475792,4,3
mfcc_6_std,0.004677875433117151,4,3
rms_mean,0.004676285665482283,4,3
mfcc_delta_9_std,0.004667853005230427,4,3
mfcc_6_p90,0.0045766569674015045,4,3
mfcc_delta_7_p10,0.004553181119263172,4,3
mfcc_delta_6_std,0.004530369304120541,4,3
zero_crossing_rate_mean,0.0045082117430865765,4,3
centroid_mean,0.004429673310369253,4,3
rms_std,0.0043654004111886024,4,3
mfcc_17_mean,0.004311216529458761,4,3
contrast_3_mean,0.0043101441115140915,4,3
contrast_2_mean,0.004293883219361305,4,3
mfcc_10_std,0.004254605155438185,4,3
contrast_2_p10,0.004051770083606243,4,3
mfcc_4_p10,0.004051165655255318,4,3
mfcc_delta_9_mean,0.004034907091408968,4,3
zero_crossing_rate_p10,0.0040276749059557915,4,3
mfcc_delta_11_std,0.003984890412539244,4,3
contrast_4_p10,0.00394503865391016,4,3
mfcc_7_p10,0.0038205967284739017,4,3
mfcc_delta_13_std,0.003784848377108574,4,3
bandwidth_mean,0.0037820127326995134,4,3
mfcc_1_p10,0.0037276188377290964,4,3
mfcc_delta_7_p90,0.0036877295933663845,4,3
mfcc_6_mean,0.0036838925443589687,4,3
contrast_4_p90,0.003672719933092594,4,3
mfcc_9_p90,0.0036614960990846157,4,3
mfcc_16_std,0.0036469523329287767,4,3
mfcc_delta_11_p10,0.0036398295778781176,4,3
mfcc_delta_6_mean,0.0036124202888458967,4,3
mfcc_11_std,0.0035705489572137594,4,3
dominant_frequency_ratio,0.0035602450370788574,4,3
mfcc_1_p90,0.18216060101985931,4,4
contrast_5_p10,0.059627894312143326,4,4
contrast_0_p90,0.050010450184345245,4,4
rms_p90,0.02409798838198185,4,4
dominant_frequency,0.021632077172398567,4,4
rms_p10,0.021536992862820625,4,4
contrast_5_mean,0.01783171482384205,4,4
mfcc_1_mean,0.013957648538053036,4,4
rms_std,0.010284988209605217,4,4
rms_mean,0.009858901612460613,4,4
centroid_mean,0.008880551904439926,4,4
mfcc_14_std,0.007304385304450989,4,4
mfcc_delta_16_std,0.007227960973978043,4,4
mfcc_3_p90,0.007139562163501978,4,4
mfcc_2_p90,0.00697504635900259,4,4
zero_crossing_rate_mean,0.006906498223543167,4,4
flatness_p90,0.006879026535898447,4,4
mfcc_15_std,0.0068768723867833614,4,4
centroid_p10,0.006794758606702089,4,4
zero_crossing_rate_p90,0.006726533640176058,4,4
mfcc_3_mean,0.006602142937481403,4,4
mfcc_11_mean,0.006587960757315159,4,4
mfcc_5_mean,0.0063942852430045605,4,4
contrast_0_p10,0.006388762500137091,4,4
mfcc_7_p90,0.005932302214205265,4,4
mfcc_delta_9_std,0.005699071567505598,4,4
mfcc_delta_15_std,0.005548613145947456,4,4
contrast_5_std,0.005402318201959133,4,4
contrast_0_mean,0.005309888161718845,4,4
flatness_mean,0.005172613076865673,4,4
mfcc_delta_10_std,0.005129530094563961,4,4
centroid_p90,0.005112423561513424,4,4
zero_crossing_rate_p10,0.005064100027084351,4,4
bandwidth_p10,0.0048811850138008595,4,4
contrast_5_p90,0.004840477369725704,4,4
mfcc_17_p90,0.004599600564688444,4,4
mfcc_delta_16_p10,0.004447992891073227,4,4
mfcc_7_mean,0.004336655605584383,4,4
flatness_std,0.004139800556004047,4,4
mfcc_12_std,0.0040593803860247135,4,4
mfcc_6_p90,0.004053477197885513,4,4
rolloff85_mean,0.003974786028265953,4,4
centroid_std,0.003971329890191555,4,4
mfcc_5_p10,0.003966795280575752,4,4
mfcc_11_p10,0.003933300729840994,4,4
mfcc_10_std,0.0038354459684342146,4,4
contrast_3_mean,0.003829553257673979,4,4
mfcc_2_mean,0.003821961348876357,4,4
flatness_p10,0.0037752091884613037,4,4
mfcc_5_p90,0.003748559160158038,4,4
contrast_1_mean,0.00371198495849967,4,4
mfcc_delta_5_std,0.003664383664727211,4,4
contrast_4_mean,0.003663315437734127,4,4
spectral_entropy_mean,0.0034736862871795893,4,4
mfcc_8_p10,0.0034548849798738956,4,4
mfcc_delta_0_std,0.0033983669709414244,4,4
mfcc_14_mean,0.0033654384315013885,4,4
bandwidth_mean,0.00336161139421165,4,4
contrast_1_std,0.003346692305058241,4,4
mfcc_6_mean,0.0033386044669896364,4,4
mfcc_1_mean,0.1819128394126892,5,0
mfcc_1_p90,0.11540935933589935,5,0
mfcc_1_p10,0.07885385304689407,5,0
contrast_0_mean,0.016202878206968307,5,0
rms_p10,0.016163118183612823,5,0
contrast_0_p90,0.015622054226696491,5,0
contrast_5_p90,0.012928943149745464,5,0
contrast_5_mean,0.012524543330073357,5,0
zero_crossing_rate_p90,0.011015231721103191,5,0
flatness_mean,0.007435343693941832,5,0
rolloff85_p10,0.00662473076954484,5,0
mfcc_15_std,0.0064127384684979916,5,0
mfcc_7_p90,0.006015019491314888,5,0
contrast_0_p10,0.005814865697175264,5,0
contrast_5_std,0.005788689944893122,5,0
mfcc_12_p90,0.005105997901409864,5,0
zero_crossing_rate_mean,0.005066385492682457,5,0
mfcc_5_mean,0.004976504482328892,5,0
mfcc_7_mean,0.004951177164912224,5,0
flatness_std,0.004904351197183132,5,0
mfcc_14_std,0.004894677549600601,5,0
centroid_p90,0.004673610907047987,5,0
mfcc_9_mean,0.0045699370093643665,5,0
centroid_p10,0.004460382740944624,5,0
mfcc_delta_1_p90,0.004395731724798679,5,0
mfcc_9_p10,0.004391664173454046,5,0
mfcc_3_mean,0.004346691537648439,5,0
mfcc_5_p90,0.004341446794569492,5,0
flatness_p90,0.004274269100278616,5,0
mfcc_5_p10,0.004153980407863855,5,0
mfcc_8_p10,0.004083494655787945,5,0
mfcc_9_p90,0.003854158101603389,5,0
contrast_1_std,0.003839092794805765,5,0
mfcc_7_p10,0.0038141196127980947,5,0
contrast_5_p10,0.0037136031314730644,5,0
mfcc_3_p90,0.0036900918930768967,5,0
contrast_1_mean,0.0036807036958634853,5,0
dominant_frequency,0.00363683863542974,5,0
mfcc_17_p90,0.003628999926149845,5,0
mfcc_11_mean,0.0036188748199492693,5,0
contrast_4_mean,0.0035968751180917025,5,0
zero_crossing_rate_p10,0.0034743999131023884,5,0
mfcc_11_p10,0.0034494209103286266,5,0
mfcc_2_p90,0.003447227878496051,5,0
mfcc_0_std,0.0034296459052711725,5,0
mfcc_6_p90,0.0034275236539542675,5,0
contrast_1_p90,0.003346030367538333,5,0
centroid_mean,0.0032979047391563654,5,0
spectral_entropy_p90,0.0032961235847324133,5,0
mfcc_delta_9_p90,0.003268980886787176,5,0
mfcc_10_p90,0.003267534775659442,5,0
contrast_4_p90,0.003234450938180089,5,0
contrast_3_mean,0.0032281456515192986,5,0
mfcc_8_p90,0.0032244587782770395,5,0
mfcc_11_std,0.003193287644535303,5,0
mfcc_14_mean,0.003185098757967353,5,0
mfcc_delta_4_std,0.0031816945411264896,5,0
mfcc_18_std,0.003138480708003044,5,0
mfcc_1_std,0.0031264822464436293,5,0
mfcc_2_mean,0.0031085533555597067,5,0
rolloff85_mean,0.2545693516731262,5,1
mfcc_1_p90,0.22730930149555206,5,1
rolloff85_p10,0.11708301305770874,5,1
rolloff85_p90,0.02002192847430706,5,1
bandwidth_mean,0.011581763625144958,5,1
mfcc_3_mean,0.0069496771320700645,5,1
mfcc_7_p90,0.005798932630568743,5,1
mfcc_delta_3_p90,0.005313795525580645,5,1
mfcc_0_std,0.00508242379873991,5,1
mfcc_delta_18_std,0.004780452232807875,5,1
mfcc_3_p90,0.004582458641380072,5,1
mfcc_5_mean,0.004394117277115583,5,1
mfcc_delta_0_p10,0.004383179824799299,5,1
centroid_p10,0.004177865572273731,5,1
mfcc_0_mean,0.004018931649625301,5,1
contrast_0_p90,0.004009077791124582,5,1
mfcc_delta_7_p90,0.003962049260735512,5,1
mfcc_delta_1_p90,0.003708211937919259,5,1
mfcc_1_mean,0.003637294052168727,5,1
mfcc_5_p10,0.0035125769209116697,5,1
mfcc_2_mean,0.0033651981502771378,5,1
mfcc_delta_10_std,0.0033491419162601233,5,1
mfcc_delta_4_p90,0.003294700291007757,5,1
flatness_p10,0.0032576059456914663,5,1
mfcc_9_mean,0.003255654126405716,5,1
flatness_p90,0.0032538659870624542,5,1
bandwidth_p10,0.0031814954709261656,5,1
centroid_p90,0.0031713340431451797,5,1
mfcc_delta_1_p10,0.0031636671628803015,5,1
mfcc_8_p90,0.003152846824377775,5,1
mfcc_6_p90,0.003141005290672183,5,1
mfcc_delta_18_p90,0.0030823545530438423,5,1
mfcc_18_std,0.0030054966919124126,5,1
mfcc_4_p10,0.0030029655899852514,5,1
mfcc_2_p90,0.0028508848045021296,5,1
flatness_mean,0.002822489244863391,5,1
mfcc_7_mean,0.0028180039953440428,5,1
mfcc_4_std,0.0028011146932840347,5,1
mfcc_3_p10,0.0027658448088914156,5,1
mfcc_14_p10,0.002560148946940899,5,1
mfcc_5_p90,0.0025503188371658325,5,1
mfcc_2_p10,0.002546449191868305,5,1
contrast_5_mean,0.00254252296872437,5,1
mfcc_10_p90,0.0025238352827727795,5,1
mfcc_12_p90,0.0025175793562084436,5,1
mfcc_6_p10,0.0024621253833174706,5,1
contrast_1_p10,0.0024368399754166603,5,1
dominant_frequency_ratio,0.0024126956705003977,5,1
rms_std,0.002408415311947465,5,1
spectral_entropy_std,0.002359480131417513,5,1
centroid_mean,0.002354831201955676,5,1
mfcc_17_mean,0.0023160146083682775,5,1
mfcc_delta_11_p10,0.0022791624069213867,5,1
mfcc_10_p10,0.0022655047941952944,5,1
mfcc_11_p90,0.0022168350405991077,5,1
mfcc_9_p90,0.0021887593902647495,5,1
contrast_0_std,0.002176908543333411,5,1
mfcc_12_p10,0.0021472659427672625,5,1
mfcc_12_mean,0.0021430577617138624,5,1
mfcc_delta_14_p10,0.0021315927151590586,5,1
mfcc_1_mean,0.22883149981498718,5,2
mfcc_1_p90,0.11870172619819641,5,2
contrast_5_p10,0.05915296450257301,5,2
mfcc_1_p10,0.016257841140031815,5,2
contrast_5_mean,0.01540063600987196,5,2
flatness_mean,0.012368745170533657,5,2
mfcc_14_std,0.009810683317482471,5,2
mfcc_7_p10,0.008351920172572136,5,2
mfcc_15_std,0.008287780918180943,5,2
zero_crossing_rate_mean,0.008089175447821617,5,2
zero_crossing_rate_p90,0.007414703257381916,5,2
contrast_4_mean,0.007358618546277285,5,2
mfcc_7_mean,0.00708046555519104,5,2
rolloff85_mean,0.0064138006418943405,5,2
rolloff85_p10,0.006339244078844786,5,2
contrast_4_p90,0.006252529099583626,5,2
mfcc_9_p10,0.006203883793205023,5,2
centroid_p10,0.006186069920659065,5,2
contrast_5_std,0.006157900206744671,5,2
centroid_mean,0.006136287935078144,5,2
flatness_p90,0.005887143779546022,5,2
centroid_p90,0.005810976959764957,5,2
rms_mean,0.005628532730042934,5,2
mfcc_3_mean,0.005457816645503044,5,2
mfcc_6_p10,0.005245829001069069,5,2
mfcc_9_mean,0.004939821548759937,5,2
mfcc_7_p90,0.0047072176821529865,5,2
contrast_5_p90,0.004672798328101635,5,2
rms_p90,0.004609236028045416,5,2
contrast_1_mean,0.004574038088321686,5,2
mfcc_17_p90,0.004572785459458828,5,2
dominant_frequency,0.004366075154393911,5,2
mfcc_3_p90,0.00430755689740181,5,2
mfcc_10_p90,0.004299367778003216,5,2
mfcc_2_mean,0.004197887610644102,5,2
contrast_1_std,0.004177489783614874,5,2
rms_p10,0.003939798101782799,5,2
mfcc_2_p90,0.003872987348586321,5,2
mfcc_2_p10,0.0038483249954879284,5,2
mfcc_17_mean,0.003838234581053257,5,2
mfcc_5_mean,0.003821719903498888,5,2
mfcc_10_p10,0.003634045831859112,5,2
mfcc_5_p10,0.003559642704203725,5,2
mfcc_6_mean,0.003556306939572096,5,2
mfcc_16_p10,0.0034811636433005333,5,2
mfcc_delta_15_std,0.0034693977795541286,5,2
mfcc_12_p90,0.0034154353197664022,5,2
mfcc_15_mean,0.003411992220208049,5,2
mfcc_13_mean,0.003404732560738921,5,2
mfcc_14_mean,0.003366430988535285,5,2
mfcc_13_std,0.003300067503005266,5,2
dominant_frequency_ratio,0.0032747318036854267,5,2
contrast_3_mean,0.0032654160168021917,5,2
mfcc_delta_7_p10,0.0031272019259631634,5,2
contrast_0_p10,0.0031016680877655745,5,2
mfcc_5_p90,0.0031014045234769583,5,2
mfcc_6_p90,0.003100590780377388,5,2
mfcc_12_mean,0.0031000154558569193,5,2
mfcc_9_p90,0.0030776900239288807,5,2
mfcc_18_std,0.0030763642862439156,5,2
rms_p10,0.20517027378082275,5,3
mfcc_1_p90,0.05331931635737419,5,3
mfcc_1_mean,0.045465730130672455,5,3
contrast_5_mean,0.018738597631454468,5,3
contrast_0_p90,0.01808490976691246,5,3
contrast_5_p90,0.01586037687957287,5,3
mfcc_15_std,0.015231098048388958,5,3
bandwidth_p90,0.012647347524762154,5,3
mfcc_3_mean,0.01224059984087944,5,3
rolloff85_mean,0.012120969593524933,5,3
mfcc_3_p90,0.011985834687948227,5,3
mfcc_14_std,0.011802266351878643,5,3
mfcc_1_p10,0.009462494403123856,5,3
zero_crossing_rate_p90,0.009406554512679577,5,3
contrast_0_p10,0.009175512939691544,5,3
contrast_3_p10,0.008602430112659931,5,3
contrast_5_std,0.007738483604043722,5,3
mfcc_5_p90,0.007349843624979258,5,3
mfcc_2_p90,0.006937181577086449,5,3
flatness_mean,0.006508886348456144,5,3
mfcc_5_mean,0.005807338282465935,5,3
mfcc_2_mean,0.005786694120615721,5,3
bandwidth_mean,0.005685069598257542,5,3
mfcc_13_mean,0.005636583548039198,5,3
mfcc_3_p10,0.005325109697878361,5,3
mfcc_delta_15_std,0.005258158314973116,5,3
flatness_std,0.005155269056558609,5,3
mfcc_12_p90,0.005079182330518961,5,3
mfcc_10_std,0.005037372000515461,5,3
rms_mean,0.004878574516624212,5,3
mfcc_6_p90,0.004724523052573204,5,3
zero_crossing_rate_mean,0.004711466375738382,5,3
centroid_mean,0.00460466556251049,5,3
mfcc_delta_10_p90,0.004532712511718273,5,3
mfcc_9_p10,0.004467860329896212,5,3
contrast_2_p90,0.0044568562880158424,5,3
mfcc_delta_6_std,0.004431380424648523,5,3
mfcc_delta_19_p10,0.004281192552298307,5,3
contrast_0_mean,0.0041915737092494965,5,3
mfcc_9_mean,0.004190823063254356,5,3
mfcc_17_p90,0.0041815671138465405,5,3
contrast_3_mean,0.00414937874302268,5,3
mfcc_delta_16_p10,0.00413433788344264,5,3
dominant_frequency,0.0040929801762104034,5,3
contrast_2_p10,0.003978161606937647,5,3
contrast_1_std,0.0039019344840198755,5,3
mfcc_6_mean,0.003894256427884102,5,3
mfcc_delta_3_p10,0.0038513154722750187,5,3
mfcc_8_mean,0.0038167121820151806,5,3
mfcc_delta_7_p10,0.003737300168722868,5,3
zero_crossing_rate_p10,0.0036812040489166975,5,3
spectral_entropy_std,0.0036623666528612375,5,3
mfcc_6_std,0.003661005524918437,5,3
mfcc_delta_15_p90,0.003632579930126667,5,3
contrast_4_p90,0.003619115799665451,5,3
contrast_4_std,0.003608524799346924,5,3
contrast_4_mean,0.003585702972486615,5,3
bandwidth_p10,0.0035087810829281807,5,3
mfcc_10_p90,0.003483053995296359,5,3
mfcc_8_p90,0.003456179518252611,5,3
mfcc_1_p90,0.19393663108348846,5,4
contrast_5_p10,0.056934479624032974,5,4
contrast_0_p90,0.03979134559631348,5,4
rms_p90,0.0298630278557539,5,4
dominant_frequency,0.026127655059099197,5,4
rms_p10,0.025740083307027817,5,4
contrast_5_mean,0.019922999665141106,5,4
rms_mean,0.015076873824000359,5,4
rms_std,0.010938100516796112,5,4
mfcc_1_mean,0.010651718825101852,5,4
mfcc_14_std,0.009548896923661232,5,4
zero_crossing_rate_mean,0.008802995085716248,5,4
mfcc_3_mean,0.008472561836242676,5,4
centroid_mean,0.007464513648301363,5,4
zero_crossing_rate_p90,0.007458217907696962,5,4
mfcc_delta_16_std,0.007113049738109112,5,4
mfcc_3_p90,0.006826338823884726,5,4
mfcc_delta_15_std,0.006315607577562332,5,4
mfcc_11_mean,0.00630049267783761,5,4
mfcc_7_p90,0.005967707838863134,5,4
centroid_p10,0.005961078684777021,5,4
mfcc_5_mean,0.005900914780795574,5,4
flatness_mean,0.005849879700690508,5,4
mfcc_2_p90,0.005808243528008461,5,4
mfcc_15_std,0.005727627780288458,5,4
mfcc_7_mean,0.005249368492513895,5,4
rolloff85_mean,0.005176386795938015,5,4
mfcc_delta_16_p10,0.005103175528347492,5,4
flatness_p90,0.005086488090455532,5,4
flatness_std,0.005065460689365864,5,4
flatness_p10,0.004870315082371235,5,4
contrast_5_std,0.004851083271205425,5,4
mfcc_17_p90,0.004777591209858656,5,4
centroid_p90,0.004581788554787636,5,4
contrast_5_p90,0.004277282860130072,5,4
bandwidth_p10,0.004233107902109623,5,4
mfcc_6_p90,0.004220467060804367,5,4
mfcc_5_p10,0.00416159350425005,5,4
contrast_3_mean,0.004057452082633972,5,4
mfcc_10_std,0.003939663991332054,5,4
centroid_std,0.003930110018700361,5,4
contrast_0_mean,0.003922761883586645,5,4
rolloff85_std,0.003919337876141071,5,4
mfcc_7_p10,0.0038593620993196964,5,4
mfcc_8_p10,0.0038434588350355625,5,4
contrast_4_p90,0.00382244773209095,5,4
contrast_1_std,0.003794473595917225,5,4
mfcc_8_p90,0.003657085122540593,5,4
mfcc_2_mean,0.00365429581142962,5,4
mfcc_9_p90,0.0036531321238726377,5,4
spectral_entropy_mean,0.003645738121122122,5,4
mfcc_delta_10_std,0.003641284303739667,5,4
contrast_0_p10,0.003621648997068405,5,4
contrast_1_mean,0.003548938548192382,5,4
mfcc_4_std,0.0035407766699790955,5,4
mfcc_16_p10,0.003510238602757454,5,4
zero_crossing_rate_p10,0.0035058329813182354,5,4
mfcc_4_p10,0.003494112752377987,5,4
mfcc_delta_2_p10,0.0034655798226594925,5,4
mfcc_delta_14_std,0.0034420094452798367,5,4
mfcc_1_p90,0.1819332093000412,6,0
mfcc_1_mean,0.09480606019496918,6,0
mfcc_1_p10,0.05558007210493088,6,0
rolloff85_mean,0.02818351238965988,6,0
mfcc_0_std,0.01892497017979622,6,0
contrast_5_mean,0.013760990463197231,6,0
rms_p10,0.011582909151911736,6,0
rolloff85_p10,0.0108012231066823,6,0
contrast_5_p90,0.010633631609380245,6,0
centroid_p10,0.00886080227792263,6,0
flatness_mean,0.008657766506075859,6,0
mfcc_9_p10,0.008334548212587833,6,0
mfcc_14_p10,0.008308925665915012,6,0
zero_crossing_rate_p90,0.007380013354122639,6,0
mfcc_7_p90,0.006634450983256102,6,0
mfcc_5_mean,0.0062208473682403564,6,0
contrast_5_std,0.0061315977945923805,6,0
mfcc_5_p10,0.006131465546786785,6,0
mfcc_14_mean,0.005830192472785711,6,0
mfcc_7_p10,0.005723418667912483,6,0
mfcc_11_p10,0.005531908478587866,6,0
mfcc_delta_13_p10,0.005481353960931301,6,0
mfcc_delta_1_std,0.005462457425892353,6,0
mfcc_delta_0_std,0.005178920924663544,6,0
contrast_5_p10,0.005087758414447308,6,0
zero_crossing_rate_p10,0.005026115570217371,6,0
mfcc_17_mean,0.004494552966207266,6,0
mfcc_delta_1_p90,0.004459052346646786,6,0
mfcc_9_p90,0.004429252818226814,6,0
rms_mean,0.004387755412608385,6,0
mfcc_3_mean,0.004341712687164545,6,0
mfcc_5_p90,0.004312201868742704,6,0
mfcc_14_std,0.004274893552064896,6,0
mfcc_15_mean,0.00419840682297945,6,0
centroid_p90,0.0041741663590073586,6,0
mfcc_7_mean,0.004164253827184439,6,0
mfcc_2_mean,0.004100389312952757,6,0
contrast_1_std,0.004008131567388773,6,0
contrast_0_mean,0.004005171358585358,6,0
mfcc_6_p90,0.00398509856313467,6,0
mfcc_delta_16_std,0.003952657338231802,6,0
mfcc_17_p90,0.003942005801945925,6,0
mfcc_8_p10,0.0038846710231155157,6,0
mfcc_15_std,0.003880410687997937,6,0
mfcc_4_std,0.0038206062745302916,6,0
mfcc_3_p90,0.0038157065864652395,6,0
mfcc_9_mean,0.003814065596088767,6,0
dominant_frequency,0.0038093377370387316,6,0
mfcc_10_p90,0.003776706289499998,6,0
spectral_entropy_p90,0.0037712929770350456,6,0
mfcc_11_mean,0.0037405327893793583,6,0
rms_p90,0.0037335949018597603,6,0
bandwidth_mean,0.0037291296757757664,6,0
mfcc_2_p10,0.0037165347021073103,6,0
flatness_p90,0.0036901766434311867,6,0
mfcc_5_std,0.0036679552868008614,6,0
zero_crossing_rate_mean,0.003662099363282323,6,0
mfcc_18_std,0.003644795622676611,6,0
mfcc_6_std,0.0035109601449221373,6,0
mfcc_14_p90,0.003456625621765852,6,0
mfcc_1_p90,0.2374826967716217,6,1
rolloff85_mean,0.22612816095352173,6,1
rolloff85_p10,0.12241750955581665,6,1
rolloff85_p90,0.013748213648796082,6,1
bandwidth_mean,0.01156721543520689,6,1
mfcc_delta_6_p90,0.008942329324781895,6,1
mfcc_delta_3_p90,0.006513156462460756,6,1
mfcc_3_mean,0.006317409686744213,6,1
mfcc_delta_1_p90,0.005525671876966953,6,1
mfcc_7_p90,0.005407220218330622,6,1
mfcc_3_p90,0.005240300670266151,6,1
mfcc_delta_7_p90,0.0046012685634195805,6,1
centroid_p10,0.004533668980002403,6,1
mfcc_delta_0_p10,0.004282037261873484,6,1
mfcc_17_std,0.0038906310219317675,6,1
mfcc_9_mean,0.003802248975262046,6,1
bandwidth_p10,0.003795451018959284,6,1
mfcc_0_mean,0.003675848711282015,6,1
mfcc_delta_10_std,0.0036205193027853966,6,1
mfcc_18_std,0.0035839395131915808,6,1
mfcc_5_mean,0.0035203304141759872,6,1
mfcc_5_p10,0.0034439945593476295,6,1
mfcc_delta_4_p90,0.003330755280330777,6,1
mfcc_7_mean,0.0033259494230151176,6,1
centroid_p90,0.0032787888776510954,6,1
mfcc_delta_18_std,0.0032396207097917795,6,1
mfcc_2_p90,0.003045761724933982,6,1
mfcc_delta_1_p10,0.003018154762685299,6,1
flatness_mean,0.003000932512804866,6,1
mfcc_3_p10,0.002983420854434371,6,1
mfcc_8_p90,0.0029636474791914225,6,1
mfcc_9_p90,0.002927992958575487,6,1
centroid_mean,0.002906236331909895,6,1
contrast_0_p90,0.0028515399899333715,6,1
mfcc_10_p90,0.002782199764624238,6,1
mfcc_4_std,0.0027671547140926123,6,1
mfcc_2_mean,0.0027542859315872192,6,1
mfcc_11_p90,0.002741048811003566,6,1
mfcc_delta_16_p10,0.002728738123551011,6,1
mfcc_10_std,0.002708448562771082,6,1
mfcc_6_p90,0.002670169109478593,6,1
mfcc_12_p90,0.0026402429211884737,6,1
flatness_p90,0.002639923943206668,6,1
mfcc_12_p10,0.002583724446594715,6,1
mfcc_4_p10,0.002580855740234256,6,1
zero_crossing_rate_mean,0.002565944567322731,6,1
flatness_p10,0.002559793647378683,6,1
mfcc_6_p10,0.0024958411231637,6,1
mfcc_delta_10_p90,0.0024900867138057947,6,1
spectral_entropy_std,0.002479004906490445,6,1
mfcc_14_p10,0.0024746875278651714,6,1
mfcc_2_p10,0.0024353330954909325,6,1
mfcc_13_mean,0.0024305186234414577,6,1
mfcc_delta_2_std,0.0023888046853244305,6,1
mfcc_delta_11_p10,0.0023729526437819004,6,1
rolloff85_std,0.002365995431318879,6,1
mfcc_14_mean,0.0023607679177075624,6,1
mfcc_delta_18_p90,0.0023487911093980074,6,1
contrast_0_std,0.002326574642211199,6,1
contrast_5_mean,0.002270580967888236,6,1
mfcc_1_mean,0.18399538099765778,6,2
mfcc_1_p90,0.1449384093284607,6,2
contrast_5_p10,0.05473288893699646,6,2
mfcc_1_p10,0.01769391819834709,6,2
contrast_5_mean,0.014554022811353207,6,2
mfcc_15_std,0.011706520803272724,6,2
flatness_mean,0.0111519331112504,6,2
mfcc_7_p10,0.011111891828477383,6,2
zero_crossing_rate_p90,0.010067742317914963,6,2
mfcc_14_std,0.008465130813419819,6,2
rolloff85_p10,0.007678376045078039,6,2
rms_p90,0.006998100783675909,6,2
zero_crossing_rate_mean,0.0068022687919437885,6,2
centroid_mean,0.006638068240135908,6,2
contrast_5_std,0.006402447819709778,6,2
mfcc_7_mean,0.006195369176566601,6,2
mfcc_7_p90,0.006109314039349556,6,2
centroid_p10,0.0059096054174005985,6,2
flatness_p90,0.005870508961379528,6,2
mfcc_3_mean,0.005776053294539452,6,2
rolloff85_mean,0.005657023284584284,6,2
centroid_p90,0.005591013003140688,6,2
contrast_4_mean,0.005523724481463432,6,2
mfcc_3_p90,0.005246687680482864,6,2
contrast_5_p90,0.004994651302695274,6,2
mfcc_9_p10,0.004895787686109543,6,2
dominant_frequency,0.004801453091204166,6,2
rms_mean,0.004789596889168024,6,2
mfcc_15_mean,0.004784393589943647,6,2
mfcc_5_mean,0.004618069157004356,6,2
mfcc_9_mean,0.004380000755190849,6,2
contrast_4_p90,0.0043393815867602825,6,2
mfcc_2_mean,0.004180253017693758,6,2
mfcc_6_p10,0.004174337722361088,6,2
mfcc_5_p10,0.004172085784375668,6,2
mfcc_17_std,0.00413705175742507,6,2
mfcc_2_p90,0.004047257360070944,6,2
mfcc_13_mean,0.003984313923865557,6,2
mfcc_10_p90,0.003948782570660114,6,2
mfcc_17_mean,0.003944774623960257,6,2
mfcc_6_mean,0.003916527610272169,6,2
mfcc_9_p90,0.00390633987262845,6,2
mfcc_17_p90,0.0038934038020670414,6,2
mfcc_delta_13_p90,0.0038315365090966225,6,2
contrast_1_std,0.003828630782663822,6,2
mfcc_16_p10,0.0038261462468653917,6,2
mfcc_4_mean,0.0037765109445899725,6,2
mfcc_2_p10,0.0037756594829261303,6,2
contrast_0_p10,0.003751941956579685,6,2
dominant_frequency_ratio,0.0037300107069313526,6,2
rms_p10,0.003705929033458233,6,2
mfcc_delta_5_std,0.003628757782280445,6,2
flatness_p10,0.0035330327227711678,6,2
mfcc_12_p90,0.003510919166728854,6,2
contrast_0_p90,0.0034416518174111843,6,2
spectral_entropy_std,0.003431990509852767,6,2
mfcc_6_p90,0.003387623932212591,6,2
mfcc_5_p90,0.003339299000799656,6,2
contrast_4_p10,0.0033183065243065357,6,2
mfcc_12_mean,0.003310534404590726,6,2
mfcc_1_p90,0.2176814079284668,6,3
mfcc_1_mean,0.10178142040967941,6,3
rms_p10,0.030063152313232422,6,3
contrast_5_p90,0.025255024433135986,6,3
contrast_5_mean,0.019578801468014717,6,3
rolloff85_mean,0.011319920420646667,6,3
mfcc_delta_6_p90,0.010959330946207047,6,3
zero_crossing_rate_p90,0.010798139497637749,6,3
contrast_4_mean,0.009502916596829891,6,3
bandwidth_p90,0.008872749283909798,6,3
mfcc_2_mean,0.008338768035173416,6,3
mfcc_14_p10,0.008012887090444565,6,3
mfcc_2_p10,0.007512988056987524,6,3
mfcc_delta_13_std,0.007273854222148657,6,3
contrast_0_p10,0.007240374106913805,6,3
contrast_4_p90,0.007228925824165344,6,3
mfcc_2_p90,0.006732766982167959,6,3
contrast_5_std,0.006402675528079271,6,3
contrast_0_p90,0.005897723138332367,6,3
centroid_mean,0.005896875634789467,6,3
mfcc_15_std,0.0057892813347280025,6,3
mfcc_8_std,0.005401279777288437,6,3
mfcc_delta_5_std,0.005317580420523882,6,3
zero_crossing_rate_mean,0.0050751399248838425,6,3
mfcc_delta_1_p90,0.0047319745644927025,6,3
centroid_std,0.004613644443452358,6,3
mfcc_14_std,0.004579978529363871,6,3
mfcc_delta_7_p10,0.004575551487505436,6,3
mfcc_delta_6_std,0.004429887048900127,6,3
mfcc_delta_1_std,0.004395083524286747,6,3
zero_crossing_rate_p10,0.004341546446084976,6,3
mfcc_14_mean,0.00430257385596633,6,3
mfcc_3_mean,0.004157980903983116,6,3
mfcc_5_p90,0.00412850733846426,6,3
mfcc_6_std,0.004002643749117851,6,3
flatness_std,0.003919000271707773,6,3
mfcc_0_p10,0.0038884065579622984,6,3
mfcc_5_mean,0.0038331174291670322,6,3
mfcc_14_p90,0.00375064997933805,6,3
dominant_frequency_ratio,0.003744798945263028,6,3
mfcc_17_mean,0.00372353196144104,6,3
mfcc_10_std,0.003640273818746209,6,3
mfcc_1_std,0.0035677419509738684,6,3
mfcc_5_p10,0.003559728153049946,6,3
contrast_2_std,0.003543528262525797,6,3
contrast_2_mean,0.0035249327775090933,6,3
mfcc_7_p90,0.003515527816489339,6,3
contrast_0_mean,0.0034817976411432028,6,3
mfcc_13_p90,0.0034710150212049484,6,3
mfcc_16_std,0.003460996551439166,6,3
contrast_5_p10,0.0034408250357955694,6,3
rms_mean,0.0034318321850150824,6,3
mfcc_0_mean,0.0034227226860821247,6,3
mfcc_delta_3_p10,0.0034077989403158426,6,3
contrast_4_p10,0.00339535903185606,6,3
mfcc_delta_4_std,0.003383104456588626,6,3
rms_std,0.0033620314206928015,6,3
mfcc_delta_14_p90,0.003348428290337324,6,3
mfcc_15_p90,0.0033309259451925755,6,3
mfcc_delta_8_p90,0.0033164438791573048,6,3
mfcc_1_p90,0.1783454269170761,6,4
contrast_5_p10,0.05998918041586876,6,4
contrast_0_p90,0.045753639191389084,6,4
rms_p90,0.03625437617301941,6,4
dominant_frequency,0.02293461561203003,6,4
contrast_5_mean,0.019608652219176292,6,4
rms_p10,0.01803561858832836,6,4
mfcc_1_mean,0.016228195279836655,6,4
rms_mean,0.01200177799910307,6,4
zero_crossing_rate_mean,0.009625292383134365,6,4
rms_std,0.009103641845285892,6,4
zero_crossing_rate_p90,0.008701582439243793,6,4
centroid_mean,0.008675627410411835,6,4
mfcc_2_p90,0.007094087079167366,6,4
mfcc_5_mean,0.006981944665312767,6,4
mfcc_3_mean,0.006913725286722183,6,4
mfcc_15_std,0.006870155688375235,6,4
mfcc_14_std,0.0067903208546340466,6,4
mfcc_11_mean,0.006565674673765898,6,4
mfcc_7_p90,0.006529766134917736,6,4
centroid_p10,0.006224107462912798,6,4
mfcc_delta_8_std,0.0061698188073933125,6,4
mfcc_delta_16_std,0.006022116169333458,6,4
flatness_p90,0.005971597973257303,6,4
mfcc_3_p90,0.005869659129530191,6,4
flatness_mean,0.005856476258486509,6,4
mfcc_10_std,0.005790200084447861,6,4
mfcc_delta_15_std,0.00570644810795784,6,4
zero_crossing_rate_p10,0.00544323306530714,6,4
centroid_p90,0.005308310966938734,6,4
contrast_5_std,0.005249678622931242,6,4
contrast_5_p90,0.004765294957906008,6,4
mfcc_delta_9_std,0.0047395615838468075,6,4
mfcc_7_mean,0.0047370619140565395,6,4
mfcc_delta_16_p10,0.004530449863523245,6,4
centroid_std,0.004233855288475752,6,4
mfcc_6_mean,0.004146531689912081,6,4
contrast_0_mean,0.004103358834981918,6,4
mfcc_11_p10,0.004075017292052507,6,4
mfcc_5_p90,0.004070293623954058,6,4
mfcc_5_p10,0.0039650434628129005,6,4
contrast_1_std,0.0039045847952365875,6,4
contrast_4_mean,0.0038587511517107487,6,4
mfcc_17_p90,0.0038159589748829603,6,4
mfcc_7_p10,0.003791663097217679,6,4
rolloff85_std,0.003789659356698394,6,4
mfcc_2_p10,0.0037433956749737263,6,4
contrast_3_mean,0.0037257103249430656,6,4
mfcc_6_p90,0.003713316284120083,6,4
contrast_0_p10,0.0036845626309514046,6,4
flatness_p10,0.0036638628225773573,6,4
mfcc_17_mean,0.0035879877395927906,6,4
contrast_4_p90,0.003585712518543005,6,4
mfcc_14_mean,0.0035550976172089577,6,4
mfcc_0_std,0.003503702115267515,6,4
contrast_1_mean,0.0033609664533287287,6,4
mfcc_2_mean,0.003314719535410404,6,4
rolloff85_mean,0.0032625775784254074,6,4
flatness_std,0.0032224273309111595,6,4
bandwidth_p90,0.0032030590809881687,6,4
mfcc_1_p90,0.17754429578781128,7,0
mfcc_1_mean,0.11521191149950027,7,0
mfcc_1_p10,0.06311868131160736,7,0
rolloff85_mean,0.04123120382428169,7,0
contrast_5_mean,0.015229145996272564,7,0
rms_p10,0.011800910346210003,7,0
contrast_5_p90,0.010303903371095657,7,0
flatness_mean,0.00973818264901638,7,0
rolloff85_p10,0.008216566406190395,7,0
mfcc_0_std,0.008082656189799309,7,0
mfcc_14_p10,0.007388486061245203,7,0
centroid_p10,0.0067960526794195175,7,0
zero_crossing_rate_p90,0.0067404527217149734,7,0
mfcc_14_std,0.006331241223961115,7,0
mfcc_9_p10,0.006260510068386793,7,0
mfcc_7_p90,0.006192687898874283,7,0
mfcc_5_mean,0.005826168693602085,7,0
mfcc_5_p10,0.005537562072277069,7,0
contrast_5_std,0.005413530860096216,7,0
mfcc_delta_0_p90,0.005323142744600773,7,0
zero_crossing_rate_p10,0.005104713141918182,7,0
flatness_p10,0.0049587576650083065,7,0
mfcc_11_p10,0.004858102649450302,7,0
mfcc_17_p90,0.004850522615015507,7,0
mfcc_15_std,0.004848612006753683,7,0
mfcc_5_p90,0.004716909024864435,7,0
mfcc_7_mean,0.0044285813346505165,7,0
mfcc_delta_1_p90,0.004392045550048351,7,0
mfcc_15_mean,0.004358385223895311,7,0
mfcc_10_std,0.004138042684644461,7,0
contrast_0_mean,0.00396913755685091,7,0
spectral_entropy_p90,0.00395861966535449,7,0
mfcc_3_p90,0.0038230938371270895,7,0
contrast_1_std,0.003818117780610919,7,0
mfcc_14_mean,0.0038043330423533916,7,0
mfcc_9_mean,0.0037534874863922596,7,0
mfcc_7_p10,0.0037191370502114296,7,0
mfcc_9_p90,0.0037141211796551943,7,0
contrast_3_mean,0.0037079257890582085,7,0
zero_crossing_rate_mean,0.0036808387376368046,7,0
mfcc_delta_0_p10,0.003647502977401018,7,0
centroid_mean,0.0036107422783970833,7,0
mfcc_18_std,0.0035957987420260906,7,0
mfcc_3_mean,0.003593805944547057,7,0
mfcc_delta_15_std,0.0035712397657334805,7,0
mfcc_2_p90,0.0035607030149549246,7,0
flatness_p90,0.0035564641002565622,7,0
mfcc_12_p90,0.0035488673020154238,7,0
rolloff85_std,0.0035296184942126274,7,0
dominant_frequency,0.0035164791624993086,7,0
mfcc_delta_10_std,0.0035134656354784966,7,0
mfcc_8_p10,0.0034834465477615595,7,0
mfcc_9_std,0.003459655214101076,7,0
mfcc_11_std,0.0033156585413962603,7,0
mfcc_delta_6_p10,0.003311755368486047,7,0
mfcc_2_mean,0.003310761647298932,7,0
mfcc_delta_7_p10,0.003252381691709161,7,0
mfcc_17_mean,0.0032300250604748726,7,0
mfcc_16_p10,0.0032184035517275333,7,0
mfcc_15_p90,0.0032103657722473145,7,0
rolloff85_mean,0.24037258327007294,7,1
rolloff85_p10,0.18353009223937988,7,1
rolloff85_p90,0.0785418376326561,7,1
mfcc_1_p90,0.05618428438901901,7,1
contrast_0_p90,0.032057978212833405,7,1
contrast_0_mean,0.012792995199561119,7,1
contrast_5_mean,0.01012050174176693,7,1
rms_p10,0.009832560084760189,7,1
centroid_p10,0.006542820483446121,7,1
contrast_0_p10,0.00645954767242074,7,1
mfcc_3_mean,0.00623165350407362,7,1
mfcc_7_p90,0.006182599347084761,7,1
mfcc_delta_1_p90,0.00571609940379858,7,1
mfcc_2_p10,0.004705313127487898,7,1
mfcc_delta_0_p10,0.004672796465456486,7,1
mfcc_3_p90,0.00440032547339797,7,1
mfcc_0_std,0.004190016072243452,7,1
mfcc_6_p10,0.0041806939989328384,7,1
mfcc_8_p90,0.004150039982050657,7,1
mfcc_9_mean,0.004146288614720106,7,1
mfcc_2_mean,0.004028081428259611,7,1
mfcc_delta_18_p90,0.003949228674173355,7,1
mfcc_delta_10_std,0.0037961029447615147,7,1
mfcc_delta_1_p10,0.003706383751705289,7,1
contrast_5_p90,0.0034417917486280203,7,1
mfcc_2_p90,0.0034324706066399813,7,1
centroid_p90,0.0034196164924651384,7,1
mfcc_5_mean,0.0033782387617975473,7,1
rolloff85_std,0.0033310940489172935,7,1
rms_mean,0.0033195368014276028,7,1
mfcc_7_mean,0.0032633813098073006,7,1
mfcc_5_p10,0.00324622611515224,7,1
mfcc_18_std,0.0032455914188176394,7,1
flatness_p10,0.003158962121233344,7,1
dominant_frequency_ratio,0.0030408245511353016,7,1
contrast_1_mean,0.00296343257650733,7,1
mfcc_delta_7_p90,0.002941707381978631,7,1
mfcc_9_p90,0.002840378088876605,7,1
mfcc_6_p90,0.002814952749758959,7,1
flatness_mean,0.0028114481829106808,7,1
mfcc_delta_1_std,0.002777610206976533,7,1
mfcc_delta_16_std,0.0027741442900151014,7,1
mfcc_delta_4_std,0.0027721968945115805,7,1
mfcc_3_p10,0.002771541941910982,7,1
rms_std,0.002640392631292343,7,1
mfcc_4_std,0.002640292514115572,7,1
mfcc_12_p90,0.002615456935018301,7,1
flatness_p90,0.00259611988440156,7,1
bandwidth_p90,0.0025019366294145584,7,1
mfcc_delta_18_std,0.0024950061924755573,7,1
contrast_1_p10,0.0024788156151771545,7,1
mfcc_9_p10,0.002474128967151046,7,1
mfcc_delta_10_p90,0.002362124854698777,7,1
mfcc_10_p90,0.002331498544663191,7,1
mfcc_10_p10,0.002328752540051937,7,1
mfcc_delta_3_mean,0.002321043284609914,7,1
mfcc_1_mean,0.0023117067757993937,7,1
spectral_entropy_mean,0.002295261947438121,7,1
mfcc_17_p90,0.002225956879556179,7,1
contrast_5_p10,0.00221648789010942,7,1
mfcc_1_mean,0.17250649631023407,7,2
mfcc_1_p90,0.13602808117866516,7,2
contrast_5_p10,0.056012045592069626,7,2
mfcc_1_p10,0.02187294512987137,7,2
contrast_5_mean,0.014086798764765263,7,2
flatness_mean,0.01359635591506958,7,2
zero_crossing_rate_p90,0.010657032951712608,7,2
contrast_4_p90,0.009677322581410408,7,2
mfcc_14_std,0.00931358803063631,7,2
rolloff85_p10,0.009052017703652382,7,2
mfcc_7_p10,0.009039350785315037,7,2
mfcc_15_std,0.008338414132595062,7,2
mfcc_9_p10,0.0076578170992434025,7,2
mfcc_7_mean,0.007478231564164162,7,2
contrast_5_p90,0.006967068184167147,7,2
contrast_5_std,0.006875522900372744,7,2
centroid_p10,0.006626852322369814,7,2
contrast_4_mean,0.006158080417662859,7,2
centroid_mean,0.005524463020265102,7,2
mfcc_9_std,0.005468218587338924,7,2
rms_mean,0.005378443747758865,7,2
mfcc_7_p90,0.005340706091374159,7,2
contrast_1_std,0.005257842130959034,7,2
dominant_frequency,0.005206770729273558,7,2
zero_crossing_rate_mean,0.005134359002113342,7,2
rms_p90,0.00494714081287384,7,2
mfcc_3_mean,0.004931210540235043,7,2
mfcc_17_mean,0.004809205420315266,7,2
mfcc_17_p90,0.0047959936782717705,7,2
mfcc_2_mean,0.004792823921889067,7,2
mfcc_15_mean,0.00470767542719841,7,2
spectral_entropy_p10,0.004616196732968092,7,2
rolloff85_mean,0.004604635760188103,7,2
mfcc_10_p90,0.004488517064601183,7,2
mfcc_6_p10,0.0043603465892374516,7,2
mfcc_6_mean,0.004291163291782141,7,2
rms_p10,0.004266314674168825,7,2
mfcc_16_p10,0.004230090882629156,7,2
mfcc_2_p90,0.004207484889775515,7,2
mfcc_5_mean,0.004155322909355164,7,2
mfcc_13_mean,0.004106599371880293,7,2
mfcc_13_std,0.004075763281434774,7,2
mfcc_delta_15_std,0.004070585127919912,7,2
contrast_0_p10,0.0040693446062505245,7,2
mfcc_6_p90,0.0040618316270411015,7,2
mfcc_4_mean,0.00393264414742589,7,2
mfcc_9_mean,0.0037964105140417814,7,2
mfcc_5_p90,0.003762059612199664,7,2
centroid_p90,0.0037298849783837795,7,2
mfcc_3_p90,0.003719003638252616,7,2
contrast_1_mean,0.003684522118419409,7,2
mfcc_2_p10,0.003661282593384385,7,2
mfcc_delta_1_p90,0.0036122379824519157,7,2
mfcc_12_mean,0.003602335462346673,7,2
mfcc_11_p10,0.003541643498465419,7,2
flatness_p90,0.00348287308588624,7,2
mfcc_14_p10,0.003478240454569459,7,2
spectral_entropy_std,0.0033553303219377995,7,2
mfcc_4_p10,0.00332108442671597,7,2
mfcc_9_p90,0.003260168479755521,7,2
contrast_5_p10,0.17763806879520416,7,3
mfcc_1_p90,0.06770876049995422,7,3
rms_p90,0.05223779380321503,7,3
rms_mean,0.039372894912958145,7,3
rms_p10,0.033790357410907745,7,3
contrast_0_p90,0.021735088899731636,7,3
mfcc_2_p90,0.018562646582722664,7,3
contrast_5_mean,0.016408424824476242,7,3
mfcc_1_mean,0.016300098970532417,7,3
mfcc_1_p10,0.014412611722946167,7,3
mfcc_15_std,0.012564430944621563,7,3
mfcc_14_std,0.010018056258559227,7,3
mfcc_0_std,0.009440707042813301,7,3
dominant_frequency,0.009432916529476643,7,3
zero_crossing_rate_mean,0.008890427649021149,7,3
bandwidth_p90,0.008146685548126698,7,3
zero_crossing_rate_p90,0.007813340984284878,7,3
contrast_0_mean,0.0076692900620400906,7,3
contrast_0_p10,0.007141588721424341,7,3
mfcc_2_mean,0.006968328263610601,7,3
mfcc_17_mean,0.006247964221984148,7,3
mfcc_7_p10,0.006133581046015024,7,3
mfcc_3_mean,0.005973584484308958,7,3
centroid_p90,0.005554772913455963,7,3
mfcc_3_p90,0.005345095414668322,7,3
centroid_p10,0.005279224831610918,7,3
contrast_5_std,0.005263821221888065,7,3
mfcc_9_p90,0.005156314931809902,7,3
mfcc_6_p90,0.005053877364844084,7,3
contrast_2_p90,0.004724857863038778,7,3
mfcc_10_mean,0.00471831439062953,7,3
contrast_3_std,0.004530180245637894,7,3
rolloff85_mean,0.004515144508332014,7,3
centroid_mean,0.0044296118430793285,7,3
zero_crossing_rate_p10,0.004286081530153751,7,3
contrast_4_mean,0.004172720946371555,7,3
mfcc_9_mean,0.003963490482419729,7,3
mfcc_5_p10,0.003952722996473312,7,3
contrast_1_mean,0.003909515682607889,7,3
mfcc_10_std,0.003818488446995616,7,3
mfcc_13_p10,0.003740854561328888,7,3
mfcc_5_mean,0.0037341522984206676,7,3
mfcc_3_std,0.0036997522693127394,7,3
spectral_entropy_mean,0.0036849076859652996,7,3
mfcc_2_p10,0.0036420091055333614,7,3
contrast_5_p90,0.0035790286492556334,7,3
contrast_4_p90,0.003513353643938899,7,3
mfcc_8_p10,0.0034838051069527864,7,3
contrast_1_p90,0.003410014556720853,7,3
rms_std,0.003377472050487995,7,3
mfcc_delta_15_p90,0.003369733691215515,7,3
bandwidth_mean,0.00330066098831594,7,3
mfcc_delta_7_std,0.003194942604750395,7,3
mfcc_14_mean,0.0031684827990829945,7,3
contrast_3_mean,0.0031463620252907276,7,3
mfcc_7_mean,0.003139946609735489,7,3
mfcc_17_p90,0.0031116215977817774,7,3
contrast_4_std,0.0031034767162054777,7,3
mfcc_8_std,0.003067605895921588,7,3
mfcc_5_p90,0.003065474098548293,7,3
mfcc_1_p90,0.17329129576683044,7,4
contrast_5_p10,0.05448080971837044,7,4
contrast_0_p90,0.039863910526037216,7,4
rms_p90,0.024881673976778984,7,4
dominant_frequency,0.02220471203327179,7,4
rms_p10,0.02166460081934929,7,4
contrast_5_mean,0.01747572049498558,7,4
mfcc_1_mean,0.01698862388730049,7,4
rms_mean,0.012086136266589165,7,4
rms_std,0.01073046401143074,7,4
mfcc_14_std,0.009747759439051151,7,4
mfcc_15_std,0.008233584463596344,7,4
zero_crossing_rate_mean,0.008110776543617249,7,4
zero_crossing_rate_p90,0.007781758438795805,7,4
centroid_mean,0.007417675107717514,7,4
mfcc_3_mean,0.007193165365606546,7,4
mfcc_3_p90,0.007148107513785362,7,4
mfcc_5_mean,0.007127933669835329,7,4
mfcc_11_mean,0.006922938860952854,7,4
flatness_p90,0.0066365450620651245,7,4
centroid_p10,0.006521580275148153,7,4
mfcc_7_p90,0.006457193288952112,7,4
flatness_mean,0.006304421462118626,7,4
mfcc_2_p90,0.006237316876649857,7,4
contrast_5_std,0.005857981275767088,7,4
mfcc_delta_10_std,0.005680660717189312,7,4
mfcc_7_p10,0.005529836285859346,7,4
flatness_p10,0.005409421864897013,7,4
contrast_5_p90,0.005291495006531477,7,4
mfcc_17_p90,0.00521688861772418,7,4
mfcc_2_std,0.005203873384743929,7,4
rolloff85_mean,0.005129734519869089,7,4
contrast_0_p10,0.005096763372421265,7,4
centroid_p90,0.004668196197599173,7,4
flatness_std,0.0046317060478031635,7,4
mfcc_delta_13_p90,0.0044172294437885284,7,4
contrast_3_mean,0.004415588453412056,7,4
mfcc_2_mean,0.004330095835030079,7,4
centroid_std,0.004328849259763956,7,4
mfcc_10_std,0.004228072240948677,7,4
contrast_1_std,0.00422728480771184,7,4
rolloff85_std,0.004169616848230362,7,4
contrast_4_mean,0.004140672739595175,7,4
mfcc_7_mean,0.004114364739507437,7,4
contrast_0_mean,0.004048161208629608,7,4
contrast_4_p90,0.003984705079346895,7,4
mfcc_16_p10,0.0038988327141851187,7,4
mfcc_5_p90,0.00378827634267509,7,4
zero_crossing_rate_p10,0.003764510154724121,7,4
mfcc_5_p10,0.0037054105196148157,7,4
mfcc_delta_7_p10,0.0036724782548844814,7,4
mfcc_13_p90,0.0036579687148332596,7,4
mfcc_9_p10,0.003621762851253152,7,4
mfcc_6_mean,0.003567267209291458,7,4
mfcc_17_mean,0.0035488230641931295,7,4
mfcc_6_p90,0.003519022138789296,7,4
mfcc_9_p90,0.003511373419314623,7,4
rolloff85_p90,0.003453470766544342,7,4
mfcc_2_p10,0.0034383530728518963,7,4
bandwidth_p10,0.0034229597076773643,7,4
mfcc_1_mean,0.21063324809074402,8,0
mfcc_1_p90,0.08571528643369675,8,0
mfcc_1_p10,0.04762216657400131,8,0
rms_p10,0.019851047545671463,8,0
contrast_0_mean,0.018008196726441383,8,0
contrast_5_p90,0.014886558055877686,8,0
contrast_0_p90,0.012929984368383884,8,0
zero_crossing_rate_p90,0.011066117323935032,8,0
contrast_5_mean,0.010514478199183941,8,0
zero_crossing_rate_mean,0.008761972188949585,8,0
mfcc_14_std,0.008134083822369576,8,0
contrast_0_p10,0.007830506190657616,8,0
mfcc_7_p90,0.006808082573115826,8,0
mfcc_5_p10,0.0064357733353972435,8,0
mfcc_9_p10,0.006001307163387537,8,0
zero_crossing_rate_p10,0.005910923704504967,8,0
centroid_p10,0.005868634209036827,8,0
mfcc_15_std,0.005841850768774748,8,0
contrast_5_std,0.005776276346296072,8,0
rolloff85_p10,0.005602634511888027,8,0
contrast_1_std,0.005513986572623253,8,0
contrast_1_mean,0.005362312309443951,8,0
contrast_4_p90,0.005355752073228359,8,0
mfcc_3_mean,0.005310985259711742,8,0
flatness_mean,0.005304646212607622,8,0
mfcc_5_p90,0.0052978480234742165,8,0
mfcc_7_p10,0.004716633819043636,8,0
flatness_p90,0.004693605937063694,8,0
mfcc_9_mean,0.004631804767996073,8,0
mfcc_9_p90,0.004596472252160311,8,0
mfcc_5_mean,0.004589085467159748,8,0
mfcc_delta_1_p90,0.004432371351867914,8,0
mfcc_8_p10,0.004425836727023125,8,0
mfcc_3_p10,0.004365140572190285,8,0
centroid_p90,0.004357850179076195,8,0
mfcc_delta_13_p90,0.0042737312614917755,8,0
rms_p90,0.0041470336727797985,8,0
mfcc_10_std,0.004089641850441694,8,0
contrast_3_mean,0.004019867163151503,8,0
mfcc_13_mean,0.003959594294428825,8,0
zero_crossing_rate_std,0.003902068827301264,8,0
mfcc_0_p90,0.003799267578870058,8,0
mfcc_15_mean,0.0037879489827901125,8,0
mfcc_14_mean,0.0037701053079217672,8,0
rms_mean,0.003697469597682357,8,0
mfcc_11_p10,0.0036371052265167236,8,0
mfcc_3_p90,0.0036354258190840483,8,0
mfcc_delta_3_p10,0.0036236876621842384,8,0
dominant_frequency,0.003556580515578389,8,0
mfcc_7_mean,0.00355621543712914,8,0
centroid_mean,0.0035246736370027065,8,0
mfcc_16_p90,0.003491806797683239,8,0
contrast_2_mean,0.0034667085856199265,8,0
mfcc_delta_9_p90,0.0034350568894296885,8,0
dominant_frequency_ratio,0.0034282321576029062,8,0
mfcc_delta_10_p90,0.0034173305612057447,8,0
mfcc_17_p90,0.0034154211170971394,8,0
mfcc_10_p90,0.003367232158780098,8,0
mfcc_6_mean,0.0033128263894468546,8,0
contrast_1_p90,0.0033077916596084833,8,0
mfcc_1_p90,0.19472387433052063,8,1
rolloff85_mean,0.18372376263141632,8,1
rolloff85_p10,0.1424415111541748,8,1
rolloff85_p90,0.05677830055356026,8,1
bandwidth_mean,0.01330812182277441,8,1
mfcc_delta_6_p90,0.011405082419514656,8,1
mfcc_3_mean,0.007280427496880293,8,1
mfcc_delta_7_p10,0.006910410709679127,8,1
mfcc_delta_18_std,0.006462375167757273,8,1
contrast_0_p90,0.0053891888819634914,8,1
mfcc_7_p90,0.005198546685278416,8,1
mfcc_5_mean,0.004658250603824854,8,1
mfcc_delta_7_p90,0.0046026501804590225,8,1
mfcc_delta_0_p10,0.004601321183145046,8,1
mfcc_3_p90,0.004482423886656761,8,1
mfcc_3_p10,0.004324812442064285,8,1
flatness_p90,0.004224402364343405,8,1
centroid_p10,0.004219688009470701,8,1
mfcc_1_mean,0.004161778371781111,8,1
mfcc_delta_4_p90,0.004024376627057791,8,1
mfcc_17_std,0.004017293453216553,8,1
mfcc_0_mean,0.0039822435937821865,8,1
bandwidth_p10,0.0034590023569762707,8,1
mfcc_delta_1_p90,0.003449594834819436,8,1
mfcc_9_mean,0.003360312432050705,8,1
mfcc_18_std,0.0033202196937054396,8,1
centroid_p90,0.003290456486865878,8,1
flatness_p10,0.003259133081883192,8,1
mfcc_8_p90,0.003167493501678109,8,1
mfcc_12_mean,0.0030392189510166645,8,1
mfcc_2_p90,0.0029972861520946026,8,1
mfcc_3_std,0.002981330268085003,8,1
mfcc_delta_1_p10,0.002886313945055008,8,1
flatness_mean,0.0028342129662632942,8,1
mfcc_7_mean,0.0028089196421205997,8,1
centroid_mean,0.002797870198264718,8,1
mfcc_4_std,0.0027709784917533398,8,1
mfcc_delta_10_std,0.002718589501455426,8,1
mfcc_11_p90,0.0026762152556329966,8,1
mfcc_4_p10,0.0026426457334309816,8,1
mfcc_6_p10,0.002639377722516656,8,1
mfcc_2_mean,0.002625487744808197,8,1
mfcc_delta_16_p10,0.0025456042494624853,8,1
mfcc_delta_7_std,0.0025182501412928104,8,1
contrast_0_std,0.0024836387019604445,8,1
mfcc_12_p90,0.002445573452860117,8,1
spectral_entropy_mean,0.002436802489683032,8,1
mfcc_2_p10,0.002432705834507942,8,1
mfcc_1_p10,0.0024058055132627487,8,1
mfcc_delta_18_p90,0.0023939928505569696,8,1
mfcc_5_p90,0.002364174695685506,8,1
contrast_1_mean,0.002343925880268216,8,1
mfcc_delta_10_p90,0.002333764685317874,8,1
rms_std,0.002317281672731042,8,1
mfcc_6_mean,0.0023119414690881968,8,1
contrast_1_p10,0.00230705295689404,8,1
mfcc_14_mean,0.0022985218092799187,8,1
mfcc_14_p10,0.0022949129343032837,8,1
spectral_entropy_std,0.0022579743526875973,8,1
mfcc_17_mean,0.002246864140033722,8,1
mfcc_1_mean,0.18982058763504028,8,2
mfcc_1_p90,0.14453426003456116,8,2
contrast_5_p10,0.05120011419057846,8,2
mfcc_1_p10,0.024137651547789574,8,2
contrast_5_mean,0.014988470822572708,8,2
mfcc_14_std,0.011695233173668385,8,2
zero_crossing_rate_p90,0.011549032293260098,8,2
mfcc_9_p10,0.010778993368148804,8,2
flatness_mean,0.010031787678599358,8,2
mfcc_7_mean,0.008301401510834694,8,2
rms_mean,0.007288380526006222,8,2
mfcc_7_p10,0.007192503195255995,8,2
zero_crossing_rate_mean,0.007105935364961624,8,2
centroid_p90,0.006677577737718821,8,2
mfcc_15_std,0.0065285018645226955,8,2
contrast_5_std,0.006508294027298689,8,2
mfcc_9_mean,0.006425218190997839,8,2
rolloff85_p10,0.006265072617679834,8,2
centroid_p10,0.006106023211032152,8,2
contrast_4_mean,0.0058967056684195995,8,2
contrast_5_p90,0.005865900311619043,8,2
rms_p90,0.005819376558065414,8,2
mfcc_2_p10,0.0058105699717998505,8,2
rms_p10,0.005304505582898855,8,2
mfcc_2_mean,0.005008662585169077,8,2
centroid_mean,0.004824693780392408,8,2
contrast_1_mean,0.004814425949007273,8,2
mfcc_15_mean,0.004755107685923576,8,2
mfcc_5_p90,0.004753779619932175,8,2
contrast_1_std,0.004714653827250004,8,2
mfcc_3_p90,0.004712289199233055,8,2
mfcc_6_mean,0.004434274509549141,8,2
mfcc_4_mean,0.0044334325939416885,8,2
mfcc_7_p90,0.00440151896327734,8,2
mfcc_3_mean,0.004396469797939062,8,2
mfcc_4_p10,0.004359430633485317,8,2
mfcc_17_p90,0.004287938587367535,8,2
mfcc_6_p10,0.0042024883441627026,8,2
mfcc_17_std,0.004159226082265377,8,2
dominant_frequency_ratio,0.0038482006639242172,8,2
mfcc_6_p90,0.0038173801731318235,8,2
dominant_frequency,0.0037561352364718914,8,2
mfcc_10_p90,0.0036084966268390417,8,2
flatness_p90,0.0035846035461872816,8,2
mfcc_17_mean,0.0035818093456327915,8,2
mfcc_delta_13_p90,0.003513823729008436,8,2
rolloff85_mean,0.0034109014086425304,8,2
mfcc_2_p90,0.0034099884796887636,8,2
spectral_entropy_mean,0.0033706410322338343,8,2
contrast_0_p10,0.00332342809997499,8,2
spectral_entropy_std,0.0032591712661087513,8,2
contrast_0_p90,0.003252181224524975,8,2
zero_crossing_rate_p10,0.0032505281269550323,8,2
mfcc_16_p10,0.0032028965651988983,8,2
mfcc_12_p90,0.003170233918353915,8,2
mfcc_9_p90,0.003131220582872629,8,2
bandwidth_mean,0.003126493189483881,8,2
mfcc_10_p10,0.0031062753405421972,8,2
spectral_entropy_p10,0.0030860065016895533,8,2
mfcc_14_p10,0.0030497692059725523,8,2
mfcc_1_p90,0.23084405064582825,8,3
mfcc_1_mean,0.13471604883670807,8,3
rms_p10,0.026346953585743904,8,3
contrast_5_p90,0.017571309581398964,8,3
mfcc_14_std,0.012585042975842953,8,3
mfcc_delta_6_p90,0.012129954993724823,8,3
contrast_5_mean,0.011477838270366192,8,3
mfcc_15_std,0.010741454549133778,8,3
zero_crossing_rate_p90,0.008968306705355644,8,3
rolloff85_mean,0.008541692048311234,8,3
bandwidth_p90,0.008454554714262486,8,3
mfcc_2_mean,0.0077765523456037045,8,3
contrast_0_p10,0.006853189319372177,8,3
mfcc_9_p10,0.006767088547348976,8,3
mfcc_2_p10,0.006600061897188425,8,3
mfcc_2_p90,0.006494541186839342,8,3
contrast_4_p90,0.006118339486420155,8,3
contrast_5_std,0.005903980694711208,8,3
mfcc_delta_13_std,0.005837795324623585,8,3
mfcc_14_p10,0.005792861804366112,8,3
contrast_0_p90,0.0050909207202494144,8,3
flatness_std,0.00501836184412241,8,3
centroid_std,0.004855748265981674,8,3
mfcc_16_p10,0.004447785206139088,8,3
mfcc_delta_6_p10,0.004363942425698042,8,3
mfcc_7_p10,0.0043406374752521515,8,3
zero_crossing_rate_p10,0.0042288536205887794,8,3
mfcc_9_p90,0.004195213783532381,8,3
mfcc_3_mean,0.00415527680888772,8,3
mfcc_5_mean,0.004084996413439512,8,3
mfcc_16_std,0.003916739020496607,8,3
mfcc_delta_4_std,0.0038704019971191883,8,3
dominant_frequency_ratio,0.0038663854356855154,8,3
mfcc_delta_7_std,0.0037688729353249073,8,3
contrast_2_mean,0.003648916492238641,8,3
mfcc_delta_7_p10,0.003648079000413418,8,3
contrast_4_mean,0.003635136177763343,8,3
mfcc_delta_1_p90,0.0035894603934139013,8,3
rms_mean,0.0035652127116918564,8,3
mfcc_5_p90,0.0035493415780365467,8,3
mfcc_delta_14_p90,0.0035115540958940983,8,3
mfcc_delta_6_std,0.0034394243266433477,8,3
contrast_0_mean,0.0034318664111196995,8,3
mfcc_delta_1_std,0.0034237331710755825,8,3
mfcc_delta_13_p90,0.003421581583097577,8,3
mfcc_5_p10,0.0033185030333697796,8,3
rolloff85_p10,0.003274324117228389,8,3
mfcc_14_mean,0.0032415941823273897,8,3
mfcc_8_p10,0.003230591770261526,8,3
centroid_mean,0.0032043051905930042,8,3
mfcc_0_std,0.003197835059836507,8,3
zero_crossing_rate_mean,0.003189629642292857,8,3
flatness_p10,0.0031856708228588104,8,3
mfcc_14_p90,0.0031622610986232758,8,3
centroid_p10,0.003148332005366683,8,3
mfcc_17_mean,0.0031327311880886555,8,3
mfcc_12_p90,0.0031327172182500362,8,3
mfcc_1_std,0.003126857802271843,8,3
mfcc_3_p90,0.0031258671078830957,8,3
mfcc_7_p90,0.0031038078013807535,8,3
mfcc_1_p90,0.18492434918880463,8,4
contrast_5_p10,0.06072656437754631,8,4
contrast_0_p90,0.05087428539991379,8,4
rms_p90,0.03164795786142349,8,4
dominant_frequency,0.023944558575749397,8,4
rms_p10,0.019419163465499878,8,4
rms_mean,0.01783221960067749,8,4
contrast_5_mean,0.0177890844643116,8,4
mfcc_1_mean,0.01317154336720705,8,4
rms_std,0.009109404869377613,8,4
mfcc_delta_8_std,0.008907920680940151,8,4
zero_crossing_rate_mean,0.008047294802963734,8,4
zero_crossing_rate_p90,0.007803847081959248,8,4
mfcc_3_mean,0.00771251879632473,8,4
centroid_mean,0.007596302777528763,8,4
mfcc_14_std,0.0073592523112893105,8,4
flatness_p90,0.006855767220258713,8,4
mfcc_11_mean,0.00680333748459816,8,4
mfcc_5_mean,0.006658036727458239,8,4
mfcc_15_std,0.006506496109068394,8,4
mfcc_2_p90,0.006214813329279423,8,4
mfcc_3_p90,0.00591683154925704,8,4
mfcc_7_p10,0.005843680817633867,8,4
centroid_p10,0.005762805230915546,8,4
mfcc_7_mean,0.005375528708100319,8,4
contrast_5_std,0.005221242550760508,8,4
mfcc_7_p90,0.0052123176865279675,8,4
mfcc_delta_9_std,0.004881753120571375,8,4
flatness_mean,0.004574305843561888,8,4
mfcc_5_p10,0.004365092143416405,8,4
centroid_std,0.004277957137674093,8,4
centroid_p90,0.004222149960696697,8,4
spectral_entropy_mean,0.004210005048662424,8,4
mfcc_6_p90,0.004191758576780558,8,4
zero_crossing_rate_p10,0.004177649039775133,8,4
rolloff85_std,0.004098984878510237,8,4
contrast_3_mean,0.0040664407424628735,8,4
rolloff85_mean,0.004062628839164972,8,4
mfcc_17_p90,0.004060978535562754,8,4
contrast_4_mean,0.004029889591038227,8,4
mfcc_16_p10,0.003983587957918644,8,4
flatness_p10,0.0038879532366991043,8,4
mfcc_delta_0_std,0.003881289856508374,8,4
rolloff85_p10,0.0038085461128503084,8,4
contrast_5_p90,0.003771401010453701,8,4
spectral_entropy_p90,0.0037638191133737564,8,4
mfcc_8_p10,0.003684905357658863,8,4
spectral_entropy_std,0.0036693718284368515,8,4
bandwidth_mean,0.0036528760101646185,8,4
mfcc_2_std,0.0036438817624002695,8,4
mfcc_0_std,0.0036019347608089447,8,4
mfcc_delta_7_p10,0.0035955847706645727,8,4
mfcc_14_p90,0.0035889865830540657,8,4
contrast_0_p10,0.003585288766771555,8,4
mfcc_6_mean,0.00353422574698925,8,4
mfcc_1_std,0.003498394275084138,8,4
mfcc_5_p90,0.0034781000576913357,8,4
contrast_0_mean,0.0034533794969320297,8,4
mfcc_18_std,0.003430131124332547,8,4
mfcc_delta_7_std,0.0034286242444068193,8,4
mfcc_1_p90,0.17782294750213623,9,0
mfcc_1_mean,0.1400923728942871,9,0
mfcc_1_p10,0.040584977716207504,9,0
rolloff85_mean,0.021982721984386444,9,0
contrast_5_mean,0.016301821917295456,9,0
rms_p10,0.01504102349281311,9,0
contrast_5_p90,0.011665862053632736,9,0
mfcc_9_p10,0.011205971240997314,9,0
mfcc_2_std,0.009035973809659481,9,0
mfcc_delta_2_p90,0.008436188101768494,9,0
flatness_mean,0.008419979363679886,9,0
rolloff85_p10,0.007885508239269257,9,0
centroid_p10,0.0075694480910897255,9,0
zero_crossing_rate_p90,0.006829739082604647,9,0
mfcc_14_std,0.006653056479990482,9,0
mfcc_5_p10,0.0063332621939480305,9,0
mfcc_7_p90,0.005952569656074047,9,0
mfcc_14_p10,0.00584942102432251,9,0
mfcc_5_mean,0.00564172025769949,9,0
contrast_5_std,0.005280863493680954,9,0
mfcc_11_p10,0.005119181703776121,9,0
contrast_1_std,0.00485776225104928,9,0
mfcc_5_p90,0.004805796779692173,9,0
mfcc_3_mean,0.004617185797542334,9,0
mfcc_15_mean,0.004583859816193581,9,0
mfcc_17_p90,0.004574967082589865,9,0
rolloff85_std,0.004467487335205078,9,0
mfcc_4_std,0.004365285858511925,9,0
contrast_0_mean,0.004326976370066404,9,0
mfcc_9_mean,0.004290360491722822,9,0
contrast_0_p10,0.004251651931554079,9,0
mfcc_15_std,0.004212641157209873,9,0
mfcc_9_p90,0.0041629294864833355,9,0
mfcc_7_mean,0.004136301577091217,9,0
mfcc_delta_1_p90,0.004015358164906502,9,0
rms_mean,0.003977147396653891,9,0
zero_crossing_rate_mean,0.003864994505420327,9,0
mfcc_10_std,0.003856784664094448,9,0
zero_crossing_rate_p10,0.0038372112903743982,9,0
mfcc_7_p10,0.003819430014118552,9,0
spectral_entropy_p10,0.0038017737679183483,9,0
mfcc_delta_3_p90,0.0036482401192188263,9,0
mfcc_3_p90,0.0036336337216198444,9,0
mfcc_17_mean,0.0036328001879155636,9,0
contrast_4_mean,0.00362940551713109,9,0
mfcc_2_mean,0.0036197006702423096,9,0
mfcc_2_p90,0.0036196094006299973,9,0
mfcc_8_mean,0.0036090293433517218,9,0
mfcc_delta_8_p10,0.0035495804622769356,9,0
mfcc_delta_1_p10,0.003536513075232506,9,0
flatness_p90,0.0035334478598088026,9,0
mfcc_8_p10,0.0034866086207330227,9,0
centroid_p90,0.003480803919956088,9,0
mfcc_9_std,0.0033374179620295763,9,0
mfcc_18_p90,0.0033330030273646116,9,0
mfcc_17_std,0.003316030837595463,9,0
contrast_5_p10,0.0033064885064959526,9,0
mfcc_delta_7_p90,0.0032911698799580336,9,0
mfcc_delta_2_p10,0.0032893449533730745,9,0
mfcc_18_std,0.0032319871243089437,9,0
rolloff85_mean,0.31376588344573975,9,1
mfcc_1_p90,0.21106669306755066,9,1
rolloff85_p10,0.10556884109973907,9,1
rolloff85_p90,0.01128638256341219,9,1
bandwidth_mean,0.008830367587506771,9,1
contrast_0_p90,0.006596320308744907,9,1
mfcc_3_mean,0.006574789062142372,9,1
mfcc_delta_7_p90,0.005419689230620861,9,1
mfcc_7_p90,0.004972707945853472,9,1
mfcc_0_std,0.0046409377828240395,9,1
bandwidth_p10,0.004393033217638731,9,1
mfcc_delta_0_p10,0.00412919744849205,9,1
mfcc_delta_1_p90,0.003944426774978638,9,1
centroid_p10,0.003808111185207963,9,1
mfcc_delta_18_std,0.0035975815262645483,9,1
mfcc_5_mean,0.0035506729036569595,9,1
mfcc_delta_4_p90,0.0032734761480242014,9,1
mfcc_9_mean,0.003242393722757697,9,1
flatness_p90,0.003238978795707226,9,1
mfcc_1_mean,0.003217308782041073,9,1
mfcc_0_mean,0.0032100172247737646,9,1
mfcc_3_p90,0.003202480496838689,9,1
mfcc_3_p10,0.0031599507201462984,9,1
mfcc_17_p90,0.003069934668019414,9,1
centroid_p90,0.003048346610739827,9,1
mfcc_18_std,0.0030273706652224064,9,1
mfcc_13_mean,0.0029229328501969576,9,1
mfcc_7_mean,0.002819750690832734,9,1
mfcc_16_std,0.0028072879649698734,9,1
flatness_p10,0.0027312126476317644,9,1
mfcc_2_mean,0.0026325215585529804,9,1
mfcc_5_p90,0.0025840008165687323,9,1
mfcc_delta_1_p10,0.0025764680467545986,9,1
rms_mean,0.0025494389701634645,9,1
mfcc_11_p90,0.0025005568750202656,9,1
mfcc_delta_10_std,0.002434994326904416,9,1
mfcc_2_p90,0.0024260333739221096,9,1
centroid_mean,0.002401909092441201,9,1
mfcc_delta_9_std,0.0023892587050795555,9,1
mfcc_6_p10,0.00236177328042686,9,1
contrast_1_mean,0.002354787429794669,9,1
contrast_5_p10,0.0023547541350126266,9,1
mfcc_4_std,0.0023361502680927515,9,1
mfcc_6_p90,0.0023332545533776283,9,1
mfcc_14_p10,0.002332774456590414,9,1
flatness_mean,0.0022979106288403273,9,1
mfcc_delta_18_p90,0.00225901254452765,9,1
mfcc_10_p90,0.0022536744363605976,9,1
spectral_entropy_std,0.0022300260607153177,9,1
dominant_frequency_ratio,0.0022261464037001133,9,1
mfcc_14_mean,0.0022250963374972343,9,1
mfcc_8_p90,0.0022101495414972305,9,1
contrast_1_p10,0.0021667254623025656,9,1
mfcc_17_std,0.0021579002495855093,9,1
contrast_0_std,0.0021377478260546923,9,1
mfcc_9_p90,0.0020962702110409737,9,1
mfcc_2_p10,0.002072327071800828,9,1
mfcc_10_p10,0.0020503548439592123,9,1
mfcc_12_p90,0.0020353731233626604,9,1
contrast_4_std,0.0020173985976725817,9,1
mfcc_1_mean,0.15726344287395477,9,2
mfcc_1_p90,0.1427188515663147,9,2
contrast_5_p10,0.058594197034835815,9,2
mfcc_1_p10,0.02334490232169628,9,2
flatness_mean,0.01496175304055214,9,2
contrast_5_mean,0.014071831479668617,9,2
mfcc_14_std,0.010415310971438885,9,2
mfcc_7_p10,0.010031134821474552,9,2
rolloff85_p10,0.009805334731936455,9,2
zero_crossing_rate_p90,0.009281417354941368,9,2
mfcc_15_std,0.009160783141851425,9,2
mfcc_9_p10,0.008343396708369255,9,2
centroid_p10,0.00787876546382904,9,2
mfcc_7_mean,0.007681403309106827,9,2
contrast_5_p90,0.007666772231459618,9,2
contrast_4_p90,0.0071947770193219185,9,2
contrast_5_std,0.006859991233795881,9,2
zero_crossing_rate_mean,0.006708844099193811,9,2
contrast_4_mean,0.00578900333493948,9,2
mfcc_7_p90,0.005392135586589575,9,2
centroid_mean,0.0051986477337777615,9,2
mfcc_17_p90,0.00513896020129323,9,2
mfcc_3_mean,0.0049895779229700565,9,2
rms_mean,0.004930134862661362,9,2
mfcc_2_mean,0.004914678633213043,9,2
mfcc_17_mean,0.004907189402729273,9,2
rolloff85_mean,0.004856117069721222,9,2
contrast_1_std,0.004817384760826826,9,2
mfcc_15_mean,0.004798505920916796,9,2
mfcc_6_p10,0.004676974378526211,9,2
mfcc_3_p90,0.004448560532182455,9,2
dominant_frequency,0.004392807371914387,9,2
mfcc_5_p10,0.0043196058832108974,9,2
mfcc_6_mean,0.004185356665402651,9,2
rms_p90,0.004184997174888849,9,2
mfcc_2_p90,0.004184624645859003,9,2
mfcc_6_p90,0.004105857107788324,9,2
mfcc_delta_15_std,0.004014580510556698,9,2
mfcc_5_mean,0.00399431400001049,9,2
mfcc_10_p90,0.0038761647883802652,9,2
spectral_entropy_std,0.00387178105302155,9,2
contrast_0_p10,0.0038713382091373205,9,2
mfcc_14_p10,0.0037652163300663233,9,2
mfcc_9_mean,0.003745063440874219,9,2
centroid_p90,0.0037438753060996532,9,2
mfcc_16_p10,0.003740576095879078,9,2
contrast_1_mean,0.0037005492486059666,9,2
mfcc_delta_12_p10,0.003675013780593872,9,2
mfcc_13_std,0.0036684409715235233,9,2
mfcc_11_p10,0.0036614229902625084,9,2
rms_p10,0.003636181354522705,9,2
mfcc_13_mean,0.003612310392782092,9,2
dominant_frequency_ratio,0.0036082863807678223,9,2
mfcc_2_p10,0.0035938245709985495,9,2
mfcc_12_p90,0.003449162235483527,9,2
mfcc_4_mean,0.003438543761149049,9,2
mfcc_17_std,0.0033930570352822542,9,2
mfcc_5_p90,0.0033333085011690855,9,2
mfcc_delta_13_p90,0.0033057481050491333,9,2
mfcc_9_std,0.0032888061832636595,9,2
contrast_5_p10,0.19347168505191803,9,3
mfcc_1_p90,0.06074151024222374,9,3
rms_p90,0.051443230360746384,9,3
rms_mean,0.04532720521092415,9,3
rms_p10,0.023326518014073372,9,3
mfcc_1_mean,0.02314852550625801,9,3
contrast_0_p90,0.019377874210476875,9,3
mfcc_2_p90,0.01681358367204666,9,3
mfcc_3_mean,0.01584392786026001,9,3
contrast_5_mean,0.014858268201351166,9,3
mfcc_15_std,0.011410826817154884,9,3
contrast_0_p10,0.01036201510578394,9,3
dominant_frequency,0.00962425023317337,9,3
mfcc_14_std,0.008829337544739246,9,3
mfcc_0_std,0.008357974700629711,9,3
bandwidth_p90,0.007918755523860455,9,3
zero_crossing_rate_p90,0.007877428084611893,9,3
centroid_mean,0.007764548994600773,9,3
mfcc_1_p10,0.007589187007397413,9,3
mfcc_3_p90,0.007457133382558823,9,3
contrast_0_mean,0.0068923067301511765,9,3
mfcc_17_mean,0.006681573111563921,9,3
zero_crossing_rate_mean,0.006245709955692291,9,3
mfcc_2_mean,0.005805112421512604,9,3
contrast_2_p90,0.005767418071627617,9,3
contrast_5_std,0.005532276351004839,9,3
contrast_1_mean,0.0054129925556480885,9,3
mfcc_7_p10,0.0052418578416109085,9,3
contrast_4_p90,0.004968751221895218,9,3
mfcc_9_p90,0.004605244845151901,9,3
mfcc_10_mean,0.004313111305236816,9,3
bandwidth_mean,0.004311646334826946,9,3
rolloff85_mean,0.004234315827488899,9,3
mfcc_10_p10,0.004094186704605818,9,3
centroid_p90,0.004087251145392656,9,3
centroid_p10,0.004072539042681456,9,3
mfcc_10_p90,0.0040540629997849464,9,3
mfcc_6_p90,0.003950456622987986,9,3
contrast_5_p90,0.003911915700882673,9,3
mfcc_2_std,0.0038810106925666332,9,3
spectral_entropy_p90,0.0037705821450799704,9,3
contrast_4_mean,0.0036233835853636265,9,3
mfcc_5_mean,0.003597531234845519,9,3
contrast_3_std,0.0035796903539448977,9,3
mfcc_9_mean,0.003451281227171421,9,3
contrast_1_p90,0.0034174295142292976,9,3
mfcc_7_mean,0.0033375148195773363,9,3
mfcc_13_p10,0.003336396999657154,9,3
mfcc_delta_1_p90,0.003298822557553649,9,3
mfcc_18_std,0.0032753178384155035,9,3
contrast_3_mean,0.003234154311940074,9,3
mfcc_6_mean,0.0032332404516637325,9,3
mfcc_4_p90,0.003232740331441164,9,3
zero_crossing_rate_p10,0.003226738888770342,9,3
mfcc_3_std,0.0032200831919908524,9,3
mfcc_delta_15_std,0.003206257475540042,9,3
mfcc_16_std,0.003200887469574809,9,3
mfcc_0_p10,0.0031701375264674425,9,3
zero_crossing_rate_std,0.0031649800948798656,9,3
bandwidth_p10,0.0031367107294499874,9,3
mfcc_1_p90,0.1846352517604828,9,4
contrast_5_p10,0.05380510166287422,9,4
contrast_0_p90,0.0450834222137928,9,4
rms_p90,0.029068337753415108,9,4
rms_p10,0.02324715629220009,9,4
dominant_frequency,0.022196559235453606,9,4
contrast_5_mean,0.01668783277273178,9,4
mfcc_1_mean,0.01342413853853941,9,4
rms_std,0.013253971934318542,9,4
rms_mean,0.009540142491459846,9,4
mfcc_14_std,0.00897594727575779,9,4
zero_crossing_rate_mean,0.00817929394543171,9,4
mfcc_15_std,0.007541800383478403,9,4
zero_crossing_rate_p90,0.007448192685842514,9,4
mfcc_3_p90,0.007182121742516756,9,4
centroid_p10,0.006823638919740915,9,4
mfcc_3_mean,0.006766024045646191,9,4
mfcc_7_p90,0.006760163698345423,9,4
flatness_p10,0.006691647227853537,9,4
mfcc_2_p90,0.006374599412083626,9,4
mfcc_11_mean,0.0062540932558476925,9,4
mfcc_5_mean,0.006056260783225298,9,4
centroid_mean,0.006036396138370037,9,4
mfcc_delta_10_std,0.005994528066366911,9,4
contrast_5_std,0.0056705898605287075,9,4
flatness_mean,0.005514523014426231,9,4
mfcc_17_p90,0.005110864527523518,9,4
contrast_0_p10,0.005059846676886082,9,4
mfcc_7_mean,0.005011826287955046,9,4
contrast_5_p90,0.0049285427667200565,9,4
flatness_p90,0.004823424853384495,9,4
rolloff85_mean,0.004808616824448109,9,4
contrast_4_p90,0.004662930499762297,9,4
mfcc_6_p90,0.00462858472019434,9,4
contrast_0_mean,0.004588583018630743,9,4
mfcc_5_p10,0.004569955635815859,9,4
contrast_3_mean,0.00454718666151166,9,4
zero_crossing_rate_p10,0.004438315983861685,9,4
mfcc_2_mean,0.004269757308065891,9,4
centroid_p90,0.0042042299173772335,9,4
mfcc_delta_2_p10,0.0040802438743412495,9,4
bandwidth_mean,0.004046890884637833,9,4
mfcc_delta_0_p10,0.004020229447633028,9,4
mfcc_6_mean,0.004014424979686737,9,4
contrast_1_std,0.00395601149648428,9,4
mfcc_14_mean,0.00392870744690299,9,4
spectral_entropy_p90,0.0037651907186955214,9,4
mfcc_8_p10,0.003753337077796459,9,4
flatness_std,0.00374366226606071,9,4
mfcc_10_std,0.0037224346306174994,9,4
mfcc_delta_16_std,0.003632107749581337,9,4
rolloff85_std,0.0035810302942991257,9,4
mfcc_delta_1_std,0.0035609141923487186,9,4
mfcc_16_p10,0.0035419801715761423,9,4
mfcc_delta_7_p10,0.0034698413219302893,9,4
mfcc_1_std,0.0034653462935239077,9,4
mfcc_11_p10,0.0034546356182545424,9,4
mfcc_5_p90,0.0034307350870221853,9,4
rolloff85_p10,0.003417631611227989,9,4
mfcc_13_p10,0.003406242001801729,9,4
