feature,gain,repeat,fold
mfcc_1_mean,0.1550542712211609,0,0
mfcc_1_p90,0.05876979976892471,0,0
mfcc_1_p10,0.04210163652896881,0,0
mfcc_17_mean,0.02657691016793251,0,0
mfcc_17_p10,0.022006411105394363,0,0
mfcc_delta_0_p10,0.014874846674501896,0,0
rolloff85_p90,0.010803041979670525,0,0
mfcc_15_std,0.008537963964045048,0,0
contrast_5_p10,0.008351835422217846,0,0
mfcc_6_p90,0.008303473703563213,0,0
contrast_2_mean,0.008184319362044334,0,0
contrast_2_p10,0.008171125315129757,0,0
mfcc_delta_17_std,0.007357545662671328,0,0
dominant_frequency,0.0070710498839616776,0,0
mfcc_4_p10,0.006777793634682894,0,0
rms_p10,0.006599195767194033,0,0
mfcc_16_std,0.006521471776068211,0,0
mfcc_delta_14_std,0.006267004646360874,0,0
zero_crossing_rate_p10,0.005991324782371521,0,0
mfcc_delta_0_std,0.0059876227751374245,0,0
centroid_std,0.005936434958130121,0,0
mfcc_19_p90,0.005787208676338196,0,0
mfcc_delta_0_p90,0.005573310423642397,0,0
mfcc_3_p90,0.005472734570503235,0,0
mfcc_4_mean,0.00539875915274024,0,0
mfcc_delta_9_p90,0.005383334122598171,0,0
mfcc_1_std,0.005181154701858759,0,0
mfcc_delta_15_std,0.005142082925885916,0,0
mfcc_3_p10,0.005112821701914072,0,0
spectral_entropy_mean,0.004962990526109934,0,0
rms_mean,0.0049409037455916405,0,0
flatness_p90,0.004861875437200069,0,0
mfcc_delta_16_p90,0.004804583732038736,0,0
mfcc_7_std,0.004788312129676342,0,0
contrast_0_mean,0.004708997905254364,0,0
mfcc_10_p90,0.004570651333779097,0,0
mfcc_12_p90,0.004560132510960102,0,0
mfcc_2_p10,0.004492172971367836,0,0
contrast_1_p10,0.004460185766220093,0,0
mfcc_2_p90,0.004455178044736385,0,0
mfcc_4_p90,0.0044029103592038155,0,0
mfcc_19_mean,0.004363062791526318,0,0
bandwidth_p10,0.004336090758442879,0,0
spectral_entropy_p90,0.004243176896125078,0,0
contrast_5_mean,0.004233004525303841,0,0
rms_p90,0.004184359218925238,0,0
mfcc_5_mean,0.004179105162620544,0,0
mfcc_delta_8_std,0.004171120468527079,0,0
flatness_mean,0.004167784005403519,0,0
mfcc_6_mean,0.004133003298193216,0,0
zero_crossing_rate_std,0.004106482490897179,0,0
mfcc_delta_7_p10,0.004090039525181055,0,0
mfcc_2_mean,0.004043307621032,0,0
contrast_1_mean,0.003992239944636822,0,0
mfcc_9_mean,0.003970211371779442,0,0
mfcc_delta_1_std,0.003940063528716564,0,0
mfcc_delta_14_p90,0.003917607478797436,0,0
mfcc_3_mean,0.003911065869033337,0,0
mfcc_delta_10_std,0.003826372092589736,0,0
mfcc_14_std,0.0038017784245312214,0,0
mfcc_1_mean,0.1289764940738678,0,1
mfcc_1_p10,0.08913146704435349,0,1
contrast_5_p10,0.034903932362794876,0,1
mfcc_delta_0_p10,0.014936869032680988,0,1
mfcc_1_p90,0.012889130972325802,0,1
mfcc_delta_16_std,0.012860717251896858,0,1
mfcc_delta_0_p90,0.012698840349912643,0,1
mfcc_10_std,0.011634448543190956,0,1
rms_p90,0.010792906396090984,0,1
rms_mean,0.009309166111052036,0,1
mfcc_3_mean,0.008032628335058689,0,1
mfcc_3_p10,0.007744431495666504,0,1
rolloff85_p90,0.0075696618296206,0,1
mfcc_2_p90,0.007039882708340883,0,1
mfcc_delta_0_std,0.006770062725991011,0,1
mfcc_1_std,0.006590580102056265,0,1
mfcc_17_p10,0.006465321406722069,0,1
mfcc_delta_15_std,0.00637128297239542,0,1
rms_p10,0.006279717665165663,0,1
mfcc_16_std,0.006244944874197245,0,1
mfcc_delta_9_p90,0.0062114703468978405,0,1
mfcc_14_std,0.006005487870424986,0,1
mfcc_4_mean,0.005934904795140028,0,1
mfcc_delta_17_std,0.00592445395886898,0,1
spectral_entropy_mean,0.005887018516659737,0,1
contrast_0_mean,0.005754161160439253,0,1
contrast_0_p90,0.005590598564594984,0,1
dominant_frequency,0.005530802067369223,0,1
mfcc_16_mean,0.005415535997599363,0,1
bandwidth_mean,0.005346312653273344,0,1
mfcc_18_p90,0.005305753089487553,0,1
centroid_std,0.005160088650882244,0,1
mfcc_7_std,0.004931778181344271,0,1
mfcc_3_p90,0.004911886993795633,0,1
mfcc_delta_15_p90,0.0047806804068386555,0,1
mfcc_delta_1_p10,0.004672851879149675,0,1
zero_crossing_rate_p10,0.00466114841401577,0,1
centroid_p10,0.004659490659832954,0,1
mfcc_7_p90,0.004656962119042873,0,1
mfcc_2_mean,0.004630566108971834,0,1
mfcc_delta_2_p90,0.004617427010089159,0,1
mfcc_delta_1_std,0.004552765283733606,0,1
bandwidth_std,0.004350106231868267,0,1
contrast_5_mean,0.004330156836658716,0,1
contrast_0_p10,0.0043172091245651245,0,1
mfcc_12_std,0.004272420424968004,0,1
bandwidth_p10,0.004265992436558008,0,1
mfcc_16_p10,0.004241556860506535,0,1
mfcc_9_mean,0.0042078387923538685,0,1
flatness_p10,0.00418210681527853,0,1
contrast_3_p90,0.004174342844635248,0,1
mfcc_8_mean,0.004131613299250603,0,1
mfcc_7_mean,0.004098281264305115,0,1
mfcc_delta_14_std,0.004053966607898474,0,1
mfcc_delta_18_std,0.003992963116616011,0,1
mfcc_16_p90,0.003947368822991848,0,1
flatness_p90,0.003931260667741299,0,1
mfcc_7_p10,0.0039289649575948715,0,1
flatness_mean,0.003904344281181693,0,1
mfcc_delta_13_std,0.003821020247414708,0,1
mfcc_1_mean,0.13580580055713654,0,2
mfcc_1_p90,0.060575082898139954,0,2
mfcc_1_p10,0.04635452851653099,0,2
contrast_5_mean,0.02060980722308159,0,2
rms_p90,0.015341847203671932,0,2
dominant_frequency,0.014766777865588665,0,2
zero_crossing_rate_p10,0.012882431969046593,0,2
mfcc_15_p90,0.012154701165854931,0,2
mfcc_2_p90,0.012057403102517128,0,2
flatness_std,0.011972027830779552,0,2
mfcc_2_mean,0.010057194158434868,0,2
contrast_4_mean,0.010011381469666958,0,2
mfcc_6_p10,0.009372099302709103,0,2
contrast_5_p90,0.009285980835556984,0,2
mfcc_3_p10,0.009208288975059986,0,2
rms_mean,0.008685575798153877,0,2
rms_p10,0.008653020486235619,0,2
flatness_p10,0.00846907775849104,0,2
rolloff85_mean,0.007177271880209446,0,2
spectral_entropy_p90,0.0070440396666526794,0,2
mfcc_delta_0_p10,0.006832455284893513,0,2
mfcc_2_p10,0.0063786436803638935,0,2
mfcc_0_mean,0.006355664227157831,0,2
mfcc_delta_16_std,0.006293888669461012,0,2
mfcc_9_mean,0.006292741280049086,0,2
spectral_entropy_mean,0.006121884565800428,0,2
mfcc_3_mean,0.005998467560857534,0,2
flatness_p90,0.005981314927339554,0,2
mfcc_8_mean,0.0059795076958835125,0,2
bandwidth_p10,0.005928780417889357,0,2
mfcc_3_p90,0.005788819864392281,0,2
mfcc_18_mean,0.005769270472228527,0,2
contrast_0_p10,0.005306705366820097,0,2
mfcc_delta_0_std,0.005189498420804739,0,2
mfcc_15_mean,0.005083275493234396,0,2
dominant_frequency_ratio,0.005038917530328035,0,2
mfcc_delta_0_p90,0.0048719849437475204,0,2
bandwidth_mean,0.004830681718885899,0,2
mfcc_4_mean,0.004801789298653603,0,2
mfcc_8_p10,0.004782492760568857,0,2
rolloff85_p10,0.0047485497780144215,0,2
mfcc_13_p10,0.004676245618611574,0,2
mfcc_0_p90,0.004541922826319933,0,2
mfcc_6_mean,0.004536482505500317,0,2
mfcc_delta_8_p90,0.004373948089778423,0,2
mfcc_17_mean,0.004343862645328045,0,2
mfcc_delta_7_p90,0.004333441611379385,0,2
rolloff85_p90,0.004328479524701834,0,2
contrast_4_std,0.004287279676645994,0,2
mfcc_17_p90,0.004276756197214127,0,2
contrast_0_mean,0.004249388352036476,0,2
mfcc_delta_9_p10,0.004207278601825237,0,2
mfcc_5_mean,0.004088104236871004,0,2
mfcc_16_p10,0.004033304285258055,0,2
mfcc_19_std,0.00399486068636179,0,2
mfcc_18_p90,0.0039236415177583694,0,2
mfcc_9_std,0.003881059819832444,0,2
mfcc_delta_3_std,0.0038493024185299873,0,2
mfcc_0_p10,0.0037568018306046724,0,2
mfcc_19_mean,0.0037142904475331306,0,2
bandwidth_p90,0.09355349093675613,0,3
mfcc_1_mean,0.03524554520845413,0,3
mfcc_1_p10,0.03387414664030075,0,3
bandwidth_mean,0.030922623351216316,0,3
mfcc_2_p90,0.022004328668117523,0,3
contrast_0_p90,0.017315613105893135,0,3
mfcc_3_p90,0.01357258204370737,0,3
contrast_5_p90,0.013447342440485954,0,3
mfcc_3_mean,0.011150750331580639,0,3
mfcc_2_mean,0.01031152717769146,0,3
contrast_0_mean,0.010192668065428734,0,3
contrast_5_mean,0.009514478966593742,0,3
mfcc_7_std,0.00914090033620596,0,3
mfcc_0_mean,0.009005321189761162,0,3
bandwidth_std,0.008607786148786545,0,3
mfcc_11_p90,0.008230885490775108,0,3
mfcc_13_std,0.008028230629861355,0,3
contrast_0_p10,0.008004513569176197,0,3
flatness_p10,0.00798319187015295,0,3
mfcc_15_p90,0.00794259738177061,0,3
contrast_0_std,0.007880295626819134,0,3
mfcc_4_p10,0.007619962561875582,0,3
mfcc_1_p90,0.007606041617691517,0,3
mfcc_delta_0_std,0.00745706632733345,0,3
contrast_5_std,0.007188533432781696,0,3
mfcc_7_p90,0.006933747325092554,0,3
mfcc_delta_7_std,0.006503699347376823,0,3
rms_p10,0.006464424543082714,0,3
mfcc_9_std,0.006412621587514877,0,3
mfcc_2_p10,0.006370272021740675,0,3
rolloff85_mean,0.006359186489135027,0,3
mfcc_4_p90,0.0062748766504228115,0,3
zero_crossing_rate_p10,0.006252146326005459,0,3
mfcc_9_mean,0.006214497610926628,0,3
flatness_p90,0.006197356153279543,0,3
mfcc_delta_0_p10,0.006194216199219227,0,3
flatness_std,0.006141084711998701,0,3
mfcc_6_p90,0.0061087110079824924,0,3
mfcc_delta_2_p10,0.006046120077371597,0,3
mfcc_delta_1_std,0.006041784770786762,0,3
mfcc_15_mean,0.006033603101968765,0,3
mfcc_delta_16_std,0.005879923235625029,0,3
contrast_2_p90,0.005832614842802286,0,3
rms_p90,0.005807916633784771,0,3
mfcc_6_p10,0.005751840770244598,0,3
mfcc_delta_0_p90,0.005662672687321901,0,3
zero_crossing_rate_std,0.005516366567462683,0,3
contrast_3_p10,0.005467819981276989,0,3
rolloff85_p90,0.005399417597800493,0,3
mfcc_15_std,0.005245388951152563,0,3
mfcc_delta_9_std,0.00513404281809926,0,3
spectral_entropy_p90,0.005072256550192833,0,3
mfcc_16_std,0.005045419558882713,0,3
mfcc_delta_1_p10,0.0049422853626310825,0,3
flatness_mean,0.004836247302591801,0,3
mfcc_delta_9_p90,0.0047806547954678535,0,3
mfcc_4_mean,0.004768692422658205,0,3
spectral_entropy_mean,0.004718329757452011,0,3
mfcc_delta_2_std,0.004708454478532076,0,3
zero_crossing_rate_p90,0.004658455494791269,0,3
mfcc_1_mean,0.14122582972049713,0,4
mfcc_1_p10,0.12670578062534332,0,4
contrast_5_p10,0.041507966816425323,0,4
mfcc_1_p90,0.022280169650912285,0,4
contrast_0_p90,0.012325632385909557,0,4
mfcc_2_p90,0.009762116707861423,0,4
rolloff85_p90,0.009351132437586784,0,4
mfcc_delta_0_p10,0.009298624470829964,0,4
mfcc_17_p10,0.008613545447587967,0,4
mfcc_delta_0_p90,0.007743849419057369,0,4
mfcc_10_std,0.00734173646196723,0,4
dominant_frequency,0.006308198906481266,0,4
mfcc_delta_0_std,0.00609656423330307,0,4
contrast_0_mean,0.005789461545646191,0,4
mfcc_2_mean,0.00578402541577816,0,4
bandwidth_p90,0.0057701352052390575,0,4
rms_mean,0.005582017358392477,0,4
mfcc_6_p90,0.005426934454590082,0,4
mfcc_16_std,0.00541960122063756,0,4
contrast_5_p90,0.0052978768944740295,0,4
mfcc_14_std,0.004989294800907373,0,4
mfcc_9_mean,0.004879590589553118,0,4
contrast_0_p10,0.004771225620061159,0,4
rms_p10,0.004761014133691788,0,4
mfcc_3_p10,0.00475343270227313,0,4
centroid_std,0.004749468062072992,0,4
flatness_p90,0.004731668625026941,0,4
mfcc_12_p90,0.0047032153233885765,0,4
centroid_p10,0.004530500154942274,0,4
mfcc_19_p10,0.004515260923653841,0,4
flatness_std,0.004464559722691774,0,4
mfcc_8_mean,0.004414658062160015,0,4
mfcc_delta_8_p90,0.004365555010735989,0,4
contrast_4_mean,0.004311506636440754,0,4
flatness_mean,0.004286088980734348,0,4
zero_crossing_rate_std,0.004235823638737202,0,4
mfcc_4_p10,0.004150050692260265,0,4
zero_crossing_rate_p10,0.004116915166378021,0,4
centroid_p90,0.004104509949684143,0,4
mfcc_4_p90,0.004100835882127285,0,4
mfcc_4_mean,0.004094881005585194,0,4
mfcc_delta_9_std,0.004083683248609304,0,4
mfcc_6_p10,0.00400695251300931,0,4
mfcc_13_p90,0.0039510722272098064,0,4
mfcc_delta_14_p10,0.003908840008080006,0,4
mfcc_12_mean,0.003874977584928274,0,4
zero_crossing_rate_mean,0.0038442923687398434,0,4
bandwidth_mean,0.003841317957267165,0,4
contrast_4_std,0.0038288782816380262,0,4
mfcc_7_std,0.0037660046946257353,0,4
dominant_frequency_ratio,0.0037651408929377794,0,4
rolloff85_p10,0.003754467936232686,0,4
mfcc_6_std,0.0037381642032414675,0,4
rms_p90,0.0037286647129803896,0,4
mfcc_7_p10,0.0037093244027346373,0,4
mfcc_16_mean,0.0036683334037661552,0,4
rms_std,0.003647512523457408,0,4
mfcc_delta_6_std,0.003639369271695614,0,4
mfcc_9_std,0.0036300995852798223,0,4
mfcc_0_mean,0.0036198669113218784,0,4
mfcc_1_mean,0.11689431220293045,1,0
mfcc_1_p90,0.081519216299057,1,0
mfcc_1_p10,0.07398154586553574,1,0
contrast_5_p10,0.030050113797187805,1,0
mfcc_delta_16_std,0.01365197729319334,1,0
mfcc_delta_0_p10,0.012795142829418182,1,0
mfcc_delta_0_p90,0.011888409033417702,1,0
rolloff85_mean,0.009397418238222599,1,0
mfcc_17_p10,0.008997097611427307,1,0
contrast_5_p90,0.008846329525113106,1,0
mfcc_delta_15_std,0.007436469662934542,1,0
mfcc_1_std,0.0074124461971223354,1,0
mfcc_10_std,0.007297318894416094,1,0
dominant_frequency,0.006762627512216568,1,0
mfcc_2_p90,0.006750819738954306,1,0
mfcc_4_mean,0.006711951922625303,1,0
mfcc_4_p10,0.006696099415421486,1,0
zero_crossing_rate_p10,0.00665220757946372,1,0
mfcc_16_std,0.00589314429089427,1,0
mfcc_delta_0_std,0.005808647722005844,1,0
centroid_std,0.005791729781776667,1,0
mfcc_7_p90,0.005765959154814482,1,0
contrast_0_p90,0.005696359556168318,1,0
flatness_p90,0.005668965633958578,1,0
contrast_0_mean,0.00551716098561883,1,0
mfcc_delta_17_std,0.00537126837298274,1,0
mfcc_2_mean,0.005274441093206406,1,0
spectral_entropy_mean,0.005211136769503355,1,0
mfcc_17_mean,0.005093836225569248,1,0
mfcc_delta_14_p10,0.004920318257063627,1,0
flatness_mean,0.004793886560946703,1,0
flatness_p10,0.004762277007102966,1,0
dominant_frequency_ratio,0.004758779890835285,1,0
mfcc_3_mean,0.004650331102311611,1,0
rms_p10,0.004514380358159542,1,0
mfcc_8_std,0.004447524435818195,1,0
zero_crossing_rate_std,0.004404308740049601,1,0
contrast_5_mean,0.004400613717734814,1,0
flatness_std,0.004344173241406679,1,0
mfcc_4_p90,0.004320686683058739,1,0
bandwidth_p10,0.004260159097611904,1,0
mfcc_3_p90,0.004194956738501787,1,0
contrast_3_p10,0.0041918084025382996,1,0
mfcc_0_mean,0.00411551957949996,1,0
contrast_0_p10,0.0041102757677435875,1,0
mfcc_17_p90,0.004091191105544567,1,0
contrast_4_mean,0.004063806962221861,1,0
mfcc_delta_9_p90,0.0039757066406309605,1,0
centroid_mean,0.003890374908223748,1,0
mfcc_14_p90,0.0038800269830971956,1,0
mfcc_delta_1_std,0.003876302158460021,1,0
mfcc_8_mean,0.0038676289841532707,1,0
mfcc_9_mean,0.003837892087176442,1,0
mfcc_13_p90,0.0038147885352373123,1,0
mfcc_14_std,0.0037764350418001413,1,0
mfcc_6_p10,0.0037507908418774605,1,0
mfcc_3_p10,0.0037421484012156725,1,0
centroid_p10,0.0037393064703792334,1,0
zero_crossing_rate_mean,0.003735852427780628,1,0
mfcc_delta_5_std,0.0036957263946533203,1,0
mfcc_1_mean,0.12414175271987915,1,1
mfcc_1_p10,0.10853969305753708,1,1
contrast_5_p10,0.030293911695480347,1,1
mfcc_17_p10,0.017310291528701782,1,1
mfcc_delta_0_p10,0.016264377161860466,1,1
rms_p90,0.01534996647387743,1,1
mfcc_delta_16_std,0.013097268529236317,1,1
spectral_entropy_mean,0.011322801001369953,1,1
mfcc_delta_0_p90,0.011116953566670418,1,1
rms_mean,0.010130759328603745,1,1
mfcc_10_std,0.009417830035090446,1,1
mfcc_3_mean,0.008627806790173054,1,1
mfcc_1_p90,0.0082280607894063,1,1
mfcc_delta_15_std,0.008065804839134216,1,1
mfcc_16_std,0.007179753854870796,1,1
rms_p10,0.0071214488707482815,1,1
mfcc_2_p90,0.006845476571470499,1,1
centroid_p90,0.006288053933531046,1,1
mfcc_delta_0_std,0.0060932207852602005,1,1
bandwidth_mean,0.005902076605707407,1,1
contrast_0_p90,0.0058982050977647305,1,1
centroid_std,0.005717406515032053,1,1
contrast_0_mean,0.005636302288621664,1,1
mfcc_3_p10,0.005617170128971338,1,1
mfcc_3_p90,0.005557270720601082,1,1
mfcc_delta_17_std,0.0054203905165195465,1,1
mfcc_14_std,0.005373748950660229,1,1
mfcc_18_p90,0.00533182080835104,1,1
zero_crossing_rate_p10,0.005156223196536303,1,1
mfcc_4_mean,0.004992125555872917,1,1
mfcc_9_p10,0.004923767875880003,1,1
mfcc_delta_1_std,0.004898984916508198,1,1
mfcc_9_p90,0.004874784499406815,1,1
dominant_frequency,0.0048117320984601974,1,1
mfcc_delta_13_std,0.004804493859410286,1,1
mfcc_delta_9_std,0.004706623498350382,1,1
mfcc_2_mean,0.00469891307875514,1,1
mfcc_1_std,0.00462682219222188,1,1
mfcc_16_p10,0.0045555164106190205,1,1
flatness_p90,0.004535319283604622,1,1
mfcc_delta_13_p90,0.004442321602255106,1,1
mfcc_9_mean,0.004420924466103315,1,1
mfcc_8_mean,0.004385014530271292,1,1
centroid_mean,0.004307170398533344,1,1
mfcc_7_mean,0.004216095432639122,1,1
zero_crossing_rate_mean,0.00418215012177825,1,1
mfcc_delta_10_std,0.004162403289228678,1,1
centroid_p10,0.004112593363970518,1,1
mfcc_delta_7_p10,0.004080808721482754,1,1
mfcc_delta_9_p90,0.004033523146063089,1,1
mfcc_7_p90,0.004020335152745247,1,1
mfcc_delta_14_p10,0.004017421044409275,1,1
contrast_4_mean,0.004015441983938217,1,1
mfcc_4_p90,0.004001734312623739,1,1
mfcc_delta_18_std,0.003986025229096413,1,1
contrast_5_mean,0.003968278877437115,1,1
flatness_std,0.003946682903915644,1,1
mfcc_7_p10,0.003927694167941809,1,1
mfcc_4_p10,0.003920165356248617,1,1
bandwidth_p90,0.003913994878530502,1,1
mfcc_1_mean,0.1734456717967987,1,2
mfcc_1_p10,0.06473878026008606,1,2
mfcc_1_p90,0.04369451478123665,1,2
contrast_5_mean,0.021609939634799957,1,2
mfcc_15_p90,0.015985673293471336,1,2
rms_p90,0.015811989083886147,1,2
contrast_5_p90,0.014597396366298199,1,2
mfcc_6_p10,0.010702592320740223,1,2
rms_mean,0.010301094502210617,1,2
mfcc_3_p10,0.009780041873455048,1,2
mfcc_2_p90,0.008490831591188908,1,2
contrast_4_mean,0.008426978252828121,1,2
mfcc_2_p10,0.008306467905640602,1,2
mfcc_5_p10,0.008124640211462975,1,2
rolloff85_mean,0.008020731620490551,1,2
mfcc_3_mean,0.00781385786831379,1,2
rms_p10,0.007472186349332333,1,2
flatness_p10,0.007266495376825333,1,2
mfcc_delta_0_p10,0.007057699840515852,1,2
spectral_entropy_p90,0.006883825175464153,1,2
dominant_frequency_ratio,0.006870678626000881,1,2
mfcc_2_mean,0.006782215088605881,1,2
dominant_frequency,0.006723189260810614,1,2
mfcc_0_mean,0.006550560239702463,1,2
mfcc_8_mean,0.005463602486997843,1,2
contrast_0_p10,0.005341713782399893,1,2
mfcc_3_p90,0.0053367698565125465,1,2
centroid_p90,0.005163436755537987,1,2
rolloff85_p10,0.005023479927331209,1,2
mfcc_15_mean,0.005003638565540314,1,2
mfcc_14_p90,0.00499510345980525,1,2
mfcc_5_p90,0.004831559956073761,1,2
spectral_entropy_mean,0.004737171344459057,1,2
mfcc_7_std,0.004651394207030535,1,2
mfcc_4_mean,0.004640425089746714,1,2
mfcc_delta_0_p90,0.004624184221029282,1,2
mfcc_17_mean,0.0045700836926698685,1,2
mfcc_18_mean,0.004567496478557587,1,2
mfcc_delta_0_std,0.004448107909411192,1,2
flatness_mean,0.004437922965735197,1,2
mfcc_delta_16_std,0.004423224367201328,1,2
mfcc_delta_3_p90,0.004357794765383005,1,2
contrast_3_mean,0.0043550156988203526,1,2
bandwidth_p10,0.004274697508662939,1,2
contrast_0_mean,0.00419206079095602,1,2
mfcc_9_mean,0.00399236474186182,1,2
mfcc_14_std,0.003956428728997707,1,2
mfcc_4_p10,0.003941133618354797,1,2
spectral_entropy_p10,0.003855169052258134,1,2
mfcc_0_p90,0.003786524524912238,1,2
contrast_3_p10,0.0037654757034033537,1,2
bandwidth_std,0.003714978229254484,1,2
mfcc_delta_13_p90,0.003661887487396598,1,2
mfcc_17_p10,0.0035311540123075247,1,2
zero_crossing_rate_std,0.0034602631349116564,1,2
rms_std,0.0034516577143222094,1,2
mfcc_delta_2_std,0.0034504164941608906,1,2
mfcc_6_mean,0.0034444299526512623,1,2
mfcc_delta_10_std,0.003389849094673991,1,2
flatness_std,0.0033817070070654154,1,2
bandwidth_p90,0.09826935082674026,1,3
bandwidth_mean,0.03622065484523773,1,3
mfcc_1_mean,0.028769824653863907,1,3
mfcc_1_p10,0.02547573857009411,1,3
mfcc_2_p90,0.018791360780596733,1,3
contrast_0_p90,0.016182642430067062,1,3
mfcc_15_p90,0.015781119465827942,1,3
mfcc_3_mean,0.01345686987042427,1,3
contrast_5_p90,0.011460475623607635,1,3
contrast_0_mean,0.01022085640579462,1,3
bandwidth_std,0.008755277842283249,1,3
mfcc_0_mean,0.008106336928904057,1,3
contrast_0_std,0.007830689661204815,1,3
mfcc_7_std,0.00777222216129303,1,3
mfcc_5_p90,0.00769632076844573,1,3
mfcc_delta_2_p10,0.007694421336054802,1,3
mfcc_delta_2_p90,0.0074732378125190735,1,3
contrast_1_p10,0.007472916040569544,1,3
mfcc_11_p90,0.0073812585324049,1,3
mfcc_3_p90,0.007379942107945681,1,3
mfcc_delta_7_std,0.0073671224527060986,1,3
mfcc_12_std,0.007308982778340578,1,3
mfcc_delta_0_std,0.0072548165917396545,1,3
contrast_2_p10,0.007133384235203266,1,3
mfcc_15_mean,0.007069036364555359,1,3
mfcc_9_p10,0.007052930071949959,1,3
rms_p90,0.0070233517326414585,1,3
contrast_1_mean,0.00701432628557086,1,3
mfcc_3_p10,0.007011084817349911,1,3
rms_p10,0.007002778816968203,1,3
mfcc_2_mean,0.0068254899233579636,1,3
contrast_0_p10,0.006705860607326031,1,3
flatness_p10,0.00666936207562685,1,3
mfcc_delta_2_std,0.006660562939941883,1,3
flatness_p90,0.006365893874317408,1,3
rolloff85_mean,0.006291247438639402,1,3
spectral_entropy_p90,0.006219936069101095,1,3
mfcc_4_p90,0.0060720243491232395,1,3
mfcc_0_p90,0.0060407198034226894,1,3
mfcc_4_mean,0.0059873671270906925,1,3
contrast_3_p10,0.005928093567490578,1,3
flatness_std,0.005883761681616306,1,3
mfcc_delta_1_std,0.005777251906692982,1,3
mfcc_delta_14_p10,0.005764712113887072,1,3
mfcc_9_std,0.005744677037000656,1,3
mfcc_18_mean,0.005645192228257656,1,3
centroid_p10,0.0055876183323562145,1,3
contrast_5_std,0.005516896024346352,1,3
mfcc_19_p90,0.005456768441945314,1,3
zero_crossing_rate_p10,0.005450583063066006,1,3
mfcc_13_p10,0.005433575250208378,1,3
mfcc_2_p10,0.005389865953475237,1,3
mfcc_8_mean,0.005367705598473549,1,3
mfcc_17_mean,0.005359165370464325,1,3
mfcc_delta_0_p90,0.005229119211435318,1,3
rolloff85_std,0.005205823108553886,1,3
contrast_4_mean,0.005175373982638121,1,3
mfcc_4_p10,0.00509603088721633,1,3
contrast_4_p90,0.0050275083631277084,1,3
mfcc_delta_0_p10,0.004996179137378931,1,3
mfcc_1_p90,0.10032032430171967,1,4
mfcc_1_p10,0.08387713879346848,1,4
mfcc_1_mean,0.06613817065954208,1,4
contrast_5_p10,0.03335115686058998,1,4
mfcc_delta_16_std,0.013220654800534248,1,4
mfcc_delta_0_p10,0.012089374475181103,1,4
mfcc_delta_0_p90,0.01098847109824419,1,4
contrast_0_p90,0.010589790530502796,1,4
mfcc_10_std,0.009649018757045269,1,4
mfcc_16_std,0.007795554120093584,1,4
mfcc_3_p10,0.007708662189543247,1,4
rolloff85_p90,0.0071872263215482235,1,4
mfcc_2_p90,0.0071127163246273994,1,4
mfcc_4_mean,0.006806025747209787,1,4
mfcc_1_std,0.006726772990077734,1,4
mfcc_delta_15_std,0.00620700977742672,1,4
mfcc_0_mean,0.00608747499063611,1,4
zero_crossing_rate_mean,0.005964935291558504,1,4
dominant_frequency,0.005910299252718687,1,4
flatness_p90,0.005483427084982395,1,4
contrast_0_mean,0.005442728288471699,1,4
mfcc_8_std,0.005396200343966484,1,4
mfcc_4_p10,0.005373831372708082,1,4
rolloff85_p10,0.005319724790751934,1,4
centroid_std,0.00528742978349328,1,4
zero_crossing_rate_p10,0.00522806728258729,1,4
rms_p90,0.00522261206060648,1,4
mfcc_4_p90,0.005059634335339069,1,4
mfcc_7_std,0.004932386334985495,1,4
mfcc_2_mean,0.004915107041597366,1,4
mfcc_3_mean,0.0048870244063436985,1,4
mfcc_17_mean,0.004848138429224491,1,4
mfcc_9_mean,0.004837799351662397,1,4
dominant_frequency_ratio,0.0048346868716180325,1,4
mfcc_delta_0_std,0.004810314159840345,1,4
mfcc_17_p10,0.00478749256581068,1,4
mfcc_0_p90,0.004628472030162811,1,4
mfcc_9_p90,0.004538245964795351,1,4
flatness_mean,0.004517771303653717,1,4
mfcc_15_mean,0.004482732620090246,1,4
spectral_entropy_p90,0.0044206278398633,1,4
mfcc_12_mean,0.004348964896053076,1,4
bandwidth_p10,0.004346765112131834,1,4
spectral_entropy_mean,0.004314945079386234,1,4
mfcc_3_p90,0.004289818927645683,1,4
contrast_5_p90,0.004273541737347841,1,4
mfcc_15_std,0.004221606068313122,1,4
mfcc_18_p90,0.004186221864074469,1,4
flatness_std,0.004158476367592812,1,4
mfcc_delta_14_p90,0.004131390247493982,1,4
centroid_mean,0.004130400717258453,1,4
rolloff85_mean,0.004111543297767639,1,4
mfcc_delta_15_p90,0.0040730503387749195,1,4
mfcc_6_p10,0.003996497020125389,1,4
mfcc_14_p90,0.003985579125583172,1,4
contrast_4_p10,0.003971525467932224,1,4
mfcc_17_std,0.003954830579459667,1,4
mfcc_7_mean,0.003937054425477982,1,4
mfcc_7_p90,0.0039325677789747715,1,4
contrast_3_p10,0.003811847884207964,1,4
mfcc_1_mean,0.11361498385667801,2,0
mfcc_1_p10,0.08014008402824402,2,0
contrast_5_p10,0.029213203117251396,2,0
mfcc_1_p90,0.014665517024695873,2,0
mfcc_delta_16_std,0.013822274282574654,2,0
mfcc_delta_0_p90,0.013129901140928268,2,0
mfcc_delta_0_p10,0.012326927855610847,2,0
mfcc_17_p10,0.0112995570525527,2,0
mfcc_10_std,0.010085457004606724,2,0
mfcc_16_std,0.008828571066260338,2,0
mfcc_2_p90,0.007728219963610172,2,0
zero_crossing_rate_p10,0.007490326184779406,2,0
rolloff85_p90,0.006990852765738964,2,0
mfcc_18_p90,0.006619120482355356,2,0
mfcc_4_mean,0.006534887477755547,2,0
dominant_frequency,0.006306243594735861,2,0
mfcc_1_std,0.006178630981594324,2,0
rms_p10,0.006017346866428852,2,0
flatness_std,0.00584429781883955,2,0
contrast_0_p90,0.005755061749368906,2,0
mfcc_4_p10,0.005719753913581371,2,0
mfcc_4_p90,0.005599495489150286,2,0
contrast_0_mean,0.0055812643840909,2,0
mfcc_delta_0_std,0.005573976319283247,2,0
centroid_std,0.0054489304311573505,2,0
spectral_entropy_mean,0.0054347277618944645,2,0
mfcc_delta_15_std,0.005423117894679308,2,0
mfcc_17_std,0.005381699651479721,2,0
mfcc_3_p10,0.005145673640072346,2,0
mfcc_delta_13_p90,0.004972947295755148,2,0
mfcc_2_mean,0.004808359779417515,2,0
mfcc_9_p10,0.004804526921361685,2,0
mfcc_14_std,0.004724258091300726,2,0
rolloff85_p10,0.004716141615062952,2,0
contrast_5_p90,0.00469381595030427,2,0
mfcc_9_mean,0.004683557897806168,2,0
flatness_p90,0.004624395631253719,2,0
contrast_3_p10,0.004607107490301132,2,0
flatness_mean,0.004595942795276642,2,0
mfcc_delta_15_p90,0.0045499736443161964,2,0
mfcc_delta_1_std,0.004525711294263601,2,0
contrast_0_p10,0.004456778522580862,2,0
rms_mean,0.004420710727572441,2,0
mfcc_6_p10,0.0043957289308309555,2,0
dominant_frequency_ratio,0.00435408903285861,2,0
spectral_entropy_p90,0.0043370164930820465,2,0
mfcc_delta_17_std,0.004334134049713612,2,0
mfcc_2_p10,0.004321429878473282,2,0
mfcc_14_p90,0.004316748585551977,2,0
zero_crossing_rate_mean,0.004220779053866863,2,0
mfcc_0_p90,0.00417639035731554,2,0
mfcc_delta_1_p10,0.0041759079322218895,2,0
mfcc_0_mean,0.004169208463281393,2,0
mfcc_8_mean,0.004141191951930523,2,0
bandwidth_std,0.0041263229213654995,2,0
centroid_p90,0.004118096549063921,2,0
mfcc_8_p10,0.00408483762294054,2,0
contrast_5_mean,0.0040756394155323505,2,0
mfcc_7_mean,0.004064425826072693,2,0
zero_crossing_rate_std,0.0040239496156573296,2,0
mfcc_1_p10,0.13488902151584625,2,1
mfcc_1_mean,0.1045832484960556,2,1
contrast_5_p10,0.02858542837202549,2,1
mfcc_delta_0_p10,0.015893016010522842,2,1
rms_p90,0.015368337742984295,2,1
mfcc_delta_16_std,0.01333905290812254,2,1
mfcc_1_p90,0.012950212694704533,2,1
mfcc_3_mean,0.01250468660145998,2,1
mfcc_delta_0_p90,0.01196517888456583,2,1
mfcc_17_p10,0.011262084357440472,2,1
mfcc_10_std,0.008172973990440369,2,1
rms_mean,0.00806568656116724,2,1
contrast_5_p90,0.007838575169444084,2,1
mfcc_3_p90,0.007693993393331766,2,1
mfcc_2_p90,0.0075358739122748375,2,1
mfcc_16_std,0.007246138993650675,2,1
contrast_0_p90,0.006253233179450035,2,1
mfcc_17_mean,0.006236047483980656,2,1
mfcc_delta_15_std,0.0061891269870102406,2,1
spectral_entropy_mean,0.006176138762384653,2,1
mfcc_7_std,0.005807401146739721,2,1
contrast_0_mean,0.005460814107209444,2,1
zero_crossing_rate_p10,0.005460758693516254,2,1
centroid_std,0.005430528894066811,2,1
mfcc_2_mean,0.005310083273798227,2,1
mfcc_delta_17_std,0.005309803411364555,2,1
mfcc_delta_0_std,0.005265711806714535,2,1
contrast_3_p90,0.00510962400585413,2,1
mfcc_4_mean,0.00508337514474988,2,1
mfcc_4_p10,0.005076764617115259,2,1
mfcc_15_p10,0.005001773592084646,2,1
rms_p10,0.004959181882441044,2,1
mfcc_3_p10,0.0049407826736569405,2,1
centroid_p90,0.004917458165436983,2,1
mfcc_1_std,0.004792304709553719,2,1
mfcc_8_p90,0.0047644320875406265,2,1
mfcc_14_std,0.004740878473967314,2,1
mfcc_7_p90,0.0046997363679111,2,1
mfcc_2_p10,0.0046740067191421986,2,1
mfcc_18_p90,0.004463321529328823,2,1
mfcc_delta_7_p10,0.00430447980761528,2,1
contrast_5_mean,0.004274862818419933,2,1
mfcc_delta_9_std,0.004268845077604055,2,1
zero_crossing_rate_mean,0.004255417734384537,2,1
mfcc_4_p90,0.004235358908772469,2,1
contrast_2_mean,0.004215221386402845,2,1
flatness_mean,0.004193534608930349,2,1
dominant_frequency,0.004131671506911516,2,1
mfcc_17_std,0.0041166855953633785,2,1
mfcc_9_p10,0.004113844595849514,2,1
mfcc_delta_2_p10,0.004028017167001963,2,1
spectral_entropy_p90,0.004011192359030247,2,1
mfcc_delta_14_p10,0.0040053147822618484,2,1
mfcc_delta_1_std,0.003953567706048489,2,1
bandwidth_p10,0.003896394744515419,2,1
flatness_p10,0.0038766220677644014,2,1
mfcc_delta_6_p90,0.0037915417924523354,2,1
mfcc_19_std,0.0037506830412894487,2,1
mfcc_19_p10,0.003748728660866618,2,1
contrast_1_mean,0.003733997233211994,2,1
mfcc_1_p90,0.17742688953876495,2,2
mfcc_1_mean,0.07371461391448975,2,2
contrast_5_mean,0.023851871490478516,2,2
mfcc_1_p10,0.02228257618844509,2,2
contrast_5_p90,0.013983002863824368,2,2
dominant_frequency,0.012972630560398102,2,2
mfcc_15_p90,0.01097971573472023,2,2
mfcc_3_p10,0.00930375698953867,2,2
mfcc_2_mean,0.008686291053891182,2,2
flatness_p10,0.008122152648866177,2,2
mfcc_5_p90,0.008038833737373352,2,2
mfcc_13_p10,0.007995656691491604,2,2
rolloff85_mean,0.007773029152303934,2,2
mfcc_6_p10,0.007599043659865856,2,2
mfcc_delta_0_p10,0.00748295895755291,2,2
mfcc_2_p90,0.0074816616252064705,2,2
mfcc_5_p10,0.007364409044384956,2,2
rms_p90,0.007090543396770954,2,2
rolloff85_p10,0.00678960932418704,2,2
mfcc_17_p90,0.006660008803009987,2,2
mfcc_4_mean,0.006552479229867458,2,2
mfcc_8_mean,0.006450262386351824,2,2
mfcc_3_mean,0.006285922601819038,2,2
rms_p10,0.006067485548555851,2,2
bandwidth_mean,0.006056826561689377,2,2
mfcc_18_mean,0.0059240697883069515,2,2
rolloff85_p90,0.005777362268418074,2,2
mfcc_2_p10,0.005598688032478094,2,2
rms_mean,0.005585179198533297,2,2
bandwidth_p10,0.0055300150997936726,2,2
mfcc_0_mean,0.005046990234404802,2,2
zero_crossing_rate_p10,0.005037953611463308,2,2
mfcc_9_p90,0.004990834277123213,2,2
mfcc_delta_0_std,0.004674495197832584,2,2
mfcc_15_mean,0.00458908174186945,2,2
mfcc_delta_0_p90,0.004513274412602186,2,2
contrast_0_p10,0.0044735511764883995,2,2
mfcc_17_mean,0.0044625792652368546,2,2
contrast_3_p10,0.004440787248313427,2,2
spectral_entropy_p10,0.004381795413792133,2,2
zero_crossing_rate_std,0.004373015835881233,2,2
mfcc_5_mean,0.004372130148112774,2,2
mfcc_delta_13_p90,0.004344217013567686,2,2
mfcc_delta_9_p90,0.00420644273981452,2,2
mfcc_14_p90,0.004150121007114649,2,2
mfcc_6_std,0.004122612997889519,2,2
mfcc_8_p10,0.004113032016903162,2,2
mfcc_delta_2_std,0.004088821355253458,2,2
mfcc_delta_9_p10,0.004068516194820404,2,2
mfcc_6_p90,0.004067197907716036,2,2
contrast_0_mean,0.00402378523722291,2,2
mfcc_3_p90,0.003973259124904871,2,2
zero_crossing_rate_mean,0.0039680530317127705,2,2
mfcc_14_std,0.0038573879282921553,2,2
mfcc_16_std,0.0038301516324281693,2,2
contrast_0_std,0.0038133577909320593,2,2
dominant_frequency_ratio,0.0037942342460155487,2,2
centroid_p90,0.0037860467564314604,2,2
mfcc_12_p90,0.0037784050218760967,2,2
bandwidth_std,0.0037549547851085663,2,2
bandwidth_p90,0.0961085632443428,2,3
mfcc_1_p10,0.03856758400797844,2,3
bandwidth_mean,0.03497319668531418,2,3
mfcc_1_mean,0.024110965430736542,2,3
mfcc_2_p90,0.019886672496795654,2,3
contrast_0_p90,0.01799275353550911,2,3
mfcc_3_p90,0.013179167173802853,2,3
flatness_p90,0.013046261854469776,2,3
mfcc_3_mean,0.012519431300461292,2,3
contrast_0_mean,0.012269879691302776,2,3
mfcc_2_mean,0.011435937136411667,2,3
contrast_5_mean,0.01121857576072216,2,3
bandwidth_std,0.010644294321537018,2,3
mfcc_15_p90,0.008782289922237396,2,3
mfcc_0_mean,0.00851974356919527,2,3
flatness_p10,0.008236130699515343,2,3
mfcc_7_std,0.00821802206337452,2,3
mfcc_7_p90,0.008073600009083748,2,3
mfcc_0_p90,0.008035168051719666,2,3
mfcc_delta_0_std,0.008013131096959114,2,3
contrast_5_std,0.007674781605601311,2,3
zero_crossing_rate_p10,0.0076379613019526005,2,3
spectral_entropy_p10,0.007497887592762709,2,3
mfcc_13_std,0.007391170598566532,2,3
mfcc_16_std,0.007307784166187048,2,3
contrast_0_p10,0.007280747406184673,2,3
mfcc_delta_2_p90,0.00725084962323308,2,3
contrast_0_std,0.007134770974516869,2,3
rms_p10,0.007121674716472626,2,3
mfcc_15_mean,0.006907884497195482,2,3
mfcc_9_mean,0.006799288094043732,2,3
contrast_5_p90,0.0067431144416332245,2,3
contrast_2_p10,0.006619679741561413,2,3
mfcc_delta_1_std,0.006437191739678383,2,3
contrast_4_mean,0.006263363640755415,2,3
rolloff85_mean,0.006241509225219488,2,3
mfcc_9_p10,0.006239976733922958,2,3
zero_crossing_rate_p90,0.006169659551233053,2,3
flatness_mean,0.006161930505186319,2,3
mfcc_2_p10,0.0061208466067910194,2,3
mfcc_4_p90,0.005920859985053539,2,3
mfcc_18_mean,0.005709372460842133,2,3
mfcc_delta_0_p90,0.005471682641655207,2,3
mfcc_delta_2_std,0.005260922946035862,2,3
mfcc_delta_0_p10,0.005208776332437992,2,3
mfcc_4_mean,0.005149696953594685,2,3
mfcc_17_p10,0.0050871362909674644,2,3
mfcc_19_p90,0.0050557758659124374,2,3
mfcc_3_p10,0.0050233593210577965,2,3
mfcc_9_p90,0.004962983075529337,2,3
mfcc_9_std,0.004953382536768913,2,3
flatness_std,0.004897924140095711,2,3
contrast_2_p90,0.004891065880656242,2,3
centroid_p10,0.004787094425410032,2,3
mfcc_8_mean,0.00473843002691865,2,3
rms_p90,0.004728113766759634,2,3
contrast_3_p10,0.004630109295248985,2,3
mfcc_delta_16_std,0.004568878095597029,2,3
mfcc_7_p10,0.004557118285447359,2,3
mfcc_6_p90,0.004541452508419752,2,3
mfcc_1_p10,0.11830803006887436,2,4
mfcc_1_mean,0.10078949481248856,2,4
contrast_5_p10,0.028227465227246284,2,4
mfcc_1_p90,0.017162293195724487,2,4
mfcc_17_p10,0.014598826877772808,2,4
mfcc_delta_0_p10,0.014354902319610119,2,4
mfcc_delta_0_p90,0.010957309044897556,2,4
mfcc_delta_16_std,0.01092770230025053,2,4
mfcc_10_std,0.010007429867982864,2,4
mfcc_2_p90,0.008395664393901825,2,4
contrast_0_p90,0.008186516351997852,2,4
mfcc_3_p10,0.006992509122937918,2,4
contrast_0_mean,0.006936973426491022,2,4
mfcc_16_std,0.006567650008946657,2,4
rolloff85_p90,0.006437759846448898,2,4
mfcc_4_p10,0.006401317659765482,2,4
mfcc_delta_15_std,0.006400760263204575,2,4
flatness_p90,0.006220570299774408,2,4
zero_crossing_rate_p10,0.005839549005031586,2,4
mfcc_4_mean,0.005777974613010883,2,4
rms_p10,0.005770951509475708,2,4
mfcc_13_p90,0.005765424109995365,2,4
mfcc_14_std,0.005687558092176914,2,4
centroid_std,0.005660185590386391,2,4
flatness_p10,0.0056480891071259975,2,4
mfcc_17_std,0.0056129698641598225,2,4
mfcc_7_std,0.0056054117158055305,2,4
flatness_mean,0.005597714800387621,2,4
mfcc_1_std,0.005430683959275484,2,4
mfcc_13_std,0.005333269480615854,2,4
mfcc_delta_14_p10,0.005263616796582937,2,4
centroid_p10,0.005209480412304401,2,4
mfcc_3_mean,0.005069116596132517,2,4
mfcc_2_mean,0.005012065172195435,2,4
spectral_entropy_std,0.004918537102639675,2,4
mfcc_delta_0_std,0.004818581975996494,2,4
contrast_5_p90,0.004761429503560066,2,4
rolloff85_p10,0.004735845606774092,2,4
mfcc_6_p90,0.0046847229823470116,2,4
dominant_frequency,0.00464609544724226,2,4
mfcc_15_mean,0.004600022919476032,2,4
spectral_entropy_p90,0.004510388243943453,2,4
mfcc_12_p90,0.004441925324499607,2,4
mfcc_7_p90,0.0044364226050674915,2,4
mfcc_15_p90,0.00439107371494174,2,4
mfcc_6_p10,0.004286819603294134,2,4
zero_crossing_rate_std,0.004272046033293009,2,4
centroid_mean,0.004270782228559256,2,4
spectral_entropy_mean,0.004258551634848118,2,4
mfcc_16_p10,0.0042526982724666595,2,4
mfcc_0_mean,0.004238467197865248,2,4
contrast_3_p10,0.004206737037748098,2,4
mfcc_delta_8_std,0.004154270514845848,2,4
mfcc_8_mean,0.004148098640143871,2,4
mfcc_5_p10,0.004143307916820049,2,4
flatness_std,0.004135004710406065,2,4
mfcc_7_mean,0.004061998333781958,2,4
bandwidth_p10,0.004027626011520624,2,4
mfcc_4_p90,0.004012590274214745,2,4
mfcc_6_std,0.003969971556216478,2,4
mfcc_1_mean,0.13056068122386932,3,0
mfcc_1_p10,0.05042169988155365,3,0
mfcc_1_p90,0.030567670240998268,3,0
mfcc_17_mean,0.024598076939582825,3,0
mfcc_17_p10,0.023715388029813766,3,0
mfcc_delta_0_p10,0.01794593781232834,3,0
contrast_5_p10,0.01230635680258274,3,0
rolloff85_p90,0.009747602045536041,3,0
mfcc_4_p10,0.00874798372387886,3,0
mfcc_delta_17_std,0.008134759031236172,3,0
mfcc_delta_0_p90,0.008112440817058086,3,0
contrast_2_p10,0.007546823937445879,3,0
spectral_entropy_mean,0.007298075128346682,3,0
rms_p10,0.006527446210384369,3,0
mfcc_delta_15_std,0.0064707109704613686,3,0
contrast_2_mean,0.006377014797180891,3,0
mfcc_delta_0_std,0.006347185932099819,3,0
mfcc_3_p90,0.006299573928117752,3,0
mfcc_delta_14_std,0.006112677976489067,3,0
flatness_p90,0.006057620048522949,3,0
mfcc_15_std,0.006048507988452911,3,0
mfcc_4_mean,0.005988376215100288,3,0
contrast_5_p90,0.005718894302845001,3,0
zero_crossing_rate_p10,0.005705702118575573,3,0
contrast_5_mean,0.005700836423784494,3,0
mfcc_1_std,0.005563467275351286,3,0
mfcc_2_p90,0.005496713798493147,3,0
mfcc_3_p10,0.005419643130153418,3,0
rms_p90,0.005348948296159506,3,0
mfcc_delta_10_std,0.00525039853528142,3,0
mfcc_14_std,0.005150362849235535,3,0
bandwidth_p90,0.005103031173348427,3,0
mfcc_2_mean,0.005056801717728376,3,0
mfcc_10_p90,0.005024172831326723,3,0
mfcc_delta_16_std,0.004960616584867239,3,0
contrast_1_p10,0.004893679171800613,3,0
centroid_std,0.004883248824626207,3,0
mfcc_16_std,0.004853866994380951,3,0
mfcc_delta_1_std,0.004847226198762655,3,0
bandwidth_mean,0.00480628851801157,3,0
mfcc_delta_7_p10,0.004804895259439945,3,0
spectral_entropy_p10,0.00471044285222888,3,0
dominant_frequency,0.004655112978070974,3,0
flatness_mean,0.004601356107741594,3,0
mfcc_delta_11_p90,0.004547332879155874,3,0
mfcc_9_mean,0.00450346153229475,3,0
mfcc_4_p90,0.004467074293643236,3,0
mfcc_8_std,0.004458137787878513,3,0
mfcc_11_p10,0.004417218267917633,3,0
mfcc_delta_3_std,0.004324393346905708,3,0
contrast_0_p90,0.004319481085985899,3,0
mfcc_6_p90,0.00428979005664587,3,0
mfcc_delta_16_p90,0.004234400112181902,3,0
mfcc_12_p10,0.004122400190681219,3,0
mfcc_19_p90,0.004066421650350094,3,0
rolloff85_mean,0.004007517825812101,3,0
contrast_1_mean,0.0039728679694235325,3,0
mfcc_15_p90,0.003965416457504034,3,0
contrast_0_mean,0.003946839366108179,3,0
mfcc_9_p90,0.0039439694955945015,3,0
mfcc_1_p10,0.1321793794631958,3,1
mfcc_1_mean,0.10637923330068588,3,1
contrast_5_p10,0.032218918204307556,3,1
mfcc_delta_0_p10,0.015348021872341633,3,1
mfcc_delta_16_std,0.01194690726697445,3,1
contrast_5_p90,0.011606928892433643,3,1
mfcc_17_p10,0.01084623858332634,3,1
mfcc_delta_0_p90,0.010424518957734108,3,1
rms_p90,0.010142547078430653,3,1
mfcc_10_std,0.009778391569852829,3,1
mfcc_1_p90,0.009302361868321896,3,1
mfcc_3_mean,0.00879058986902237,3,1
contrast_5_mean,0.00847693346440792,3,1
spectral_entropy_mean,0.00820837914943695,3,1
mfcc_3_p10,0.007867715321481228,3,1
contrast_0_p90,0.007806857116520405,3,1
zero_crossing_rate_p10,0.007656964939087629,3,1
mfcc_16_std,0.007353153079748154,3,1
mfcc_2_p90,0.006958187557756901,3,1
mfcc_3_p90,0.006839389447122812,3,1
mfcc_1_std,0.006750940345227718,3,1
mfcc_18_p90,0.006523935589939356,3,1
mfcc_4_mean,0.006062230095267296,3,1
rms_mean,0.005933844018727541,3,1
centroid_std,0.005698736757040024,3,1
mfcc_2_mean,0.0056649427860975266,3,1
mfcc_18_mean,0.005523083731532097,3,1
bandwidth_mean,0.005476761143654585,3,1
contrast_0_mean,0.0053744507022202015,3,1
centroid_p90,0.005324614699929953,3,1
dominant_frequency,0.0051784696988761425,3,1
mfcc_14_std,0.00503790657967329,3,1
mfcc_delta_17_std,0.0050223227590322495,3,1
mfcc_delta_0_std,0.004992103204131126,3,1
mfcc_2_p10,0.004956762306392193,3,1
mfcc_17_std,0.004836945328861475,3,1
mfcc_4_p10,0.004828037694096565,3,1
mfcc_7_p90,0.004809506703168154,3,1
mfcc_18_p10,0.0047849793918430805,3,1
contrast_1_mean,0.0047539109364151955,3,1
mfcc_8_p90,0.004653500858694315,3,1
mfcc_15_std,0.004614120814949274,3,1
mfcc_delta_13_std,0.004559371620416641,3,1
mfcc_delta_15_std,0.004508796613663435,3,1
mfcc_7_mean,0.004476624540984631,3,1
mfcc_delta_14_p90,0.004351749084889889,3,1
rms_p10,0.004328290931880474,3,1
mfcc_delta_1_std,0.004196907393634319,3,1
centroid_mean,0.004069375339895487,3,1
mfcc_delta_16_p90,0.004016381688416004,3,1
mfcc_delta_1_p10,0.00401266198605299,3,1
mfcc_delta_16_p10,0.0040094247087836266,3,1
bandwidth_p10,0.003989980090409517,3,1
mfcc_7_std,0.003953059669584036,3,1
mfcc_4_p90,0.0039037091191858053,3,1
mfcc_9_mean,0.0038755673449486494,3,1
mfcc_14_p90,0.0038547406438738108,3,1
mfcc_delta_2_p90,0.003850846318528056,3,1
rolloff85_mean,0.003846702864393592,3,1
spectral_entropy_p90,0.0038049013819545507,3,1
mfcc_1_p90,0.12021179497241974,3,2
mfcc_1_mean,0.04913363978266716,3,2
contrast_5_mean,0.019961703568696976,3,2
contrast_5_p90,0.016781847923994064,3,2
rms_p90,0.014170835725963116,3,2
mfcc_1_p10,0.01404566876590252,3,2
mfcc_delta_0_p10,0.011772412806749344,3,2
rms_mean,0.010296723805367947,3,2
flatness_std,0.009995154105126858,3,2
centroid_mean,0.009187803603708744,3,2
mfcc_2_mean,0.008204399608075619,3,2
zero_crossing_rate_p10,0.008126193657517433,3,2
dominant_frequency,0.008000263944268227,3,2
flatness_p90,0.007442126516252756,3,2
flatness_mean,0.007425857707858086,3,2
mfcc_3_p10,0.007374836131930351,3,2
contrast_0_mean,0.007304074242711067,3,2
rolloff85_mean,0.007200272753834724,3,2
mfcc_15_mean,0.006982729304581881,3,2
rolloff85_p90,0.006466712336987257,3,2
mfcc_2_p10,0.0064422800205647945,3,2
mfcc_delta_17_std,0.006415820214897394,3,2
bandwidth_p10,0.006345154717564583,3,2
mfcc_3_mean,0.006344499997794628,3,2
rms_p10,0.006289144977927208,3,2
contrast_0_p90,0.0062502003274858,3,2
mfcc_10_p90,0.006230562459677458,3,2
mfcc_15_p90,0.006137582939118147,3,2
mfcc_2_p90,0.005987217184156179,3,2
mfcc_delta_0_p90,0.00585740664973855,3,2
mfcc_delta_10_std,0.005743692163378,3,2
mfcc_9_mean,0.005410829093307257,3,2
contrast_0_p10,0.0054064481519162655,3,2
mfcc_delta_14_std,0.005286289844661951,3,2
mfcc_delta_0_std,0.005273161455988884,3,2
mfcc_16_p10,0.005272506270557642,3,2
bandwidth_mean,0.005249806679785252,3,2
contrast_4_p90,0.005084754433482885,3,2
mfcc_4_p10,0.00500469421967864,3,2
mfcc_12_mean,0.00496275257319212,3,2
mfcc_4_mean,0.0049591693095862865,3,2
mfcc_0_mean,0.00491579994559288,3,2
mfcc_14_mean,0.004899634048342705,3,2
spectral_entropy_mean,0.004864878486841917,3,2
contrast_4_mean,0.0047927857376635075,3,2
rolloff85_p10,0.004780787508934736,3,2
mfcc_13_p90,0.004684139043092728,3,2
mfcc_14_std,0.004635313991457224,3,2
mfcc_delta_2_std,0.004592454060912132,3,2
spectral_entropy_p10,0.004537542350590229,3,2
mfcc_7_p90,0.004518250003457069,3,2
mfcc_6_p10,0.004475680645555258,3,2
mfcc_delta_3_std,0.004396810196340084,3,2
mfcc_0_p90,0.004393966868519783,3,2
mfcc_16_mean,0.004277166444808245,3,2
mfcc_3_std,0.00427222391590476,3,2
zero_crossing_rate_std,0.00424135522916913,3,2
mfcc_delta_18_p90,0.004186674021184444,3,2
mfcc_delta_15_p90,0.0041690669022500515,3,2
dominant_frequency_ratio,0.004154686816036701,3,2
bandwidth_p90,0.09032335132360458,3,3
bandwidth_mean,0.04912438243627548,3,3
mfcc_1_mean,0.029026655480265617,3,3
mfcc_1_p10,0.02474975772202015,3,3
mfcc_2_p90,0.024277405813336372,3,3
bandwidth_std,0.015144643373787403,3,3
contrast_0_p90,0.014354648999869823,3,3
mfcc_3_p90,0.01382962055504322,3,3
mfcc_2_mean,0.01192852109670639,3,3
zero_crossing_rate_std,0.011813217774033546,3,3
flatness_mean,0.011241436004638672,3,3
contrast_0_mean,0.011060729622840881,3,3
flatness_p10,0.010829589329659939,3,3
mfcc_11_p90,0.010123521089553833,3,3
mfcc_3_mean,0.00978654995560646,3,3
mfcc_7_std,0.009657786227762699,3,3
mfcc_delta_1_std,0.009654257446527481,3,3
contrast_5_std,0.00826951302587986,3,3
contrast_4_mean,0.007945085875689983,3,3
contrast_0_p10,0.007908282801508904,3,3
mfcc_15_p90,0.007478226907551289,3,3
mfcc_delta_2_std,0.007256552577018738,3,3
mfcc_delta_0_p90,0.007135692983865738,3,3
mfcc_0_mean,0.007051142863929272,3,3
contrast_5_p90,0.0070351725444197655,3,3
mfcc_delta_0_std,0.006906524766236544,3,3
mfcc_13_p10,0.006889680400490761,3,3
mfcc_5_p90,0.006822121329605579,3,3
mfcc_7_p90,0.006760370917618275,3,3
mfcc_9_std,0.006742941215634346,3,3
mfcc_13_std,0.006603074725717306,3,3
mfcc_4_p10,0.006449430715292692,3,3
mfcc_2_p10,0.006355880759656429,3,3
mfcc_19_p90,0.006194586865603924,3,3
mfcc_13_p90,0.006162607576698065,3,3
flatness_p90,0.006072029937058687,3,3
mfcc_4_p90,0.0057092709466814995,3,3
zero_crossing_rate_p10,0.00569990323856473,3,3
contrast_0_std,0.005696684587746859,3,3
mfcc_15_mean,0.005656779278069735,3,3
contrast_3_p10,0.005554147530347109,3,3
zero_crossing_rate_p90,0.005459844600409269,3,3
mfcc_8_mean,0.0052289278246462345,3,3
mfcc_11_mean,0.005210657604038715,3,3
mfcc_6_p10,0.005184373818337917,3,3
mfcc_delta_0_p10,0.005063120741397142,3,3
rolloff85_mean,0.005003255791962147,3,3
mfcc_delta_15_std,0.004906038288027048,3,3
spectral_entropy_mean,0.004875746555626392,3,3
rms_p10,0.004862848203629255,3,3
mfcc_delta_10_std,0.004790957551449537,3,3
contrast_4_p90,0.004776594694703817,3,3
mfcc_4_mean,0.0047648451291024685,3,3
rolloff85_p10,0.004720510449260473,3,3
mfcc_18_mean,0.0046664136461913586,3,3
mfcc_9_p10,0.004629920702427626,3,3
mfcc_delta_8_mean,0.004624590743333101,3,3
mfcc_0_p90,0.004583180416375399,3,3
mfcc_delta_4_std,0.004552689380943775,3,3
mfcc_9_mean,0.004522348754107952,3,3
mfcc_1_mean,0.11788514256477356,3,4
mfcc_1_p10,0.11155015230178833,3,4
contrast_5_p10,0.04481401666998863,3,4
mfcc_1_p90,0.012870674952864647,3,4
rolloff85_p90,0.010968859307467937,3,4
mfcc_delta_0_p10,0.00866695772856474,3,4
mfcc_2_p90,0.008427406661212444,3,4
contrast_0_mean,0.008124027401208878,3,4
mfcc_delta_0_p90,0.007977491244673729,3,4
bandwidth_p90,0.006776449736207724,3,4
flatness_p90,0.006458771415054798,3,4
mfcc_17_mean,0.006427614018321037,3,4
mfcc_8_p90,0.00633937306702137,3,4
zero_crossing_rate_mean,0.006306060124188662,3,4
mfcc_17_p10,0.00627375952899456,3,4
zero_crossing_rate_p10,0.006211583036929369,3,4
mfcc_delta_0_std,0.006201659329235554,3,4
mfcc_13_p90,0.006117409560829401,3,4
mfcc_16_std,0.006001356523483992,3,4
bandwidth_mean,0.005974670872092247,3,4
spectral_entropy_mean,0.005690897349268198,3,4
contrast_5_p90,0.005686222109943628,3,4
mfcc_2_mean,0.005607158876955509,3,4
mfcc_9_mean,0.00559904333204031,3,4
mfcc_delta_15_p10,0.00538496021181345,3,4
flatness_std,0.005338646005839109,3,4
dominant_frequency,0.0053274258971214294,3,4
rms_p10,0.005249868147075176,3,4
contrast_0_p90,0.005174572113901377,3,4
mfcc_3_p90,0.005003190599381924,3,4
mfcc_delta_1_std,0.00500190444290638,3,4
centroid_p90,0.004840383771806955,3,4
mfcc_9_p10,0.004734458867460489,3,4
mfcc_14_std,0.004724564496427774,3,4
mfcc_delta_15_std,0.004619501996785402,3,4
flatness_p10,0.0046055130660533905,3,4
mfcc_delta_14_std,0.0046055070124566555,3,4
mfcc_3_mean,0.004587342031300068,3,4
contrast_3_p10,0.004557113628834486,3,4
centroid_std,0.004541064612567425,3,4
mfcc_delta_16_std,0.00450951186940074,3,4
zero_crossing_rate_std,0.0044868565164506435,3,4
mfcc_3_p10,0.004477674141526222,3,4
mfcc_7_std,0.004472778644412756,3,4
mfcc_15_std,0.004463364370167255,3,4
bandwidth_p10,0.00440650898963213,3,4
mfcc_delta_1_p90,0.004399750381708145,3,4
mfcc_6_p90,0.0043984055519104,3,4
mfcc_13_mean,0.004328818526118994,3,4
contrast_0_p10,0.004327584058046341,3,4
rms_p90,0.0043207504786551,3,4
mfcc_4_p90,0.004229834768921137,3,4
mfcc_12_p90,0.004172124434262514,3,4
rolloff85_p10,0.004164956510066986,3,4
mfcc_delta_6_std,0.0041335346177220345,3,4
mfcc_delta_7_p10,0.004122207406908274,3,4
flatness_mean,0.004084516782313585,3,4
spectral_entropy_p10,0.004052527714520693,3,4
mfcc_17_std,0.004007361829280853,3,4
mfcc_0_p90,0.003961341921240091,3,4
mfcc_1_mean,0.11497654020786285,4,0
mfcc_1_p10,0.08143085986375809,4,0
contrast_5_p10,0.03165099024772644,4,0
mfcc_delta_0_p90,0.01441496517509222,4,0
mfcc_delta_0_p10,0.013643930666148663,4,0
mfcc_1_p90,0.010991206392645836,4,0
mfcc_10_std,0.010074937716126442,4,0
mfcc_delta_16_std,0.009789397940039635,4,0
rolloff85_p90,0.008898899890482426,4,0
mfcc_17_p10,0.008800791576504707,4,0
contrast_0_p90,0.008363025262951851,4,0
mfcc_16_std,0.008051360957324505,4,0
mfcc_18_p90,0.007580592297017574,4,0
mfcc_2_p90,0.0075492849573493,4,0
flatness_p10,0.007269470952451229,4,0
flatness_mean,0.007138016168028116,4,0
rms_p10,0.006887189112603664,4,0
mfcc_delta_9_p90,0.006732499226927757,4,0
mfcc_9_p10,0.006524520926177502,4,0
zero_crossing_rate_p10,0.006213299464434385,4,0
centroid_std,0.006156091578304768,4,0
mfcc_delta_0_std,0.006065357942134142,4,0
mfcc_3_p10,0.005904260091483593,4,0
dominant_frequency,0.005850845016539097,4,0
spectral_entropy_mean,0.005800629034638405,4,0
mfcc_4_p10,0.005785262677818537,4,0
mfcc_delta_15_std,0.00566310016438365,4,0
mfcc_4_mean,0.0055937147699296474,4,0
mfcc_delta_14_std,0.005557076074182987,4,0
mfcc_1_std,0.005358385853469372,4,0
contrast_0_mean,0.005190725438296795,4,0
flatness_p90,0.005101092159748077,4,0
rms_mean,0.004991509485989809,4,0
mfcc_4_p90,0.004972837399691343,4,0
mfcc_9_p90,0.0049577513709664345,4,0
mfcc_delta_18_std,0.004806016571819782,4,0
contrast_5_mean,0.004714463837444782,4,0
mfcc_7_p90,0.004674150608479977,4,0
mfcc_8_std,0.0046402751468122005,4,0
mfcc_2_mean,0.004623244982212782,4,0
flatness_std,0.004462096840143204,4,0
mfcc_15_std,0.004461681004613638,4,0
rolloff85_p10,0.0043715727515518665,4,0
mfcc_delta_1_std,0.004371095914393663,4,0
zero_crossing_rate_std,0.004324824083596468,4,0
mfcc_7_mean,0.00432432210072875,4,0
contrast_3_p10,0.004312810488045216,4,0
mfcc_14_p90,0.00430260319262743,4,0
centroid_p90,0.004295457154512405,4,0
mfcc_2_p10,0.0042874631471931934,4,0
mfcc_delta_13_p10,0.004252255894243717,4,0
bandwidth_mean,0.004224683158099651,4,0
mfcc_9_mean,0.004207293502986431,4,0
mfcc_delta_17_std,0.004195911809802055,4,0
contrast_5_p90,0.00416229385882616,4,0
mfcc_6_std,0.004133939277380705,4,0
mfcc_6_p10,0.004104601219296455,4,0
contrast_0_p10,0.004094582516700029,4,0
mfcc_18_mean,0.004043839871883392,4,0
mfcc_19_mean,0.004027083050459623,4,0
mfcc_1_mean,0.12295124679803848,4,1
mfcc_1_p10,0.12095440924167633,4,1
contrast_5_p10,0.030340000987052917,4,1
mfcc_1_p90,0.02376183494925499,4,1
mfcc_delta_0_p10,0.013598164543509483,4,1
mfcc_delta_16_std,0.011928575113415718,4,1
mfcc_delta_0_p90,0.011676513589918613,4,1
mfcc_3_mean,0.00989818386733532,4,1
contrast_5_p90,0.00982719287276268,4,1
mfcc_17_p10,0.008844953961670399,4,1
spectral_entropy_mean,0.008290755562484264,4,1
mfcc_3_p90,0.008144845254719257,4,1
rms_p90,0.008102490566670895,4,1
mfcc_10_std,0.008062324486672878,4,1
contrast_5_mean,0.007882984355092049,4,1
mfcc_2_p90,0.0072010355070233345,4,1
mfcc_delta_15_std,0.007118123583495617,4,1
flatness_p90,0.007104767486453056,4,1
rms_mean,0.006847441662102938,4,1
mfcc_16_std,0.006348118185997009,4,1
contrast_0_p90,0.006216451991349459,4,1
mfcc_3_p10,0.006212826818227768,4,1
mfcc_delta_17_std,0.006009244360029697,4,1
mfcc_18_p10,0.005631675478070974,4,1
mfcc_7_p90,0.005590214394032955,4,1
rms_p10,0.005476610269397497,4,1
mfcc_17_std,0.005442762281745672,4,1
mfcc_4_mean,0.0054345750249922276,4,1
mfcc_delta_0_std,0.005424843169748783,4,1
mfcc_7_std,0.005341034382581711,4,1
mfcc_1_std,0.005336754955351353,4,1
mfcc_2_mean,0.005313829984515905,4,1
mfcc_4_p10,0.005080004222691059,4,1
zero_crossing_rate_p10,0.005043118726462126,4,1
contrast_0_mean,0.005017545074224472,4,1
centroid_std,0.00499541824683547,4,1
flatness_p10,0.004919094033539295,4,1
mfcc_8_p90,0.00486307218670845,4,1
flatness_std,0.004669105634093285,4,1
mfcc_14_std,0.004668742418289185,4,1
mfcc_9_mean,0.004581729415804148,4,1
rms_std,0.004569940734654665,4,1
mfcc_18_mean,0.0045233238488435745,4,1
mfcc_delta_9_p90,0.004453499335795641,4,1
mfcc_7_p10,0.004375542514026165,4,1
bandwidth_p10,0.004337052349001169,4,1
mfcc_16_p10,0.004309809301048517,4,1
centroid_p90,0.004301553592085838,4,1
dominant_frequency_ratio,0.004287173971533775,4,1
mfcc_2_p10,0.004260580521076918,4,1
bandwidth_mean,0.004256014246493578,4,1
contrast_1_mean,0.004246923141181469,4,1
mfcc_8_mean,0.004242613445967436,4,1
dominant_frequency,0.004226265009492636,4,1
contrast_3_p90,0.00406591547653079,4,1
contrast_2_mean,0.004046994727104902,4,1
mfcc_8_std,0.0040111360140144825,4,1
mfcc_delta_10_std,0.003960542846471071,4,1
mfcc_7_mean,0.003959157038480043,4,1
mfcc_delta_2_p90,0.003907821141183376,4,1
mfcc_1_mean,0.14513163268566132,4,2
mfcc_1_p10,0.05896404758095741,4,2
mfcc_1_p90,0.03406975790858269,4,2
rms_p90,0.023581139743328094,4,2
rms_mean,0.019396191462874413,4,2
contrast_5_mean,0.0181194506585598,4,2
contrast_5_p90,0.0176719781011343,4,2
mfcc_15_p90,0.015468701720237732,4,2
rolloff85_mean,0.011946061626076698,4,2
rms_p10,0.00915143359452486,4,2
mfcc_3_p10,0.008668988011777401,4,2
mfcc_2_mean,0.008287670090794563,4,2
mfcc_6_p10,0.007989619858562946,4,2
mfcc_15_mean,0.007926052436232567,4,2
rolloff85_p10,0.007844376377761364,4,2
mfcc_3_mean,0.0076677934266626835,4,2
mfcc_delta_0_p10,0.007467180956155062,4,2
mfcc_2_p90,0.007128839381039143,4,2
centroid_mean,0.007060584146529436,4,2
mfcc_0_mean,0.006992232985794544,4,2
dominant_frequency_ratio,0.006987249478697777,4,2
centroid_p90,0.006971608381718397,4,2
flatness_p10,0.006738755851984024,4,2
mfcc_0_p90,0.005896516144275665,4,2
mfcc_2_p10,0.00581043865531683,4,2
contrast_4_p90,0.005800365470349789,4,2
mfcc_4_p10,0.005677623208612204,4,2
contrast_0_p10,0.005538760218769312,4,2
mfcc_17_mean,0.005260039586573839,4,2
mfcc_9_mean,0.00512992637231946,4,2
mfcc_delta_0_std,0.004940384533256292,4,2
mfcc_0_p10,0.004914141725748777,4,2
contrast_5_p10,0.004903959576040506,4,2
bandwidth_mean,0.0048342514783144,4,2
mfcc_5_mean,0.004688851069658995,4,2
mfcc_delta_0_p90,0.004643185064196587,4,2
mfcc_7_std,0.004611448384821415,4,2
centroid_p10,0.004558551590889692,4,2
rolloff85_p90,0.004497794900089502,4,2
flatness_std,0.004447486717253923,4,2
contrast_4_mean,0.004304900299757719,4,2
rms_std,0.004282549489289522,4,2
mfcc_delta_15_mean,0.004266624804586172,4,2
mfcc_3_p90,0.004217714536935091,4,2
spectral_entropy_p90,0.004162573721259832,4,2
bandwidth_std,0.004107052925974131,4,2
bandwidth_p10,0.004091678187251091,4,2
mfcc_4_p90,0.004066200461238623,4,2
mfcc_delta_16_std,0.004053950309753418,4,2
mfcc_6_std,0.0040150838904082775,4,2
contrast_0_std,0.004010830540210009,4,2
mfcc_5_p10,0.003976242616772652,4,2
mfcc_4_mean,0.003975669387727976,4,2
mfcc_8_mean,0.003954577725380659,4,2
mfcc_14_p90,0.0038029211573302746,4,2
mfcc_delta_19_std,0.0037537331227213144,4,2
mfcc_14_std,0.003724985755980015,4,2
mfcc_delta_10_std,0.003706305753439665,4,2
mfcc_5_p90,0.0036921880673617125,4,2
mfcc_17_p10,0.003691923338919878,4,2
bandwidth_p90,0.08658397942781448,4,3
mfcc_1_p10,0.07144106179475784,4,3
mfcc_1_mean,0.02836277149617672,4,3
mfcc_2_p90,0.01841644197702408,4,3
contrast_0_p90,0.01705942302942276,4,3
bandwidth_std,0.01661396585404873,4,3
mfcc_15_p90,0.015442744828760624,4,3
contrast_5_p90,0.012773727998137474,4,3
mfcc_3_mean,0.011063720099627972,4,3
mfcc_3_p90,0.010123752988874912,4,3
contrast_0_mean,0.009519326500594616,4,3
mfcc_2_mean,0.009287761524319649,4,3
spectral_entropy_p10,0.008954707533121109,4,3
mfcc_0_mean,0.008737433701753616,4,3
mfcc_13_p10,0.008658523671329021,4,3
mfcc_16_std,0.00785655528306961,4,3
contrast_0_std,0.007718941662460566,4,3
mfcc_13_std,0.0076799835078418255,4,3
mfcc_delta_16_std,0.007343775127083063,4,3
contrast_4_mean,0.007294873706996441,4,3
mfcc_4_mean,0.007158470340073109,4,3
mfcc_11_mean,0.006824837531894445,4,3
rms_p10,0.006784091237932444,4,3
mfcc_delta_0_p10,0.006778729148209095,4,3
mfcc_delta_1_std,0.006645591929554939,4,3
bandwidth_mean,0.006640876177698374,4,3
mfcc_7_std,0.0064111268147826195,4,3
rolloff85_p10,0.006236073095351458,4,3
mfcc_8_mean,0.006074575707316399,4,3
rolloff85_mean,0.006028352305293083,4,3
rms_p90,0.005960353184491396,4,3
mfcc_delta_0_std,0.005959596484899521,4,3
mfcc_2_p10,0.005859159864485264,4,3
mfcc_7_p90,0.005805409047752619,4,3
contrast_0_p10,0.005685136653482914,4,3
spectral_entropy_p90,0.005621135700494051,4,3
mfcc_6_p10,0.005538086872547865,4,3
flatness_mean,0.005512271076440811,4,3
flatness_p10,0.005489105358719826,4,3
mfcc_delta_0_p90,0.005442638881504536,4,3
mfcc_4_p90,0.005433280020952225,4,3
mfcc_9_mean,0.005410016048699617,4,3
mfcc_0_p10,0.005379002075642347,4,3
flatness_p90,0.005318430718034506,4,3
contrast_5_mean,0.005317768082022667,4,3
mfcc_15_mean,0.005275957752019167,4,3
mfcc_delta_14_p10,0.005223652347922325,4,3
mfcc_12_p10,0.005211705341935158,4,3
mfcc_9_p10,0.005208856891840696,4,3
mfcc_4_p10,0.0051902420818805695,4,3
mfcc_delta_2_p10,0.005179977510124445,4,3
mfcc_15_std,0.005168333183974028,4,3
contrast_5_std,0.005157171282917261,4,3
zero_crossing_rate_p10,0.005135138984769583,4,3
mfcc_7_mean,0.00508553721010685,4,3
mfcc_1_p90,0.004995548631995916,4,3
mfcc_11_p90,0.004909313749521971,4,3
contrast_1_p10,0.004798547830432653,4,3
centroid_p90,0.0047754328697919846,4,3
mfcc_3_p10,0.004712958354502916,4,3
mfcc_1_mean,0.12230350077152252,4,4
mfcc_1_p10,0.10383610427379608,4,4
contrast_5_p10,0.02762952446937561,4,4
mfcc_1_p90,0.019976109266281128,4,4
mfcc_delta_0_p10,0.01380529161542654,4,4
mfcc_delta_16_std,0.01283843070268631,4,4
mfcc_10_std,0.011256205849349499,4,4
mfcc_17_p10,0.010997512377798557,4,4
mfcc_delta_0_p90,0.010499517433345318,4,4
mfcc_3_p10,0.007969776168465614,4,4
spectral_entropy_mean,0.007786983158439398,4,4
mfcc_4_mean,0.007212944328784943,4,4
mfcc_2_p90,0.006983241997659206,4,4
mfcc_16_std,0.006875682156533003,4,4
contrast_0_p90,0.006805958226323128,4,4
mfcc_1_std,0.006274549290537834,4,4
mfcc_0_mean,0.006220699287950993,4,4
mfcc_4_p10,0.0059814900159835815,4,4
rms_p10,0.005742872133851051,4,4
centroid_mean,0.005737671162933111,4,4
contrast_0_mean,0.005694274324923754,4,4
mfcc_2_mean,0.005557723343372345,4,4
centroid_std,0.00554095022380352,4,4
mfcc_18_p90,0.00547057343646884,4,4
mfcc_delta_15_std,0.005451243370771408,4,4
zero_crossing_rate_p10,0.005348759237676859,4,4
mfcc_6_p10,0.005338686052709818,4,4
centroid_p10,0.005119342356920242,4,4
mfcc_9_mean,0.004965325351804495,4,4
dominant_frequency,0.004918763414025307,4,4
mfcc_0_p90,0.004901645239442587,4,4
rolloff85_p10,0.004901576321572065,4,4
mfcc_7_std,0.004893424920737743,4,4
rms_p90,0.00486265541985631,4,4
mfcc_17_std,0.004787278827279806,4,4
mfcc_16_p10,0.00472088111564517,4,4
mfcc_delta_0_std,0.004687841981649399,4,4
mfcc_delta_17_std,0.004636860452592373,4,4
mfcc_3_mean,0.004595187027007341,4,4
mfcc_14_std,0.004587958566844463,4,4
mfcc_8_std,0.004527561832219362,4,4
mfcc_delta_14_p10,0.004486580844968557,4,4
rolloff85_mean,0.004469451494514942,4,4
contrast_5_p90,0.004429832100868225,4,4
mfcc_6_std,0.004416934680193663,4,4
flatness_p90,0.004367409739643335,4,4
mfcc_18_mean,0.004348502028733492,4,4
mfcc_4_p90,0.004298912826925516,4,4
mfcc_delta_14_std,0.004295590799301863,4,4
mfcc_7_p90,0.00426715100184083,4,4
contrast_4_mean,0.004258372820913792,4,4
mfcc_15_mean,0.004230085760354996,4,4
mfcc_17_mean,0.004182624630630016,4,4
dominant_frequency_ratio,0.004159295465797186,4,4
bandwidth_p10,0.004141004290431738,4,4
rms_mean,0.004114015027880669,4,4
mfcc_0_p10,0.00405534403398633,4,4
mfcc_8_mean,0.004042001441121101,4,4
flatness_p10,0.0040270178578794,4,4
mfcc_13_std,0.004007269162684679,4,4
mfcc_1_p10,0.13395734131336212,5,0
mfcc_1_mean,0.09013771265745163,5,0
contrast_5_p10,0.04054149240255356,5,0
mfcc_1_p90,0.018395232036709785,5,0
mfcc_2_p90,0.008955798111855984,5,0
mfcc_delta_0_p10,0.008807720616459846,5,0
contrast_0_p90,0.008458909578621387,5,0
rolloff85_p90,0.008182862773537636,5,0
mfcc_3_p10,0.008038261905312538,5,0
mfcc_17_p10,0.007749354932457209,5,0
centroid_p10,0.0071265059523284435,5,0
mfcc_delta_0_p90,0.0070915804244577885,5,0
zero_crossing_rate_mean,0.006875107530504465,5,0
contrast_0_mean,0.006810618564486504,5,0
mfcc_16_std,0.006579992827028036,5,0
contrast_5_mean,0.006372307892888784,5,0
bandwidth_p90,0.006299749482423067,5,0
mfcc_delta_0_std,0.005917227361351252,5,0
dominant_frequency,0.005715132225304842,5,0
mfcc_delta_9_std,0.005687713157385588,5,0
contrast_5_p90,0.005504029802978039,5,0
contrast_2_mean,0.005497050937265158,5,0
mfcc_2_mean,0.005456149578094482,5,0
flatness_p90,0.005449923686683178,5,0
mfcc_15_std,0.005225390195846558,5,0
centroid_mean,0.0050790985114872456,5,0
flatness_mean,0.00504528870806098,5,0
flatness_std,0.004899121820926666,5,0
rms_p10,0.004834331572055817,5,0
contrast_0_p10,0.004764119163155556,5,0
mfcc_delta_16_std,0.004721241537481546,5,0
mfcc_2_p10,0.00469588628038764,5,0
mfcc_delta_9_p90,0.0046600219793617725,5,0
rolloff85_p10,0.004654390271753073,5,0
mfcc_delta_8_p90,0.0046434830874204636,5,0
mfcc_9_p10,0.004637669771909714,5,0
mfcc_delta_2_p90,0.00463271327316761,5,0
centroid_p90,0.004536168184131384,5,0
mfcc_14_p90,0.004500370007008314,5,0
mfcc_delta_1_std,0.004494540859013796,5,0
mfcc_4_mean,0.00442596897482872,5,0
mfcc_0_mean,0.004413467366248369,5,0
mfcc_9_std,0.004383823834359646,5,0
mfcc_8_p10,0.004360446706414223,5,0
mfcc_12_p90,0.00435131648555398,5,0
centroid_std,0.004345752764493227,5,0
rms_p90,0.0043039522133767605,5,0
mfcc_delta_14_std,0.004269591066986322,5,0
contrast_2_p10,0.004243738017976284,5,0
mfcc_8_p90,0.0042004999704658985,5,0
mfcc_16_p10,0.00417713588103652,5,0
mfcc_8_mean,0.004168633371591568,5,0
zero_crossing_rate_std,0.004154031164944172,5,0
bandwidth_p10,0.004141991026699543,5,0
mfcc_delta_15_std,0.004141789861023426,5,0
mfcc_9_mean,0.0040915487334132195,5,0
contrast_3_p10,0.004091185051947832,5,0
contrast_4_p90,0.004071492701768875,5,0
bandwidth_mean,0.004054909106343985,5,0
mfcc_delta_4_p90,0.004035539459437132,5,0
mfcc_1_p10,0.12769515812397003,5,1
mfcc_1_mean,0.09573619067668915,5,1
contrast_5_p10,0.02942507527768612,5,1
mfcc_1_p90,0.017280032858252525,5,1
mfcc_delta_0_p10,0.016160909086465836,5,1
mfcc_delta_16_std,0.013022145256400108,5,1
mfcc_delta_0_p90,0.011798129417002201,5,1
rms_mean,0.010855171829462051,5,1
mfcc_17_p10,0.0107571417465806,5,1
rms_p90,0.010302869603037834,5,1
bandwidth_mean,0.009076467715203762,5,1
mfcc_10_std,0.008717586286365986,5,1
mfcc_2_p90,0.008426609449088573,5,1
flatness_p90,0.008045251481235027,5,1
contrast_0_p90,0.008032477460801601,5,1
mfcc_3_p10,0.007038029842078686,5,1
mfcc_3_mean,0.007020448800176382,5,1
mfcc_delta_17_std,0.006710455287247896,5,1
mfcc_1_std,0.00658539030700922,5,1
mfcc_6_std,0.006506771314889193,5,1
mfcc_4_mean,0.0063607958145439625,5,1
mfcc_delta_14_p10,0.0062784189358353615,5,1
rms_p10,0.006149785127490759,5,1
contrast_0_mean,0.006050175055861473,5,1
rolloff85_p90,0.005966720636934042,5,1
mfcc_16_std,0.005951442290097475,5,1
mfcc_7_p90,0.005809299182146788,5,1
centroid_std,0.005713151767849922,5,1
mfcc_4_p10,0.005538285244256258,5,1
zero_crossing_rate_p10,0.005466673988848925,5,1
contrast_4_p10,0.005451083183288574,5,1
mfcc_delta_0_std,0.005333096720278263,5,1
mfcc_delta_2_p90,0.005322490818798542,5,1
dominant_frequency,0.005230805836617947,5,1
mfcc_16_p10,0.005033258814364672,5,1
spectral_entropy_mean,0.005026732571423054,5,1
mfcc_17_std,0.0048990133218467236,5,1
mfcc_delta_15_std,0.0047206697054207325,5,1
mfcc_14_std,0.00465597677975893,5,1
mfcc_2_mean,0.004605154041200876,5,1
mfcc_7_p10,0.004603933077305555,5,1
mfcc_7_mean,0.004597327206283808,5,1
flatness_std,0.0045896670781075954,5,1
mfcc_3_p90,0.004406013060361147,5,1
mfcc_7_std,0.004403929691761732,5,1
mfcc_delta_12_p10,0.0043665627017617226,5,1
mfcc_delta_15_p90,0.004339607432484627,5,1
mfcc_18_std,0.004240992479026318,5,1
spectral_entropy_p90,0.0042348382994532585,5,1
contrast_5_mean,0.004229450132697821,5,1
mfcc_16_mean,0.004149875603616238,5,1
mfcc_delta_12_std,0.00410292437300086,5,1
mfcc_9_mean,0.004095542244613171,5,1
mfcc_delta_14_std,0.004064232110977173,5,1
mfcc_delta_13_p90,0.004041892942041159,5,1
mfcc_18_mean,0.003994650673121214,5,1
flatness_p10,0.003982920199632645,5,1
contrast_5_p90,0.003979597706347704,5,1
mfcc_delta_10_std,0.0039426954463124275,5,1
mfcc_delta_13_p10,0.0038502083625644445,5,1
mfcc_1_mean,0.11894643306732178,5,2
mfcc_1_p90,0.045914966613054276,5,2
mfcc_1_p10,0.03347405418753624,5,2
contrast_5_mean,0.028285212814807892,5,2
flatness_std,0.023208405822515488,5,2
dominant_frequency,0.015123836696147919,5,2
flatness_p90,0.013362642377614975,5,2
mfcc_15_p90,0.012788640335202217,5,2
rms_p90,0.012780985794961452,5,2
contrast_5_p90,0.012660190463066101,5,2
spectral_entropy_mean,0.011266250163316727,5,2
flatness_p10,0.01050312165170908,5,2
flatness_mean,0.010373400524258614,5,2
rms_mean,0.009520373307168484,5,2
zero_crossing_rate_p10,0.009308780543506145,5,2
mfcc_6_p10,0.009273067116737366,5,2
mfcc_2_p90,0.008716155774891376,5,2
spectral_entropy_p10,0.008615466766059399,5,2
rolloff85_mean,0.008308847434818745,5,2
mfcc_9_mean,0.007567864842712879,5,2
mfcc_3_p10,0.007351890206336975,5,2
mfcc_0_mean,0.007327438332140446,5,2
rms_p10,0.007158658001571894,5,2
mfcc_2_mean,0.007117419969290495,5,2
mfcc_delta_0_p10,0.006670305971056223,5,2
spectral_entropy_p90,0.006625096779316664,5,2
mfcc_15_mean,0.006030713208019733,5,2
mfcc_2_p10,0.005838476121425629,5,2
bandwidth_p10,0.005611208733171225,5,2
rms_std,0.005591030698269606,5,2
contrast_5_p10,0.005514310672879219,5,2
mfcc_4_mean,0.00532134622335434,5,2
mfcc_3_mean,0.005318972747772932,5,2
mfcc_3_p90,0.005280227400362492,5,2
mfcc_4_p90,0.005257508717477322,5,2
mfcc_13_p10,0.005213508382439613,5,2
mfcc_6_p90,0.005140405148267746,5,2
mfcc_7_p10,0.005126214120537043,5,2
mfcc_14_p90,0.005103190429508686,5,2
mfcc_17_mean,0.005023278761655092,5,2
mfcc_delta_16_std,0.004989696200937033,5,2
mfcc_0_p10,0.0049575078301131725,5,2
mfcc_delta_0_p90,0.004867025185376406,5,2
mfcc_delta_15_mean,0.004777371417731047,5,2
contrast_4_mean,0.004749339073896408,5,2
mfcc_8_p90,0.004700479097664356,5,2
contrast_0_std,0.004602623172104359,5,2
dominant_frequency_ratio,0.0045571159571409225,5,2
mfcc_delta_0_std,0.004457553382962942,5,2
mfcc_delta_10_std,0.004448937717825174,5,2
mfcc_0_p90,0.00434879818931222,5,2
mfcc_9_p90,0.004311142023652792,5,2
mfcc_4_p10,0.00429453095421195,5,2
mfcc_6_std,0.004250890109688044,5,2
contrast_4_std,0.004234776832163334,5,2
rolloff85_p10,0.0041763498447835445,5,2
contrast_2_mean,0.004153356421738863,5,2
mfcc_14_std,0.004143387544900179,5,2
mfcc_delta_9_p10,0.004118225071579218,5,2
contrast_0_p10,0.004041288513690233,5,2
bandwidth_p90,0.09039902687072754,5,3
mfcc_1_mean,0.03927106410264969,5,3
mfcc_1_p10,0.032022085040807724,5,3
mfcc_2_p90,0.021017130464315414,5,3
spectral_entropy_mean,0.01832658424973488,5,3
bandwidth_mean,0.016845017671585083,5,3
mfcc_2_mean,0.01641383394598961,5,3
contrast_0_p90,0.015332248993217945,5,3
mfcc_3_p90,0.014682943932712078,5,3
flatness_mean,0.012910500168800354,5,3
mfcc_3_mean,0.011222519911825657,5,3
mfcc_15_p90,0.010698490776121616,5,3
mfcc_13_p90,0.009449735283851624,5,3
bandwidth_std,0.009261738508939743,5,3
contrast_0_mean,0.009200078435242176,5,3
zero_crossing_rate_std,0.008863325230777264,5,3
contrast_5_p90,0.008695433847606182,5,3
mfcc_2_p10,0.008422846905887127,5,3
zero_crossing_rate_p90,0.007936433888971806,5,3
mfcc_0_p90,0.0077028959058225155,5,3
flatness_std,0.007469670381397009,5,3
mfcc_7_std,0.007071125786751509,5,3
mfcc_delta_0_p90,0.007016525603830814,5,3
mfcc_9_mean,0.00697839492931962,5,3
mfcc_7_p90,0.006893742363899946,5,3
mfcc_delta_13_p90,0.006884637754410505,5,3
mfcc_15_mean,0.006611950229853392,5,3
contrast_3_p10,0.006580662447959185,5,3
mfcc_delta_8_p90,0.006342759821563959,5,3
mfcc_delta_0_std,0.006205693818628788,5,3
mfcc_delta_6_p90,0.006135136354714632,5,3
mfcc_0_mean,0.006121375132352114,5,3
mfcc_4_mean,0.006077943369746208,5,3
flatness_p10,0.0060769557021558285,5,3
flatness_p90,0.0060707577504217625,5,3
mfcc_delta_1_std,0.006042816210538149,5,3
rolloff85_mean,0.005945353303104639,5,3
mfcc_8_mean,0.005904434714466333,5,3
contrast_5_std,0.005743888206779957,5,3
spectral_entropy_p10,0.00561911053955555,5,3
rms_p10,0.005541446153074503,5,3
mfcc_11_p90,0.0054983580484986305,5,3
contrast_2_p10,0.0054832869209349155,5,3
mfcc_delta_9_p90,0.005454589147120714,5,3
contrast_1_mean,0.005367082078009844,5,3
contrast_4_mean,0.005253647919744253,5,3
contrast_0_p10,0.005216085817664862,5,3
mfcc_4_p90,0.005201957654207945,5,3
contrast_0_std,0.005196303129196167,5,3
mfcc_13_std,0.005155256483703852,5,3
zero_crossing_rate_p10,0.005118451546877623,5,3
mfcc_9_p90,0.005076045170426369,5,3
mfcc_19_p90,0.005016511306166649,5,3
mfcc_delta_2_p10,0.004934549331665039,5,3
mfcc_delta_10_std,0.004918554797768593,5,3
rms_p90,0.004851761739701033,5,3
contrast_2_p90,0.004641212988644838,5,3
contrast_2_mean,0.004604792688041925,5,3
zero_crossing_rate_mean,0.004596417304128408,5,3
mfcc_delta_0_p10,0.0045815748162567616,5,3
mfcc_1_mean,0.11961833387613297,5,4
mfcc_1_p10,0.10233157128095627,5,4
contrast_5_p10,0.042067937552928925,5,4
rolloff85_p90,0.010533319786190987,5,4
mfcc_1_p90,0.009720658883452415,5,4
mfcc_delta_0_p10,0.009684217162430286,5,4
mfcc_delta_0_p90,0.008350320160388947,5,4
mfcc_2_p90,0.008188873529434204,5,4
mfcc_16_std,0.0073717557825148106,5,4
bandwidth_p90,0.006825606804341078,5,4
mfcc_delta_0_std,0.006779353599995375,5,4
contrast_0_mean,0.006632156670093536,5,4
spectral_entropy_mean,0.006530081853270531,5,4
flatness_p90,0.006519639864563942,5,4
rms_p10,0.006446925923228264,5,4
zero_crossing_rate_mean,0.00608537532389164,5,4
flatness_p10,0.006082421634346247,5,4
mfcc_delta_1_std,0.005972467362880707,5,4
mfcc_17_p10,0.005912205204367638,5,4
zero_crossing_rate_p10,0.005851271096616983,5,4
contrast_2_mean,0.0058461567386984825,5,4
mfcc_9_p10,0.005724315065890551,5,4
mfcc_17_mean,0.005471423268318176,5,4
mfcc_delta_2_std,0.005406258162111044,5,4
contrast_0_p90,0.005338562186807394,5,4
mfcc_2_mean,0.005313562694936991,5,4
rms_p90,0.005157446954399347,5,4
contrast_0_p10,0.005114663392305374,5,4
mfcc_9_mean,0.005094439256936312,5,4
contrast_1_p90,0.005025300197303295,5,4
mfcc_3_mean,0.004990113899111748,5,4
dominant_frequency,0.004966781474649906,5,4
centroid_std,0.004917721264064312,5,4
mfcc_3_p10,0.0048675211146473885,5,4
flatness_std,0.004744593985378742,5,4
mfcc_14_std,0.0046539874747395515,5,4
mfcc_4_p10,0.004577687010169029,5,4
mfcc_delta_6_p90,0.00456462986767292,5,4
mfcc_0_p90,0.0045500025153160095,5,4
rolloff85_std,0.00451699597761035,5,4
mfcc_2_p10,0.004509742837399244,5,4
mfcc_3_p90,0.004498316440731287,5,4
mfcc_6_p90,0.004397911485284567,5,4
mfcc_14_p90,0.004397595301270485,5,4
contrast_4_std,0.004395950119942427,5,4
mfcc_delta_9_std,0.0043737380765378475,5,4
mfcc_9_p90,0.004364947322756052,5,4
rms_mean,0.004343964625149965,5,4
mfcc_15_p10,0.0042905062437057495,5,4
mfcc_delta_16_std,0.004284746013581753,5,4
mfcc_delta_8_p90,0.004272882826626301,5,4
centroid_p90,0.004270352888852358,5,4
mfcc_delta_1_p90,0.004268239252269268,5,4
mfcc_6_p10,0.004263995215296745,5,4
mfcc_delta_14_std,0.004234502092003822,5,4
mfcc_delta_17_std,0.00422927038744092,5,4
mfcc_13_p90,0.004217742010951042,5,4
mfcc_delta_9_p90,0.004161024931818247,5,4
mfcc_4_p90,0.004118495155125856,5,4
mfcc_delta_15_std,0.004111745394766331,5,4
mfcc_1_p10,0.11457717418670654,6,0
mfcc_1_mean,0.09056241065263748,6,0
contrast_5_p10,0.027544692158699036,6,0
mfcc_delta_0_p10,0.015759455040097237,6,0
mfcc_delta_0_p90,0.012880474328994751,6,0
mfcc_delta_16_std,0.012234252877533436,6,0
mfcc_1_p90,0.012160632759332657,6,0
flatness_p90,0.011705346405506134,6,0
mfcc_17_p10,0.009724657982587814,6,0
mfcc_10_std,0.007984503172338009,6,0
mfcc_4_p10,0.007951617240905762,6,0
mfcc_2_p90,0.007426138035953045,6,0
dominant_frequency,0.007358459755778313,6,0
mfcc_3_p10,0.007047460414469242,6,0
rolloff85_p90,0.006892246659845114,6,0
mfcc_4_mean,0.006718837656080723,6,0
mfcc_16_std,0.006686243694275618,6,0
contrast_0_p90,0.006366387940943241,6,0
mfcc_delta_15_p90,0.006328273564577103,6,0
mfcc_delta_15_std,0.006186103448271751,6,0
contrast_5_p90,0.0060498411767184734,6,0
mfcc_delta_2_p90,0.006023121532052755,6,0
mfcc_1_std,0.0060157496482133865,6,0
mfcc_delta_0_std,0.0059653581120073795,6,0
zero_crossing_rate_p10,0.005833873059600592,6,0
mfcc_13_std,0.005516124423593283,6,0
mfcc_2_mean,0.005512460600584745,6,0
flatness_p10,0.005178055260330439,6,0
centroid_mean,0.0051682572811841965,6,0
centroid_p90,0.005166816059499979,6,0
mfcc_7_p90,0.005023717414587736,6,0
mfcc_7_mean,0.004985313396900892,6,0
rms_p10,0.004968821071088314,6,0
zero_crossing_rate_mean,0.0048239328898489475,6,0
contrast_0_mean,0.004783318378031254,6,0
mfcc_2_p10,0.0047461846843361855,6,0
mfcc_14_std,0.004717373754829168,6,0
centroid_std,0.004629682283848524,6,0
mfcc_3_p90,0.004620933439582586,6,0
dominant_frequency_ratio,0.00457828538492322,6,0
rolloff85_p10,0.004576993640512228,6,0
mfcc_3_mean,0.004528555553406477,6,0
mfcc_12_mean,0.004509023390710354,6,0
mfcc_9_p10,0.0044944919645786285,6,0
mfcc_delta_17_std,0.004447914659976959,6,0
contrast_4_p90,0.0044048563577234745,6,0
mfcc_18_p90,0.004327144008129835,6,0
flatness_mean,0.004290116019546986,6,0
mfcc_delta_14_std,0.004267033655196428,6,0
mfcc_delta_1_std,0.004266980569809675,6,0
mfcc_17_mean,0.004226240329444408,6,0
contrast_5_mean,0.004207877907902002,6,0
zero_crossing_rate_std,0.004199940245598555,6,0
flatness_std,0.0041564516723155975,6,0
bandwidth_std,0.00413308572024107,6,0
mfcc_delta_19_p10,0.004108096472918987,6,0
mfcc_17_std,0.0041066971607506275,6,0
mfcc_delta_18_p90,0.004099523648619652,6,0
mfcc_8_std,0.004092478659003973,6,0
mfcc_12_p90,0.0040870290249586105,6,0
mfcc_1_p10,0.12438774108886719,6,1
mfcc_1_mean,0.1085643544793129,6,1
contrast_5_p10,0.02724548801779747,6,1
mfcc_delta_16_std,0.017604514956474304,6,1
mfcc_delta_0_p10,0.01374772284179926,6,1
mfcc_17_p10,0.01351979561150074,6,1
mfcc_delta_0_p90,0.01235868874937296,6,1
mfcc_1_p90,0.011003758758306503,6,1
mfcc_10_std,0.010334384627640247,6,1
contrast_0_p90,0.009149869903922081,6,1
contrast_0_mean,0.00827067531645298,6,1
mfcc_delta_15_std,0.008170700632035732,6,1
mfcc_16_std,0.007786374539136887,6,1
mfcc_2_p90,0.007558503188192844,6,1
centroid_p90,0.007401483599096537,6,1
mfcc_delta_9_p90,0.0069296048022806644,6,1
mfcc_1_std,0.006767163053154945,6,1
mfcc_4_p10,0.006686100270599127,6,1
mfcc_4_mean,0.00633096881210804,6,1
centroid_std,0.006162476725876331,6,1
mfcc_7_p90,0.0059409053064882755,6,1
centroid_mean,0.005929490085691214,6,1
mfcc_delta_14_p10,0.0057914420031011105,6,1
mfcc_3_mean,0.005651547107845545,6,1
mfcc_17_std,0.005245070904493332,6,1
mfcc_delta_0_std,0.005174451507627964,6,1
zero_crossing_rate_p10,0.0051635634154081345,6,1
mfcc_8_mean,0.005138717591762543,6,1
mfcc_2_mean,0.005090809892863035,6,1
mfcc_3_p10,0.004959064070135355,6,1
flatness_p90,0.0048063392750918865,6,1
mfcc_delta_17_std,0.004770280793309212,6,1
contrast_5_p90,0.004746568854898214,6,1
mfcc_9_mean,0.004570038057863712,6,1
mfcc_delta_1_std,0.004517581779509783,6,1
mfcc_17_mean,0.004481986165046692,6,1
rms_p10,0.004443792626261711,6,1
mfcc_delta_10_p90,0.0044406806118786335,6,1
mfcc_12_p10,0.004433273337781429,6,1
mfcc_delta_13_p10,0.004427226260304451,6,1
rms_std,0.00438593840226531,6,1
mfcc_14_std,0.004343549255281687,6,1
flatness_p10,0.004325490910559893,6,1
mfcc_18_p90,0.004317932296544313,6,1
mfcc_7_p10,0.0042775897309184074,6,1
mfcc_7_std,0.004264346789568663,6,1
mfcc_14_p90,0.004248301964253187,6,1
mfcc_delta_14_std,0.004211790859699249,6,1
mfcc_7_mean,0.0041776858270168304,6,1
mfcc_delta_10_std,0.004070289898663759,6,1
centroid_p10,0.004019183572381735,6,1
rolloff85_p10,0.004012632183730602,6,1
contrast_0_p10,0.003985726274549961,6,1
mfcc_delta_16_p90,0.0039697918109595776,6,1
mfcc_delta_6_p90,0.003934789448976517,6,1
contrast_3_p10,0.003908978775143623,6,1
mfcc_10_p10,0.003904464188963175,6,1
bandwidth_mean,0.0038588885217905045,6,1
mfcc_18_mean,0.003815913572907448,6,1
dominant_frequency_ratio,0.0037605969700962305,6,1
mfcc_1_mean,0.15985675156116486,6,2
mfcc_1_p10,0.09571889787912369,6,2
mfcc_1_p90,0.022294580936431885,6,2
mfcc_delta_0_p10,0.019986066967248917,6,2
mfcc_delta_0_p90,0.014393656514585018,6,2
contrast_5_p90,0.011947717517614365,6,2
mfcc_10_std,0.01010011788457632,6,2
mfcc_delta_16_std,0.009200704284012318,6,2
contrast_5_mean,0.009164553135633469,6,2
zero_crossing_rate_p10,0.008832537569105625,6,2
rolloff85_p90,0.008251799270510674,6,2
contrast_0_p90,0.008231118321418762,6,2
mfcc_18_p90,0.008178441785275936,6,2
spectral_entropy_mean,0.007031497545540333,6,2
flatness_p10,0.006930805742740631,6,2
contrast_0_mean,0.006841528695076704,6,2
bandwidth_p10,0.006523241754621267,6,2
dominant_frequency,0.006358553189784288,6,2
bandwidth_mean,0.006316160783171654,6,2
mfcc_3_p10,0.00608040438964963,6,2
rms_p10,0.005934439599514008,6,2
mfcc_2_mean,0.005742507055401802,6,2
mfcc_8_p10,0.0055986731313169,6,2
mfcc_2_p90,0.005579092539846897,6,2
mfcc_15_p90,0.005507873371243477,6,2
mfcc_2_p10,0.005413102451711893,6,2
rolloff85_p10,0.005237620323896408,6,2
rms_p90,0.00517010735347867,6,2
mfcc_3_mean,0.00516911968588829,6,2
spectral_entropy_p10,0.005135930143296719,6,2
mfcc_6_p10,0.005091806873679161,6,2
rms_mean,0.005073475651443005,6,2
centroid_std,0.005059797316789627,6,2
contrast_4_mean,0.005053811706602573,6,2
mfcc_13_p90,0.005047251004725695,6,2
mfcc_13_p10,0.0049836584366858006,6,2
mfcc_8_mean,0.004890551790595055,6,2
mfcc_delta_0_std,0.004883860237896442,6,2
mfcc_15_mean,0.004872697871178389,6,2
mfcc_16_std,0.004814792890101671,6,2
mfcc_3_p90,0.004796016030013561,6,2
contrast_0_p10,0.004670226015150547,6,2
contrast_2_mean,0.004562642890959978,6,2
rolloff85_mean,0.004559927154332399,6,2
mfcc_delta_15_std,0.004558688960969448,6,2
flatness_mean,0.004446941427886486,6,2
mfcc_18_mean,0.004356273449957371,6,2
mfcc_delta_19_mean,0.004348445683717728,6,2
mfcc_7_std,0.004332337062805891,6,2
contrast_1_mean,0.004319477826356888,6,2
mfcc_0_mean,0.004313906654715538,6,2
flatness_p90,0.004253112245351076,6,2
mfcc_15_p10,0.004244851414114237,6,2
mfcc_delta_13_p90,0.004170214291661978,6,2
mfcc_7_p90,0.004164940677583218,6,2
spectral_entropy_std,0.0041567194275557995,6,2
mfcc_4_mean,0.004143598955124617,6,2
contrast_4_p10,0.0041132727637887,6,2
mfcc_16_p10,0.004077176563441753,6,2
mfcc_1_std,0.004043491557240486,6,2
bandwidth_p90,0.09444016218185425,6,3
bandwidth_mean,0.03452415019273758,6,3
mfcc_1_p10,0.028583994135260582,6,3
mfcc_1_mean,0.02801886387169361,6,3
mfcc_2_p90,0.019285356625914574,6,3
bandwidth_std,0.018409445881843567,6,3
contrast_0_p90,0.016915338113904,6,3
mfcc_3_mean,0.011638921685516834,6,3
contrast_5_p90,0.010415100492537022,6,3
mfcc_3_p90,0.00920073315501213,6,3
mfcc_0_mean,0.009188801981508732,6,3
contrast_0_mean,0.00912291370332241,6,3
mfcc_7_std,0.008680008351802826,6,3
rms_p10,0.00867042038589716,6,3
flatness_p90,0.008580782450735569,6,3
mfcc_18_mean,0.008563019335269928,6,3
mfcc_15_p90,0.00831502303481102,6,3
mfcc_2_mean,0.0078017087653279305,6,3
mfcc_delta_1_std,0.0077848900109529495,6,3
contrast_0_std,0.007729834411293268,6,3
mfcc_delta_2_p10,0.00768696703016758,6,3
mfcc_8_std,0.007495145313441753,6,3
mfcc_delta_0_std,0.007480941247195005,6,3
rolloff85_mean,0.00722763454541564,6,3
rms_p90,0.007124268915504217,6,3
mfcc_5_p90,0.007086481433361769,6,3
mfcc_4_p10,0.007078541908413172,6,3
mfcc_delta_9_std,0.0070377835072577,6,3
contrast_0_p10,0.006856338586658239,6,3
spectral_entropy_p10,0.006705400533974171,6,3
mfcc_16_std,0.006574211176484823,6,3
mfcc_delta_8_p90,0.006448566913604736,6,3
contrast_4_mean,0.00639785872772336,6,3
zero_crossing_rate_p90,0.00637741107493639,6,3
mfcc_8_mean,0.006280961912125349,6,3
mfcc_1_p90,0.006170348729938269,6,3
mfcc_9_p10,0.006164455320686102,6,3
mfcc_15_mean,0.006023549474775791,6,3
mfcc_7_p90,0.005898222327232361,6,3
flatness_std,0.005727006588131189,6,3
mfcc_4_mean,0.00565751176327467,6,3
spectral_entropy_mean,0.00560775026679039,6,3
mfcc_delta_18_p90,0.005559170618653297,6,3
mfcc_3_p10,0.005486662033945322,6,3
mfcc_11_mean,0.005472532473504543,6,3
mfcc_delta_9_p90,0.005465771071612835,6,3
mfcc_13_mean,0.005412997677922249,6,3
contrast_5_mean,0.005402727052569389,6,3
mfcc_6_p10,0.00532397348433733,6,3
mfcc_delta_0_p90,0.005304803606122732,6,3
mfcc_0_p90,0.005226959008723497,6,3
contrast_3_p10,0.00513718044385314,6,3
zero_crossing_rate_p10,0.0051170820370316505,6,3
contrast_5_std,0.005071216728538275,6,3
contrast_4_p90,0.005059614311903715,6,3
spectral_entropy_p90,0.0050223092548549175,6,3
mfcc_delta_2_p90,0.004938723519444466,6,3
mfcc_delta_6_p10,0.00491317268460989,6,3
contrast_1_mean,0.004868501331657171,6,3
rms_mean,0.0048383851535618305,6,3
mfcc_1_mean,0.12299355119466782,6,4
mfcc_1_p10,0.03612283244729042,6,4
contrast_5_mean,0.03283267840743065,6,4
dominant_frequency,0.03151727095246315,6,4
mfcc_1_p90,0.02690248005092144,6,4
flatness_p90,0.02152111940085888,6,4
contrast_5_p90,0.015204616822302341,6,4
rms_mean,0.014871756546199322,6,4
flatness_std,0.009869192726910114,6,4
contrast_0_p10,0.009372591972351074,6,4
mfcc_delta_0_std,0.00835476815700531,6,4
zero_crossing_rate_p10,0.007339196745306253,6,4
rms_p10,0.007168613839894533,6,4
mfcc_2_mean,0.007114297244697809,6,4
mfcc_15_std,0.006992931477725506,6,4
bandwidth_mean,0.006781506352126598,6,4
rolloff85_mean,0.0066252462565898895,6,4
mfcc_delta_0_p10,0.006366628687828779,6,4
contrast_4_mean,0.006325321272015572,6,4
mfcc_4_mean,0.006307288538664579,6,4
mfcc_15_p90,0.006294915918260813,6,4
contrast_4_p90,0.006231073755770922,6,4
mfcc_2_p90,0.006223391275852919,6,4
mfcc_3_p10,0.006029645446687937,6,4
mfcc_6_p10,0.005960746202617884,6,4
mfcc_4_p90,0.005908855702728033,6,4
contrast_5_p10,0.005794147495180368,6,4
mfcc_delta_9_std,0.0054401191882789135,6,4
dominant_frequency_ratio,0.0054031675681471825,6,4
spectral_entropy_p10,0.005350380204617977,6,4
mfcc_0_mean,0.005345840938389301,6,4
rolloff85_p90,0.005339421797543764,6,4
mfcc_delta_16_std,0.005270743276923895,6,4
mfcc_7_std,0.005005339626222849,6,4
mfcc_3_mean,0.0049544693902134895,6,4
mfcc_delta_1_std,0.004912796430289745,6,4
mfcc_delta_18_std,0.004805363714694977,6,4
rms_std,0.004800189286470413,6,4
contrast_0_std,0.004753338173031807,6,4
mfcc_6_mean,0.004710304085165262,6,4
flatness_p10,0.004614637233316898,6,4
mfcc_delta_0_p90,0.004600368905812502,6,4
centroid_p90,0.004581416491419077,6,4
mfcc_delta_9_p90,0.0045632789842784405,6,4
mfcc_5_mean,0.004559834022074938,6,4
zero_crossing_rate_mean,0.0044936202466487885,6,4
mfcc_delta_14_std,0.00440467381849885,6,4
mfcc_16_std,0.004377194680273533,6,4
mfcc_delta_18_p90,0.004362738225609064,6,4
mfcc_3_p90,0.004343084525316954,6,4
mfcc_7_p10,0.0043053110130131245,6,4
mfcc_9_std,0.004262457601726055,6,4
mfcc_18_std,0.004185605328530073,6,4
spectral_entropy_p90,0.00410834513604641,6,4
mfcc_delta_3_std,0.004042431246489286,6,4
centroid_mean,0.0040238527581095695,6,4
mfcc_9_p10,0.004022703040391207,6,4
bandwidth_p10,0.0039469231851398945,6,4
zero_crossing_rate_std,0.003936616703867912,6,4
mfcc_2_p10,0.003925004042685032,6,4
mfcc_1_p10,0.13135595619678497,7,0
mfcc_1_mean,0.09623076766729355,7,0
contrast_5_p10,0.04241861402988434,7,0
mfcc_1_p90,0.01915658265352249,7,0
mfcc_delta_0_p10,0.0091102821752429,7,0
rolloff85_p90,0.008807911537587643,7,0
mfcc_2_p90,0.008528528735041618,7,0
contrast_0_mean,0.007979652844369411,7,0
bandwidth_p90,0.007812919095158577,7,0
mfcc_3_p10,0.007552694529294968,7,0
contrast_0_p90,0.006982048507779837,7,0
mfcc_delta_0_p90,0.006767834536731243,7,0
mfcc_17_p10,0.006312089506536722,7,0
mfcc_delta_0_std,0.00616961345076561,7,0
contrast_5_p90,0.006161663681268692,7,0
dominant_frequency,0.006045287940651178,7,0
flatness_p90,0.005909069441258907,7,0
mfcc_2_mean,0.005815944634377956,7,0
mfcc_16_std,0.005750234704464674,7,0
contrast_5_mean,0.005623870529234409,7,0
mfcc_delta_7_p10,0.005351238884031773,7,0
centroid_p10,0.0052647218108177185,7,0
contrast_2_mean,0.005203898064792156,7,0
centroid_mean,0.0051567163318395615,7,0
mfcc_2_p10,0.004969428759068251,7,0
mfcc_delta_1_std,0.004927590023726225,7,0
mfcc_4_mean,0.0048157754354178905,7,0
mfcc_delta_2_p90,0.004784903954714537,7,0
zero_crossing_rate_mean,0.004777138587087393,7,0
rms_p10,0.0047166310250759125,7,0
mfcc_delta_17_std,0.004700222983956337,7,0
mfcc_7_mean,0.004666411317884922,7,0
mfcc_10_p10,0.004630487412214279,7,0
rolloff85_p10,0.004628321155905724,7,0
centroid_std,0.004590576980262995,7,0
mfcc_9_mean,0.004587346687912941,7,0
flatness_mean,0.004575368948280811,7,0
mfcc_0_mean,0.00448518805205822,7,0
flatness_std,0.00446426123380661,7,0
centroid_p90,0.004418664611876011,7,0
rms_std,0.0043916841968894005,7,0
mfcc_delta_9_std,0.0043768747709691525,7,0
mfcc_15_std,0.004360067658126354,7,0
contrast_3_p10,0.004309213254600763,7,0
zero_crossing_rate_p10,0.004265078343451023,7,0
dominant_frequency_ratio,0.004254259169101715,7,0
mfcc_7_std,0.0042526815086603165,7,0
contrast_1_p10,0.004222300369292498,7,0
mfcc_delta_16_std,0.004210247192531824,7,0
mfcc_16_p10,0.004123051185160875,7,0
mfcc_19_p10,0.004100359510630369,7,0
spectral_entropy_p10,0.0040901461616158485,7,0
mfcc_delta_15_std,0.004045113455504179,7,0
bandwidth_p10,0.004043428227305412,7,0
flatness_p10,0.004035238176584244,7,0
mfcc_9_p10,0.00400901585817337,7,0
rolloff85_mean,0.003974209539592266,7,0
mfcc_4_p90,0.003973877988755703,7,0
mfcc_delta_9_p90,0.00395481800660491,7,0
mfcc_delta_14_p10,0.003930853214114904,7,0
mfcc_1_mean,0.12114931643009186,7,1
mfcc_1_p10,0.11704156547784805,7,1
contrast_5_p10,0.03406520560383797,7,1
mfcc_1_p90,0.02055605687201023,7,1
mfcc_delta_0_p10,0.014993852935731411,7,1
rms_p90,0.012833521701395512,7,1
mfcc_delta_16_std,0.012492447160184383,7,1
mfcc_delta_0_p90,0.012332603335380554,7,1
mfcc_17_p10,0.01019345037639141,7,1
rms_mean,0.00977626908570528,7,1
mfcc_10_std,0.009283660911023617,7,1
mfcc_3_mean,0.00824993010610342,7,1
mfcc_2_p90,0.0073786331340670586,7,1
rms_p10,0.007333019748330116,7,1
rolloff85_p90,0.007324465550482273,7,1
zero_crossing_rate_p10,0.006963975261896849,7,1
mfcc_4_mean,0.006558985449373722,7,1
centroid_std,0.006532363593578339,7,1
contrast_0_p90,0.00626041553914547,7,1
mfcc_4_p10,0.00608997093513608,7,1
contrast_0_mean,0.006021982990205288,7,1
mfcc_16_std,0.005988977383822203,7,1
mfcc_delta_15_std,0.005770624615252018,7,1
mfcc_3_p10,0.005661291070282459,7,1
mfcc_7_std,0.005648699589073658,7,1
spectral_entropy_p90,0.005439063534140587,7,1
spectral_entropy_mean,0.005322806537151337,7,1
contrast_1_mean,0.005048135295510292,7,1
mfcc_3_p90,0.004953969735652208,7,1
mfcc_delta_0_std,0.004875715356320143,7,1
bandwidth_mean,0.004787016659975052,7,1
mfcc_1_std,0.00476357014849782,7,1
mfcc_7_p90,0.004663215950131416,7,1
mfcc_7_mean,0.004558033775538206,7,1
flatness_p10,0.004532720427960157,7,1
mfcc_delta_17_std,0.004502702970057726,7,1
dominant_frequency,0.004466896411031485,7,1
mfcc_delta_9_p90,0.0044237906113266945,7,1
mfcc_2_p10,0.004305667709559202,7,1
mfcc_delta_13_p90,0.004301202949136496,7,1
mfcc_16_p10,0.004254633095115423,7,1
contrast_4_p90,0.004238588735461235,7,1
mfcc_8_p10,0.00421333871781826,7,1
mfcc_4_p90,0.00420495355501771,7,1
mfcc_delta_14_p10,0.00419390806928277,7,1
mfcc_delta_16_p90,0.004192992579191923,7,1
mfcc_delta_1_std,0.004174649249762297,7,1
contrast_4_mean,0.004169214982539415,7,1
mfcc_17_std,0.004147734027355909,7,1
bandwidth_p90,0.004134399816393852,7,1
mfcc_2_mean,0.00412063580006361,7,1
mfcc_delta_9_std,0.004072296433150768,7,1
contrast_5_mean,0.004024413879960775,7,1
mfcc_12_p10,0.003992060665041208,7,1
bandwidth_p10,0.003988994751125574,7,1
mfcc_8_std,0.003970809746533632,7,1
mfcc_6_p10,0.003921780735254288,7,1
flatness_mean,0.00391039764508605,7,1
mfcc_delta_14_std,0.0038639516569674015,7,1
mfcc_16_mean,0.0038289169315248728,7,1
mfcc_1_p90,0.15520167350769043,7,2
mfcc_1_mean,0.068629190325737,7,2
contrast_5_p90,0.027967873960733414,7,2
rms_p90,0.019911397248506546,7,2
rms_mean,0.015426459722220898,7,2
contrast_5_mean,0.012733661569654942,7,2
mfcc_delta_0_p10,0.012594587169587612,7,2
mfcc_1_p10,0.011584319174289703,7,2
mfcc_2_mean,0.010899732820689678,7,2
rolloff85_mean,0.010107675567269325,7,2
flatness_mean,0.009925230406224728,7,2
flatness_std,0.009656928479671478,7,2
flatness_p90,0.008948934264481068,7,2
mfcc_15_mean,0.00784924067556858,7,2
mfcc_2_p90,0.007635852321982384,7,2
mfcc_3_mean,0.007551447954028845,7,2
mfcc_15_p90,0.0073850685730576515,7,2
mfcc_3_p10,0.007270611356943846,7,2
mfcc_6_p10,0.006579144857823849,7,2
rolloff85_p10,0.006489832419902086,7,2
dominant_frequency,0.006342360749840736,7,2
zero_crossing_rate_p10,0.006080074235796928,7,2
rolloff85_p90,0.006022459827363491,7,2
rms_p10,0.005614122841507196,7,2
mfcc_2_p10,0.005388567689806223,7,2
mfcc_delta_0_p90,0.0053528109565377235,7,2
mfcc_0_mean,0.005188569892197847,7,2
mfcc_15_p10,0.005176843609660864,7,2
mfcc_0_p90,0.005135065410286188,7,2
contrast_5_p10,0.005060979165136814,7,2
contrast_0_p90,0.0050115748308598995,7,2
spectral_entropy_p90,0.005002149380743504,7,2
centroid_std,0.004809859674423933,7,2
mfcc_delta_0_std,0.004708584863692522,7,2
mfcc_3_p90,0.004695992451161146,7,2
mfcc_9_mean,0.004641582258045673,7,2
contrast_0_p10,0.004639148246496916,7,2
contrast_0_mean,0.0045916251838207245,7,2
mfcc_delta_14_p90,0.004543995019048452,7,2
spectral_entropy_mean,0.004472950007766485,7,2
mfcc_4_p10,0.004467368591576815,7,2
centroid_mean,0.00439794734120369,7,2
mfcc_14_std,0.004358448088169098,7,2
mfcc_delta_14_std,0.004223899450153112,7,2
mfcc_delta_17_std,0.004223395138978958,7,2
bandwidth_p10,0.0041742511093616486,7,2
mfcc_4_mean,0.004154636524617672,7,2
mfcc_0_std,0.004078730009496212,7,2
bandwidth_p90,0.004064289852976799,7,2
bandwidth_mean,0.004036879166960716,7,2
mfcc_16_p10,0.00402878737077117,7,2
contrast_4_mean,0.004009698983281851,7,2
zero_crossing_rate_mean,0.003965596202760935,7,2
rms_std,0.003946100361645222,7,2
mfcc_13_std,0.003944577649235725,7,2
contrast_4_p10,0.003941494505852461,7,2
mfcc_delta_13_std,0.003932790365070105,7,2
mfcc_19_std,0.003925240132957697,7,2
mfcc_4_std,0.003898031311109662,7,2
mfcc_18_p90,0.003884996986016631,7,2
bandwidth_p90,0.09292156994342804,7,3
bandwidth_mean,0.030381588265299797,7,3
mfcc_1_p10,0.02883988618850708,7,3
mfcc_1_mean,0.026473160833120346,7,3
mfcc_2_p90,0.022612251341342926,7,3
contrast_0_p90,0.018787357956171036,7,3
spectral_entropy_mean,0.016342543065547943,7,3
mfcc_3_p90,0.015104416757822037,7,3
mfcc_2_mean,0.013414627872407436,7,3
mfcc_3_mean,0.011037441901862621,7,3
flatness_mean,0.010271716862916946,7,3
mfcc_15_p90,0.01000333670526743,7,3
contrast_0_mean,0.009212762117385864,7,3
zero_crossing_rate_std,0.00866788998246193,7,3
contrast_5_p90,0.008288435637950897,7,3
contrast_5_mean,0.008269600570201874,7,3
mfcc_13_p10,0.007899909280240536,7,3
mfcc_delta_2_std,0.0076638334430754185,7,3
bandwidth_std,0.00766287324950099,7,3
mfcc_7_std,0.007648013997823,7,3
mfcc_7_p90,0.007353981025516987,7,3
mfcc_4_p90,0.007219494320452213,7,3
mfcc_delta_0_p10,0.007138117216527462,7,3
mfcc_15_mean,0.007032390683889389,7,3
flatness_p10,0.0068410844542086124,7,3
mfcc_delta_1_std,0.006828945130109787,7,3
contrast_4_mean,0.006743856240063906,7,3
mfcc_9_mean,0.006677557248622179,7,3
mfcc_13_p90,0.006568594370037317,7,3
contrast_2_p10,0.0064092036336660385,7,3
mfcc_4_mean,0.006407485343515873,7,3
contrast_0_p10,0.006395840086042881,7,3
rolloff85_mean,0.006317159626632929,7,3
mfcc_delta_0_p90,0.006235682871192694,7,3
mfcc_delta_17_std,0.006177712231874466,7,3
mfcc_0_mean,0.006038816645741463,7,3
mfcc_2_p10,0.005937553476542234,7,3
mfcc_delta_0_std,0.0059003946371376514,7,3
mfcc_8_mean,0.005828758701682091,7,3
mfcc_delta_1_p10,0.00575262401252985,7,3
mfcc_7_p10,0.005751848220825195,7,3
mfcc_11_p90,0.005706840194761753,7,3
rms_p10,0.005693923681974411,7,3
spectral_entropy_p10,0.005454550497233868,7,3
contrast_3_p10,0.00534801185131073,7,3
centroid_p90,0.005201253574341536,7,3
mfcc_delta_8_p10,0.005117479711771011,7,3
rolloff85_p90,0.005077732261270285,7,3
mfcc_15_p10,0.0049912938848137856,7,3
zero_crossing_rate_mean,0.004971729591488838,7,3
centroid_p10,0.0049346317537128925,7,3
spectral_entropy_p90,0.004854059312492609,7,3
flatness_std,0.004797516390681267,7,3
mfcc_0_p90,0.004720318131148815,7,3
contrast_5_std,0.004693175666034222,7,3
flatness_p90,0.004692116752266884,7,3
mfcc_delta_15_p90,0.0046889022924005985,7,3
contrast_1_p10,0.00468139722943306,7,3
mfcc_8_p90,0.004576657433062792,7,3
rms_mean,0.004575628321617842,7,3
mfcc_1_mean,0.11854507029056549,7,4
mfcc_1_p10,0.10686487704515457,7,4
contrast_5_p10,0.041271984577178955,7,4
mfcc_1_p90,0.017547938972711563,7,4
contrast_0_p90,0.012196010909974575,7,4
mfcc_delta_0_p10,0.010115355253219604,7,4
rolloff85_p90,0.009086993522942066,7,4
mfcc_2_p90,0.008664040826261044,7,4
mfcc_delta_0_std,0.007679400499910116,7,4
bandwidth_p90,0.007544968742877245,7,4
mfcc_delta_0_p90,0.0074577247723937035,7,4
mfcc_17_p10,0.0067891948856413364,7,4
rms_p10,0.006410832982510328,7,4
mfcc_2_mean,0.005806933157145977,7,4
dominant_frequency,0.0057772500440478325,7,4
mfcc_9_p10,0.005771653261035681,7,4
mfcc_17_mean,0.005746917799115181,7,4
contrast_0_mean,0.005646102130413055,7,4
flatness_p90,0.005512002389878035,7,4
mfcc_16_std,0.005429240874946117,7,4
contrast_0_p10,0.005376447457820177,7,4
mfcc_delta_14_p10,0.0052938275039196014,7,4
flatness_p10,0.0052201030775904655,7,4
mfcc_3_p90,0.005161925218999386,7,4
mfcc_0_p90,0.005017824005335569,7,4
mfcc_13_p90,0.004981189966201782,7,4
mfcc_delta_8_p90,0.00494764419272542,7,4
mfcc_3_mean,0.004915650933980942,7,4
centroid_std,0.00490688718855381,7,4
mfcc_8_p10,0.004904639441519976,7,4
zero_crossing_rate_mean,0.004895501770079136,7,4
contrast_5_mean,0.004877286031842232,7,4
mfcc_3_p10,0.004775623325258493,7,4
mfcc_delta_14_std,0.0047467858530581,7,4
rms_p90,0.004733304493129253,7,4
contrast_5_p90,0.004629240371286869,7,4
mfcc_delta_9_p90,0.004622222390025854,7,4
dominant_frequency_ratio,0.004607025533914566,7,4
mfcc_19_mean,0.004594574216753244,7,4
zero_crossing_rate_p10,0.00453059421852231,7,4
contrast_3_p10,0.004507321398705244,7,4
mfcc_4_p10,0.004494060296565294,7,4
mfcc_4_p90,0.004465197212994099,7,4
mfcc_14_std,0.004452404100447893,7,4
mfcc_delta_9_std,0.004443894140422344,7,4
flatness_std,0.004433184862136841,7,4
contrast_1_mean,0.0043815323151648045,7,4
mfcc_delta_17_std,0.00436025857925415,7,4
mfcc_9_mean,0.004321678541600704,7,4
bandwidth_p10,0.004280890338122845,7,4
mfcc_6_p90,0.004213111009448767,7,4
mfcc_delta_1_p90,0.004209192469716072,7,4
mfcc_delta_8_std,0.004104955587536097,7,4
mfcc_5_p10,0.00409986125305295,7,4
spectral_entropy_std,0.004056649748235941,7,4
mfcc_14_p90,0.004053188022226095,7,4
bandwidth_std,0.004050166811794043,7,4
mfcc_6_mean,0.004048628266900778,7,4
mfcc_delta_10_std,0.0040445695631206036,7,4
mfcc_6_std,0.0040335082449018955,7,4
mfcc_1_mean,0.16456356644630432,8,0
mfcc_1_p90,0.057281285524368286,8,0
mfcc_17_p10,0.029583722352981567,8,0
mfcc_1_p10,0.027416406199336052,8,0
mfcc_17_mean,0.027020659297704697,8,0
mfcc_delta_0_p10,0.014854509383440018,8,0
contrast_5_p10,0.010689161717891693,8,0
rolloff85_p90,0.009573102928698063,8,0
mfcc_4_p10,0.007836911827325821,8,0
mfcc_1_std,0.007524207234382629,8,0
contrast_2_p10,0.007413103245198727,8,0
mfcc_delta_17_std,0.0071745580062270164,8,0
contrast_2_mean,0.006978938356041908,8,0
mfcc_6_p90,0.006577027961611748,8,0
mfcc_15_std,0.006479170173406601,8,0
rms_p10,0.006425117142498493,8,0
mfcc_delta_15_std,0.006409110501408577,8,0
flatness_p90,0.006172545719891787,8,0
zero_crossing_rate_p10,0.00613358011469245,8,0
mfcc_delta_0_std,0.005908029153943062,8,0
mfcc_delta_0_p90,0.005882919300347567,8,0
mfcc_3_p90,0.0058290427550673485,8,0
centroid_std,0.0057253590784966946,8,0
contrast_5_mean,0.005587007850408554,8,0
mfcc_4_mean,0.005372475832700729,8,0
dominant_frequency,0.0053412518464028835,8,0
centroid_p10,0.005231601186096668,8,0
mfcc_3_p10,0.005219996906816959,8,0
mfcc_2_p90,0.004748524632304907,8,0
bandwidth_mean,0.004689881112426519,8,0
contrast_0_mean,0.00468295207247138,8,0
mfcc_10_p90,0.004674514289945364,8,0
rms_mean,0.0046377419494092464,8,0
mfcc_12_p90,0.004562503658235073,8,0
mfcc_delta_14_p90,0.004546607844531536,8,0
mfcc_delta_7_std,0.004505374934524298,8,0
bandwidth_p90,0.004458233248442411,8,0
mfcc_delta_11_p90,0.004453707952052355,8,0
mfcc_delta_13_p10,0.004446350038051605,8,0
mfcc_15_p90,0.004410438239574432,8,0
mfcc_5_p10,0.004332639276981354,8,0
flatness_mean,0.0043282159604132175,8,0
contrast_1_p10,0.0043065813370049,8,0
mfcc_delta_14_std,0.00424214918166399,8,0
mfcc_13_std,0.004193387925624847,8,0
mfcc_11_p10,0.004135156981647015,8,0
mfcc_2_p10,0.0040871985256671906,8,0
mfcc_delta_7_p10,0.003950061742216349,8,0
mfcc_8_mean,0.0039284746162593365,8,0
mfcc_4_p90,0.0038807038217782974,8,0
mfcc_19_mean,0.0038527087308466434,8,0
contrast_0_p90,0.0037830863147974014,8,0
flatness_p10,0.0037600190844386816,8,0
mfcc_delta_1_std,0.0037564095109701157,8,0
mfcc_delta_8_p90,0.0037379914429038763,8,0
mfcc_delta_2_std,0.0036709767300635576,8,0
mfcc_delta_10_std,0.0036658127792179585,8,0
mfcc_16_std,0.0036639340687543154,8,0
zero_crossing_rate_std,0.0036421064287424088,8,0
mfcc_2_mean,0.0036406381987035275,8,0
mfcc_1_p10,0.1225288063287735,8,1
mfcc_1_mean,0.10075511038303375,8,1
contrast_5_p10,0.034955449402332306,8,1
mfcc_delta_0_p10,0.014189314097166061,8,1
mfcc_1_p90,0.013735624961555004,8,1
mfcc_delta_16_std,0.0135570103302598,8,1
mfcc_delta_0_p90,0.01291640754789114,8,1
rms_p90,0.011153142899274826,8,1
mfcc_10_std,0.010120526887476444,8,1
mfcc_17_p10,0.009641462005674839,8,1
mfcc_3_mean,0.008741803467273712,8,1
rms_mean,0.0076906196773052216,8,1
zero_crossing_rate_p10,0.007491763681173325,8,1
rms_p10,0.0074601625092327595,8,1
mfcc_16_std,0.007359442301094532,8,1
mfcc_delta_15_std,0.006813933607190847,8,1
mfcc_2_p90,0.006759920623153448,8,1
contrast_0_p90,0.006584117189049721,8,1
mfcc_4_p10,0.006548423785716295,8,1
mfcc_7_p90,0.006415367592126131,8,1
mfcc_4_mean,0.00628575449809432,8,1
mfcc_delta_17_std,0.0062667070887982845,8,1
centroid_std,0.0062616984359920025,8,1
mfcc_3_p90,0.005944982171058655,8,1
centroid_p90,0.005900409538298845,8,1
mfcc_3_p10,0.00575691182166338,8,1
contrast_0_mean,0.005651067942380905,8,1
spectral_entropy_mean,0.005557590164244175,8,1
mfcc_7_std,0.005315467249602079,8,1
mfcc_delta_2_p90,0.0051786345429718494,8,1
contrast_5_mean,0.004965575877577066,8,1
bandwidth_mean,0.004948770627379417,8,1
mfcc_17_std,0.0048607345670461655,8,1
mfcc_1_std,0.00482859555631876,8,1
flatness_p10,0.004827304743230343,8,1
mfcc_16_p10,0.004811905324459076,8,1
dominant_frequency,0.004796658176928759,8,1
mfcc_7_mean,0.004790498875081539,8,1
mfcc_5_mean,0.0047339461743831635,8,1
mfcc_delta_1_std,0.0047173709608614445,8,1
mfcc_14_std,0.004692393355071545,8,1
mfcc_delta_0_std,0.004684615880250931,8,1
mfcc_8_std,0.004662981256842613,8,1
mfcc_delta_9_p90,0.0045709856785833836,8,1
mfcc_10_mean,0.004561621230095625,8,1
mfcc_delta_7_p10,0.0044603776186704636,8,1
rolloff85_p90,0.004422388505190611,8,1
mfcc_delta_16_p90,0.004296969156712294,8,1
flatness_std,0.004252968821674585,8,1
mfcc_delta_15_p90,0.004119317978620529,8,1
bandwidth_p90,0.004001799039542675,8,1
mfcc_delta_10_std,0.0039639840833842754,8,1
mfcc_4_p90,0.003937792964279652,8,1
mfcc_12_p10,0.003898047376424074,8,1
mfcc_delta_8_p90,0.0038712644018232822,8,1
mfcc_17_mean,0.003861944191157818,8,1
mfcc_7_p10,0.0038613113574683666,8,1
mfcc_2_mean,0.003836436662822962,8,1
mfcc_delta_14_p10,0.003835319774225354,8,1
contrast_4_p10,0.003815889125689864,8,1
mfcc_1_mean,0.13320569694042206,8,2
mfcc_1_p90,0.04167277738451958,8,2
mfcc_1_p10,0.037163618952035904,8,2
contrast_5_mean,0.025463448837399483,8,2
spectral_entropy_mean,0.0233616903424263,8,2
flatness_std,0.01975860260426998,8,2
rms_p90,0.01631934754550457,8,2
mfcc_15_p90,0.013669720850884914,8,2
contrast_5_p90,0.011917440220713615,8,2
mfcc_2_p90,0.011835797689855099,8,2
rms_mean,0.011784913018345833,8,2
zero_crossing_rate_p10,0.009985312819480896,8,2
flatness_p10,0.009790857322514057,8,2
flatness_p90,0.009623429737985134,8,2
mfcc_6_p10,0.00954880565404892,8,2
rolloff85_mean,0.00900788139551878,8,2
rms_p10,0.008070005103945732,8,2
spectral_entropy_p10,0.007912262342870235,8,2
mfcc_2_mean,0.00691034784540534,8,2
mfcc_delta_0_p10,0.006888723466545343,8,2
dominant_frequency,0.006849132478237152,8,2
mfcc_2_p10,0.006801084149628878,8,2
mfcc_15_mean,0.006506070960313082,8,2
mfcc_0_mean,0.006327925715595484,8,2
contrast_4_mean,0.006298829801380634,8,2
rolloff85_p10,0.006173531524837017,8,2
mfcc_3_p10,0.0058709061704576015,8,2
mfcc_delta_16_std,0.00554247573018074,8,2
rms_std,0.005455111153423786,8,2
bandwidth_mean,0.005244627594947815,8,2
contrast_0_p10,0.005209862254559994,8,2
mfcc_3_mean,0.005146755371242762,8,2
spectral_entropy_p90,0.005142571404576302,8,2
mfcc_delta_10_std,0.005141109693795443,8,2
mfcc_delta_0_std,0.0050560482777655125,8,2
mfcc_3_p90,0.004856622312217951,8,2
mfcc_delta_8_p90,0.004841791931539774,8,2
mfcc_9_mean,0.0047857509925961494,8,2
contrast_0_std,0.00476209307089448,8,2
mfcc_14_p90,0.004709230270236731,8,2
mfcc_delta_2_std,0.004677233286201954,8,2
mfcc_8_p90,0.004647612571716309,8,2
bandwidth_p90,0.004622406326234341,8,2
mfcc_17_mean,0.00461833318695426,8,2
contrast_5_p10,0.00447224173694849,8,2
mfcc_delta_2_p90,0.004423217382282019,8,2
mfcc_delta_0_p90,0.004202588461339474,8,2
zero_crossing_rate_std,0.004054559860378504,8,2
zero_crossing_rate_p90,0.004048564471304417,8,2
mfcc_14_std,0.004027355927973986,8,2
mfcc_0_p90,0.004022839479148388,8,2
mfcc_delta_12_p10,0.00400044210255146,8,2
bandwidth_p10,0.003980335779488087,8,2
rolloff85_p90,0.003973938524723053,8,2
mfcc_delta_4_p90,0.003965416923165321,8,2
mfcc_8_mean,0.0037913196720182896,8,2
contrast_3_p10,0.0037710960023105145,8,2
mfcc_6_mean,0.0037662123795598745,8,2
mfcc_delta_9_std,0.0037242139223963022,8,2
mfcc_5_mean,0.003701956709846854,8,2
bandwidth_p90,0.09103678911924362,8,3
bandwidth_mean,0.046380605548620224,8,3
mfcc_1_mean,0.02650265581905842,8,3
mfcc_1_p10,0.024392882362008095,8,3
mfcc_2_p90,0.023060442879796028,8,3
contrast_0_p90,0.01845981553196907,8,3
bandwidth_std,0.017033793032169342,8,3
mfcc_9_std,0.013523554429411888,8,3
flatness_p10,0.012805428355932236,8,3
mfcc_3_p90,0.012314703315496445,8,3
mfcc_2_mean,0.011555474251508713,8,3
zero_crossing_rate_std,0.011431461200118065,8,3
flatness_mean,0.010536965914070606,8,3
contrast_0_mean,0.010358847677707672,8,3
spectral_entropy_mean,0.010276163928210735,8,3
mfcc_3_mean,0.009064036421477795,8,3
mfcc_15_p90,0.008789950981736183,8,3
mfcc_delta_1_std,0.008234486915171146,8,3
mfcc_delta_0_p90,0.007963639684021473,8,3
contrast_0_p10,0.007466208655387163,8,3
mfcc_7_p90,0.00743815628811717,8,3
contrast_4_mean,0.0073622846975922585,8,3
mfcc_14_p10,0.007195564918220043,8,3
mfcc_13_std,0.006847831420600414,8,3
spectral_entropy_p90,0.0067792171612381935,8,3
mfcc_delta_10_p90,0.006599713116884232,8,3
contrast_5_std,0.006510105449706316,8,3
mfcc_delta_0_std,0.006474157329648733,8,3
mfcc_6_p90,0.006320988293737173,8,3
zero_crossing_rate_p10,0.006274254992604256,8,3
mfcc_0_p90,0.0062066358514130116,8,3
mfcc_13_p10,0.00620164955034852,8,3
contrast_5_p90,0.006045164540410042,8,3
flatness_p90,0.006043716333806515,8,3
mfcc_4_mean,0.006022375542670488,8,3
mfcc_0_mean,0.005969201680272818,8,3
centroid_mean,0.005914242472499609,8,3
rolloff85_p90,0.005809909664094448,8,3
flatness_std,0.005735793616622686,8,3
contrast_2_p10,0.005716601386666298,8,3
rms_p10,0.00556672690436244,8,3
mfcc_4_p90,0.0055404179729521275,8,3
mfcc_2_p10,0.005471078213304281,8,3
centroid_p90,0.0053154416382312775,8,3
rolloff85_mean,0.005308164283633232,8,3
mfcc_13_p90,0.005293081048876047,8,3
mfcc_15_mean,0.005276932846754789,8,3
mfcc_delta_0_p10,0.005257921293377876,8,3
mfcc_8_mean,0.005148669239133596,8,3
centroid_p10,0.005058133974671364,8,3
mfcc_delta_2_std,0.0050206854939460754,8,3
mfcc_3_p10,0.004930497147142887,8,3
mfcc_delta_9_std,0.004894327372312546,8,3
mfcc_delta_3_std,0.004876417573541403,8,3
dominant_frequency_ratio,0.0048487260937690735,8,3
zero_crossing_rate_p90,0.004752695094794035,8,3
mfcc_12_p10,0.0047476948238909245,8,3
mfcc_7_std,0.004739621188491583,8,3
mfcc_9_mean,0.004735294729471207,8,3
rms_p90,0.004691950045526028,8,3
mfcc_1_mean,0.12794625759124756,8,4
mfcc_1_p10,0.10027239471673965,8,4
contrast_5_p10,0.04087277874350548,8,4
mfcc_1_p90,0.011098520830273628,8,4
mfcc_delta_0_p10,0.009816629812121391,8,4
rolloff85_p90,0.009360279887914658,8,4
mfcc_17_mean,0.008835630491375923,8,4
mfcc_2_p90,0.008447629399597645,8,4
bandwidth_p90,0.007769339252263308,8,4
mfcc_delta_0_p90,0.007753749378025532,8,4
mfcc_17_p10,0.007491877768188715,8,4
mfcc_16_std,0.0073612588457763195,8,4
mfcc_2_mean,0.006862214766442776,8,4
mfcc_delta_0_std,0.006803818512707949,8,4
zero_crossing_rate_mean,0.006331804674118757,8,4
flatness_p90,0.006167061626911163,8,4
rms_p10,0.005782765801995993,8,4
zero_crossing_rate_p10,0.005738012958317995,8,4
mfcc_3_p90,0.005495419260114431,8,4
dominant_frequency,0.005379742942750454,8,4
centroid_std,0.005367072764784098,8,4
contrast_0_mean,0.005278108641505241,8,4
mfcc_delta_14_p90,0.005240492522716522,8,4
mfcc_14_std,0.005238835699856281,8,4
flatness_mean,0.005224904511123896,8,4
contrast_0_p10,0.005201759748160839,8,4
mfcc_delta_1_std,0.005197841674089432,8,4
mfcc_delta_18_std,0.005115983076393604,8,4
mfcc_9_mean,0.005077699199318886,8,4
mfcc_delta_9_p90,0.005003711674362421,8,4
mfcc_delta_16_std,0.0049731056205928326,8,4
mfcc_delta_6_p90,0.004899686202406883,8,4
mfcc_3_p10,0.004840224981307983,8,4
mfcc_3_mean,0.00483702914789319,8,4
mfcc_delta_2_std,0.00468174135312438,8,4
mfcc_14_p90,0.004632900469005108,8,4
mfcc_8_p90,0.0046036322601139545,8,4
mfcc_19_p10,0.004559636581689119,8,4
flatness_std,0.0045497119426727295,8,4
mfcc_delta_1_p90,0.004532901104539633,8,4
mfcc_2_p10,0.00453150412067771,8,4
mfcc_17_p90,0.004507144913077354,8,4
dominant_frequency_ratio,0.00446260767057538,8,4
mfcc_4_p10,0.004460453055799007,8,4
mfcc_7_std,0.004436422139406204,8,4
mfcc_delta_14_std,0.004422755911946297,8,4
mfcc_6_p90,0.0043839020654559135,8,4
contrast_3_p10,0.004376062657684088,8,4
mfcc_4_mean,0.004265098366886377,8,4
mfcc_0_p90,0.004190660547465086,8,4
mfcc_15_p10,0.004073531366884708,8,4
mfcc_delta_13_p90,0.0040702517144382,8,4
mfcc_delta_15_std,0.004060578998178244,8,4
centroid_p90,0.004055391065776348,8,4
mfcc_delta_17_std,0.003998667001724243,8,4
rms_mean,0.003990571014583111,8,4
mfcc_delta_3_p10,0.003988375887274742,8,4
bandwidth_std,0.003985885065048933,8,4
mfcc_delta_2_p90,0.0039463527500629425,8,4
spectral_entropy_mean,0.003919812850654125,8,4
mfcc_1_mean,0.1294386237859726,9,0
mfcc_1_p10,0.12745146453380585,9,0
contrast_5_p10,0.03704264387488365,9,0
mfcc_1_p90,0.025994684547185898,9,0
mfcc_delta_0_p10,0.01214907132089138,9,0
mfcc_delta_0_p90,0.011370723135769367,9,0
mfcc_17_p10,0.010294310748577118,9,0
mfcc_delta_16_std,0.009780862368643284,9,0
mfcc_10_std,0.007922973483800888,9,0
rolloff85_p90,0.007539017591625452,9,0
mfcc_2_p90,0.0072417957708239555,9,0
dominant_frequency,0.0072343903593719006,9,0
mfcc_4_p10,0.007161444053053856,9,0
contrast_5_p90,0.00712223257869482,9,0
contrast_0_p90,0.0070503102615475655,9,0
mfcc_16_std,0.006276864558458328,9,0
zero_crossing_rate_p10,0.006148567423224449,9,0
flatness_p90,0.005892870016396046,9,0
mfcc_1_std,0.005885454826056957,9,0
centroid_std,0.005752659868448973,9,0
contrast_4_mean,0.005643657874315977,9,0
mfcc_delta_0_std,0.005385753232985735,9,0
mfcc_4_mean,0.005248434375971556,9,0
spectral_entropy_mean,0.005239325109869242,9,0
mfcc_9_p10,0.005228844471275806,9,0
mfcc_18_p90,0.005140301305800676,9,0
contrast_0_mean,0.005076269619166851,9,0
mfcc_delta_14_std,0.004985419567674398,9,0
flatness_mean,0.004853234626352787,9,0
mfcc_3_p10,0.004672718234360218,9,0
dominant_frequency_ratio,0.004621392115950584,9,0
mfcc_7_mean,0.004605329129844904,9,0
mfcc_7_p90,0.004592231009155512,9,0
mfcc_2_mean,0.004397993441671133,9,0
mfcc_14_std,0.004352620802819729,9,0
mfcc_6_std,0.004280781373381615,9,0
centroid_p10,0.00419111642986536,9,0
rms_p90,0.00410565547645092,9,0
mfcc_delta_17_std,0.004044367931783199,9,0
mfcc_15_std,0.004026737995445728,9,0
rms_p10,0.004017184488475323,9,0
mfcc_4_p90,0.003954751417040825,9,0
mfcc_9_mean,0.003919499926269054,9,0
mfcc_delta_14_p10,0.003869158448651433,9,0
rolloff85_p10,0.003866158425807953,9,0
contrast_3_p10,0.0038546014111489058,9,0
mfcc_12_p90,0.003829533001407981,9,0
contrast_0_p10,0.003819388337433338,9,0
mfcc_0_p10,0.0037978182081133127,9,0
centroid_mean,0.0037807428743690252,9,0
mfcc_8_std,0.0037799386773258448,9,0
flatness_std,0.0037454781122505665,9,0
mfcc_7_std,0.0037423805333673954,9,0
zero_crossing_rate_std,0.003709515556693077,9,0
rms_std,0.0036678423639386892,9,0
contrast_1_p10,0.0036022302228957415,9,0
mfcc_17_std,0.003575841663405299,9,0
mfcc_0_mean,0.003545489627867937,9,0
mfcc_10_mean,0.0035425422247499228,9,0
bandwidth_std,0.00353069300763309,9,0
mfcc_1_mean,0.12752585113048553,9,1
mfcc_1_p10,0.12513071298599243,9,1
mfcc_1_p90,0.06577599048614502,9,1
contrast_5_p10,0.025650549679994583,9,1
mfcc_delta_16_std,0.015139568597078323,9,1
mfcc_17_p10,0.013548486866056919,9,1
mfcc_delta_0_p10,0.012165388092398643,9,1
rolloff85_p90,0.01039339229464531,9,1
mfcc_delta_0_p90,0.010263561271131039,9,1
contrast_0_p90,0.008654046803712845,9,1
mfcc_10_std,0.007527191657572985,9,1
mfcc_16_std,0.00746718468144536,9,1
mfcc_1_std,0.007043174467980862,9,1
flatness_p90,0.006986045278608799,9,1
mfcc_4_p10,0.006851479411125183,9,1
mfcc_2_p90,0.0067795575596392155,9,1
mfcc_4_mean,0.0062503269873559475,9,1
spectral_entropy_mean,0.006139469798654318,9,1
centroid_std,0.005534714087843895,9,1
mfcc_delta_15_std,0.005506847053766251,9,1
centroid_p10,0.005313958041369915,9,1
mfcc_delta_14_p10,0.005038597621023655,9,1
mfcc_delta_0_std,0.004877000581473112,9,1
mfcc_0_p10,0.004864796064794064,9,1
mfcc_delta_14_std,0.004611960146576166,9,1
mfcc_3_mean,0.004388019908219576,9,1
mfcc_delta_10_std,0.004366090055555105,9,1
mfcc_8_p10,0.004313894081860781,9,1
contrast_0_mean,0.004252124112099409,9,1
mfcc_18_p90,0.004221799783408642,9,1
zero_crossing_rate_p10,0.004154323600232601,9,1
mfcc_9_p90,0.00414824765175581,9,1
mfcc_2_mean,0.004140397533774376,9,1
spectral_entropy_p90,0.004134145565330982,9,1
mfcc_7_mean,0.004091166891157627,9,1
mfcc_8_p90,0.004077451303601265,9,1
mfcc_17_std,0.004074727650731802,9,1
mfcc_8_std,0.004061137326061726,9,1
dominant_frequency_ratio,0.0040329620242118835,9,1
mfcc_3_p10,0.0040182676166296005,9,1
mfcc_delta_2_p10,0.00399976409971714,9,1
bandwidth_p10,0.003938151057809591,9,1
mfcc_6_p10,0.0039155990816652775,9,1
flatness_p10,0.0038536705542355776,9,1
mfcc_17_mean,0.0038228121120482683,9,1
rolloff85_p10,0.0037891105748713017,9,1
zero_crossing_rate_std,0.003782058833166957,9,1
mfcc_delta_17_std,0.003718125866726041,9,1
mfcc_8_mean,0.003712704638019204,9,1
mfcc_9_mean,0.003647297853603959,9,1
centroid_p90,0.0036362309474498034,9,1
mfcc_10_p10,0.0036350346636027098,9,1
mfcc_0_mean,0.0036046653985977173,9,1
rolloff85_std,0.0035968513693660498,9,1
mfcc_delta_13_p10,0.0035904543474316597,9,1
dominant_frequency,0.0035822854842990637,9,1
mfcc_7_p90,0.003571048378944397,9,1
contrast_3_p10,0.003504438092932105,9,1
mfcc_14_std,0.00350087764672935,9,1
rms_p10,0.003493488533422351,9,1
mfcc_1_mean,0.1747380942106247,9,2
mfcc_1_p10,0.0824325755238533,9,2
mfcc_delta_0_p10,0.016900312155485153,9,2
mfcc_delta_0_p90,0.01465808879584074,9,2
rms_mean,0.013275545090436935,9,2
centroid_p90,0.011311683803796768,9,2
mfcc_delta_16_std,0.010992381721735,9,2
rms_p90,0.009894643910229206,9,2
contrast_5_p90,0.009749747812747955,9,2
flatness_p90,0.00856401864439249,9,2
mfcc_10_std,0.008508794009685516,9,2
spectral_entropy_mean,0.008166284300386906,9,2
zero_crossing_rate_p10,0.008162210695445538,9,2
mfcc_1_p90,0.008009049110114574,9,2
mfcc_3_p10,0.007583216298371553,9,2
mfcc_3_mean,0.007353634107857943,9,2
contrast_0_p90,0.0072284871712327,9,2
rolloff85_p90,0.006971121300011873,9,2
dominant_frequency,0.006606001872569323,9,2
contrast_0_mean,0.006433531176298857,9,2
mfcc_delta_0_std,0.006296239793300629,9,2
flatness_mean,0.005938878282904625,9,2
rolloff85_p10,0.0058303046971559525,9,2
mfcc_2_p90,0.005631239619106054,9,2
rms_p10,0.005511483643203974,9,2
contrast_3_p10,0.005423546303063631,9,2
rolloff85_mean,0.0054224468767642975,9,2
contrast_4_mean,0.005379323847591877,9,2
mfcc_15_p90,0.005293288733810186,9,2
contrast_3_p90,0.005219368729740381,9,2
spectral_entropy_p10,0.005115417763590813,9,2
mfcc_3_p90,0.005108825862407684,9,2
dominant_frequency_ratio,0.005087688565254211,9,2
mfcc_4_p90,0.004913413897156715,9,2
mfcc_7_p90,0.0048606181517243385,9,2
contrast_5_mean,0.004835060331970453,9,2
mfcc_4_mean,0.004832789767533541,9,2
bandwidth_std,0.004610207863152027,9,2
centroid_std,0.004598652012646198,9,2
flatness_std,0.004589734598994255,9,2
mfcc_delta_15_std,0.004588412586599588,9,2
mfcc_18_mean,0.004586486145853996,9,2
spectral_entropy_p90,0.004552805330604315,9,2
contrast_4_p10,0.004529044032096863,9,2
mfcc_6_mean,0.004485865589231253,9,2
bandwidth_mean,0.004445827100425959,9,2
mfcc_delta_2_std,0.004396956413984299,9,2
mfcc_14_std,0.004386113956570625,9,2
mfcc_2_mean,0.004380045458674431,9,2
mfcc_0_p10,0.0043634227477014065,9,2
flatness_p10,0.004362979903817177,9,2
mfcc_6_p10,0.004264784976840019,9,2
mfcc_5_mean,0.004227977246046066,9,2
mfcc_delta_13_p90,0.004208005033433437,9,2
mfcc_15_p10,0.004186891485005617,9,2
mfcc_0_std,0.004156702198088169,9,2
mfcc_2_p10,0.004133848939090967,9,2
contrast_0_p10,0.004117835778743029,9,2
mfcc_1_std,0.0041059027425944805,9,2
mfcc_17_mean,0.004067737143486738,9,2
bandwidth_p90,0.08133888244628906,9,3
mfcc_1_p10,0.046378105878829956,9,3
mfcc_1_mean,0.032286494970321655,9,3
bandwidth_std,0.022109027951955795,9,3
bandwidth_mean,0.01671232096850872,9,3
mfcc_2_p90,0.01581035740673542,9,3
mfcc_15_p90,0.01478017121553421,9,3
contrast_0_p90,0.013342072255909443,9,3
contrast_0_mean,0.0132890734821558,9,3
contrast_5_p90,0.0125633729621768,9,3
mfcc_3_mean,0.010882915928959846,9,3
zero_crossing_rate_p10,0.009812458418309689,9,3
contrast_5_mean,0.008945380337536335,9,3
mfcc_19_std,0.008299417793750763,9,3
mfcc_0_mean,0.00801065657287836,9,3
mfcc_delta_16_std,0.007906987331807613,9,3
mfcc_1_p90,0.007813872769474983,9,3
contrast_0_std,0.007604314014315605,9,3
mfcc_2_p10,0.0075736138969659805,9,3
mfcc_7_std,0.007324756123125553,9,3
mfcc_0_p90,0.007304071914404631,9,3
mfcc_15_mean,0.007095397915691137,9,3
mfcc_3_p90,0.006878127809613943,9,3
mfcc_delta_8_std,0.006834330502897501,9,3
contrast_5_std,0.006706492509692907,9,3
mfcc_18_mean,0.006652086973190308,9,3
flatness_p90,0.006491181906312704,9,3
contrast_1_p10,0.006485768128186464,9,3
mfcc_2_mean,0.006464898120611906,9,3
mfcc_delta_0_p10,0.006452701985836029,9,3
contrast_0_p10,0.006441494915634394,9,3
mfcc_delta_0_std,0.006309212185442448,9,3
mfcc_4_mean,0.006292272359132767,9,3
mfcc_11_mean,0.006227524485439062,9,3
contrast_2_p10,0.006212762091308832,9,3
mfcc_delta_1_std,0.0060845292173326015,9,3
mfcc_4_p90,0.006084299646317959,9,3
mfcc_3_p10,0.006037416402250528,9,3
contrast_1_mean,0.005949042737483978,9,3
rolloff85_mean,0.005944306496530771,9,3
contrast_4_mean,0.005881271790713072,9,3
flatness_std,0.005743840709328651,9,3
mfcc_7_p90,0.005566611886024475,9,3
mfcc_delta_2_p90,0.00552882207557559,9,3
rms_p90,0.00551304267719388,9,3
rms_p10,0.005512066185474396,9,3
mfcc_delta_14_std,0.005504394415766001,9,3
mfcc_9_p10,0.0054968856275081635,9,3
mfcc_delta_9_p90,0.005470257718116045,9,3
mfcc_8_mean,0.005461755208671093,9,3
mfcc_19_p90,0.005403223913162947,9,3
mfcc_8_p10,0.0052986363880336285,9,3
rms_mean,0.005217987112700939,9,3
contrast_3_p10,0.005146922077983618,9,3
contrast_2_mean,0.005142470821738243,9,3
mfcc_6_p90,0.00514180725440383,9,3
mfcc_11_p90,0.005131090525537729,9,3
rolloff85_p90,0.005103940609842539,9,3
flatness_mean,0.005089464597404003,9,3
mfcc_delta_2_std,0.0050365556962788105,9,3
mfcc_1_mean,0.09627833962440491,9,4
mfcc_1_p10,0.04035952687263489,9,4
mfcc_1_p90,0.03802558034658432,9,4
flatness_p90,0.02472790516912937,9,4
contrast_5_mean,0.019579263404011726,9,4
contrast_5_p90,0.017482487484812737,9,4
dominant_frequency,0.01600080169737339,9,4
mfcc_15_p90,0.013795612379908562,9,4
flatness_std,0.012063723057508469,9,4
rms_mean,0.011933705769479275,9,4
rolloff85_p10,0.01081591285765171,9,4
contrast_0_p10,0.010311474092304707,9,4
mfcc_delta_16_std,0.009968184866011143,9,4
flatness_mean,0.008606210350990295,9,4
rms_p10,0.008370679803192616,9,4
rms_p90,0.008266584947705269,9,4
rolloff85_mean,0.008184726350009441,9,4
mfcc_2_mean,0.007762445602566004,9,4
mfcc_delta_0_std,0.007598580792546272,9,4
mfcc_3_p10,0.007556847296655178,9,4
mfcc_0_mean,0.007516724523156881,9,4
zero_crossing_rate_p10,0.007040291093289852,9,4
mfcc_6_p10,0.006737474352121353,9,4
bandwidth_p10,0.006454943213611841,9,4
mfcc_delta_0_p10,0.006332204211503267,9,4
mfcc_2_p90,0.006198686547577381,9,4
flatness_p10,0.006140388082712889,9,4
mfcc_3_mean,0.005707941483706236,9,4
mfcc_16_std,0.005682392045855522,9,4
spectral_entropy_p90,0.005606794264167547,9,4
mfcc_4_p90,0.005594966001808643,9,4
mfcc_13_std,0.005518527701497078,9,4
mfcc_15_mean,0.005404453258961439,9,4
mfcc_15_std,0.005390102043747902,9,4
mfcc_delta_9_std,0.005249855574220419,9,4
mfcc_7_std,0.005230817943811417,9,4
mfcc_14_p90,0.005226030480116606,9,4
mfcc_delta_10_std,0.005118915345519781,9,4
mfcc_delta_1_p90,0.0049772863276302814,9,4
contrast_0_std,0.0049094827845692635,9,4
mfcc_4_mean,0.004837623797357082,9,4
zero_crossing_rate_mean,0.004773708991706371,9,4
mfcc_17_mean,0.004584921058267355,9,4
mfcc_8_mean,0.004490588326007128,9,4
mfcc_delta_2_p90,0.004363717045634985,9,4
mfcc_7_p10,0.004341381601989269,9,4
bandwidth_mean,0.0042638275772333145,9,4
mfcc_18_std,0.004234659019857645,9,4
mfcc_delta_0_p90,0.004211082588881254,9,4
zero_crossing_rate_p90,0.004193846136331558,9,4
mfcc_12_p90,0.0041789463721215725,9,4
mfcc_2_p10,0.00416922103613615,9,4
contrast_4_mean,0.004158779513090849,9,4
zero_crossing_rate_std,0.0041479081846773624,9,4
centroid_std,0.0041241939179599285,9,4
mfcc_14_std,0.004122562240809202,9,4
contrast_0_mean,0.004096261225640774,9,4
centroid_p90,0.004076470620930195,9,4
contrast_1_mean,0.004022624343633652,9,4
mfcc_delta_13_std,0.004009263124316931,9,4
