feature,gain,repeat,fold
mfcc_16_std,0.14155592024326324,0,0
contrast_2_std,0.07702948153018951,0,0
zero_crossing_rate_mean,0.04534389078617096,0,0
mfcc_15_p90,0.04106401652097702,0,0
contrast_5_p90,0.032731711864471436,0,0
mfcc_15_std,0.023711564019322395,0,0
centroid_mean,0.02274530939757824,0,0
mfcc_1_p10,0.02269437536597252,0,0
contrast_2_p90,0.01943093165755272,0,0
rolloff85_p90,0.018762320280075073,0,0
mfcc_3_p10,0.018058953806757927,0,0
zero_crossing_rate_p90,0.017337260767817497,0,0
mfcc_14_std,0.01636471413075924,0,0
mfcc_1_p90,0.015049860812723637,0,0
spectral_entropy_p90,0.015041045844554901,0,0
centroid_p90,0.015009975992143154,0,0
flatness_p90,0.014021212235093117,0,0
mfcc_1_mean,0.013506554067134857,0,0
mfcc_2_p90,0.011942906305193901,0,0
contrast_5_mean,0.010385283268988132,0,0
flatness_p10,0.00973780732601881,0,0
mfcc_11_mean,0.008812369778752327,0,0
rms_p10,0.007902630604803562,0,0
bandwidth_p90,0.0076866610907018185,0,0
contrast_0_std,0.007629060186445713,0,0
contrast_0_mean,0.007614135276526213,0,0
mfcc_8_std,0.007564290892332792,0,0
mfcc_5_std,0.007350699044764042,0,0
contrast_0_p10,0.007043181918561459,0,0
spectral_entropy_mean,0.006912435404956341,0,0
mfcc_5_p10,0.006756854243576527,0,0
mfcc_3_mean,0.006740023382008076,0,0
dominant_frequency,0.006736987270414829,0,0
mfcc_delta_0_std,0.006617510225623846,0,0
mfcc_delta_1_std,0.006372151896357536,0,0
rms_p90,0.006236464716494083,0,0
mfcc_8_p90,0.005975380074232817,0,0
contrast_0_p90,0.0059289089404046535,0,0
dominant_frequency_ratio,0.005577192176133394,0,0
mfcc_5_mean,0.0055327145382761955,0,0
rms_mean,0.005527447443455458,0,0
mfcc_6_p10,0.005418520420789719,0,0
mfcc_11_p10,0.005155039951205254,0,0
mfcc_3_p90,0.004925118293613195,0,0
mfcc_delta_8_std,0.0049089351668953896,0,0
rolloff85_mean,0.004738260060548782,0,0
contrast_1_mean,0.004626621957868338,0,0
contrast_2_mean,0.00457725441083312,0,0
mfcc_11_p90,0.00436641788110137,0,0
mfcc_12_p90,0.004356185905635357,0,0
mfcc_delta_14_std,0.004299269989132881,0,0
mfcc_18_p90,0.00420917384326458,0,0
zero_crossing_rate_p10,0.004092762246727943,0,0
mfcc_4_p10,0.004064170178025961,0,0
mfcc_0_std,0.003934317734092474,0,0
spectral_entropy_p10,0.0038531741593033075,0,0
mfcc_3_std,0.003717745654284954,0,0
mfcc_15_mean,0.003644257551059127,0,0
mfcc_0_p90,0.003622595453634858,0,0
contrast_3_mean,0.0035799583420157433,0,0
mfcc_16_std,0.13926386833190918,0,1
contrast_2_std,0.07529638707637787,0,1
zero_crossing_rate_mean,0.05917472764849663,0,1
mfcc_15_std,0.03717243671417236,0,1
contrast_5_p90,0.03556016832590103,0,1
zero_crossing_rate_p90,0.030838845297694206,0,1
rolloff85_p90,0.029313040897250175,0,1
contrast_2_p90,0.025733521208167076,0,1
centroid_p90,0.025716107338666916,0,1
spectral_entropy_p90,0.018996920436620712,0,1
mfcc_14_std,0.018901614472270012,0,1
mfcc_15_p90,0.017975719645619392,0,1
flatness_p90,0.017849553376436234,0,1
mfcc_3_p10,0.017087187618017197,0,1
mfcc_1_p10,0.01226067915558815,0,1
mfcc_1_mean,0.011612574569880962,0,1
contrast_5_mean,0.01047175657004118,0,1
mfcc_1_p90,0.010465829633176327,0,1
rms_p90,0.00927586667239666,0,1
mfcc_delta_0_std,0.008800714276731014,0,1
mfcc_delta_1_std,0.0087303901091218,0,1
mfcc_11_mean,0.008424598723649979,0,1
contrast_0_std,0.008248912170529366,0,1
contrast_0_p90,0.008004059083759785,0,1
flatness_mean,0.007537744008004665,0,1
rms_p10,0.007469541858881712,0,1
mfcc_5_std,0.007233154494315386,0,1
mfcc_8_std,0.006920631974935532,0,1
flatness_p10,0.00653995294123888,0,1
rolloff85_mean,0.006176264025270939,0,1
contrast_4_mean,0.006171784829348326,0,1
mfcc_9_p90,0.006007289979606867,0,1
rms_mean,0.005847429856657982,0,1
flatness_std,0.005739435087889433,0,1
contrast_5_p10,0.005616832058876753,0,1
mfcc_8_p90,0.0055460212752223015,0,1
contrast_4_p90,0.005510800052434206,0,1
mfcc_11_p90,0.005435583181679249,0,1
mfcc_3_p90,0.0054211984388530254,0,1
mfcc_3_mean,0.005265281070023775,0,1
mfcc_delta_1_p10,0.0051958090625703335,0,1
dominant_frequency,0.005099790636450052,0,1
zero_crossing_rate_p10,0.005078562069684267,0,1
bandwidth_p10,0.00505110714584589,0,1
mfcc_11_p10,0.004799616988748312,0,1
mfcc_13_std,0.004578429739922285,0,1
dominant_frequency_ratio,0.004529135301709175,0,1
mfcc_10_p90,0.004469897132366896,0,1
mfcc_6_p10,0.0043281312100589275,0,1
bandwidth_p90,0.004312111064791679,0,1
mfcc_3_std,0.00427589425817132,0,1
mfcc_18_p90,0.0042670536786317825,0,1
spectral_entropy_mean,0.004123893100768328,0,1
bandwidth_mean,0.00401316536590457,0,1
centroid_p10,0.0038864249363541603,0,1
contrast_0_p10,0.0038768230006098747,0,1
mfcc_0_p90,0.0037569853011518717,0,1
spectral_entropy_p10,0.0037511754781007767,0,1
mfcc_6_mean,0.003632472362369299,0,1
mfcc_4_p10,0.003610825864598155,0,1
contrast_4_p90,0.14676357805728912,0,2
rms_std,0.06541368365287781,0,2
mfcc_delta_8_std,0.06131419911980629,0,2
contrast_4_mean,0.044806014746427536,0,2
contrast_5_p90,0.044195789843797684,0,2
mfcc_7_p10,0.034658171236515045,0,2
rolloff85_mean,0.03027653880417347,0,2
mfcc_8_p10,0.02458280511200428,0,2
rms_p90,0.01795991323888302,0,2
centroid_p10,0.01667589135468006,0,2
mfcc_1_mean,0.01603415049612522,0,2
contrast_2_mean,0.01507007610052824,0,2
mfcc_delta_0_std,0.015033474192023277,0,2
dominant_frequency,0.013667925260961056,0,2
mfcc_13_p10,0.011843410320580006,0,2
contrast_2_std,0.010969988070428371,0,2
mfcc_2_p10,0.01095995306968689,0,2
mfcc_3_p90,0.010932340286672115,0,2
contrast_0_p90,0.010519272647798061,0,2
mfcc_2_p90,0.010011223144829273,0,2
mfcc_delta_0_p90,0.009874282404780388,0,2
mfcc_1_p90,0.009788157418370247,0,2
mfcc_3_p10,0.009443077258765697,0,2
bandwidth_p90,0.008734053932130337,0,2
contrast_2_p90,0.008726699277758598,0,2
contrast_5_p10,0.008055495098233223,0,2
contrast_5_mean,0.008016582578420639,0,2
contrast_0_mean,0.007928438484668732,0,2
spectral_entropy_p90,0.0076300459913909435,0,2
centroid_mean,0.007619741838425398,0,2
contrast_1_p10,0.007446715142577887,0,2
mfcc_6_std,0.007426724303513765,0,2
mfcc_1_p10,0.007284272462129593,0,2
contrast_0_std,0.007284162566065788,0,2
flatness_p90,0.0072780209593474865,0,2
mfcc_11_mean,0.007048741448670626,0,2
rolloff85_p90,0.006443075370043516,0,2
contrast_0_p10,0.005663583520799875,0,2
mfcc_3_mean,0.005510011222213507,0,2
mfcc_16_std,0.005368477199226618,0,2
mfcc_delta_5_p10,0.0053248330950737,0,2
centroid_p90,0.005071584600955248,0,2
zero_crossing_rate_p90,0.005048844963312149,0,2
mfcc_5_p10,0.004861714784055948,0,2
mfcc_5_std,0.004740141797810793,0,2
rms_p10,0.004712781868875027,0,2
flatness_p10,0.004489845130592585,0,2
bandwidth_std,0.0039060558192431927,0,2
rms_mean,0.0038451706059277058,0,2
mfcc_2_mean,0.003840413875877857,0,2
mfcc_8_std,0.0034127773251384497,0,2
mfcc_11_p10,0.0032934010960161686,0,2
contrast_1_mean,0.0031747075263410807,0,2
mfcc_delta_13_std,0.003142408560961485,0,2
mfcc_14_std,0.0031336392275989056,0,2
mfcc_delta_1_std,0.003058868693187833,0,2
contrast_3_mean,0.003026853548362851,0,2
mfcc_15_std,0.0028042523190379143,0,2
mfcc_delta_5_p90,0.002758245449513197,0,2
mfcc_6_mean,0.002626829780638218,0,2
mfcc_15_std,0.12030869722366333,0,3
mfcc_1_p10,0.10520616918802261,0,3
mfcc_16_std,0.05591382831335068,0,3
mfcc_7_p10,0.054397355765104294,0,3
zero_crossing_rate_std,0.03259994462132454,0,3
rolloff85_p90,0.03133893758058548,0,3
mfcc_6_p10,0.03130754455924034,0,3
rms_mean,0.025622112676501274,0,3
contrast_0_p10,0.025398608297109604,0,3
rolloff85_p10,0.02191857434809208,0,3
mfcc_1_mean,0.020910458639264107,0,3
rms_p10,0.019112147390842438,0,3
mfcc_3_mean,0.017338808625936508,0,3
mfcc_8_std,0.014904582872986794,0,3
rolloff85_mean,0.01477016694843769,0,3
mfcc_14_std,0.013594800606369972,0,3
dominant_frequency,0.012412244454026222,0,3
contrast_4_mean,0.011531037278473377,0,3
centroid_p10,0.010792811401188374,0,3
mfcc_delta_15_std,0.010501346550881863,0,3
contrast_0_mean,0.01042010448873043,0,3
mfcc_0_mean,0.008320458233356476,0,3
contrast_5_p10,0.007957764901220798,0,3
contrast_5_p90,0.007383254822343588,0,3
contrast_5_mean,0.007180251181125641,0,3
mfcc_3_p90,0.007041944190859795,0,3
mfcc_13_std,0.006899047177284956,0,3
contrast_0_p90,0.00687175989151001,0,3
rms_std,0.006811702158302069,0,3
contrast_4_std,0.006625933572649956,0,3
mfcc_18_std,0.006477451417595148,0,3
centroid_mean,0.006377652753144503,0,3
zero_crossing_rate_mean,0.006333981640636921,0,3
mfcc_0_p90,0.00553631829097867,0,3
bandwidth_p10,0.005530014168471098,0,3
mfcc_8_p10,0.005230448208749294,0,3
spectral_entropy_p90,0.005174451973289251,0,3
mfcc_2_p10,0.005163790658116341,0,3
zero_crossing_rate_p90,0.004977955017238855,0,3
rms_p90,0.00480198347941041,0,3
flatness_p10,0.004786795005202293,0,3
mfcc_18_mean,0.00476167444139719,0,3
mfcc_5_p90,0.004695565905421972,0,3
mfcc_0_p10,0.004543202929198742,0,3
mfcc_6_mean,0.004333129618316889,0,3
mfcc_5_std,0.004247150383889675,0,3
contrast_0_std,0.004155447240918875,0,3
contrast_4_p90,0.003897244343534112,0,3
mfcc_2_mean,0.0038497522473335266,0,3
mfcc_11_p90,0.0034656331408768892,0,3
mfcc_15_p90,0.003186747431755066,0,3
mfcc_3_p10,0.0031034185085445642,0,3
contrast_3_mean,0.003102495102211833,0,3
mfcc_delta_1_std,0.0030236453749239445,0,3
zero_crossing_rate_p10,0.0030141654424369335,0,3
bandwidth_mean,0.0029234488029032946,0,3
spectral_entropy_p10,0.002886537229642272,0,3
contrast_1_mean,0.00287055061198771,0,3
mfcc_4_mean,0.002866624388843775,0,3
spectral_entropy_mean,0.002810204168781638,0,3
mfcc_2_p10,0.1405823975801468,0,4
mfcc_16_std,0.13124245405197144,0,4
mfcc_2_p90,0.038807183504104614,0,4
spectral_entropy_p90,0.03569835424423218,0,4
mfcc_2_mean,0.031161297112703323,0,4
contrast_2_std,0.03019179217517376,0,4
mfcc_4_mean,0.02819697931408882,0,4
flatness_p90,0.025721900165081024,0,4
mfcc_15_std,0.02456415444612503,0,4
spectral_entropy_mean,0.021378133445978165,0,4
mfcc_13_std,0.020350046455860138,0,4
mfcc_4_p10,0.01953703910112381,0,4
mfcc_11_mean,0.018316058441996574,0,4
centroid_p90,0.014889375306665897,0,4
centroid_mean,0.014444360509514809,0,4
spectral_entropy_p10,0.014269571751356125,0,4
mfcc_11_p90,0.012132171541452408,0,4
dominant_frequency_ratio,0.011654011905193329,0,4
mfcc_9_std,0.01108788326382637,0,4
contrast_0_p90,0.010820943862199783,0,4
contrast_5_p90,0.008288617245852947,0,4
mfcc_delta_8_p90,0.00817469134926796,0,4
bandwidth_p90,0.008127282373607159,0,4
contrast_5_p10,0.0074482387863099575,0,4
mfcc_5_mean,0.007231939118355513,0,4
contrast_2_mean,0.0065768687054514885,0,4
contrast_2_p90,0.006554894149303436,0,4
zero_crossing_rate_p90,0.006252574734389782,0,4
mfcc_14_std,0.006235742010176182,0,4
mfcc_1_p10,0.006085003260523081,0,4
mfcc_delta_8_std,0.006056623999029398,0,4
zero_crossing_rate_p10,0.005969400051981211,0,4
rolloff85_mean,0.0057424092665314674,0,4
mfcc_7_p90,0.005464337300509214,0,4
contrast_5_mean,0.005422884598374367,0,4
rms_p10,0.005316818132996559,0,4
rolloff85_p10,0.005153677426278591,0,4
contrast_5_std,0.005071599502116442,0,4
contrast_0_mean,0.004849042743444443,0,4
mfcc_8_p90,0.004821052309125662,0,4
bandwidth_mean,0.004677460994571447,0,4
contrast_0_std,0.004531464073807001,0,4
mfcc_11_p10,0.004455810412764549,0,4
rms_mean,0.004347046837210655,0,4
mfcc_19_mean,0.0043063354678452015,0,4
mfcc_delta_7_std,0.00417931005358696,0,4
rolloff85_p90,0.003945321310311556,0,4
contrast_4_p90,0.003942933399230242,0,4
mfcc_5_p10,0.0038741561584174633,0,4
mfcc_9_p90,0.003715462051331997,0,4
mfcc_4_p90,0.003705895273014903,0,4
contrast_0_p10,0.0036393157206475735,0,4
flatness_p10,0.003622883465141058,0,4
centroid_p10,0.003536238567903638,0,4
mfcc_delta_13_p90,0.0035340343602001667,0,4
mfcc_5_p90,0.0034928584937006235,0,4
mfcc_delta_9_std,0.0034150430001318455,0,4
flatness_mean,0.0033931664656847715,0,4
flatness_std,0.003388242796063423,0,4
mfcc_19_std,0.0032465753611177206,0,4
mfcc_16_std,0.14155592024326324,1,0
contrast_2_std,0.07702948153018951,1,0
zero_crossing_rate_mean,0.04534389078617096,1,0
mfcc_15_p90,0.04106401652097702,1,0
contrast_5_p90,0.032731711864471436,1,0
mfcc_15_std,0.023711564019322395,1,0
centroid_mean,0.02274530939757824,1,0
mfcc_1_p10,0.02269437536597252,1,0
contrast_2_p90,0.01943093165755272,1,0
rolloff85_p90,0.018762320280075073,1,0
mfcc_3_p10,0.018058953806757927,1,0
zero_crossing_rate_p90,0.017337260767817497,1,0
mfcc_14_std,0.01636471413075924,1,0
mfcc_1_p90,0.015049860812723637,1,0
spectral_entropy_p90,0.015041045844554901,1,0
centroid_p90,0.015009975992143154,1,0
flatness_p90,0.014021212235093117,1,0
mfcc_1_mean,0.013506554067134857,1,0
mfcc_2_p90,0.011942906305193901,1,0
contrast_5_mean,0.010385283268988132,1,0
flatness_p10,0.00973780732601881,1,0
mfcc_11_mean,0.008812369778752327,1,0
rms_p10,0.007902630604803562,1,0
bandwidth_p90,0.0076866610907018185,1,0
contrast_0_std,0.007629060186445713,1,0
contrast_0_mean,0.007614135276526213,1,0
mfcc_8_std,0.007564290892332792,1,0
mfcc_5_std,0.007350699044764042,1,0
contrast_0_p10,0.007043181918561459,1,0
spectral_entropy_mean,0.006912435404956341,1,0
mfcc_5_p10,0.006756854243576527,1,0
mfcc_3_mean,0.006740023382008076,1,0
dominant_frequency,0.006736987270414829,1,0
mfcc_delta_0_std,0.006617510225623846,1,0
mfcc_delta_1_std,0.006372151896357536,1,0
rms_p90,0.006236464716494083,1,0
mfcc_8_p90,0.005975380074232817,1,0
contrast_0_p90,0.0059289089404046535,1,0
dominant_frequency_ratio,0.005577192176133394,1,0
mfcc_5_mean,0.0055327145382761955,1,0
rms_mean,0.005527447443455458,1,0
mfcc_6_p10,0.005418520420789719,1,0
mfcc_11_p10,0.005155039951205254,1,0
mfcc_3_p90,0.004925118293613195,1,0
mfcc_delta_8_std,0.0049089351668953896,1,0
rolloff85_mean,0.004738260060548782,1,0
contrast_1_mean,0.004626621957868338,1,0
contrast_2_mean,0.00457725441083312,1,0
mfcc_11_p90,0.00436641788110137,1,0
mfcc_12_p90,0.004356185905635357,1,0
mfcc_delta_14_std,0.004299269989132881,1,0
mfcc_18_p90,0.00420917384326458,1,0
zero_crossing_rate_p10,0.004092762246727943,1,0
mfcc_4_p10,0.004064170178025961,1,0
mfcc_0_std,0.003934317734092474,1,0
spectral_entropy_p10,0.0038531741593033075,1,0
mfcc_3_std,0.003717745654284954,1,0
mfcc_15_mean,0.003644257551059127,1,0
mfcc_0_p90,0.003622595453634858,1,0
contrast_3_mean,0.0035799583420157433,1,0
mfcc_16_std,0.13926386833190918,1,1
contrast_2_std,0.07529638707637787,1,1
zero_crossing_rate_mean,0.05917472764849663,1,1
mfcc_15_std,0.03717243671417236,1,1
contrast_5_p90,0.03556016832590103,1,1
zero_crossing_rate_p90,0.030838845297694206,1,1
rolloff85_p90,0.029313040897250175,1,1
contrast_2_p90,0.025733521208167076,1,1
centroid_p90,0.025716107338666916,1,1
spectral_entropy_p90,0.018996920436620712,1,1
mfcc_14_std,0.018901614472270012,1,1
mfcc_15_p90,0.017975719645619392,1,1
flatness_p90,0.017849553376436234,1,1
mfcc_3_p10,0.017087187618017197,1,1
mfcc_1_p10,0.01226067915558815,1,1
mfcc_1_mean,0.011612574569880962,1,1
contrast_5_mean,0.01047175657004118,1,1
mfcc_1_p90,0.010465829633176327,1,1
rms_p90,0.00927586667239666,1,1
mfcc_delta_0_std,0.008800714276731014,1,1
mfcc_delta_1_std,0.0087303901091218,1,1
mfcc_11_mean,0.008424598723649979,1,1
contrast_0_std,0.008248912170529366,1,1
contrast_0_p90,0.008004059083759785,1,1
flatness_mean,0.007537744008004665,1,1
rms_p10,0.007469541858881712,1,1
mfcc_5_std,0.007233154494315386,1,1
mfcc_8_std,0.006920631974935532,1,1
flatness_p10,0.00653995294123888,1,1
rolloff85_mean,0.006176264025270939,1,1
contrast_4_mean,0.006171784829348326,1,1
mfcc_9_p90,0.006007289979606867,1,1
rms_mean,0.005847429856657982,1,1
flatness_std,0.005739435087889433,1,1
contrast_5_p10,0.005616832058876753,1,1
mfcc_8_p90,0.0055460212752223015,1,1
contrast_4_p90,0.005510800052434206,1,1
mfcc_11_p90,0.005435583181679249,1,1
mfcc_3_p90,0.0054211984388530254,1,1
mfcc_3_mean,0.005265281070023775,1,1
mfcc_delta_1_p10,0.0051958090625703335,1,1
dominant_frequency,0.005099790636450052,1,1
zero_crossing_rate_p10,0.005078562069684267,1,1
bandwidth_p10,0.00505110714584589,1,1
mfcc_11_p10,0.004799616988748312,1,1
mfcc_13_std,0.004578429739922285,1,1
dominant_frequency_ratio,0.004529135301709175,1,1
mfcc_10_p90,0.004469897132366896,1,1
mfcc_6_p10,0.0043281312100589275,1,1
bandwidth_p90,0.004312111064791679,1,1
mfcc_3_std,0.00427589425817132,1,1
mfcc_18_p90,0.0042670536786317825,1,1
spectral_entropy_mean,0.004123893100768328,1,1
bandwidth_mean,0.00401316536590457,1,1
centroid_p10,0.0038864249363541603,1,1
contrast_0_p10,0.0038768230006098747,1,1
mfcc_0_p90,0.0037569853011518717,1,1
spectral_entropy_p10,0.0037511754781007767,1,1
mfcc_6_mean,0.003632472362369299,1,1
mfcc_4_p10,0.003610825864598155,1,1
contrast_4_p90,0.14676357805728912,1,2
rms_std,0.06541368365287781,1,2
mfcc_delta_8_std,0.06131419911980629,1,2
contrast_4_mean,0.044806014746427536,1,2
contrast_5_p90,0.044195789843797684,1,2
mfcc_7_p10,0.034658171236515045,1,2
rolloff85_mean,0.03027653880417347,1,2
mfcc_8_p10,0.02458280511200428,1,2
rms_p90,0.01795991323888302,1,2
centroid_p10,0.01667589135468006,1,2
mfcc_1_mean,0.01603415049612522,1,2
contrast_2_mean,0.01507007610052824,1,2
mfcc_delta_0_std,0.015033474192023277,1,2
dominant_frequency,0.013667925260961056,1,2
mfcc_13_p10,0.011843410320580006,1,2
contrast_2_std,0.010969988070428371,1,2
mfcc_2_p10,0.01095995306968689,1,2
mfcc_3_p90,0.010932340286672115,1,2
contrast_0_p90,0.010519272647798061,1,2
mfcc_2_p90,0.010011223144829273,1,2
mfcc_delta_0_p90,0.009874282404780388,1,2
mfcc_1_p90,0.009788157418370247,1,2
mfcc_3_p10,0.009443077258765697,1,2
bandwidth_p90,0.008734053932130337,1,2
contrast_2_p90,0.008726699277758598,1,2
contrast_5_p10,0.008055495098233223,1,2
contrast_5_mean,0.008016582578420639,1,2
contrast_0_mean,0.007928438484668732,1,2
spectral_entropy_p90,0.0076300459913909435,1,2
centroid_mean,0.007619741838425398,1,2
contrast_1_p10,0.007446715142577887,1,2
mfcc_6_std,0.007426724303513765,1,2
mfcc_1_p10,0.007284272462129593,1,2
contrast_0_std,0.007284162566065788,1,2
flatness_p90,0.0072780209593474865,1,2
mfcc_11_mean,0.007048741448670626,1,2
rolloff85_p90,0.006443075370043516,1,2
contrast_0_p10,0.005663583520799875,1,2
mfcc_3_mean,0.005510011222213507,1,2
mfcc_16_std,0.005368477199226618,1,2
mfcc_delta_5_p10,0.0053248330950737,1,2
centroid_p90,0.005071584600955248,1,2
zero_crossing_rate_p90,0.005048844963312149,1,2
mfcc_5_p10,0.004861714784055948,1,2
mfcc_5_std,0.004740141797810793,1,2
rms_p10,0.004712781868875027,1,2
flatness_p10,0.004489845130592585,1,2
bandwidth_std,0.0039060558192431927,1,2
rms_mean,0.0038451706059277058,1,2
mfcc_2_mean,0.003840413875877857,1,2
mfcc_8_std,0.0034127773251384497,1,2
mfcc_11_p10,0.0032934010960161686,1,2
contrast_1_mean,0.0031747075263410807,1,2
mfcc_delta_13_std,0.003142408560961485,1,2
mfcc_14_std,0.0031336392275989056,1,2
mfcc_delta_1_std,0.003058868693187833,1,2
contrast_3_mean,0.003026853548362851,1,2
mfcc_15_std,0.0028042523190379143,1,2
mfcc_delta_5_p90,0.002758245449513197,1,2
mfcc_6_mean,0.002626829780638218,1,2
mfcc_15_std,0.12030869722366333,1,3
mfcc_1_p10,0.10520616918802261,1,3
mfcc_16_std,0.05591382831335068,1,3
mfcc_7_p10,0.054397355765104294,1,3
zero_crossing_rate_std,0.03259994462132454,1,3
rolloff85_p90,0.03133893758058548,1,3
mfcc_6_p10,0.03130754455924034,1,3
rms_mean,0.025622112676501274,1,3
contrast_0_p10,0.025398608297109604,1,3
rolloff85_p10,0.02191857434809208,1,3
mfcc_1_mean,0.020910458639264107,1,3
rms_p10,0.019112147390842438,1,3
mfcc_3_mean,0.017338808625936508,1,3
mfcc_8_std,0.014904582872986794,1,3
rolloff85_mean,0.01477016694843769,1,3
mfcc_14_std,0.013594800606369972,1,3
dominant_frequency,0.012412244454026222,1,3
contrast_4_mean,0.011531037278473377,1,3
centroid_p10,0.010792811401188374,1,3
mfcc_delta_15_std,0.010501346550881863,1,3
contrast_0_mean,0.01042010448873043,1,3
mfcc_0_mean,0.008320458233356476,1,3
contrast_5_p10,0.007957764901220798,1,3
contrast_5_p90,0.007383254822343588,1,3
contrast_5_mean,0.007180251181125641,1,3
mfcc_3_p90,0.007041944190859795,1,3
mfcc_13_std,0.006899047177284956,1,3
contrast_0_p90,0.00687175989151001,1,3
rms_std,0.006811702158302069,1,3
contrast_4_std,0.006625933572649956,1,3
mfcc_18_std,0.006477451417595148,1,3
centroid_mean,0.006377652753144503,1,3
zero_crossing_rate_mean,0.006333981640636921,1,3
mfcc_0_p90,0.00553631829097867,1,3
bandwidth_p10,0.005530014168471098,1,3
mfcc_8_p10,0.005230448208749294,1,3
spectral_entropy_p90,0.005174451973289251,1,3
mfcc_2_p10,0.005163790658116341,1,3
zero_crossing_rate_p90,0.004977955017238855,1,3
rms_p90,0.00480198347941041,1,3
flatness_p10,0.004786795005202293,1,3
mfcc_18_mean,0.00476167444139719,1,3
mfcc_5_p90,0.004695565905421972,1,3
mfcc_0_p10,0.004543202929198742,1,3
mfcc_6_mean,0.004333129618316889,1,3
mfcc_5_std,0.004247150383889675,1,3
contrast_0_std,0.004155447240918875,1,3
contrast_4_p90,0.003897244343534112,1,3
mfcc_2_mean,0.0038497522473335266,1,3
mfcc_11_p90,0.0034656331408768892,1,3
mfcc_15_p90,0.003186747431755066,1,3
mfcc_3_p10,0.0031034185085445642,1,3
contrast_3_mean,0.003102495102211833,1,3
mfcc_delta_1_std,0.0030236453749239445,1,3
zero_crossing_rate_p10,0.0030141654424369335,1,3
bandwidth_mean,0.0029234488029032946,1,3
spectral_entropy_p10,0.002886537229642272,1,3
contrast_1_mean,0.00287055061198771,1,3
mfcc_4_mean,0.002866624388843775,1,3
spectral_entropy_mean,0.002810204168781638,1,3
mfcc_2_p10,0.1405823975801468,1,4
mfcc_16_std,0.13124245405197144,1,4
mfcc_2_p90,0.038807183504104614,1,4
spectral_entropy_p90,0.03569835424423218,1,4
mfcc_2_mean,0.031161297112703323,1,4
contrast_2_std,0.03019179217517376,1,4
mfcc_4_mean,0.02819697931408882,1,4
flatness_p90,0.025721900165081024,1,4
mfcc_15_std,0.02456415444612503,1,4
spectral_entropy_mean,0.021378133445978165,1,4
mfcc_13_std,0.020350046455860138,1,4
mfcc_4_p10,0.01953703910112381,1,4
mfcc_11_mean,0.018316058441996574,1,4
centroid_p90,0.014889375306665897,1,4
centroid_mean,0.014444360509514809,1,4
spectral_entropy_p10,0.014269571751356125,1,4
mfcc_11_p90,0.012132171541452408,1,4
dominant_frequency_ratio,0.011654011905193329,1,4
mfcc_9_std,0.01108788326382637,1,4
contrast_0_p90,0.010820943862199783,1,4
contrast_5_p90,0.008288617245852947,1,4
mfcc_delta_8_p90,0.00817469134926796,1,4
bandwidth_p90,0.008127282373607159,1,4
contrast_5_p10,0.0074482387863099575,1,4
mfcc_5_mean,0.007231939118355513,1,4
contrast_2_mean,0.0065768687054514885,1,4
contrast_2_p90,0.006554894149303436,1,4
zero_crossing_rate_p90,0.006252574734389782,1,4
mfcc_14_std,0.006235742010176182,1,4
mfcc_1_p10,0.006085003260523081,1,4
mfcc_delta_8_std,0.006056623999029398,1,4
zero_crossing_rate_p10,0.005969400051981211,1,4
rolloff85_mean,0.0057424092665314674,1,4
mfcc_7_p90,0.005464337300509214,1,4
contrast_5_mean,0.005422884598374367,1,4
rms_p10,0.005316818132996559,1,4
rolloff85_p10,0.005153677426278591,1,4
contrast_5_std,0.005071599502116442,1,4
contrast_0_mean,0.004849042743444443,1,4
mfcc_8_p90,0.004821052309125662,1,4
bandwidth_mean,0.004677460994571447,1,4
contrast_0_std,0.004531464073807001,1,4
mfcc_11_p10,0.004455810412764549,1,4
rms_mean,0.004347046837210655,1,4
mfcc_19_mean,0.0043063354678452015,1,4
mfcc_delta_7_std,0.00417931005358696,1,4
rolloff85_p90,0.003945321310311556,1,4
contrast_4_p90,0.003942933399230242,1,4
mfcc_5_p10,0.0038741561584174633,1,4
mfcc_9_p90,0.003715462051331997,1,4
mfcc_4_p90,0.003705895273014903,1,4
contrast_0_p10,0.0036393157206475735,1,4
flatness_p10,0.003622883465141058,1,4
centroid_p10,0.003536238567903638,1,4
mfcc_delta_13_p90,0.0035340343602001667,1,4
mfcc_5_p90,0.0034928584937006235,1,4
mfcc_delta_9_std,0.0034150430001318455,1,4
flatness_mean,0.0033931664656847715,1,4
flatness_std,0.003388242796063423,1,4
mfcc_19_std,0.0032465753611177206,1,4
mfcc_16_std,0.14155592024326324,2,0
contrast_2_std,0.07702948153018951,2,0
zero_crossing_rate_mean,0.04534389078617096,2,0
mfcc_15_p90,0.04106401652097702,2,0
contrast_5_p90,0.032731711864471436,2,0
mfcc_15_std,0.023711564019322395,2,0
centroid_mean,0.02274530939757824,2,0
mfcc_1_p10,0.02269437536597252,2,0
contrast_2_p90,0.01943093165755272,2,0
rolloff85_p90,0.018762320280075073,2,0
mfcc_3_p10,0.018058953806757927,2,0
zero_crossing_rate_p90,0.017337260767817497,2,0
mfcc_14_std,0.01636471413075924,2,0
mfcc_1_p90,0.015049860812723637,2,0
spectral_entropy_p90,0.015041045844554901,2,0
centroid_p90,0.015009975992143154,2,0
flatness_p90,0.014021212235093117,2,0
mfcc_1_mean,0.013506554067134857,2,0
mfcc_2_p90,0.011942906305193901,2,0
contrast_5_mean,0.010385283268988132,2,0
flatness_p10,0.00973780732601881,2,0
mfcc_11_mean,0.008812369778752327,2,0
rms_p10,0.007902630604803562,2,0
bandwidth_p90,0.0076866610907018185,2,0
contrast_0_std,0.007629060186445713,2,0
contrast_0_mean,0.007614135276526213,2,0
mfcc_8_std,0.007564290892332792,2,0
mfcc_5_std,0.007350699044764042,2,0
contrast_0_p10,0.007043181918561459,2,0
spectral_entropy_mean,0.006912435404956341,2,0
mfcc_5_p10,0.006756854243576527,2,0
mfcc_3_mean,0.006740023382008076,2,0
dominant_frequency,0.006736987270414829,2,0
mfcc_delta_0_std,0.006617510225623846,2,0
mfcc_delta_1_std,0.006372151896357536,2,0
rms_p90,0.006236464716494083,2,0
mfcc_8_p90,0.005975380074232817,2,0
contrast_0_p90,0.0059289089404046535,2,0
dominant_frequency_ratio,0.005577192176133394,2,0
mfcc_5_mean,0.0055327145382761955,2,0
rms_mean,0.005527447443455458,2,0
mfcc_6_p10,0.005418520420789719,2,0
mfcc_11_p10,0.005155039951205254,2,0
mfcc_3_p90,0.004925118293613195,2,0
mfcc_delta_8_std,0.0049089351668953896,2,0
rolloff85_mean,0.004738260060548782,2,0
contrast_1_mean,0.004626621957868338,2,0
contrast_2_mean,0.00457725441083312,2,0
mfcc_11_p90,0.00436641788110137,2,0
mfcc_12_p90,0.004356185905635357,2,0
mfcc_delta_14_std,0.004299269989132881,2,0
mfcc_18_p90,0.00420917384326458,2,0
zero_crossing_rate_p10,0.004092762246727943,2,0
mfcc_4_p10,0.004064170178025961,2,0
mfcc_0_std,0.003934317734092474,2,0
spectral_entropy_p10,0.0038531741593033075,2,0
mfcc_3_std,0.003717745654284954,2,0
mfcc_15_mean,0.003644257551059127,2,0
mfcc_0_p90,0.003622595453634858,2,0
contrast_3_mean,0.0035799583420157433,2,0
mfcc_16_std,0.13926386833190918,2,1
contrast_2_std,0.07529638707637787,2,1
zero_crossing_rate_mean,0.05917472764849663,2,1
mfcc_15_std,0.03717243671417236,2,1
contrast_5_p90,0.03556016832590103,2,1
zero_crossing_rate_p90,0.030838845297694206,2,1
rolloff85_p90,0.029313040897250175,2,1
contrast_2_p90,0.025733521208167076,2,1
centroid_p90,0.025716107338666916,2,1
spectral_entropy_p90,0.018996920436620712,2,1
mfcc_14_std,0.018901614472270012,2,1
mfcc_15_p90,0.017975719645619392,2,1
flatness_p90,0.017849553376436234,2,1
mfcc_3_p10,0.017087187618017197,2,1
mfcc_1_p10,0.01226067915558815,2,1
mfcc_1_mean,0.011612574569880962,2,1
contrast_5_mean,0.01047175657004118,2,1
mfcc_1_p90,0.010465829633176327,2,1
rms_p90,0.00927586667239666,2,1
mfcc_delta_0_std,0.008800714276731014,2,1
mfcc_delta_1_std,0.0087303901091218,2,1
mfcc_11_mean,0.008424598723649979,2,1
contrast_0_std,0.008248912170529366,2,1
contrast_0_p90,0.008004059083759785,2,1
flatness_mean,0.007537744008004665,2,1
rms_p10,0.007469541858881712,2,1
mfcc_5_std,0.007233154494315386,2,1
mfcc_8_std,0.006920631974935532,2,1
flatness_p10,0.00653995294123888,2,1
rolloff85_mean,0.006176264025270939,2,1
contrast_4_mean,0.006171784829348326,2,1
mfcc_9_p90,0.006007289979606867,2,1
rms_mean,0.005847429856657982,2,1
flatness_std,0.005739435087889433,2,1
contrast_5_p10,0.005616832058876753,2,1
mfcc_8_p90,0.0055460212752223015,2,1
contrast_4_p90,0.005510800052434206,2,1
mfcc_11_p90,0.005435583181679249,2,1
mfcc_3_p90,0.0054211984388530254,2,1
mfcc_3_mean,0.005265281070023775,2,1
mfcc_delta_1_p10,0.0051958090625703335,2,1
dominant_frequency,0.005099790636450052,2,1
zero_crossing_rate_p10,0.005078562069684267,2,1
bandwidth_p10,0.00505110714584589,2,1
mfcc_11_p10,0.004799616988748312,2,1
mfcc_13_std,0.004578429739922285,2,1
dominant_frequency_ratio,0.004529135301709175,2,1
mfcc_10_p90,0.004469897132366896,2,1
mfcc_6_p10,0.0043281312100589275,2,1
bandwidth_p90,0.004312111064791679,2,1
mfcc_3_std,0.00427589425817132,2,1
mfcc_18_p90,0.0042670536786317825,2,1
spectral_entropy_mean,0.004123893100768328,2,1
bandwidth_mean,0.00401316536590457,2,1
centroid_p10,0.0038864249363541603,2,1
contrast_0_p10,0.0038768230006098747,2,1
mfcc_0_p90,0.0037569853011518717,2,1
spectral_entropy_p10,0.0037511754781007767,2,1
mfcc_6_mean,0.003632472362369299,2,1
mfcc_4_p10,0.003610825864598155,2,1
contrast_4_p90,0.14676357805728912,2,2
rms_std,0.06541368365287781,2,2
mfcc_delta_8_std,0.06131419911980629,2,2
contrast_4_mean,0.044806014746427536,2,2
contrast_5_p90,0.044195789843797684,2,2
mfcc_7_p10,0.034658171236515045,2,2
rolloff85_mean,0.03027653880417347,2,2
mfcc_8_p10,0.02458280511200428,2,2
rms_p90,0.01795991323888302,2,2
centroid_p10,0.01667589135468006,2,2
mfcc_1_mean,0.01603415049612522,2,2
contrast_2_mean,0.01507007610052824,2,2
mfcc_delta_0_std,0.015033474192023277,2,2
dominant_frequency,0.013667925260961056,2,2
mfcc_13_p10,0.011843410320580006,2,2
contrast_2_std,0.010969988070428371,2,2
mfcc_2_p10,0.01095995306968689,2,2
mfcc_3_p90,0.010932340286672115,2,2
contrast_0_p90,0.010519272647798061,2,2
mfcc_2_p90,0.010011223144829273,2,2
mfcc_delta_0_p90,0.009874282404780388,2,2
mfcc_1_p90,0.009788157418370247,2,2
mfcc_3_p10,0.009443077258765697,2,2
bandwidth_p90,0.008734053932130337,2,2
contrast_2_p90,0.008726699277758598,2,2
contrast_5_p10,0.008055495098233223,2,2
contrast_5_mean,0.008016582578420639,2,2
contrast_0_mean,0.007928438484668732,2,2
spectral_entropy_p90,0.0076300459913909435,2,2
centroid_mean,0.007619741838425398,2,2
contrast_1_p10,0.007446715142577887,2,2
mfcc_6_std,0.007426724303513765,2,2
mfcc_1_p10,0.007284272462129593,2,2
contrast_0_std,0.007284162566065788,2,2
flatness_p90,0.0072780209593474865,2,2
mfcc_11_mean,0.007048741448670626,2,2
rolloff85_p90,0.006443075370043516,2,2
contrast_0_p10,0.005663583520799875,2,2
mfcc_3_mean,0.005510011222213507,2,2
mfcc_16_std,0.005368477199226618,2,2
mfcc_delta_5_p10,0.0053248330950737,2,2
centroid_p90,0.005071584600955248,2,2
zero_crossing_rate_p90,0.005048844963312149,2,2
mfcc_5_p10,0.004861714784055948,2,2
mfcc_5_std,0.004740141797810793,2,2
rms_p10,0.004712781868875027,2,2
flatness_p10,0.004489845130592585,2,2
bandwidth_std,0.0039060558192431927,2,2
rms_mean,0.0038451706059277058,2,2
mfcc_2_mean,0.003840413875877857,2,2
mfcc_8_std,0.0034127773251384497,2,2
mfcc_11_p10,0.0032934010960161686,2,2
contrast_1_mean,0.0031747075263410807,2,2
mfcc_delta_13_std,0.003142408560961485,2,2
mfcc_14_std,0.0031336392275989056,2,2
mfcc_delta_1_std,0.003058868693187833,2,2
contrast_3_mean,0.003026853548362851,2,2
mfcc_15_std,0.0028042523190379143,2,2
mfcc_delta_5_p90,0.002758245449513197,2,2
mfcc_6_mean,0.002626829780638218,2,2
mfcc_15_std,0.12030869722366333,2,3
mfcc_1_p10,0.10520616918802261,2,3
mfcc_16_std,0.05591382831335068,2,3
mfcc_7_p10,0.054397355765104294,2,3
zero_crossing_rate_std,0.03259994462132454,2,3
rolloff85_p90,0.03133893758058548,2,3
mfcc_6_p10,0.03130754455924034,2,3
rms_mean,0.025622112676501274,2,3
contrast_0_p10,0.025398608297109604,2,3
rolloff85_p10,0.02191857434809208,2,3
mfcc_1_mean,0.020910458639264107,2,3
rms_p10,0.019112147390842438,2,3
mfcc_3_mean,0.017338808625936508,2,3
mfcc_8_std,0.014904582872986794,2,3
rolloff85_mean,0.01477016694843769,2,3
mfcc_14_std,0.013594800606369972,2,3
dominant_frequency,0.012412244454026222,2,3
contrast_4_mean,0.011531037278473377,2,3
centroid_p10,0.010792811401188374,2,3
mfcc_delta_15_std,0.010501346550881863,2,3
contrast_0_mean,0.01042010448873043,2,3
mfcc_0_mean,0.008320458233356476,2,3
contrast_5_p10,0.007957764901220798,2,3
contrast_5_p90,0.007383254822343588,2,3
contrast_5_mean,0.007180251181125641,2,3
mfcc_3_p90,0.007041944190859795,2,3
mfcc_13_std,0.006899047177284956,2,3
contrast_0_p90,0.00687175989151001,2,3
rms_std,0.006811702158302069,2,3
contrast_4_std,0.006625933572649956,2,3
mfcc_18_std,0.006477451417595148,2,3
centroid_mean,0.006377652753144503,2,3
zero_crossing_rate_mean,0.006333981640636921,2,3
mfcc_0_p90,0.00553631829097867,2,3
bandwidth_p10,0.005530014168471098,2,3
mfcc_8_p10,0.005230448208749294,2,3
spectral_entropy_p90,0.005174451973289251,2,3
mfcc_2_p10,0.005163790658116341,2,3
zero_crossing_rate_p90,0.004977955017238855,2,3
rms_p90,0.00480198347941041,2,3
flatness_p10,0.004786795005202293,2,3
mfcc_18_mean,0.00476167444139719,2,3
mfcc_5_p90,0.004695565905421972,2,3
mfcc_0_p10,0.004543202929198742,2,3
mfcc_6_mean,0.004333129618316889,2,3
mfcc_5_std,0.004247150383889675,2,3
contrast_0_std,0.004155447240918875,2,3
contrast_4_p90,0.003897244343534112,2,3
mfcc_2_mean,0.0038497522473335266,2,3
mfcc_11_p90,0.0034656331408768892,2,3
mfcc_15_p90,0.003186747431755066,2,3
mfcc_3_p10,0.0031034185085445642,2,3
contrast_3_mean,0.003102495102211833,2,3
mfcc_delta_1_std,0.0030236453749239445,2,3
zero_crossing_rate_p10,0.0030141654424369335,2,3
bandwidth_mean,0.0029234488029032946,2,3
spectral_entropy_p10,0.002886537229642272,2,3
contrast_1_mean,0.00287055061198771,2,3
mfcc_4_mean,0.002866624388843775,2,3
spectral_entropy_mean,0.002810204168781638,2,3
mfcc_2_p10,0.1405823975801468,2,4
mfcc_16_std,0.13124245405197144,2,4
mfcc_2_p90,0.038807183504104614,2,4
spectral_entropy_p90,0.03569835424423218,2,4
mfcc_2_mean,0.031161297112703323,2,4
contrast_2_std,0.03019179217517376,2,4
mfcc_4_mean,0.02819697931408882,2,4
flatness_p90,0.025721900165081024,2,4
mfcc_15_std,0.02456415444612503,2,4
spectral_entropy_mean,0.021378133445978165,2,4
mfcc_13_std,0.020350046455860138,2,4
mfcc_4_p10,0.01953703910112381,2,4
mfcc_11_mean,0.018316058441996574,2,4
centroid_p90,0.014889375306665897,2,4
centroid_mean,0.014444360509514809,2,4
spectral_entropy_p10,0.014269571751356125,2,4
mfcc_11_p90,0.012132171541452408,2,4
dominant_frequency_ratio,0.011654011905193329,2,4
mfcc_9_std,0.01108788326382637,2,4
contrast_0_p90,0.010820943862199783,2,4
contrast_5_p90,0.008288617245852947,2,4
mfcc_delta_8_p90,0.00817469134926796,2,4
bandwidth_p90,0.008127282373607159,2,4
contrast_5_p10,0.0074482387863099575,2,4
mfcc_5_mean,0.007231939118355513,2,4
contrast_2_mean,0.0065768687054514885,2,4
contrast_2_p90,0.006554894149303436,2,4
zero_crossing_rate_p90,0.006252574734389782,2,4
mfcc_14_std,0.006235742010176182,2,4
mfcc_1_p10,0.006085003260523081,2,4
mfcc_delta_8_std,0.006056623999029398,2,4
zero_crossing_rate_p10,0.005969400051981211,2,4
rolloff85_mean,0.0057424092665314674,2,4
mfcc_7_p90,0.005464337300509214,2,4
contrast_5_mean,0.005422884598374367,2,4
rms_p10,0.005316818132996559,2,4
rolloff85_p10,0.005153677426278591,2,4
contrast_5_std,0.005071599502116442,2,4
contrast_0_mean,0.004849042743444443,2,4
mfcc_8_p90,0.004821052309125662,2,4
bandwidth_mean,0.004677460994571447,2,4
contrast_0_std,0.004531464073807001,2,4
mfcc_11_p10,0.004455810412764549,2,4
rms_mean,0.004347046837210655,2,4
mfcc_19_mean,0.0043063354678452015,2,4
mfcc_delta_7_std,0.00417931005358696,2,4
rolloff85_p90,0.003945321310311556,2,4
contrast_4_p90,0.003942933399230242,2,4
mfcc_5_p10,0.0038741561584174633,2,4
mfcc_9_p90,0.003715462051331997,2,4
mfcc_4_p90,0.003705895273014903,2,4
contrast_0_p10,0.0036393157206475735,2,4
flatness_p10,0.003622883465141058,2,4
centroid_p10,0.003536238567903638,2,4
mfcc_delta_13_p90,0.0035340343602001667,2,4
mfcc_5_p90,0.0034928584937006235,2,4
mfcc_delta_9_std,0.0034150430001318455,2,4
flatness_mean,0.0033931664656847715,2,4
flatness_std,0.003388242796063423,2,4
mfcc_19_std,0.0032465753611177206,2,4
mfcc_16_std,0.14155592024326324,3,0
contrast_2_std,0.07702948153018951,3,0
zero_crossing_rate_mean,0.04534389078617096,3,0
mfcc_15_p90,0.04106401652097702,3,0
contrast_5_p90,0.032731711864471436,3,0
mfcc_15_std,0.023711564019322395,3,0
centroid_mean,0.02274530939757824,3,0
mfcc_1_p10,0.02269437536597252,3,0
contrast_2_p90,0.01943093165755272,3,0
rolloff85_p90,0.018762320280075073,3,0
mfcc_3_p10,0.018058953806757927,3,0
zero_crossing_rate_p90,0.017337260767817497,3,0
mfcc_14_std,0.01636471413075924,3,0
mfcc_1_p90,0.015049860812723637,3,0
spectral_entropy_p90,0.015041045844554901,3,0
centroid_p90,0.015009975992143154,3,0
flatness_p90,0.014021212235093117,3,0
mfcc_1_mean,0.013506554067134857,3,0
mfcc_2_p90,0.011942906305193901,3,0
contrast_5_mean,0.010385283268988132,3,0
flatness_p10,0.00973780732601881,3,0
mfcc_11_mean,0.008812369778752327,3,0
rms_p10,0.007902630604803562,3,0
bandwidth_p90,0.0076866610907018185,3,0
contrast_0_std,0.007629060186445713,3,0
contrast_0_mean,0.007614135276526213,3,0
mfcc_8_std,0.007564290892332792,3,0
mfcc_5_std,0.007350699044764042,3,0
contrast_0_p10,0.007043181918561459,3,0
spectral_entropy_mean,0.006912435404956341,3,0
mfcc_5_p10,0.006756854243576527,3,0
mfcc_3_mean,0.006740023382008076,3,0
dominant_frequency,0.006736987270414829,3,0
mfcc_delta_0_std,0.006617510225623846,3,0
mfcc_delta_1_std,0.006372151896357536,3,0
rms_p90,0.006236464716494083,3,0
mfcc_8_p90,0.005975380074232817,3,0
contrast_0_p90,0.0059289089404046535,3,0
dominant_frequency_ratio,0.005577192176133394,3,0
mfcc_5_mean,0.0055327145382761955,3,0
rms_mean,0.005527447443455458,3,0
mfcc_6_p10,0.005418520420789719,3,0
mfcc_11_p10,0.005155039951205254,3,0
mfcc_3_p90,0.004925118293613195,3,0
mfcc_delta_8_std,0.0049089351668953896,3,0
rolloff85_mean,0.004738260060548782,3,0
contrast_1_mean,0.004626621957868338,3,0
contrast_2_mean,0.00457725441083312,3,0
mfcc_11_p90,0.00436641788110137,3,0
mfcc_12_p90,0.004356185905635357,3,0
mfcc_delta_14_std,0.004299269989132881,3,0
mfcc_18_p90,0.00420917384326458,3,0
zero_crossing_rate_p10,0.004092762246727943,3,0
mfcc_4_p10,0.004064170178025961,3,0
mfcc_0_std,0.003934317734092474,3,0
spectral_entropy_p10,0.0038531741593033075,3,0
mfcc_3_std,0.003717745654284954,3,0
mfcc_15_mean,0.003644257551059127,3,0
mfcc_0_p90,0.003622595453634858,3,0
contrast_3_mean,0.0035799583420157433,3,0
mfcc_16_std,0.13926386833190918,3,1
contrast_2_std,0.07529638707637787,3,1
zero_crossing_rate_mean,0.05917472764849663,3,1
mfcc_15_std,0.03717243671417236,3,1
contrast_5_p90,0.03556016832590103,3,1
zero_crossing_rate_p90,0.030838845297694206,3,1
rolloff85_p90,0.029313040897250175,3,1
contrast_2_p90,0.025733521208167076,3,1
centroid_p90,0.025716107338666916,3,1
spectral_entropy_p90,0.018996920436620712,3,1
mfcc_14_std,0.018901614472270012,3,1
mfcc_15_p90,0.017975719645619392,3,1
flatness_p90,0.017849553376436234,3,1
mfcc_3_p10,0.017087187618017197,3,1
mfcc_1_p10,0.01226067915558815,3,1
mfcc_1_mean,0.011612574569880962,3,1
contrast_5_mean,0.01047175657004118,3,1
mfcc_1_p90,0.010465829633176327,3,1
rms_p90,0.00927586667239666,3,1
mfcc_delta_0_std,0.008800714276731014,3,1
mfcc_delta_1_std,0.0087303901091218,3,1
mfcc_11_mean,0.008424598723649979,3,1
contrast_0_std,0.008248912170529366,3,1
contrast_0_p90,0.008004059083759785,3,1
flatness_mean,0.007537744008004665,3,1
rms_p10,0.007469541858881712,3,1
mfcc_5_std,0.007233154494315386,3,1
mfcc_8_std,0.006920631974935532,3,1
flatness_p10,0.00653995294123888,3,1
rolloff85_mean,0.006176264025270939,3,1
contrast_4_mean,0.006171784829348326,3,1
mfcc_9_p90,0.006007289979606867,3,1
rms_mean,0.005847429856657982,3,1
flatness_std,0.005739435087889433,3,1
contrast_5_p10,0.005616832058876753,3,1
mfcc_8_p90,0.0055460212752223015,3,1
contrast_4_p90,0.005510800052434206,3,1
mfcc_11_p90,0.005435583181679249,3,1
mfcc_3_p90,0.0054211984388530254,3,1
mfcc_3_mean,0.005265281070023775,3,1
mfcc_delta_1_p10,0.0051958090625703335,3,1
dominant_frequency,0.005099790636450052,3,1
zero_crossing_rate_p10,0.005078562069684267,3,1
bandwidth_p10,0.00505110714584589,3,1
mfcc_11_p10,0.004799616988748312,3,1
mfcc_13_std,0.004578429739922285,3,1
dominant_frequency_ratio,0.004529135301709175,3,1
mfcc_10_p90,0.004469897132366896,3,1
mfcc_6_p10,0.0043281312100589275,3,1
bandwidth_p90,0.004312111064791679,3,1
mfcc_3_std,0.00427589425817132,3,1
mfcc_18_p90,0.0042670536786317825,3,1
spectral_entropy_mean,0.004123893100768328,3,1
bandwidth_mean,0.00401316536590457,3,1
centroid_p10,0.0038864249363541603,3,1
contrast_0_p10,0.0038768230006098747,3,1
mfcc_0_p90,0.0037569853011518717,3,1
spectral_entropy_p10,0.0037511754781007767,3,1
mfcc_6_mean,0.003632472362369299,3,1
mfcc_4_p10,0.003610825864598155,3,1
contrast_4_p90,0.14676357805728912,3,2
rms_std,0.06541368365287781,3,2
mfcc_delta_8_std,0.06131419911980629,3,2
contrast_4_mean,0.044806014746427536,3,2
contrast_5_p90,0.044195789843797684,3,2
mfcc_7_p10,0.034658171236515045,3,2
rolloff85_mean,0.03027653880417347,3,2
mfcc_8_p10,0.02458280511200428,3,2
rms_p90,0.01795991323888302,3,2
centroid_p10,0.01667589135468006,3,2
mfcc_1_mean,0.01603415049612522,3,2
contrast_2_mean,0.01507007610052824,3,2
mfcc_delta_0_std,0.015033474192023277,3,2
dominant_frequency,0.013667925260961056,3,2
mfcc_13_p10,0.011843410320580006,3,2
contrast_2_std,0.010969988070428371,3,2
mfcc_2_p10,0.01095995306968689,3,2
mfcc_3_p90,0.010932340286672115,3,2
contrast_0_p90,0.010519272647798061,3,2
mfcc_2_p90,0.010011223144829273,3,2
mfcc_delta_0_p90,0.009874282404780388,3,2
mfcc_1_p90,0.009788157418370247,3,2
mfcc_3_p10,0.009443077258765697,3,2
bandwidth_p90,0.008734053932130337,3,2
contrast_2_p90,0.008726699277758598,3,2
contrast_5_p10,0.008055495098233223,3,2
contrast_5_mean,0.008016582578420639,3,2
contrast_0_mean,0.007928438484668732,3,2
spectral_entropy_p90,0.0076300459913909435,3,2
centroid_mean,0.007619741838425398,3,2
contrast_1_p10,0.007446715142577887,3,2
mfcc_6_std,0.007426724303513765,3,2
mfcc_1_p10,0.007284272462129593,3,2
contrast_0_std,0.007284162566065788,3,2
flatness_p90,0.0072780209593474865,3,2
mfcc_11_mean,0.007048741448670626,3,2
rolloff85_p90,0.006443075370043516,3,2
contrast_0_p10,0.005663583520799875,3,2
mfcc_3_mean,0.005510011222213507,3,2
mfcc_16_std,0.005368477199226618,3,2
mfcc_delta_5_p10,0.0053248330950737,3,2
centroid_p90,0.005071584600955248,3,2
zero_crossing_rate_p90,0.005048844963312149,3,2
mfcc_5_p10,0.004861714784055948,3,2
mfcc_5_std,0.004740141797810793,3,2
rms_p10,0.004712781868875027,3,2
flatness_p10,0.004489845130592585,3,2
bandwidth_std,0.0039060558192431927,3,2
rms_mean,0.0038451706059277058,3,2
mfcc_2_mean,0.003840413875877857,3,2
mfcc_8_std,0.0034127773251384497,3,2
mfcc_11_p10,0.0032934010960161686,3,2
contrast_1_mean,0.0031747075263410807,3,2
mfcc_delta_13_std,0.003142408560961485,3,2
mfcc_14_std,0.0031336392275989056,3,2
mfcc_delta_1_std,0.003058868693187833,3,2
contrast_3_mean,0.003026853548362851,3,2
mfcc_15_std,0.0028042523190379143,3,2
mfcc_delta_5_p90,0.002758245449513197,3,2
mfcc_6_mean,0.002626829780638218,3,2
mfcc_15_std,0.12030869722366333,3,3
mfcc_1_p10,0.10520616918802261,3,3
mfcc_16_std,0.05591382831335068,3,3
mfcc_7_p10,0.054397355765104294,3,3
zero_crossing_rate_std,0.03259994462132454,3,3
rolloff85_p90,0.03133893758058548,3,3
mfcc_6_p10,0.03130754455924034,3,3
rms_mean,0.025622112676501274,3,3
contrast_0_p10,0.025398608297109604,3,3
rolloff85_p10,0.02191857434809208,3,3
mfcc_1_mean,0.020910458639264107,3,3
rms_p10,0.019112147390842438,3,3
mfcc_3_mean,0.017338808625936508,3,3
mfcc_8_std,0.014904582872986794,3,3
rolloff85_mean,0.01477016694843769,3,3
mfcc_14_std,0.013594800606369972,3,3
dominant_frequency,0.012412244454026222,3,3
contrast_4_mean,0.011531037278473377,3,3
centroid_p10,0.010792811401188374,3,3
mfcc_delta_15_std,0.010501346550881863,3,3
contrast_0_mean,0.01042010448873043,3,3
mfcc_0_mean,0.008320458233356476,3,3
contrast_5_p10,0.007957764901220798,3,3
contrast_5_p90,0.007383254822343588,3,3
contrast_5_mean,0.007180251181125641,3,3
mfcc_3_p90,0.007041944190859795,3,3
mfcc_13_std,0.006899047177284956,3,3
contrast_0_p90,0.00687175989151001,3,3
rms_std,0.006811702158302069,3,3
contrast_4_std,0.006625933572649956,3,3
mfcc_18_std,0.006477451417595148,3,3
centroid_mean,0.006377652753144503,3,3
zero_crossing_rate_mean,0.006333981640636921,3,3
mfcc_0_p90,0.00553631829097867,3,3
bandwidth_p10,0.005530014168471098,3,3
mfcc_8_p10,0.005230448208749294,3,3
spectral_entropy_p90,0.005174451973289251,3,3
mfcc_2_p10,0.005163790658116341,3,3
zero_crossing_rate_p90,0.004977955017238855,3,3
rms_p90,0.00480198347941041,3,3
flatness_p10,0.004786795005202293,3,3
mfcc_18_mean,0.00476167444139719,3,3
mfcc_5_p90,0.004695565905421972,3,3
mfcc_0_p10,0.004543202929198742,3,3
mfcc_6_mean,0.004333129618316889,3,3
mfcc_5_std,0.004247150383889675,3,3
contrast_0_std,0.004155447240918875,3,3
contrast_4_p90,0.003897244343534112,3,3
mfcc_2_mean,0.0038497522473335266,3,3
mfcc_11_p90,0.0034656331408768892,3,3
mfcc_15_p90,0.003186747431755066,3,3
mfcc_3_p10,0.0031034185085445642,3,3
contrast_3_mean,0.003102495102211833,3,3
mfcc_delta_1_std,0.0030236453749239445,3,3
zero_crossing_rate_p10,0.0030141654424369335,3,3
bandwidth_mean,0.0029234488029032946,3,3
spectral_entropy_p10,0.002886537229642272,3,3
contrast_1_mean,0.00287055061198771,3,3
mfcc_4_mean,0.002866624388843775,3,3
spectral_entropy_mean,0.002810204168781638,3,3
mfcc_2_p10,0.1405823975801468,3,4
mfcc_16_std,0.13124245405197144,3,4
mfcc_2_p90,0.038807183504104614,3,4
spectral_entropy_p90,0.03569835424423218,3,4
mfcc_2_mean,0.031161297112703323,3,4
contrast_2_std,0.03019179217517376,3,4
mfcc_4_mean,0.02819697931408882,3,4
flatness_p90,0.025721900165081024,3,4
mfcc_15_std,0.02456415444612503,3,4
spectral_entropy_mean,0.021378133445978165,3,4
mfcc_13_std,0.020350046455860138,3,4
mfcc_4_p10,0.01953703910112381,3,4
mfcc_11_mean,0.018316058441996574,3,4
centroid_p90,0.014889375306665897,3,4
centroid_mean,0.014444360509514809,3,4
spectral_entropy_p10,0.014269571751356125,3,4
mfcc_11_p90,0.012132171541452408,3,4
dominant_frequency_ratio,0.011654011905193329,3,4
mfcc_9_std,0.01108788326382637,3,4
contrast_0_p90,0.010820943862199783,3,4
contrast_5_p90,0.008288617245852947,3,4
mfcc_delta_8_p90,0.00817469134926796,3,4
bandwidth_p90,0.008127282373607159,3,4
contrast_5_p10,0.0074482387863099575,3,4
mfcc_5_mean,0.007231939118355513,3,4
contrast_2_mean,0.0065768687054514885,3,4
contrast_2_p90,0.006554894149303436,3,4
zero_crossing_rate_p90,0.006252574734389782,3,4
mfcc_14_std,0.006235742010176182,3,4
mfcc_1_p10,0.006085003260523081,3,4
mfcc_delta_8_std,0.006056623999029398,3,4
zero_crossing_rate_p10,0.005969400051981211,3,4
rolloff85_mean,0.0057424092665314674,3,4
mfcc_7_p90,0.005464337300509214,3,4
contrast_5_mean,0.005422884598374367,3,4
rms_p10,0.005316818132996559,3,4
rolloff85_p10,0.005153677426278591,3,4
contrast_5_std,0.005071599502116442,3,4
contrast_0_mean,0.004849042743444443,3,4
mfcc_8_p90,0.004821052309125662,3,4
bandwidth_mean,0.004677460994571447,3,4
contrast_0_std,0.004531464073807001,3,4
mfcc_11_p10,0.004455810412764549,3,4
rms_mean,0.004347046837210655,3,4
mfcc_19_mean,0.0043063354678452015,3,4
mfcc_delta_7_std,0.00417931005358696,3,4
rolloff85_p90,0.003945321310311556,3,4
contrast_4_p90,0.003942933399230242,3,4
mfcc_5_p10,0.0038741561584174633,3,4
mfcc_9_p90,0.003715462051331997,3,4
mfcc_4_p90,0.003705895273014903,3,4
contrast_0_p10,0.0036393157206475735,3,4
flatness_p10,0.003622883465141058,3,4
centroid_p10,0.003536238567903638,3,4
mfcc_delta_13_p90,0.0035340343602001667,3,4
mfcc_5_p90,0.0034928584937006235,3,4
mfcc_delta_9_std,0.0034150430001318455,3,4
flatness_mean,0.0033931664656847715,3,4
flatness_std,0.003388242796063423,3,4
mfcc_19_std,0.0032465753611177206,3,4
mfcc_16_std,0.14155592024326324,4,0
contrast_2_std,0.07702948153018951,4,0
zero_crossing_rate_mean,0.04534389078617096,4,0
mfcc_15_p90,0.04106401652097702,4,0
contrast_5_p90,0.032731711864471436,4,0
mfcc_15_std,0.023711564019322395,4,0
centroid_mean,0.02274530939757824,4,0
mfcc_1_p10,0.02269437536597252,4,0
contrast_2_p90,0.01943093165755272,4,0
rolloff85_p90,0.018762320280075073,4,0
mfcc_3_p10,0.018058953806757927,4,0
zero_crossing_rate_p90,0.017337260767817497,4,0
mfcc_14_std,0.01636471413075924,4,0
mfcc_1_p90,0.015049860812723637,4,0
spectral_entropy_p90,0.015041045844554901,4,0
centroid_p90,0.015009975992143154,4,0
flatness_p90,0.014021212235093117,4,0
mfcc_1_mean,0.013506554067134857,4,0
mfcc_2_p90,0.011942906305193901,4,0
contrast_5_mean,0.010385283268988132,4,0
flatness_p10,0.00973780732601881,4,0
mfcc_11_mean,0.008812369778752327,4,0
rms_p10,0.007902630604803562,4,0
bandwidth_p90,0.0076866610907018185,4,0
contrast_0_std,0.007629060186445713,4,0
contrast_0_mean,0.007614135276526213,4,0
mfcc_8_std,0.007564290892332792,4,0
mfcc_5_std,0.007350699044764042,4,0
contrast_0_p10,0.007043181918561459,4,0
spectral_entropy_mean,0.006912435404956341,4,0
mfcc_5_p10,0.006756854243576527,4,0
mfcc_3_mean,0.006740023382008076,4,0
dominant_frequency,0.006736987270414829,4,0
mfcc_delta_0_std,0.006617510225623846,4,0
mfcc_delta_1_std,0.006372151896357536,4,0
rms_p90,0.006236464716494083,4,0
mfcc_8_p90,0.005975380074232817,4,0
contrast_0_p90,0.0059289089404046535,4,0
dominant_frequency_ratio,0.005577192176133394,4,0
mfcc_5_mean,0.0055327145382761955,4,0
rms_mean,0.005527447443455458,4,0
mfcc_6_p10,0.005418520420789719,4,0
mfcc_11_p10,0.005155039951205254,4,0
mfcc_3_p90,0.004925118293613195,4,0
mfcc_delta_8_std,0.0049089351668953896,4,0
rolloff85_mean,0.004738260060548782,4,0
contrast_1_mean,0.004626621957868338,4,0
contrast_2_mean,0.00457725441083312,4,0
mfcc_11_p90,0.00436641788110137,4,0
mfcc_12_p90,0.004356185905635357,4,0
mfcc_delta_14_std,0.004299269989132881,4,0
mfcc_18_p90,0.00420917384326458,4,0
zero_crossing_rate_p10,0.004092762246727943,4,0
mfcc_4_p10,0.004064170178025961,4,0
mfcc_0_std,0.003934317734092474,4,0
spectral_entropy_p10,0.0038531741593033075,4,0
mfcc_3_std,0.003717745654284954,4,0
mfcc_15_mean,0.003644257551059127,4,0
mfcc_0_p90,0.003622595453634858,4,0
contrast_3_mean,0.0035799583420157433,4,0
mfcc_16_std,0.13926386833190918,4,1
contrast_2_std,0.07529638707637787,4,1
zero_crossing_rate_mean,0.05917472764849663,4,1
mfcc_15_std,0.03717243671417236,4,1
contrast_5_p90,0.03556016832590103,4,1
zero_crossing_rate_p90,0.030838845297694206,4,1
rolloff85_p90,0.029313040897250175,4,1
contrast_2_p90,0.025733521208167076,4,1
centroid_p90,0.025716107338666916,4,1
spectral_entropy_p90,0.018996920436620712,4,1
mfcc_14_std,0.018901614472270012,4,1
mfcc_15_p90,0.017975719645619392,4,1
flatness_p90,0.017849553376436234,4,1
mfcc_3_p10,0.017087187618017197,4,1
mfcc_1_p10,0.01226067915558815,4,1
mfcc_1_mean,0.011612574569880962,4,1
contrast_5_mean,0.01047175657004118,4,1
mfcc_1_p90,0.010465829633176327,4,1
rms_p90,0.00927586667239666,4,1
mfcc_delta_0_std,0.008800714276731014,4,1
mfcc_delta_1_std,0.0087303901091218,4,1
mfcc_11_mean,0.008424598723649979,4,1
contrast_0_std,0.008248912170529366,4,1
contrast_0_p90,0.008004059083759785,4,1
flatness_mean,0.007537744008004665,4,1
rms_p10,0.007469541858881712,4,1
mfcc_5_std,0.007233154494315386,4,1
mfcc_8_std,0.006920631974935532,4,1
flatness_p10,0.00653995294123888,4,1
rolloff85_mean,0.006176264025270939,4,1
contrast_4_mean,0.006171784829348326,4,1
mfcc_9_p90,0.006007289979606867,4,1
rms_mean,0.005847429856657982,4,1
flatness_std,0.005739435087889433,4,1
contrast_5_p10,0.005616832058876753,4,1
mfcc_8_p90,0.0055460212752223015,4,1
contrast_4_p90,0.005510800052434206,4,1
mfcc_11_p90,0.005435583181679249,4,1
mfcc_3_p90,0.0054211984388530254,4,1
mfcc_3_mean,0.005265281070023775,4,1
mfcc_delta_1_p10,0.0051958090625703335,4,1
dominant_frequency,0.005099790636450052,4,1
zero_crossing_rate_p10,0.005078562069684267,4,1
bandwidth_p10,0.00505110714584589,4,1
mfcc_11_p10,0.004799616988748312,4,1
mfcc_13_std,0.004578429739922285,4,1
dominant_frequency_ratio,0.004529135301709175,4,1
mfcc_10_p90,0.004469897132366896,4,1
mfcc_6_p10,0.0043281312100589275,4,1
bandwidth_p90,0.004312111064791679,4,1
mfcc_3_std,0.00427589425817132,4,1
mfcc_18_p90,0.0042670536786317825,4,1
spectral_entropy_mean,0.004123893100768328,4,1
bandwidth_mean,0.00401316536590457,4,1
centroid_p10,0.0038864249363541603,4,1
contrast_0_p10,0.0038768230006098747,4,1
mfcc_0_p90,0.0037569853011518717,4,1
spectral_entropy_p10,0.0037511754781007767,4,1
mfcc_6_mean,0.003632472362369299,4,1
mfcc_4_p10,0.003610825864598155,4,1
contrast_4_p90,0.14676357805728912,4,2
rms_std,0.06541368365287781,4,2
mfcc_delta_8_std,0.06131419911980629,4,2
contrast_4_mean,0.044806014746427536,4,2
contrast_5_p90,0.044195789843797684,4,2
mfcc_7_p10,0.034658171236515045,4,2
rolloff85_mean,0.03027653880417347,4,2
mfcc_8_p10,0.02458280511200428,4,2
rms_p90,0.01795991323888302,4,2
centroid_p10,0.01667589135468006,4,2
mfcc_1_mean,0.01603415049612522,4,2
contrast_2_mean,0.01507007610052824,4,2
mfcc_delta_0_std,0.015033474192023277,4,2
dominant_frequency,0.013667925260961056,4,2
mfcc_13_p10,0.011843410320580006,4,2
contrast_2_std,0.010969988070428371,4,2
mfcc_2_p10,0.01095995306968689,4,2
mfcc_3_p90,0.010932340286672115,4,2
contrast_0_p90,0.010519272647798061,4,2
mfcc_2_p90,0.010011223144829273,4,2
mfcc_delta_0_p90,0.009874282404780388,4,2
mfcc_1_p90,0.009788157418370247,4,2
mfcc_3_p10,0.009443077258765697,4,2
bandwidth_p90,0.008734053932130337,4,2
contrast_2_p90,0.008726699277758598,4,2
contrast_5_p10,0.008055495098233223,4,2
contrast_5_mean,0.008016582578420639,4,2
contrast_0_mean,0.007928438484668732,4,2
spectral_entropy_p90,0.0076300459913909435,4,2
centroid_mean,0.007619741838425398,4,2
contrast_1_p10,0.007446715142577887,4,2
mfcc_6_std,0.007426724303513765,4,2
mfcc_1_p10,0.007284272462129593,4,2
contrast_0_std,0.007284162566065788,4,2
flatness_p90,0.0072780209593474865,4,2
mfcc_11_mean,0.007048741448670626,4,2
rolloff85_p90,0.006443075370043516,4,2
contrast_0_p10,0.005663583520799875,4,2
mfcc_3_mean,0.005510011222213507,4,2
mfcc_16_std,0.005368477199226618,4,2
mfcc_delta_5_p10,0.0053248330950737,4,2
centroid_p90,0.005071584600955248,4,2
zero_crossing_rate_p90,0.005048844963312149,4,2
mfcc_5_p10,0.004861714784055948,4,2
mfcc_5_std,0.004740141797810793,4,2
rms_p10,0.004712781868875027,4,2
flatness_p10,0.004489845130592585,4,2
bandwidth_std,0.0039060558192431927,4,2
rms_mean,0.0038451706059277058,4,2
mfcc_2_mean,0.003840413875877857,4,2
mfcc_8_std,0.0034127773251384497,4,2
mfcc_11_p10,0.0032934010960161686,4,2
contrast_1_mean,0.0031747075263410807,4,2
mfcc_delta_13_std,0.003142408560961485,4,2
mfcc_14_std,0.0031336392275989056,4,2
mfcc_delta_1_std,0.003058868693187833,4,2
contrast_3_mean,0.003026853548362851,4,2
mfcc_15_std,0.0028042523190379143,4,2
mfcc_delta_5_p90,0.002758245449513197,4,2
mfcc_6_mean,0.002626829780638218,4,2
mfcc_15_std,0.12030869722366333,4,3
mfcc_1_p10,0.10520616918802261,4,3
mfcc_16_std,0.05591382831335068,4,3
mfcc_7_p10,0.054397355765104294,4,3
zero_crossing_rate_std,0.03259994462132454,4,3
rolloff85_p90,0.03133893758058548,4,3
mfcc_6_p10,0.03130754455924034,4,3
rms_mean,0.025622112676501274,4,3
contrast_0_p10,0.025398608297109604,4,3
rolloff85_p10,0.02191857434809208,4,3
mfcc_1_mean,0.020910458639264107,4,3
rms_p10,0.019112147390842438,4,3
mfcc_3_mean,0.017338808625936508,4,3
mfcc_8_std,0.014904582872986794,4,3
rolloff85_mean,0.01477016694843769,4,3
mfcc_14_std,0.013594800606369972,4,3
dominant_frequency,0.012412244454026222,4,3
contrast_4_mean,0.011531037278473377,4,3
centroid_p10,0.010792811401188374,4,3
mfcc_delta_15_std,0.010501346550881863,4,3
contrast_0_mean,0.01042010448873043,4,3
mfcc_0_mean,0.008320458233356476,4,3
contrast_5_p10,0.007957764901220798,4,3
contrast_5_p90,0.007383254822343588,4,3
contrast_5_mean,0.007180251181125641,4,3
mfcc_3_p90,0.007041944190859795,4,3
mfcc_13_std,0.006899047177284956,4,3
contrast_0_p90,0.00687175989151001,4,3
rms_std,0.006811702158302069,4,3
contrast_4_std,0.006625933572649956,4,3
mfcc_18_std,0.006477451417595148,4,3
centroid_mean,0.006377652753144503,4,3
zero_crossing_rate_mean,0.006333981640636921,4,3
mfcc_0_p90,0.00553631829097867,4,3
bandwidth_p10,0.005530014168471098,4,3
mfcc_8_p10,0.005230448208749294,4,3
spectral_entropy_p90,0.005174451973289251,4,3
mfcc_2_p10,0.005163790658116341,4,3
zero_crossing_rate_p90,0.004977955017238855,4,3
rms_p90,0.00480198347941041,4,3
flatness_p10,0.004786795005202293,4,3
mfcc_18_mean,0.00476167444139719,4,3
mfcc_5_p90,0.004695565905421972,4,3
mfcc_0_p10,0.004543202929198742,4,3
mfcc_6_mean,0.004333129618316889,4,3
mfcc_5_std,0.004247150383889675,4,3
contrast_0_std,0.004155447240918875,4,3
contrast_4_p90,0.003897244343534112,4,3
mfcc_2_mean,0.0038497522473335266,4,3
mfcc_11_p90,0.0034656331408768892,4,3
mfcc_15_p90,0.003186747431755066,4,3
mfcc_3_p10,0.0031034185085445642,4,3
contrast_3_mean,0.003102495102211833,4,3
mfcc_delta_1_std,0.0030236453749239445,4,3
zero_crossing_rate_p10,0.0030141654424369335,4,3
bandwidth_mean,0.0029234488029032946,4,3
spectral_entropy_p10,0.002886537229642272,4,3
contrast_1_mean,0.00287055061198771,4,3
mfcc_4_mean,0.002866624388843775,4,3
spectral_entropy_mean,0.002810204168781638,4,3
mfcc_2_p10,0.1405823975801468,4,4
mfcc_16_std,0.13124245405197144,4,4
mfcc_2_p90,0.038807183504104614,4,4
spectral_entropy_p90,0.03569835424423218,4,4
mfcc_2_mean,0.031161297112703323,4,4
contrast_2_std,0.03019179217517376,4,4
mfcc_4_mean,0.02819697931408882,4,4
flatness_p90,0.025721900165081024,4,4
mfcc_15_std,0.02456415444612503,4,4
spectral_entropy_mean,0.021378133445978165,4,4
mfcc_13_std,0.020350046455860138,4,4
mfcc_4_p10,0.01953703910112381,4,4
mfcc_11_mean,0.018316058441996574,4,4
centroid_p90,0.014889375306665897,4,4
centroid_mean,0.014444360509514809,4,4
spectral_entropy_p10,0.014269571751356125,4,4
mfcc_11_p90,0.012132171541452408,4,4
dominant_frequency_ratio,0.011654011905193329,4,4
mfcc_9_std,0.01108788326382637,4,4
contrast_0_p90,0.010820943862199783,4,4
contrast_5_p90,0.008288617245852947,4,4
mfcc_delta_8_p90,0.00817469134926796,4,4
bandwidth_p90,0.008127282373607159,4,4
contrast_5_p10,0.0074482387863099575,4,4
mfcc_5_mean,0.007231939118355513,4,4
contrast_2_mean,0.0065768687054514885,4,4
contrast_2_p90,0.006554894149303436,4,4
zero_crossing_rate_p90,0.006252574734389782,4,4
mfcc_14_std,0.006235742010176182,4,4
mfcc_1_p10,0.006085003260523081,4,4
mfcc_delta_8_std,0.006056623999029398,4,4
zero_crossing_rate_p10,0.005969400051981211,4,4
rolloff85_mean,0.0057424092665314674,4,4
mfcc_7_p90,0.005464337300509214,4,4
contrast_5_mean,0.005422884598374367,4,4
rms_p10,0.005316818132996559,4,4
rolloff85_p10,0.005153677426278591,4,4
contrast_5_std,0.005071599502116442,4,4
contrast_0_mean,0.004849042743444443,4,4
mfcc_8_p90,0.004821052309125662,4,4
bandwidth_mean,0.004677460994571447,4,4
contrast_0_std,0.004531464073807001,4,4
mfcc_11_p10,0.004455810412764549,4,4
rms_mean,0.004347046837210655,4,4
mfcc_19_mean,0.0043063354678452015,4,4
mfcc_delta_7_std,0.00417931005358696,4,4
rolloff85_p90,0.003945321310311556,4,4
contrast_4_p90,0.003942933399230242,4,4
mfcc_5_p10,0.0038741561584174633,4,4
mfcc_9_p90,0.003715462051331997,4,4
mfcc_4_p90,0.003705895273014903,4,4
contrast_0_p10,0.0036393157206475735,4,4
flatness_p10,0.003622883465141058,4,4
centroid_p10,0.003536238567903638,4,4
mfcc_delta_13_p90,0.0035340343602001667,4,4
mfcc_5_p90,0.0034928584937006235,4,4
mfcc_delta_9_std,0.0034150430001318455,4,4
flatness_mean,0.0033931664656847715,4,4
flatness_std,0.003388242796063423,4,4
mfcc_19_std,0.0032465753611177206,4,4
mfcc_16_std,0.14155592024326324,5,0
contrast_2_std,0.07702948153018951,5,0
zero_crossing_rate_mean,0.04534389078617096,5,0
mfcc_15_p90,0.04106401652097702,5,0
contrast_5_p90,0.032731711864471436,5,0
mfcc_15_std,0.023711564019322395,5,0
centroid_mean,0.02274530939757824,5,0
mfcc_1_p10,0.02269437536597252,5,0
contrast_2_p90,0.01943093165755272,5,0
rolloff85_p90,0.018762320280075073,5,0
mfcc_3_p10,0.018058953806757927,5,0
zero_crossing_rate_p90,0.017337260767817497,5,0
mfcc_14_std,0.01636471413075924,5,0
mfcc_1_p90,0.015049860812723637,5,0
spectral_entropy_p90,0.015041045844554901,5,0
centroid_p90,0.015009975992143154,5,0
flatness_p90,0.014021212235093117,5,0
mfcc_1_mean,0.013506554067134857,5,0
mfcc_2_p90,0.011942906305193901,5,0
contrast_5_mean,0.010385283268988132,5,0
flatness_p10,0.00973780732601881,5,0
mfcc_11_mean,0.008812369778752327,5,0
rms_p10,0.007902630604803562,5,0
bandwidth_p90,0.0076866610907018185,5,0
contrast_0_std,0.007629060186445713,5,0
contrast_0_mean,0.007614135276526213,5,0
mfcc_8_std,0.007564290892332792,5,0
mfcc_5_std,0.007350699044764042,5,0
contrast_0_p10,0.007043181918561459,5,0
spectral_entropy_mean,0.006912435404956341,5,0
mfcc_5_p10,0.006756854243576527,5,0
mfcc_3_mean,0.006740023382008076,5,0
dominant_frequency,0.006736987270414829,5,0
mfcc_delta_0_std,0.006617510225623846,5,0
mfcc_delta_1_std,0.006372151896357536,5,0
rms_p90,0.006236464716494083,5,0
mfcc_8_p90,0.005975380074232817,5,0
contrast_0_p90,0.0059289089404046535,5,0
dominant_frequency_ratio,0.005577192176133394,5,0
mfcc_5_mean,0.0055327145382761955,5,0
rms_mean,0.005527447443455458,5,0
mfcc_6_p10,0.005418520420789719,5,0
mfcc_11_p10,0.005155039951205254,5,0
mfcc_3_p90,0.004925118293613195,5,0
mfcc_delta_8_std,0.0049089351668953896,5,0
rolloff85_mean,0.004738260060548782,5,0
contrast_1_mean,0.004626621957868338,5,0
contrast_2_mean,0.00457725441083312,5,0
mfcc_11_p90,0.00436641788110137,5,0
mfcc_12_p90,0.004356185905635357,5,0
mfcc_delta_14_std,0.004299269989132881,5,0
mfcc_18_p90,0.00420917384326458,5,0
zero_crossing_rate_p10,0.004092762246727943,5,0
mfcc_4_p10,0.004064170178025961,5,0
mfcc_0_std,0.003934317734092474,5,0
spectral_entropy_p10,0.0038531741593033075,5,0
mfcc_3_std,0.003717745654284954,5,0
mfcc_15_mean,0.003644257551059127,5,0
mfcc_0_p90,0.003622595453634858,5,0
contrast_3_mean,0.0035799583420157433,5,0
mfcc_16_std,0.13926386833190918,5,1
contrast_2_std,0.07529638707637787,5,1
zero_crossing_rate_mean,0.05917472764849663,5,1
mfcc_15_std,0.03717243671417236,5,1
contrast_5_p90,0.03556016832590103,5,1
zero_crossing_rate_p90,0.030838845297694206,5,1
rolloff85_p90,0.029313040897250175,5,1
contrast_2_p90,0.025733521208167076,5,1
centroid_p90,0.025716107338666916,5,1
spectral_entropy_p90,0.018996920436620712,5,1
mfcc_14_std,0.018901614472270012,5,1
mfcc_15_p90,0.017975719645619392,5,1
flatness_p90,0.017849553376436234,5,1
mfcc_3_p10,0.017087187618017197,5,1
mfcc_1_p10,0.01226067915558815,5,1
mfcc_1_mean,0.011612574569880962,5,1
contrast_5_mean,0.01047175657004118,5,1
mfcc_1_p90,0.010465829633176327,5,1
rms_p90,0.00927586667239666,5,1
mfcc_delta_0_std,0.008800714276731014,5,1
mfcc_delta_1_std,0.0087303901091218,5,1
mfcc_11_mean,0.008424598723649979,5,1
contrast_0_std,0.008248912170529366,5,1
contrast_0_p90,0.008004059083759785,5,1
flatness_mean,0.007537744008004665,5,1
rms_p10,0.007469541858881712,5,1
mfcc_5_std,0.007233154494315386,5,1
mfcc_8_std,0.006920631974935532,5,1
flatness_p10,0.00653995294123888,5,1
rolloff85_mean,0.006176264025270939,5,1
contrast_4_mean,0.006171784829348326,5,1
mfcc_9_p90,0.006007289979606867,5,1
rms_mean,0.005847429856657982,5,1
flatness_std,0.005739435087889433,5,1
contrast_5_p10,0.005616832058876753,5,1
mfcc_8_p90,0.0055460212752223015,5,1
contrast_4_p90,0.005510800052434206,5,1
mfcc_11_p90,0.005435583181679249,5,1
mfcc_3_p90,0.0054211984388530254,5,1
mfcc_3_mean,0.005265281070023775,5,1
mfcc_delta_1_p10,0.0051958090625703335,5,1
dominant_frequency,0.005099790636450052,5,1
zero_crossing_rate_p10,0.005078562069684267,5,1
bandwidth_p10,0.00505110714584589,5,1
mfcc_11_p10,0.004799616988748312,5,1
mfcc_13_std,0.004578429739922285,5,1
dominant_frequency_ratio,0.004529135301709175,5,1
mfcc_10_p90,0.004469897132366896,5,1
mfcc_6_p10,0.0043281312100589275,5,1
bandwidth_p90,0.004312111064791679,5,1
mfcc_3_std,0.00427589425817132,5,1
mfcc_18_p90,0.0042670536786317825,5,1
spectral_entropy_mean,0.004123893100768328,5,1
bandwidth_mean,0.00401316536590457,5,1
centroid_p10,0.0038864249363541603,5,1
contrast_0_p10,0.0038768230006098747,5,1
mfcc_0_p90,0.0037569853011518717,5,1
spectral_entropy_p10,0.0037511754781007767,5,1
mfcc_6_mean,0.003632472362369299,5,1
mfcc_4_p10,0.003610825864598155,5,1
contrast_4_p90,0.14676357805728912,5,2
rms_std,0.06541368365287781,5,2
mfcc_delta_8_std,0.06131419911980629,5,2
contrast_4_mean,0.044806014746427536,5,2
contrast_5_p90,0.044195789843797684,5,2
mfcc_7_p10,0.034658171236515045,5,2
rolloff85_mean,0.03027653880417347,5,2
mfcc_8_p10,0.02458280511200428,5,2
rms_p90,0.01795991323888302,5,2
centroid_p10,0.01667589135468006,5,2
mfcc_1_mean,0.01603415049612522,5,2
contrast_2_mean,0.01507007610052824,5,2
mfcc_delta_0_std,0.015033474192023277,5,2
dominant_frequency,0.013667925260961056,5,2
mfcc_13_p10,0.011843410320580006,5,2
contrast_2_std,0.010969988070428371,5,2
mfcc_2_p10,0.01095995306968689,5,2
mfcc_3_p90,0.010932340286672115,5,2
contrast_0_p90,0.010519272647798061,5,2
mfcc_2_p90,0.010011223144829273,5,2
mfcc_delta_0_p90,0.009874282404780388,5,2
mfcc_1_p90,0.009788157418370247,5,2
mfcc_3_p10,0.009443077258765697,5,2
bandwidth_p90,0.008734053932130337,5,2
contrast_2_p90,0.008726699277758598,5,2
contrast_5_p10,0.008055495098233223,5,2
contrast_5_mean,0.008016582578420639,5,2
contrast_0_mean,0.007928438484668732,5,2
spectral_entropy_p90,0.0076300459913909435,5,2
centroid_mean,0.007619741838425398,5,2
contrast_1_p10,0.007446715142577887,5,2
mfcc_6_std,0.007426724303513765,5,2
mfcc_1_p10,0.007284272462129593,5,2
contrast_0_std,0.007284162566065788,5,2
flatness_p90,0.0072780209593474865,5,2
mfcc_11_mean,0.007048741448670626,5,2
rolloff85_p90,0.006443075370043516,5,2
contrast_0_p10,0.005663583520799875,5,2
mfcc_3_mean,0.005510011222213507,5,2
mfcc_16_std,0.005368477199226618,5,2
mfcc_delta_5_p10,0.0053248330950737,5,2
centroid_p90,0.005071584600955248,5,2
zero_crossing_rate_p90,0.005048844963312149,5,2
mfcc_5_p10,0.004861714784055948,5,2
mfcc_5_std,0.004740141797810793,5,2
rms_p10,0.004712781868875027,5,2
flatness_p10,0.004489845130592585,5,2
bandwidth_std,0.0039060558192431927,5,2
rms_mean,0.0038451706059277058,5,2
mfcc_2_mean,0.003840413875877857,5,2
mfcc_8_std,0.0034127773251384497,5,2
mfcc_11_p10,0.0032934010960161686,5,2
contrast_1_mean,0.0031747075263410807,5,2
mfcc_delta_13_std,0.003142408560961485,5,2
mfcc_14_std,0.0031336392275989056,5,2
mfcc_delta_1_std,0.003058868693187833,5,2
contrast_3_mean,0.003026853548362851,5,2
mfcc_15_std,0.0028042523190379143,5,2
mfcc_delta_5_p90,0.002758245449513197,5,2
mfcc_6_mean,0.002626829780638218,5,2
mfcc_15_std,0.12030869722366333,5,3
mfcc_1_p10,0.10520616918802261,5,3
mfcc_16_std,0.05591382831335068,5,3
mfcc_7_p10,0.054397355765104294,5,3
zero_crossing_rate_std,0.03259994462132454,5,3
rolloff85_p90,0.03133893758058548,5,3
mfcc_6_p10,0.03130754455924034,5,3
rms_mean,0.025622112676501274,5,3
contrast_0_p10,0.025398608297109604,5,3
rolloff85_p10,0.02191857434809208,5,3
mfcc_1_mean,0.020910458639264107,5,3
rms_p10,0.019112147390842438,5,3
mfcc_3_mean,0.017338808625936508,5,3
mfcc_8_std,0.014904582872986794,5,3
rolloff85_mean,0.01477016694843769,5,3
mfcc_14_std,0.013594800606369972,5,3
dominant_frequency,0.012412244454026222,5,3
contrast_4_mean,0.011531037278473377,5,3
centroid_p10,0.010792811401188374,5,3
mfcc_delta_15_std,0.010501346550881863,5,3
contrast_0_mean,0.01042010448873043,5,3
mfcc_0_mean,0.008320458233356476,5,3
contrast_5_p10,0.007957764901220798,5,3
contrast_5_p90,0.007383254822343588,5,3
contrast_5_mean,0.007180251181125641,5,3
mfcc_3_p90,0.007041944190859795,5,3
mfcc_13_std,0.006899047177284956,5,3
contrast_0_p90,0.00687175989151001,5,3
rms_std,0.006811702158302069,5,3
contrast_4_std,0.006625933572649956,5,3
mfcc_18_std,0.006477451417595148,5,3
centroid_mean,0.006377652753144503,5,3
zero_crossing_rate_mean,0.006333981640636921,5,3
mfcc_0_p90,0.00553631829097867,5,3
bandwidth_p10,0.005530014168471098,5,3
mfcc_8_p10,0.005230448208749294,5,3
spectral_entropy_p90,0.005174451973289251,5,3
mfcc_2_p10,0.005163790658116341,5,3
zero_crossing_rate_p90,0.004977955017238855,5,3
rms_p90,0.00480198347941041,5,3
flatness_p10,0.004786795005202293,5,3
mfcc_18_mean,0.00476167444139719,5,3
mfcc_5_p90,0.004695565905421972,5,3
mfcc_0_p10,0.004543202929198742,5,3
mfcc_6_mean,0.004333129618316889,5,3
mfcc_5_std,0.004247150383889675,5,3
contrast_0_std,0.004155447240918875,5,3
contrast_4_p90,0.003897244343534112,5,3
mfcc_2_mean,0.0038497522473335266,5,3
mfcc_11_p90,0.0034656331408768892,5,3
mfcc_15_p90,0.003186747431755066,5,3
mfcc_3_p10,0.0031034185085445642,5,3
contrast_3_mean,0.003102495102211833,5,3
mfcc_delta_1_std,0.0030236453749239445,5,3
zero_crossing_rate_p10,0.0030141654424369335,5,3
bandwidth_mean,0.0029234488029032946,5,3
spectral_entropy_p10,0.002886537229642272,5,3
contrast_1_mean,0.00287055061198771,5,3
mfcc_4_mean,0.002866624388843775,5,3
spectral_entropy_mean,0.002810204168781638,5,3
mfcc_2_p10,0.1405823975801468,5,4
mfcc_16_std,0.13124245405197144,5,4
mfcc_2_p90,0.038807183504104614,5,4
spectral_entropy_p90,0.03569835424423218,5,4
mfcc_2_mean,0.031161297112703323,5,4
contrast_2_std,0.03019179217517376,5,4
mfcc_4_mean,0.02819697931408882,5,4
flatness_p90,0.025721900165081024,5,4
mfcc_15_std,0.02456415444612503,5,4
spectral_entropy_mean,0.021378133445978165,5,4
mfcc_13_std,0.020350046455860138,5,4
mfcc_4_p10,0.01953703910112381,5,4
mfcc_11_mean,0.018316058441996574,5,4
centroid_p90,0.014889375306665897,5,4
centroid_mean,0.014444360509514809,5,4
spectral_entropy_p10,0.014269571751356125,5,4
mfcc_11_p90,0.012132171541452408,5,4
dominant_frequency_ratio,0.011654011905193329,5,4
mfcc_9_std,0.01108788326382637,5,4
contrast_0_p90,0.010820943862199783,5,4
contrast_5_p90,0.008288617245852947,5,4
mfcc_delta_8_p90,0.00817469134926796,5,4
bandwidth_p90,0.008127282373607159,5,4
contrast_5_p10,0.0074482387863099575,5,4
mfcc_5_mean,0.007231939118355513,5,4
contrast_2_mean,0.0065768687054514885,5,4
contrast_2_p90,0.006554894149303436,5,4
zero_crossing_rate_p90,0.006252574734389782,5,4
mfcc_14_std,0.006235742010176182,5,4
mfcc_1_p10,0.006085003260523081,5,4
mfcc_delta_8_std,0.006056623999029398,5,4
zero_crossing_rate_p10,0.005969400051981211,5,4
rolloff85_mean,0.0057424092665314674,5,4
mfcc_7_p90,0.005464337300509214,5,4
contrast_5_mean,0.005422884598374367,5,4
rms_p10,0.005316818132996559,5,4
rolloff85_p10,0.005153677426278591,5,4
contrast_5_std,0.005071599502116442,5,4
contrast_0_mean,0.004849042743444443,5,4
mfcc_8_p90,0.004821052309125662,5,4
bandwidth_mean,0.004677460994571447,5,4
contrast_0_std,0.004531464073807001,5,4
mfcc_11_p10,0.004455810412764549,5,4
rms_mean,0.004347046837210655,5,4
mfcc_19_mean,0.0043063354678452015,5,4
mfcc_delta_7_std,0.00417931005358696,5,4
rolloff85_p90,0.003945321310311556,5,4
contrast_4_p90,0.003942933399230242,5,4
mfcc_5_p10,0.0038741561584174633,5,4
mfcc_9_p90,0.003715462051331997,5,4
mfcc_4_p90,0.003705895273014903,5,4
contrast_0_p10,0.0036393157206475735,5,4
flatness_p10,0.003622883465141058,5,4
centroid_p10,0.003536238567903638,5,4
mfcc_delta_13_p90,0.0035340343602001667,5,4
mfcc_5_p90,0.0034928584937006235,5,4
mfcc_delta_9_std,0.0034150430001318455,5,4
flatness_mean,0.0033931664656847715,5,4
flatness_std,0.003388242796063423,5,4
mfcc_19_std,0.0032465753611177206,5,4
mfcc_16_std,0.14155592024326324,6,0
contrast_2_std,0.07702948153018951,6,0
zero_crossing_rate_mean,0.04534389078617096,6,0
mfcc_15_p90,0.04106401652097702,6,0
contrast_5_p90,0.032731711864471436,6,0
mfcc_15_std,0.023711564019322395,6,0
centroid_mean,0.02274530939757824,6,0
mfcc_1_p10,0.02269437536597252,6,0
contrast_2_p90,0.01943093165755272,6,0
rolloff85_p90,0.018762320280075073,6,0
mfcc_3_p10,0.018058953806757927,6,0
zero_crossing_rate_p90,0.017337260767817497,6,0
mfcc_14_std,0.01636471413075924,6,0
mfcc_1_p90,0.015049860812723637,6,0
spectral_entropy_p90,0.015041045844554901,6,0
centroid_p90,0.015009975992143154,6,0
flatness_p90,0.014021212235093117,6,0
mfcc_1_mean,0.013506554067134857,6,0
mfcc_2_p90,0.011942906305193901,6,0
contrast_5_mean,0.010385283268988132,6,0
flatness_p10,0.00973780732601881,6,0
mfcc_11_mean,0.008812369778752327,6,0
rms_p10,0.007902630604803562,6,0
bandwidth_p90,0.0076866610907018185,6,0
contrast_0_std,0.007629060186445713,6,0
contrast_0_mean,0.007614135276526213,6,0
mfcc_8_std,0.007564290892332792,6,0
mfcc_5_std,0.007350699044764042,6,0
contrast_0_p10,0.007043181918561459,6,0
spectral_entropy_mean,0.006912435404956341,6,0
mfcc_5_p10,0.006756854243576527,6,0
mfcc_3_mean,0.006740023382008076,6,0
dominant_frequency,0.006736987270414829,6,0
mfcc_delta_0_std,0.006617510225623846,6,0
mfcc_delta_1_std,0.006372151896357536,6,0
rms_p90,0.006236464716494083,6,0
mfcc_8_p90,0.005975380074232817,6,0
contrast_0_p90,0.0059289089404046535,6,0
dominant_frequency_ratio,0.005577192176133394,6,0
mfcc_5_mean,0.0055327145382761955,6,0
rms_mean,0.005527447443455458,6,0
mfcc_6_p10,0.005418520420789719,6,0
mfcc_11_p10,0.005155039951205254,6,0
mfcc_3_p90,0.004925118293613195,6,0
mfcc_delta_8_std,0.0049089351668953896,6,0
rolloff85_mean,0.004738260060548782,6,0
contrast_1_mean,0.004626621957868338,6,0
contrast_2_mean,0.00457725441083312,6,0
mfcc_11_p90,0.00436641788110137,6,0
mfcc_12_p90,0.004356185905635357,6,0
mfcc_delta_14_std,0.004299269989132881,6,0
mfcc_18_p90,0.00420917384326458,6,0
zero_crossing_rate_p10,0.004092762246727943,6,0
mfcc_4_p10,0.004064170178025961,6,0
mfcc_0_std,0.003934317734092474,6,0
spectral_entropy_p10,0.0038531741593033075,6,0
mfcc_3_std,0.003717745654284954,6,0
mfcc_15_mean,0.003644257551059127,6,0
mfcc_0_p90,0.003622595453634858,6,0
contrast_3_mean,0.0035799583420157433,6,0
mfcc_16_std,0.13926386833190918,6,1
contrast_2_std,0.07529638707637787,6,1
zero_crossing_rate_mean,0.05917472764849663,6,1
mfcc_15_std,0.03717243671417236,6,1
contrast_5_p90,0.03556016832590103,6,1
zero_crossing_rate_p90,0.030838845297694206,6,1
rolloff85_p90,0.029313040897250175,6,1
contrast_2_p90,0.025733521208167076,6,1
centroid_p90,0.025716107338666916,6,1
spectral_entropy_p90,0.018996920436620712,6,1
mfcc_14_std,0.018901614472270012,6,1
mfcc_15_p90,0.017975719645619392,6,1
flatness_p90,0.017849553376436234,6,1
mfcc_3_p10,0.017087187618017197,6,1
mfcc_1_p10,0.01226067915558815,6,1
mfcc_1_mean,0.011612574569880962,6,1
contrast_5_mean,0.01047175657004118,6,1
mfcc_1_p90,0.010465829633176327,6,1
rms_p90,0.00927586667239666,6,1
mfcc_delta_0_std,0.008800714276731014,6,1
mfcc_delta_1_std,0.0087303901091218,6,1
mfcc_11_mean,0.008424598723649979,6,1
contrast_0_std,0.008248912170529366,6,1
contrast_0_p90,0.008004059083759785,6,1
flatness_mean,0.007537744008004665,6,1
rms_p10,0.007469541858881712,6,1
mfcc_5_std,0.007233154494315386,6,1
mfcc_8_std,0.006920631974935532,6,1
flatness_p10,0.00653995294123888,6,1
rolloff85_mean,0.006176264025270939,6,1
contrast_4_mean,0.006171784829348326,6,1
mfcc_9_p90,0.006007289979606867,6,1
rms_mean,0.005847429856657982,6,1
flatness_std,0.005739435087889433,6,1
contrast_5_p10,0.005616832058876753,6,1
mfcc_8_p90,0.0055460212752223015,6,1
contrast_4_p90,0.005510800052434206,6,1
mfcc_11_p90,0.005435583181679249,6,1
mfcc_3_p90,0.0054211984388530254,6,1
mfcc_3_mean,0.005265281070023775,6,1
mfcc_delta_1_p10,0.0051958090625703335,6,1
dominant_frequency,0.005099790636450052,6,1
zero_crossing_rate_p10,0.005078562069684267,6,1
bandwidth_p10,0.00505110714584589,6,1
mfcc_11_p10,0.004799616988748312,6,1
mfcc_13_std,0.004578429739922285,6,1
dominant_frequency_ratio,0.004529135301709175,6,1
mfcc_10_p90,0.004469897132366896,6,1
mfcc_6_p10,0.0043281312100589275,6,1
bandwidth_p90,0.004312111064791679,6,1
mfcc_3_std,0.00427589425817132,6,1
mfcc_18_p90,0.0042670536786317825,6,1
spectral_entropy_mean,0.004123893100768328,6,1
bandwidth_mean,0.00401316536590457,6,1
centroid_p10,0.0038864249363541603,6,1
contrast_0_p10,0.0038768230006098747,6,1
mfcc_0_p90,0.0037569853011518717,6,1
spectral_entropy_p10,0.0037511754781007767,6,1
mfcc_6_mean,0.003632472362369299,6,1
mfcc_4_p10,0.003610825864598155,6,1
contrast_4_p90,0.14676357805728912,6,2
rms_std,0.06541368365287781,6,2
mfcc_delta_8_std,0.06131419911980629,6,2
contrast_4_mean,0.044806014746427536,6,2
contrast_5_p90,0.044195789843797684,6,2
mfcc_7_p10,0.034658171236515045,6,2
rolloff85_mean,0.03027653880417347,6,2
mfcc_8_p10,0.02458280511200428,6,2
rms_p90,0.01795991323888302,6,2
centroid_p10,0.01667589135468006,6,2
mfcc_1_mean,0.01603415049612522,6,2
contrast_2_mean,0.01507007610052824,6,2
mfcc_delta_0_std,0.015033474192023277,6,2
dominant_frequency,0.013667925260961056,6,2
mfcc_13_p10,0.011843410320580006,6,2
contrast_2_std,0.010969988070428371,6,2
mfcc_2_p10,0.01095995306968689,6,2
mfcc_3_p90,0.010932340286672115,6,2
contrast_0_p90,0.010519272647798061,6,2
mfcc_2_p90,0.010011223144829273,6,2
mfcc_delta_0_p90,0.009874282404780388,6,2
mfcc_1_p90,0.009788157418370247,6,2
mfcc_3_p10,0.009443077258765697,6,2
bandwidth_p90,0.008734053932130337,6,2
contrast_2_p90,0.008726699277758598,6,2
contrast_5_p10,0.008055495098233223,6,2
contrast_5_mean,0.008016582578420639,6,2
contrast_0_mean,0.007928438484668732,6,2
spectral_entropy_p90,0.0076300459913909435,6,2
centroid_mean,0.007619741838425398,6,2
contrast_1_p10,0.007446715142577887,6,2
mfcc_6_std,0.007426724303513765,6,2
mfcc_1_p10,0.007284272462129593,6,2
contrast_0_std,0.007284162566065788,6,2
flatness_p90,0.0072780209593474865,6,2
mfcc_11_mean,0.007048741448670626,6,2
rolloff85_p90,0.006443075370043516,6,2
contrast_0_p10,0.005663583520799875,6,2
mfcc_3_mean,0.005510011222213507,6,2
mfcc_16_std,0.005368477199226618,6,2
mfcc_delta_5_p10,0.0053248330950737,6,2
centroid_p90,0.005071584600955248,6,2
zero_crossing_rate_p90,0.005048844963312149,6,2
mfcc_5_p10,0.004861714784055948,6,2
mfcc_5_std,0.004740141797810793,6,2
rms_p10,0.004712781868875027,6,2
flatness_p10,0.004489845130592585,6,2
bandwidth_std,0.0039060558192431927,6,2
rms_mean,0.0038451706059277058,6,2
mfcc_2_mean,0.003840413875877857,6,2
mfcc_8_std,0.0034127773251384497,6,2
mfcc_11_p10,0.0032934010960161686,6,2
contrast_1_mean,0.0031747075263410807,6,2
mfcc_delta_13_std,0.003142408560961485,6,2
mfcc_14_std,0.0031336392275989056,6,2
mfcc_delta_1_std,0.003058868693187833,6,2
contrast_3_mean,0.003026853548362851,6,2
mfcc_15_std,0.0028042523190379143,6,2
mfcc_delta_5_p90,0.002758245449513197,6,2
mfcc_6_mean,0.002626829780638218,6,2
mfcc_15_std,0.12030869722366333,6,3
mfcc_1_p10,0.10520616918802261,6,3
mfcc_16_std,0.05591382831335068,6,3
mfcc_7_p10,0.054397355765104294,6,3
zero_crossing_rate_std,0.03259994462132454,6,3
rolloff85_p90,0.03133893758058548,6,3
mfcc_6_p10,0.03130754455924034,6,3
rms_mean,0.025622112676501274,6,3
contrast_0_p10,0.025398608297109604,6,3
rolloff85_p10,0.02191857434809208,6,3
mfcc_1_mean,0.020910458639264107,6,3
rms_p10,0.019112147390842438,6,3
mfcc_3_mean,0.017338808625936508,6,3
mfcc_8_std,0.014904582872986794,6,3
rolloff85_mean,0.01477016694843769,6,3
mfcc_14_std,0.013594800606369972,6,3
dominant_frequency,0.012412244454026222,6,3
contrast_4_mean,0.011531037278473377,6,3
centroid_p10,0.010792811401188374,6,3
mfcc_delta_15_std,0.010501346550881863,6,3
contrast_0_mean,0.01042010448873043,6,3
mfcc_0_mean,0.008320458233356476,6,3
contrast_5_p10,0.007957764901220798,6,3
contrast_5_p90,0.007383254822343588,6,3
contrast_5_mean,0.007180251181125641,6,3
mfcc_3_p90,0.007041944190859795,6,3
mfcc_13_std,0.006899047177284956,6,3
contrast_0_p90,0.00687175989151001,6,3
rms_std,0.006811702158302069,6,3
contrast_4_std,0.006625933572649956,6,3
mfcc_18_std,0.006477451417595148,6,3
centroid_mean,0.006377652753144503,6,3
zero_crossing_rate_mean,0.006333981640636921,6,3
mfcc_0_p90,0.00553631829097867,6,3
bandwidth_p10,0.005530014168471098,6,3
mfcc_8_p10,0.005230448208749294,6,3
spectral_entropy_p90,0.005174451973289251,6,3
mfcc_2_p10,0.005163790658116341,6,3
zero_crossing_rate_p90,0.004977955017238855,6,3
rms_p90,0.00480198347941041,6,3
flatness_p10,0.004786795005202293,6,3
mfcc_18_mean,0.00476167444139719,6,3
mfcc_5_p90,0.004695565905421972,6,3
mfcc_0_p10,0.004543202929198742,6,3
mfcc_6_mean,0.004333129618316889,6,3
mfcc_5_std,0.004247150383889675,6,3
contrast_0_std,0.004155447240918875,6,3
contrast_4_p90,0.003897244343534112,6,3
mfcc_2_mean,0.0038497522473335266,6,3
mfcc_11_p90,0.0034656331408768892,6,3
mfcc_15_p90,0.003186747431755066,6,3
mfcc_3_p10,0.0031034185085445642,6,3
contrast_3_mean,0.003102495102211833,6,3
mfcc_delta_1_std,0.0030236453749239445,6,3
zero_crossing_rate_p10,0.0030141654424369335,6,3
bandwidth_mean,0.0029234488029032946,6,3
spectral_entropy_p10,0.002886537229642272,6,3
contrast_1_mean,0.00287055061198771,6,3
mfcc_4_mean,0.002866624388843775,6,3
spectral_entropy_mean,0.002810204168781638,6,3
mfcc_2_p10,0.1405823975801468,6,4
mfcc_16_std,0.13124245405197144,6,4
mfcc_2_p90,0.038807183504104614,6,4
spectral_entropy_p90,0.03569835424423218,6,4
mfcc_2_mean,0.031161297112703323,6,4
contrast_2_std,0.03019179217517376,6,4
mfcc_4_mean,0.02819697931408882,6,4
flatness_p90,0.025721900165081024,6,4
mfcc_15_std,0.02456415444612503,6,4
spectral_entropy_mean,0.021378133445978165,6,4
mfcc_13_std,0.020350046455860138,6,4
mfcc_4_p10,0.01953703910112381,6,4
mfcc_11_mean,0.018316058441996574,6,4
centroid_p90,0.014889375306665897,6,4
centroid_mean,0.014444360509514809,6,4
spectral_entropy_p10,0.014269571751356125,6,4
mfcc_11_p90,0.012132171541452408,6,4
dominant_frequency_ratio,0.011654011905193329,6,4
mfcc_9_std,0.01108788326382637,6,4
contrast_0_p90,0.010820943862199783,6,4
contrast_5_p90,0.008288617245852947,6,4
mfcc_delta_8_p90,0.00817469134926796,6,4
bandwidth_p90,0.008127282373607159,6,4
contrast_5_p10,0.0074482387863099575,6,4
mfcc_5_mean,0.007231939118355513,6,4
contrast_2_mean,0.0065768687054514885,6,4
contrast_2_p90,0.006554894149303436,6,4
zero_crossing_rate_p90,0.006252574734389782,6,4
mfcc_14_std,0.006235742010176182,6,4
mfcc_1_p10,0.006085003260523081,6,4
mfcc_delta_8_std,0.006056623999029398,6,4
zero_crossing_rate_p10,0.005969400051981211,6,4
rolloff85_mean,0.0057424092665314674,6,4
mfcc_7_p90,0.005464337300509214,6,4
contrast_5_mean,0.005422884598374367,6,4
rms_p10,0.005316818132996559,6,4
rolloff85_p10,0.005153677426278591,6,4
contrast_5_std,0.005071599502116442,6,4
contrast_0_mean,0.004849042743444443,6,4
mfcc_8_p90,0.004821052309125662,6,4
bandwidth_mean,0.004677460994571447,6,4
contrast_0_std,0.004531464073807001,6,4
mfcc_11_p10,0.004455810412764549,6,4
rms_mean,0.004347046837210655,6,4
mfcc_19_mean,0.0043063354678452015,6,4
mfcc_delta_7_std,0.00417931005358696,6,4
rolloff85_p90,0.003945321310311556,6,4
contrast_4_p90,0.003942933399230242,6,4
mfcc_5_p10,0.0038741561584174633,6,4
mfcc_9_p90,0.003715462051331997,6,4
mfcc_4_p90,0.003705895273014903,6,4
contrast_0_p10,0.0036393157206475735,6,4
flatness_p10,0.003622883465141058,6,4
centroid_p10,0.003536238567903638,6,4
mfcc_delta_13_p90,0.0035340343602001667,6,4
mfcc_5_p90,0.0034928584937006235,6,4
mfcc_delta_9_std,0.0034150430001318455,6,4
flatness_mean,0.0033931664656847715,6,4
flatness_std,0.003388242796063423,6,4
mfcc_19_std,0.0032465753611177206,6,4
mfcc_16_std,0.14155592024326324,7,0
contrast_2_std,0.07702948153018951,7,0
zero_crossing_rate_mean,0.04534389078617096,7,0
mfcc_15_p90,0.04106401652097702,7,0
contrast_5_p90,0.032731711864471436,7,0
mfcc_15_std,0.023711564019322395,7,0
centroid_mean,0.02274530939757824,7,0
mfcc_1_p10,0.02269437536597252,7,0
contrast_2_p90,0.01943093165755272,7,0
rolloff85_p90,0.018762320280075073,7,0
mfcc_3_p10,0.018058953806757927,7,0
zero_crossing_rate_p90,0.017337260767817497,7,0
mfcc_14_std,0.01636471413075924,7,0
mfcc_1_p90,0.015049860812723637,7,0
spectral_entropy_p90,0.015041045844554901,7,0
centroid_p90,0.015009975992143154,7,0
flatness_p90,0.014021212235093117,7,0
mfcc_1_mean,0.013506554067134857,7,0
mfcc_2_p90,0.011942906305193901,7,0
contrast_5_mean,0.010385283268988132,7,0
flatness_p10,0.00973780732601881,7,0
mfcc_11_mean,0.008812369778752327,7,0
rms_p10,0.007902630604803562,7,0
bandwidth_p90,0.0076866610907018185,7,0
contrast_0_std,0.007629060186445713,7,0
contrast_0_mean,0.007614135276526213,7,0
mfcc_8_std,0.007564290892332792,7,0
mfcc_5_std,0.007350699044764042,7,0
contrast_0_p10,0.007043181918561459,7,0
spectral_entropy_mean,0.006912435404956341,7,0
mfcc_5_p10,0.006756854243576527,7,0
mfcc_3_mean,0.006740023382008076,7,0
dominant_frequency,0.006736987270414829,7,0
mfcc_delta_0_std,0.006617510225623846,7,0
mfcc_delta_1_std,0.006372151896357536,7,0
rms_p90,0.006236464716494083,7,0
mfcc_8_p90,0.005975380074232817,7,0
contrast_0_p90,0.0059289089404046535,7,0
dominant_frequency_ratio,0.005577192176133394,7,0
mfcc_5_mean,0.0055327145382761955,7,0
rms_mean,0.005527447443455458,7,0
mfcc_6_p10,0.005418520420789719,7,0
mfcc_11_p10,0.005155039951205254,7,0
mfcc_3_p90,0.004925118293613195,7,0
mfcc_delta_8_std,0.0049089351668953896,7,0
rolloff85_mean,0.004738260060548782,7,0
contrast_1_mean,0.004626621957868338,7,0
contrast_2_mean,0.00457725441083312,7,0
mfcc_11_p90,0.00436641788110137,7,0
mfcc_12_p90,0.004356185905635357,7,0
mfcc_delta_14_std,0.004299269989132881,7,0
mfcc_18_p90,0.00420917384326458,7,0
zero_crossing_rate_p10,0.004092762246727943,7,0
mfcc_4_p10,0.004064170178025961,7,0
mfcc_0_std,0.003934317734092474,7,0
spectral_entropy_p10,0.0038531741593033075,7,0
mfcc_3_std,0.003717745654284954,7,0
mfcc_15_mean,0.003644257551059127,7,0
mfcc_0_p90,0.003622595453634858,7,0
contrast_3_mean,0.0035799583420157433,7,0
mfcc_16_std,0.13926386833190918,7,1
contrast_2_std,0.07529638707637787,7,1
zero_crossing_rate_mean,0.05917472764849663,7,1
mfcc_15_std,0.03717243671417236,7,1
contrast_5_p90,0.03556016832590103,7,1
zero_crossing_rate_p90,0.030838845297694206,7,1
rolloff85_p90,0.029313040897250175,7,1
contrast_2_p90,0.025733521208167076,7,1
centroid_p90,0.025716107338666916,7,1
spectral_entropy_p90,0.018996920436620712,7,1
mfcc_14_std,0.018901614472270012,7,1
mfcc_15_p90,0.017975719645619392,7,1
flatness_p90,0.017849553376436234,7,1
mfcc_3_p10,0.017087187618017197,7,1
mfcc_1_p10,0.01226067915558815,7,1
mfcc_1_mean,0.011612574569880962,7,1
contrast_5_mean,0.01047175657004118,7,1
mfcc_1_p90,0.010465829633176327,7,1
rms_p90,0.00927586667239666,7,1
mfcc_delta_0_std,0.008800714276731014,7,1
mfcc_delta_1_std,0.0087303901091218,7,1
mfcc_11_mean,0.008424598723649979,7,1
contrast_0_std,0.008248912170529366,7,1
contrast_0_p90,0.008004059083759785,7,1
flatness_mean,0.007537744008004665,7,1
rms_p10,0.007469541858881712,7,1
mfcc_5_std,0.007233154494315386,7,1
mfcc_8_std,0.006920631974935532,7,1
flatness_p10,0.00653995294123888,7,1
rolloff85_mean,0.006176264025270939,7,1
contrast_4_mean,0.006171784829348326,7,1
mfcc_9_p90,0.006007289979606867,7,1
rms_mean,0.005847429856657982,7,1
flatness_std,0.005739435087889433,7,1
contrast_5_p10,0.005616832058876753,7,1
mfcc_8_p90,0.0055460212752223015,7,1
contrast_4_p90,0.005510800052434206,7,1
mfcc_11_p90,0.005435583181679249,7,1
mfcc_3_p90,0.0054211984388530254,7,1
mfcc_3_mean,0.005265281070023775,7,1
mfcc_delta_1_p10,0.0051958090625703335,7,1
dominant_frequency,0.005099790636450052,7,1
zero_crossing_rate_p10,0.005078562069684267,7,1
bandwidth_p10,0.00505110714584589,7,1
mfcc_11_p10,0.004799616988748312,7,1
mfcc_13_std,0.004578429739922285,7,1
dominant_frequency_ratio,0.004529135301709175,7,1
mfcc_10_p90,0.004469897132366896,7,1
mfcc_6_p10,0.0043281312100589275,7,1
bandwidth_p90,0.004312111064791679,7,1
mfcc_3_std,0.00427589425817132,7,1
mfcc_18_p90,0.0042670536786317825,7,1
spectral_entropy_mean,0.004123893100768328,7,1
bandwidth_mean,0.00401316536590457,7,1
centroid_p10,0.0038864249363541603,7,1
contrast_0_p10,0.0038768230006098747,7,1
mfcc_0_p90,0.0037569853011518717,7,1
spectral_entropy_p10,0.0037511754781007767,7,1
mfcc_6_mean,0.003632472362369299,7,1
mfcc_4_p10,0.003610825864598155,7,1
contrast_4_p90,0.14676357805728912,7,2
rms_std,0.06541368365287781,7,2
mfcc_delta_8_std,0.06131419911980629,7,2
contrast_4_mean,0.044806014746427536,7,2
contrast_5_p90,0.044195789843797684,7,2
mfcc_7_p10,0.034658171236515045,7,2
rolloff85_mean,0.03027653880417347,7,2
mfcc_8_p10,0.02458280511200428,7,2
rms_p90,0.01795991323888302,7,2
centroid_p10,0.01667589135468006,7,2
mfcc_1_mean,0.01603415049612522,7,2
contrast_2_mean,0.01507007610052824,7,2
mfcc_delta_0_std,0.015033474192023277,7,2
dominant_frequency,0.013667925260961056,7,2
mfcc_13_p10,0.011843410320580006,7,2
contrast_2_std,0.010969988070428371,7,2
mfcc_2_p10,0.01095995306968689,7,2
mfcc_3_p90,0.010932340286672115,7,2
contrast_0_p90,0.010519272647798061,7,2
mfcc_2_p90,0.010011223144829273,7,2
mfcc_delta_0_p90,0.009874282404780388,7,2
mfcc_1_p90,0.009788157418370247,7,2
mfcc_3_p10,0.009443077258765697,7,2
bandwidth_p90,0.008734053932130337,7,2
contrast_2_p90,0.008726699277758598,7,2
contrast_5_p10,0.008055495098233223,7,2
contrast_5_mean,0.008016582578420639,7,2
contrast_0_mean,0.007928438484668732,7,2
spectral_entropy_p90,0.0076300459913909435,7,2
centroid_mean,0.007619741838425398,7,2
contrast_1_p10,0.007446715142577887,7,2
mfcc_6_std,0.007426724303513765,7,2
mfcc_1_p10,0.007284272462129593,7,2
contrast_0_std,0.007284162566065788,7,2
flatness_p90,0.0072780209593474865,7,2
mfcc_11_mean,0.007048741448670626,7,2
rolloff85_p90,0.006443075370043516,7,2
contrast_0_p10,0.005663583520799875,7,2
mfcc_3_mean,0.005510011222213507,7,2
mfcc_16_std,0.005368477199226618,7,2
mfcc_delta_5_p10,0.0053248330950737,7,2
centroid_p90,0.005071584600955248,7,2
zero_crossing_rate_p90,0.005048844963312149,7,2
mfcc_5_p10,0.004861714784055948,7,2
mfcc_5_std,0.004740141797810793,7,2
rms_p10,0.004712781868875027,7,2
flatness_p10,0.004489845130592585,7,2
bandwidth_std,0.0039060558192431927,7,2
rms_mean,0.0038451706059277058,7,2
mfcc_2_mean,0.003840413875877857,7,2
mfcc_8_std,0.0034127773251384497,7,2
mfcc_11_p10,0.0032934010960161686,7,2
contrast_1_mean,0.0031747075263410807,7,2
mfcc_delta_13_std,0.003142408560961485,7,2
mfcc_14_std,0.0031336392275989056,7,2
mfcc_delta_1_std,0.003058868693187833,7,2
contrast_3_mean,0.003026853548362851,7,2
mfcc_15_std,0.0028042523190379143,7,2
mfcc_delta_5_p90,0.002758245449513197,7,2
mfcc_6_mean,0.002626829780638218,7,2
mfcc_15_std,0.12030869722366333,7,3
mfcc_1_p10,0.10520616918802261,7,3
mfcc_16_std,0.05591382831335068,7,3
mfcc_7_p10,0.054397355765104294,7,3
zero_crossing_rate_std,0.03259994462132454,7,3
rolloff85_p90,0.03133893758058548,7,3
mfcc_6_p10,0.03130754455924034,7,3
rms_mean,0.025622112676501274,7,3
contrast_0_p10,0.025398608297109604,7,3
rolloff85_p10,0.02191857434809208,7,3
mfcc_1_mean,0.020910458639264107,7,3
rms_p10,0.019112147390842438,7,3
mfcc_3_mean,0.017338808625936508,7,3
mfcc_8_std,0.014904582872986794,7,3
rolloff85_mean,0.01477016694843769,7,3
mfcc_14_std,0.013594800606369972,7,3
dominant_frequency,0.012412244454026222,7,3
contrast_4_mean,0.011531037278473377,7,3
centroid_p10,0.010792811401188374,7,3
mfcc_delta_15_std,0.010501346550881863,7,3
contrast_0_mean,0.01042010448873043,7,3
mfcc_0_mean,0.008320458233356476,7,3
contrast_5_p10,0.007957764901220798,7,3
contrast_5_p90,0.007383254822343588,7,3
contrast_5_mean,0.007180251181125641,7,3
mfcc_3_p90,0.007041944190859795,7,3
mfcc_13_std,0.006899047177284956,7,3
contrast_0_p90,0.00687175989151001,7,3
rms_std,0.006811702158302069,7,3
contrast_4_std,0.006625933572649956,7,3
mfcc_18_std,0.006477451417595148,7,3
centroid_mean,0.006377652753144503,7,3
zero_crossing_rate_mean,0.006333981640636921,7,3
mfcc_0_p90,0.00553631829097867,7,3
bandwidth_p10,0.005530014168471098,7,3
mfcc_8_p10,0.005230448208749294,7,3
spectral_entropy_p90,0.005174451973289251,7,3
mfcc_2_p10,0.005163790658116341,7,3
zero_crossing_rate_p90,0.004977955017238855,7,3
rms_p90,0.00480198347941041,7,3
flatness_p10,0.004786795005202293,7,3
mfcc_18_mean,0.00476167444139719,7,3
mfcc_5_p90,0.004695565905421972,7,3
mfcc_0_p10,0.004543202929198742,7,3
mfcc_6_mean,0.004333129618316889,7,3
mfcc_5_std,0.004247150383889675,7,3
contrast_0_std,0.004155447240918875,7,3
contrast_4_p90,0.003897244343534112,7,3
mfcc_2_mean,0.0038497522473335266,7,3
mfcc_11_p90,0.0034656331408768892,7,3
mfcc_15_p90,0.003186747431755066,7,3
mfcc_3_p10,0.0031034185085445642,7,3
contrast_3_mean,0.003102495102211833,7,3
mfcc_delta_1_std,0.0030236453749239445,7,3
zero_crossing_rate_p10,0.0030141654424369335,7,3
bandwidth_mean,0.0029234488029032946,7,3
spectral_entropy_p10,0.002886537229642272,7,3
contrast_1_mean,0.00287055061198771,7,3
mfcc_4_mean,0.002866624388843775,7,3
spectral_entropy_mean,0.002810204168781638,7,3
mfcc_2_p10,0.1405823975801468,7,4
mfcc_16_std,0.13124245405197144,7,4
mfcc_2_p90,0.038807183504104614,7,4
spectral_entropy_p90,0.03569835424423218,7,4
mfcc_2_mean,0.031161297112703323,7,4
contrast_2_std,0.03019179217517376,7,4
mfcc_4_mean,0.02819697931408882,7,4
flatness_p90,0.025721900165081024,7,4
mfcc_15_std,0.02456415444612503,7,4
spectral_entropy_mean,0.021378133445978165,7,4
mfcc_13_std,0.020350046455860138,7,4
mfcc_4_p10,0.01953703910112381,7,4
mfcc_11_mean,0.018316058441996574,7,4
centroid_p90,0.014889375306665897,7,4
centroid_mean,0.014444360509514809,7,4
spectral_entropy_p10,0.014269571751356125,7,4
mfcc_11_p90,0.012132171541452408,7,4
dominant_frequency_ratio,0.011654011905193329,7,4
mfcc_9_std,0.01108788326382637,7,4
contrast_0_p90,0.010820943862199783,7,4
contrast_5_p90,0.008288617245852947,7,4
mfcc_delta_8_p90,0.00817469134926796,7,4
bandwidth_p90,0.008127282373607159,7,4
contrast_5_p10,0.0074482387863099575,7,4
mfcc_5_mean,0.007231939118355513,7,4
contrast_2_mean,0.0065768687054514885,7,4
contrast_2_p90,0.006554894149303436,7,4
zero_crossing_rate_p90,0.006252574734389782,7,4
mfcc_14_std,0.006235742010176182,7,4
mfcc_1_p10,0.006085003260523081,7,4
mfcc_delta_8_std,0.006056623999029398,7,4
zero_crossing_rate_p10,0.005969400051981211,7,4
rolloff85_mean,0.0057424092665314674,7,4
mfcc_7_p90,0.005464337300509214,7,4
contrast_5_mean,0.005422884598374367,7,4
rms_p10,0.005316818132996559,7,4
rolloff85_p10,0.005153677426278591,7,4
contrast_5_std,0.005071599502116442,7,4
contrast_0_mean,0.004849042743444443,7,4
mfcc_8_p90,0.004821052309125662,7,4
bandwidth_mean,0.004677460994571447,7,4
contrast_0_std,0.004531464073807001,7,4
mfcc_11_p10,0.004455810412764549,7,4
rms_mean,0.004347046837210655,7,4
mfcc_19_mean,0.0043063354678452015,7,4
mfcc_delta_7_std,0.00417931005358696,7,4
rolloff85_p90,0.003945321310311556,7,4
contrast_4_p90,0.003942933399230242,7,4
mfcc_5_p10,0.0038741561584174633,7,4
mfcc_9_p90,0.003715462051331997,7,4
mfcc_4_p90,0.003705895273014903,7,4
contrast_0_p10,0.0036393157206475735,7,4
flatness_p10,0.003622883465141058,7,4
centroid_p10,0.003536238567903638,7,4
mfcc_delta_13_p90,0.0035340343602001667,7,4
mfcc_5_p90,0.0034928584937006235,7,4
mfcc_delta_9_std,0.0034150430001318455,7,4
flatness_mean,0.0033931664656847715,7,4
flatness_std,0.003388242796063423,7,4
mfcc_19_std,0.0032465753611177206,7,4
mfcc_16_std,0.14155592024326324,8,0
contrast_2_std,0.07702948153018951,8,0
zero_crossing_rate_mean,0.04534389078617096,8,0
mfcc_15_p90,0.04106401652097702,8,0
contrast_5_p90,0.032731711864471436,8,0
mfcc_15_std,0.023711564019322395,8,0
centroid_mean,0.02274530939757824,8,0
mfcc_1_p10,0.02269437536597252,8,0
contrast_2_p90,0.01943093165755272,8,0
rolloff85_p90,0.018762320280075073,8,0
mfcc_3_p10,0.018058953806757927,8,0
zero_crossing_rate_p90,0.017337260767817497,8,0
mfcc_14_std,0.01636471413075924,8,0
mfcc_1_p90,0.015049860812723637,8,0
spectral_entropy_p90,0.015041045844554901,8,0
centroid_p90,0.015009975992143154,8,0
flatness_p90,0.014021212235093117,8,0
mfcc_1_mean,0.013506554067134857,8,0
mfcc_2_p90,0.011942906305193901,8,0
contrast_5_mean,0.010385283268988132,8,0
flatness_p10,0.00973780732601881,8,0
mfcc_11_mean,0.008812369778752327,8,0
rms_p10,0.007902630604803562,8,0
bandwidth_p90,0.0076866610907018185,8,0
contrast_0_std,0.007629060186445713,8,0
contrast_0_mean,0.007614135276526213,8,0
mfcc_8_std,0.007564290892332792,8,0
mfcc_5_std,0.007350699044764042,8,0
contrast_0_p10,0.007043181918561459,8,0
spectral_entropy_mean,0.006912435404956341,8,0
mfcc_5_p10,0.006756854243576527,8,0
mfcc_3_mean,0.006740023382008076,8,0
dominant_frequency,0.006736987270414829,8,0
mfcc_delta_0_std,0.006617510225623846,8,0
mfcc_delta_1_std,0.006372151896357536,8,0
rms_p90,0.006236464716494083,8,0
mfcc_8_p90,0.005975380074232817,8,0
contrast_0_p90,0.0059289089404046535,8,0
dominant_frequency_ratio,0.005577192176133394,8,0
mfcc_5_mean,0.0055327145382761955,8,0
rms_mean,0.005527447443455458,8,0
mfcc_6_p10,0.005418520420789719,8,0
mfcc_11_p10,0.005155039951205254,8,0
mfcc_3_p90,0.004925118293613195,8,0
mfcc_delta_8_std,0.0049089351668953896,8,0
rolloff85_mean,0.004738260060548782,8,0
contrast_1_mean,0.004626621957868338,8,0
contrast_2_mean,0.00457725441083312,8,0
mfcc_11_p90,0.00436641788110137,8,0
mfcc_12_p90,0.004356185905635357,8,0
mfcc_delta_14_std,0.004299269989132881,8,0
mfcc_18_p90,0.00420917384326458,8,0
zero_crossing_rate_p10,0.004092762246727943,8,0
mfcc_4_p10,0.004064170178025961,8,0
mfcc_0_std,0.003934317734092474,8,0
spectral_entropy_p10,0.0038531741593033075,8,0
mfcc_3_std,0.003717745654284954,8,0
mfcc_15_mean,0.003644257551059127,8,0
mfcc_0_p90,0.003622595453634858,8,0
contrast_3_mean,0.0035799583420157433,8,0
mfcc_16_std,0.13926386833190918,8,1
contrast_2_std,0.07529638707637787,8,1
zero_crossing_rate_mean,0.05917472764849663,8,1
mfcc_15_std,0.03717243671417236,8,1
contrast_5_p90,0.03556016832590103,8,1
zero_crossing_rate_p90,0.030838845297694206,8,1
rolloff85_p90,0.029313040897250175,8,1
contrast_2_p90,0.025733521208167076,8,1
centroid_p90,0.025716107338666916,8,1
spectral_entropy_p90,0.018996920436620712,8,1
mfcc_14_std,0.018901614472270012,8,1
mfcc_15_p90,0.017975719645619392,8,1
flatness_p90,0.017849553376436234,8,1
mfcc_3_p10,0.017087187618017197,8,1
mfcc_1_p10,0.01226067915558815,8,1
mfcc_1_mean,0.011612574569880962,8,1
contrast_5_mean,0.01047175657004118,8,1
mfcc_1_p90,0.010465829633176327,8,1
rms_p90,0.00927586667239666,8,1
mfcc_delta_0_std,0.008800714276731014,8,1
mfcc_delta_1_std,0.0087303901091218,8,1
mfcc_11_mean,0.008424598723649979,8,1
contrast_0_std,0.008248912170529366,8,1
contrast_0_p90,0.008004059083759785,8,1
flatness_mean,0.007537744008004665,8,1
rms_p10,0.007469541858881712,8,1
mfcc_5_std,0.007233154494315386,8,1
mfcc_8_std,0.006920631974935532,8,1
flatness_p10,0.00653995294123888,8,1
rolloff85_mean,0.006176264025270939,8,1
contrast_4_mean,0.006171784829348326,8,1
mfcc_9_p90,0.006007289979606867,8,1
rms_mean,0.005847429856657982,8,1
flatness_std,0.005739435087889433,8,1
contrast_5_p10,0.005616832058876753,8,1
mfcc_8_p90,0.0055460212752223015,8,1
contrast_4_p90,0.005510800052434206,8,1
mfcc_11_p90,0.005435583181679249,8,1
mfcc_3_p90,0.0054211984388530254,8,1
mfcc_3_mean,0.005265281070023775,8,1
mfcc_delta_1_p10,0.0051958090625703335,8,1
dominant_frequency,0.005099790636450052,8,1
zero_crossing_rate_p10,0.005078562069684267,8,1
bandwidth_p10,0.00505110714584589,8,1
mfcc_11_p10,0.004799616988748312,8,1
mfcc_13_std,0.004578429739922285,8,1
dominant_frequency_ratio,0.004529135301709175,8,1
mfcc_10_p90,0.004469897132366896,8,1
mfcc_6_p10,0.0043281312100589275,8,1
bandwidth_p90,0.004312111064791679,8,1
mfcc_3_std,0.00427589425817132,8,1
mfcc_18_p90,0.0042670536786317825,8,1
spectral_entropy_mean,0.004123893100768328,8,1
bandwidth_mean,0.00401316536590457,8,1
centroid_p10,0.0038864249363541603,8,1
contrast_0_p10,0.0038768230006098747,8,1
mfcc_0_p90,0.0037569853011518717,8,1
spectral_entropy_p10,0.0037511754781007767,8,1
mfcc_6_mean,0.003632472362369299,8,1
mfcc_4_p10,0.003610825864598155,8,1
contrast_4_p90,0.14676357805728912,8,2
rms_std,0.06541368365287781,8,2
mfcc_delta_8_std,0.06131419911980629,8,2
contrast_4_mean,0.044806014746427536,8,2
contrast_5_p90,0.044195789843797684,8,2
mfcc_7_p10,0.034658171236515045,8,2
rolloff85_mean,0.03027653880417347,8,2
mfcc_8_p10,0.02458280511200428,8,2
rms_p90,0.01795991323888302,8,2
centroid_p10,0.01667589135468006,8,2
mfcc_1_mean,0.01603415049612522,8,2
contrast_2_mean,0.01507007610052824,8,2
mfcc_delta_0_std,0.015033474192023277,8,2
dominant_frequency,0.013667925260961056,8,2
mfcc_13_p10,0.011843410320580006,8,2
contrast_2_std,0.010969988070428371,8,2
mfcc_2_p10,0.01095995306968689,8,2
mfcc_3_p90,0.010932340286672115,8,2
contrast_0_p90,0.010519272647798061,8,2
mfcc_2_p90,0.010011223144829273,8,2
mfcc_delta_0_p90,0.009874282404780388,8,2
mfcc_1_p90,0.009788157418370247,8,2
mfcc_3_p10,0.009443077258765697,8,2
bandwidth_p90,0.008734053932130337,8,2
contrast_2_p90,0.008726699277758598,8,2
contrast_5_p10,0.008055495098233223,8,2
contrast_5_mean,0.008016582578420639,8,2
contrast_0_mean,0.007928438484668732,8,2
spectral_entropy_p90,0.0076300459913909435,8,2
centroid_mean,0.007619741838425398,8,2
contrast_1_p10,0.007446715142577887,8,2
mfcc_6_std,0.007426724303513765,8,2
mfcc_1_p10,0.007284272462129593,8,2
contrast_0_std,0.007284162566065788,8,2
flatness_p90,0.0072780209593474865,8,2
mfcc_11_mean,0.007048741448670626,8,2
rolloff85_p90,0.006443075370043516,8,2
contrast_0_p10,0.005663583520799875,8,2
mfcc_3_mean,0.005510011222213507,8,2
mfcc_16_std,0.005368477199226618,8,2
mfcc_delta_5_p10,0.0053248330950737,8,2
centroid_p90,0.005071584600955248,8,2
zero_crossing_rate_p90,0.005048844963312149,8,2
mfcc_5_p10,0.004861714784055948,8,2
mfcc_5_std,0.004740141797810793,8,2
rms_p10,0.004712781868875027,8,2
flatness_p10,0.004489845130592585,8,2
bandwidth_std,0.0039060558192431927,8,2
rms_mean,0.0038451706059277058,8,2
mfcc_2_mean,0.003840413875877857,8,2
mfcc_8_std,0.0034127773251384497,8,2
mfcc_11_p10,0.0032934010960161686,8,2
contrast_1_mean,0.0031747075263410807,8,2
mfcc_delta_13_std,0.003142408560961485,8,2
mfcc_14_std,0.0031336392275989056,8,2
mfcc_delta_1_std,0.003058868693187833,8,2
contrast_3_mean,0.003026853548362851,8,2
mfcc_15_std,0.0028042523190379143,8,2
mfcc_delta_5_p90,0.002758245449513197,8,2
mfcc_6_mean,0.002626829780638218,8,2
mfcc_15_std,0.12030869722366333,8,3
mfcc_1_p10,0.10520616918802261,8,3
mfcc_16_std,0.05591382831335068,8,3
mfcc_7_p10,0.054397355765104294,8,3
zero_crossing_rate_std,0.03259994462132454,8,3
rolloff85_p90,0.03133893758058548,8,3
mfcc_6_p10,0.03130754455924034,8,3
rms_mean,0.025622112676501274,8,3
contrast_0_p10,0.025398608297109604,8,3
rolloff85_p10,0.02191857434809208,8,3
mfcc_1_mean,0.020910458639264107,8,3
rms_p10,0.019112147390842438,8,3
mfcc_3_mean,0.017338808625936508,8,3
mfcc_8_std,0.014904582872986794,8,3
rolloff85_mean,0.01477016694843769,8,3
mfcc_14_std,0.013594800606369972,8,3
dominant_frequency,0.012412244454026222,8,3
contrast_4_mean,0.011531037278473377,8,3
centroid_p10,0.010792811401188374,8,3
mfcc_delta_15_std,0.010501346550881863,8,3
contrast_0_mean,0.01042010448873043,8,3
mfcc_0_mean,0.008320458233356476,8,3
contrast_5_p10,0.007957764901220798,8,3
contrast_5_p90,0.007383254822343588,8,3
contrast_5_mean,0.007180251181125641,8,3
mfcc_3_p90,0.007041944190859795,8,3
mfcc_13_std,0.006899047177284956,8,3
contrast_0_p90,0.00687175989151001,8,3
rms_std,0.006811702158302069,8,3
contrast_4_std,0.006625933572649956,8,3
mfcc_18_std,0.006477451417595148,8,3
centroid_mean,0.006377652753144503,8,3
zero_crossing_rate_mean,0.006333981640636921,8,3
mfcc_0_p90,0.00553631829097867,8,3
bandwidth_p10,0.005530014168471098,8,3
mfcc_8_p10,0.005230448208749294,8,3
spectral_entropy_p90,0.005174451973289251,8,3
mfcc_2_p10,0.005163790658116341,8,3
zero_crossing_rate_p90,0.004977955017238855,8,3
rms_p90,0.00480198347941041,8,3
flatness_p10,0.004786795005202293,8,3
mfcc_18_mean,0.00476167444139719,8,3
mfcc_5_p90,0.004695565905421972,8,3
mfcc_0_p10,0.004543202929198742,8,3
mfcc_6_mean,0.004333129618316889,8,3
mfcc_5_std,0.004247150383889675,8,3
contrast_0_std,0.004155447240918875,8,3
contrast_4_p90,0.003897244343534112,8,3
mfcc_2_mean,0.0038497522473335266,8,3
mfcc_11_p90,0.0034656331408768892,8,3
mfcc_15_p90,0.003186747431755066,8,3
mfcc_3_p10,0.0031034185085445642,8,3
contrast_3_mean,0.003102495102211833,8,3
mfcc_delta_1_std,0.0030236453749239445,8,3
zero_crossing_rate_p10,0.0030141654424369335,8,3
bandwidth_mean,0.0029234488029032946,8,3
spectral_entropy_p10,0.002886537229642272,8,3
contrast_1_mean,0.00287055061198771,8,3
mfcc_4_mean,0.002866624388843775,8,3
spectral_entropy_mean,0.002810204168781638,8,3
mfcc_2_p10,0.1405823975801468,8,4
mfcc_16_std,0.13124245405197144,8,4
mfcc_2_p90,0.038807183504104614,8,4
spectral_entropy_p90,0.03569835424423218,8,4
mfcc_2_mean,0.031161297112703323,8,4
contrast_2_std,0.03019179217517376,8,4
mfcc_4_mean,0.02819697931408882,8,4
flatness_p90,0.025721900165081024,8,4
mfcc_15_std,0.02456415444612503,8,4
spectral_entropy_mean,0.021378133445978165,8,4
mfcc_13_std,0.020350046455860138,8,4
mfcc_4_p10,0.01953703910112381,8,4
mfcc_11_mean,0.018316058441996574,8,4
centroid_p90,0.014889375306665897,8,4
centroid_mean,0.014444360509514809,8,4
spectral_entropy_p10,0.014269571751356125,8,4
mfcc_11_p90,0.012132171541452408,8,4
dominant_frequency_ratio,0.011654011905193329,8,4
mfcc_9_std,0.01108788326382637,8,4
contrast_0_p90,0.010820943862199783,8,4
contrast_5_p90,0.008288617245852947,8,4
mfcc_delta_8_p90,0.00817469134926796,8,4
bandwidth_p90,0.008127282373607159,8,4
contrast_5_p10,0.0074482387863099575,8,4
mfcc_5_mean,0.007231939118355513,8,4
contrast_2_mean,0.0065768687054514885,8,4
contrast_2_p90,0.006554894149303436,8,4
zero_crossing_rate_p90,0.006252574734389782,8,4
mfcc_14_std,0.006235742010176182,8,4
mfcc_1_p10,0.006085003260523081,8,4
mfcc_delta_8_std,0.006056623999029398,8,4
zero_crossing_rate_p10,0.005969400051981211,8,4
rolloff85_mean,0.0057424092665314674,8,4
mfcc_7_p90,0.005464337300509214,8,4
contrast_5_mean,0.005422884598374367,8,4
rms_p10,0.005316818132996559,8,4
rolloff85_p10,0.005153677426278591,8,4
contrast_5_std,0.005071599502116442,8,4
contrast_0_mean,0.004849042743444443,8,4
mfcc_8_p90,0.004821052309125662,8,4
bandwidth_mean,0.004677460994571447,8,4
contrast_0_std,0.004531464073807001,8,4
mfcc_11_p10,0.004455810412764549,8,4
rms_mean,0.004347046837210655,8,4
mfcc_19_mean,0.0043063354678452015,8,4
mfcc_delta_7_std,0.00417931005358696,8,4
rolloff85_p90,0.003945321310311556,8,4
contrast_4_p90,0.003942933399230242,8,4
mfcc_5_p10,0.0038741561584174633,8,4
mfcc_9_p90,0.003715462051331997,8,4
mfcc_4_p90,0.003705895273014903,8,4
contrast_0_p10,0.0036393157206475735,8,4
flatness_p10,0.003622883465141058,8,4
centroid_p10,0.003536238567903638,8,4
mfcc_delta_13_p90,0.0035340343602001667,8,4
mfcc_5_p90,0.0034928584937006235,8,4
mfcc_delta_9_std,0.0034150430001318455,8,4
flatness_mean,0.0033931664656847715,8,4
flatness_std,0.003388242796063423,8,4
mfcc_19_std,0.0032465753611177206,8,4
mfcc_16_std,0.14155592024326324,9,0
contrast_2_std,0.07702948153018951,9,0
zero_crossing_rate_mean,0.04534389078617096,9,0
mfcc_15_p90,0.04106401652097702,9,0
contrast_5_p90,0.032731711864471436,9,0
mfcc_15_std,0.023711564019322395,9,0
centroid_mean,0.02274530939757824,9,0
mfcc_1_p10,0.02269437536597252,9,0
contrast_2_p90,0.01943093165755272,9,0
rolloff85_p90,0.018762320280075073,9,0
mfcc_3_p10,0.018058953806757927,9,0
zero_crossing_rate_p90,0.017337260767817497,9,0
mfcc_14_std,0.01636471413075924,9,0
mfcc_1_p90,0.015049860812723637,9,0
spectral_entropy_p90,0.015041045844554901,9,0
centroid_p90,0.015009975992143154,9,0
flatness_p90,0.014021212235093117,9,0
mfcc_1_mean,0.013506554067134857,9,0
mfcc_2_p90,0.011942906305193901,9,0
contrast_5_mean,0.010385283268988132,9,0
flatness_p10,0.00973780732601881,9,0
mfcc_11_mean,0.008812369778752327,9,0
rms_p10,0.007902630604803562,9,0
bandwidth_p90,0.0076866610907018185,9,0
contrast_0_std,0.007629060186445713,9,0
contrast_0_mean,0.007614135276526213,9,0
mfcc_8_std,0.007564290892332792,9,0
mfcc_5_std,0.007350699044764042,9,0
contrast_0_p10,0.007043181918561459,9,0
spectral_entropy_mean,0.006912435404956341,9,0
mfcc_5_p10,0.006756854243576527,9,0
mfcc_3_mean,0.006740023382008076,9,0
dominant_frequency,0.006736987270414829,9,0
mfcc_delta_0_std,0.006617510225623846,9,0
mfcc_delta_1_std,0.006372151896357536,9,0
rms_p90,0.006236464716494083,9,0
mfcc_8_p90,0.005975380074232817,9,0
contrast_0_p90,0.0059289089404046535,9,0
dominant_frequency_ratio,0.005577192176133394,9,0
mfcc_5_mean,0.0055327145382761955,9,0
rms_mean,0.005527447443455458,9,0
mfcc_6_p10,0.005418520420789719,9,0
mfcc_11_p10,0.005155039951205254,9,0
mfcc_3_p90,0.004925118293613195,9,0
mfcc_delta_8_std,0.0049089351668953896,9,0
rolloff85_mean,0.004738260060548782,9,0
contrast_1_mean,0.004626621957868338,9,0
contrast_2_mean,0.00457725441083312,9,0
mfcc_11_p90,0.00436641788110137,9,0
mfcc_12_p90,0.004356185905635357,9,0
mfcc_delta_14_std,0.004299269989132881,9,0
mfcc_18_p90,0.00420917384326458,9,0
zero_crossing_rate_p10,0.004092762246727943,9,0
mfcc_4_p10,0.004064170178025961,9,0
mfcc_0_std,0.003934317734092474,9,0
spectral_entropy_p10,0.0038531741593033075,9,0
mfcc_3_std,0.003717745654284954,9,0
mfcc_15_mean,0.003644257551059127,9,0
mfcc_0_p90,0.003622595453634858,9,0
contrast_3_mean,0.0035799583420157433,9,0
mfcc_16_std,0.13926386833190918,9,1
contrast_2_std,0.07529638707637787,9,1
zero_crossing_rate_mean,0.05917472764849663,9,1
mfcc_15_std,0.03717243671417236,9,1
contrast_5_p90,0.03556016832590103,9,1
zero_crossing_rate_p90,0.030838845297694206,9,1
rolloff85_p90,0.029313040897250175,9,1
contrast_2_p90,0.025733521208167076,9,1
centroid_p90,0.025716107338666916,9,1
spectral_entropy_p90,0.018996920436620712,9,1
mfcc_14_std,0.018901614472270012,9,1
mfcc_15_p90,0.017975719645619392,9,1
flatness_p90,0.017849553376436234,9,1
mfcc_3_p10,0.017087187618017197,9,1
mfcc_1_p10,0.01226067915558815,9,1
mfcc_1_mean,0.011612574569880962,9,1
contrast_5_mean,0.01047175657004118,9,1
mfcc_1_p90,0.010465829633176327,9,1
rms_p90,0.00927586667239666,9,1
mfcc_delta_0_std,0.008800714276731014,9,1
mfcc_delta_1_std,0.0087303901091218,9,1
mfcc_11_mean,0.008424598723649979,9,1
contrast_0_std,0.008248912170529366,9,1
contrast_0_p90,0.008004059083759785,9,1
flatness_mean,0.007537744008004665,9,1
rms_p10,0.007469541858881712,9,1
mfcc_5_std,0.007233154494315386,9,1
mfcc_8_std,0.006920631974935532,9,1
flatness_p10,0.00653995294123888,9,1
rolloff85_mean,0.006176264025270939,9,1
contrast_4_mean,0.006171784829348326,9,1
mfcc_9_p90,0.006007289979606867,9,1
rms_mean,0.005847429856657982,9,1
flatness_std,0.005739435087889433,9,1
contrast_5_p10,0.005616832058876753,9,1
mfcc_8_p90,0.0055460212752223015,9,1
contrast_4_p90,0.005510800052434206,9,1
mfcc_11_p90,0.005435583181679249,9,1
mfcc_3_p90,0.0054211984388530254,9,1
mfcc_3_mean,0.005265281070023775,9,1
mfcc_delta_1_p10,0.0051958090625703335,9,1
dominant_frequency,0.005099790636450052,9,1
zero_crossing_rate_p10,0.005078562069684267,9,1
bandwidth_p10,0.00505110714584589,9,1
mfcc_11_p10,0.004799616988748312,9,1
mfcc_13_std,0.004578429739922285,9,1
dominant_frequency_ratio,0.004529135301709175,9,1
mfcc_10_p90,0.004469897132366896,9,1
mfcc_6_p10,0.0043281312100589275,9,1
bandwidth_p90,0.004312111064791679,9,1
mfcc_3_std,0.00427589425817132,9,1
mfcc_18_p90,0.0042670536786317825,9,1
spectral_entropy_mean,0.004123893100768328,9,1
bandwidth_mean,0.00401316536590457,9,1
centroid_p10,0.0038864249363541603,9,1
contrast_0_p10,0.0038768230006098747,9,1
mfcc_0_p90,0.0037569853011518717,9,1
spectral_entropy_p10,0.0037511754781007767,9,1
mfcc_6_mean,0.003632472362369299,9,1
mfcc_4_p10,0.003610825864598155,9,1
contrast_4_p90,0.14676357805728912,9,2
rms_std,0.06541368365287781,9,2
mfcc_delta_8_std,0.06131419911980629,9,2
contrast_4_mean,0.044806014746427536,9,2
contrast_5_p90,0.044195789843797684,9,2
mfcc_7_p10,0.034658171236515045,9,2
rolloff85_mean,0.03027653880417347,9,2
mfcc_8_p10,0.02458280511200428,9,2
rms_p90,0.01795991323888302,9,2
centroid_p10,0.01667589135468006,9,2
mfcc_1_mean,0.01603415049612522,9,2
contrast_2_mean,0.01507007610052824,9,2
mfcc_delta_0_std,0.015033474192023277,9,2
dominant_frequency,0.013667925260961056,9,2
mfcc_13_p10,0.011843410320580006,9,2
contrast_2_std,0.010969988070428371,9,2
mfcc_2_p10,0.01095995306968689,9,2
mfcc_3_p90,0.010932340286672115,9,2
contrast_0_p90,0.010519272647798061,9,2
mfcc_2_p90,0.010011223144829273,9,2
mfcc_delta_0_p90,0.009874282404780388,9,2
mfcc_1_p90,0.009788157418370247,9,2
mfcc_3_p10,0.009443077258765697,9,2
bandwidth_p90,0.008734053932130337,9,2
contrast_2_p90,0.008726699277758598,9,2
contrast_5_p10,0.008055495098233223,9,2
contrast_5_mean,0.008016582578420639,9,2
contrast_0_mean,0.007928438484668732,9,2
spectral_entropy_p90,0.0076300459913909435,9,2
centroid_mean,0.007619741838425398,9,2
contrast_1_p10,0.007446715142577887,9,2
mfcc_6_std,0.007426724303513765,9,2
mfcc_1_p10,0.007284272462129593,9,2
contrast_0_std,0.007284162566065788,9,2
flatness_p90,0.0072780209593474865,9,2
mfcc_11_mean,0.007048741448670626,9,2
rolloff85_p90,0.006443075370043516,9,2
contrast_0_p10,0.005663583520799875,9,2
mfcc_3_mean,0.005510011222213507,9,2
mfcc_16_std,0.005368477199226618,9,2
mfcc_delta_5_p10,0.0053248330950737,9,2
centroid_p90,0.005071584600955248,9,2
zero_crossing_rate_p90,0.005048844963312149,9,2
mfcc_5_p10,0.004861714784055948,9,2
mfcc_5_std,0.004740141797810793,9,2
rms_p10,0.004712781868875027,9,2
flatness_p10,0.004489845130592585,9,2
bandwidth_std,0.0039060558192431927,9,2
rms_mean,0.0038451706059277058,9,2
mfcc_2_mean,0.003840413875877857,9,2
mfcc_8_std,0.0034127773251384497,9,2
mfcc_11_p10,0.0032934010960161686,9,2
contrast_1_mean,0.0031747075263410807,9,2
mfcc_delta_13_std,0.003142408560961485,9,2
mfcc_14_std,0.0031336392275989056,9,2
mfcc_delta_1_std,0.003058868693187833,9,2
contrast_3_mean,0.003026853548362851,9,2
mfcc_15_std,0.0028042523190379143,9,2
mfcc_delta_5_p90,0.002758245449513197,9,2
mfcc_6_mean,0.002626829780638218,9,2
mfcc_15_std,0.12030869722366333,9,3
mfcc_1_p10,0.10520616918802261,9,3
mfcc_16_std,0.05591382831335068,9,3
mfcc_7_p10,0.054397355765104294,9,3
zero_crossing_rate_std,0.03259994462132454,9,3
rolloff85_p90,0.03133893758058548,9,3
mfcc_6_p10,0.03130754455924034,9,3
rms_mean,0.025622112676501274,9,3
contrast_0_p10,0.025398608297109604,9,3
rolloff85_p10,0.02191857434809208,9,3
mfcc_1_mean,0.020910458639264107,9,3
rms_p10,0.019112147390842438,9,3
mfcc_3_mean,0.017338808625936508,9,3
mfcc_8_std,0.014904582872986794,9,3
rolloff85_mean,0.01477016694843769,9,3
mfcc_14_std,0.013594800606369972,9,3
dominant_frequency,0.012412244454026222,9,3
contrast_4_mean,0.011531037278473377,9,3
centroid_p10,0.010792811401188374,9,3
mfcc_delta_15_std,0.010501346550881863,9,3
contrast_0_mean,0.01042010448873043,9,3
mfcc_0_mean,0.008320458233356476,9,3
contrast_5_p10,0.007957764901220798,9,3
contrast_5_p90,0.007383254822343588,9,3
contrast_5_mean,0.007180251181125641,9,3
mfcc_3_p90,0.007041944190859795,9,3
mfcc_13_std,0.006899047177284956,9,3
contrast_0_p90,0.00687175989151001,9,3
rms_std,0.006811702158302069,9,3
contrast_4_std,0.006625933572649956,9,3
mfcc_18_std,0.006477451417595148,9,3
centroid_mean,0.006377652753144503,9,3
zero_crossing_rate_mean,0.006333981640636921,9,3
mfcc_0_p90,0.00553631829097867,9,3
bandwidth_p10,0.005530014168471098,9,3
mfcc_8_p10,0.005230448208749294,9,3
spectral_entropy_p90,0.005174451973289251,9,3
mfcc_2_p10,0.005163790658116341,9,3
zero_crossing_rate_p90,0.004977955017238855,9,3
rms_p90,0.00480198347941041,9,3
flatness_p10,0.004786795005202293,9,3
mfcc_18_mean,0.00476167444139719,9,3
mfcc_5_p90,0.004695565905421972,9,3
mfcc_0_p10,0.004543202929198742,9,3
mfcc_6_mean,0.004333129618316889,9,3
mfcc_5_std,0.004247150383889675,9,3
contrast_0_std,0.004155447240918875,9,3
contrast_4_p90,0.003897244343534112,9,3
mfcc_2_mean,0.0038497522473335266,9,3
mfcc_11_p90,0.0034656331408768892,9,3
mfcc_15_p90,0.003186747431755066,9,3
mfcc_3_p10,0.0031034185085445642,9,3
contrast_3_mean,0.003102495102211833,9,3
mfcc_delta_1_std,0.0030236453749239445,9,3
zero_crossing_rate_p10,0.0030141654424369335,9,3
bandwidth_mean,0.0029234488029032946,9,3
spectral_entropy_p10,0.002886537229642272,9,3
contrast_1_mean,0.00287055061198771,9,3
mfcc_4_mean,0.002866624388843775,9,3
spectral_entropy_mean,0.002810204168781638,9,3
mfcc_2_p10,0.1405823975801468,9,4
mfcc_16_std,0.13124245405197144,9,4
mfcc_2_p90,0.038807183504104614,9,4
spectral_entropy_p90,0.03569835424423218,9,4
mfcc_2_mean,0.031161297112703323,9,4
contrast_2_std,0.03019179217517376,9,4
mfcc_4_mean,0.02819697931408882,9,4
flatness_p90,0.025721900165081024,9,4
mfcc_15_std,0.02456415444612503,9,4
spectral_entropy_mean,0.021378133445978165,9,4
mfcc_13_std,0.020350046455860138,9,4
mfcc_4_p10,0.01953703910112381,9,4
mfcc_11_mean,0.018316058441996574,9,4
centroid_p90,0.014889375306665897,9,4
centroid_mean,0.014444360509514809,9,4
spectral_entropy_p10,0.014269571751356125,9,4
mfcc_11_p90,0.012132171541452408,9,4
dominant_frequency_ratio,0.011654011905193329,9,4
mfcc_9_std,0.01108788326382637,9,4
contrast_0_p90,0.010820943862199783,9,4
contrast_5_p90,0.008288617245852947,9,4
mfcc_delta_8_p90,0.00817469134926796,9,4
bandwidth_p90,0.008127282373607159,9,4
contrast_5_p10,0.0074482387863099575,9,4
mfcc_5_mean,0.007231939118355513,9,4
contrast_2_mean,0.0065768687054514885,9,4
contrast_2_p90,0.006554894149303436,9,4
zero_crossing_rate_p90,0.006252574734389782,9,4
mfcc_14_std,0.006235742010176182,9,4
mfcc_1_p10,0.006085003260523081,9,4
mfcc_delta_8_std,0.006056623999029398,9,4
zero_crossing_rate_p10,0.005969400051981211,9,4
rolloff85_mean,0.0057424092665314674,9,4
mfcc_7_p90,0.005464337300509214,9,4
contrast_5_mean,0.005422884598374367,9,4
rms_p10,0.005316818132996559,9,4
rolloff85_p10,0.005153677426278591,9,4
contrast_5_std,0.005071599502116442,9,4
contrast_0_mean,0.004849042743444443,9,4
mfcc_8_p90,0.004821052309125662,9,4
bandwidth_mean,0.004677460994571447,9,4
contrast_0_std,0.004531464073807001,9,4
mfcc_11_p10,0.004455810412764549,9,4
rms_mean,0.004347046837210655,9,4
mfcc_19_mean,0.0043063354678452015,9,4
mfcc_delta_7_std,0.00417931005358696,9,4
rolloff85_p90,0.003945321310311556,9,4
contrast_4_p90,0.003942933399230242,9,4
mfcc_5_p10,0.0038741561584174633,9,4
mfcc_9_p90,0.003715462051331997,9,4
mfcc_4_p90,0.003705895273014903,9,4
contrast_0_p10,0.0036393157206475735,9,4
flatness_p10,0.003622883465141058,9,4
centroid_p10,0.003536238567903638,9,4
mfcc_delta_13_p90,0.0035340343602001667,9,4
mfcc_5_p90,0.0034928584937006235,9,4
mfcc_delta_9_std,0.0034150430001318455,9,4
flatness_mean,0.0033931664656847715,9,4
flatness_std,0.003388242796063423,9,4
mfcc_19_std,0.0032465753611177206,9,4
