feature,gain,repeat,fold
bandwidth_p10,0.047537632286548615,0,0
rms_p10,0.03761737793684006,0,0
bandwidth_p90,0.030855873599648476,0,0
bandwidth_mean,0.030210144817829132,0,0
mfcc_1_mean,0.02188200317323208,0,0
mfcc_1_p90,0.018216796219348907,0,0
contrast_2_p10,0.01663099229335785,0,0
mfcc_17_mean,0.016317185014486313,0,0
mfcc_6_mean,0.014583684504032135,0,0
rms_mean,0.013696553185582161,0,0
contrast_0_p90,0.013563808985054493,0,0
mfcc_delta_15_p90,0.01354269403964281,0,0
mfcc_16_std,0.012961065396666527,0,0
flatness_std,0.011501563712954521,0,0
spectral_entropy_p90,0.010110387578606606,0,0
rolloff85_mean,0.010091327130794525,0,0
mfcc_2_p90,0.009768236428499222,0,0
flatness_p90,0.00934307649731636,0,0
mfcc_1_p10,0.009211128577589989,0,0
contrast_1_p90,0.0088804941624403,0,0
mfcc_delta_10_p10,0.00882076844573021,0,0
mfcc_8_mean,0.00867123156785965,0,0
mfcc_delta_15_std,0.00831581186503172,0,0
mfcc_17_p10,0.00790607463568449,0,0
contrast_1_mean,0.007886476814746857,0,0
mfcc_delta_6_std,0.007771670818328857,0,0
rolloff85_p10,0.007716435007750988,0,0
centroid_p10,0.00758239533752203,0,0
contrast_4_p10,0.007275663316249847,0,0
mfcc_delta_6_mean,0.006947665009647608,0,0
bandwidth_std,0.006653874181210995,0,0
mfcc_14_mean,0.006588710006326437,0,0
mfcc_delta_2_std,0.0065352716483175755,0,0
mfcc_3_p10,0.0065129525028169155,0,0
mfcc_delta_1_p90,0.006478474475443363,0,0
mfcc_10_p90,0.006148686166852713,0,0
mfcc_15_mean,0.006105330772697926,0,0
mfcc_17_p90,0.005955706350505352,0,0
mfcc_delta_19_p10,0.005874114576727152,0,0
mfcc_19_mean,0.0058439550921320915,0,0
mfcc_15_std,0.005800330080091953,0,0
mfcc_15_p90,0.005766846239566803,0,0
mfcc_17_std,0.005653456784784794,0,0
mfcc_6_p10,0.005530695430934429,0,0
contrast_0_mean,0.005453585181385279,0,0
mfcc_4_mean,0.005353922955691814,0,0
contrast_2_mean,0.005351277068257332,0,0
mfcc_18_p90,0.005312681198120117,0,0
centroid_p90,0.005223316606134176,0,0
mfcc_19_p90,0.005208137910813093,0,0
mfcc_16_mean,0.00520510645583272,0,0
flatness_mean,0.005137885455042124,0,0
mfcc_18_mean,0.005137128755450249,0,0
mfcc_12_p90,0.0051018595695495605,0,0
mfcc_2_p10,0.005083925556391478,0,0
mfcc_delta_12_std,0.0050756423734128475,0,0
mfcc_2_mean,0.005071309395134449,0,0
contrast_2_p90,0.004994722083210945,0,0
mfcc_3_mean,0.0048157889395952225,0,0
mfcc_2_std,0.004802017938345671,0,0
flatness_p10,0.16009438037872314,0,1
flatness_mean,0.05846207216382027,0,1
mfcc_1_mean,0.03182464838027954,0,1
bandwidth_mean,0.028999384492635727,0,1
mfcc_1_p10,0.028751669451594353,0,1
flatness_p90,0.019482629373669624,0,1
mfcc_4_mean,0.017077965661883354,0,1
rms_p10,0.015499066561460495,0,1
mfcc_1_p90,0.013323178514838219,0,1
contrast_1_mean,0.010920878499746323,0,1
mfcc_6_mean,0.008852302096784115,0,1
rolloff85_p10,0.008700751699507236,0,1
contrast_0_std,0.008509568870067596,0,1
mfcc_2_mean,0.007987487129867077,0,1
mfcc_8_mean,0.007880623452365398,0,1
mfcc_3_mean,0.007157897111028433,0,1
spectral_entropy_mean,0.0071427058428525925,0,1
bandwidth_p10,0.006630601827055216,0,1
mfcc_delta_13_p90,0.005797600839287043,0,1
mfcc_2_p90,0.00566119747236371,0,1
mfcc_delta_3_p90,0.0056406608782708645,0,1
mfcc_15_mean,0.005549796391278505,0,1
mfcc_5_p90,0.005428675562143326,0,1
mfcc_19_mean,0.005346073303371668,0,1
rolloff85_p90,0.005167018156498671,0,1
mfcc_3_p10,0.005114829167723656,0,1
mfcc_13_std,0.005043646786361933,0,1
mfcc_delta_0_p90,0.0049450513906776905,0,1
spectral_entropy_p10,0.004910376854240894,0,1
mfcc_delta_13_p10,0.004814287181943655,0,1
mfcc_7_mean,0.004810366779565811,0,1
mfcc_delta_0_p10,0.0047061387449502945,0,1
rolloff85_mean,0.004664180800318718,0,1
contrast_2_std,0.004641128238290548,0,1
mfcc_delta_6_p10,0.004592142067849636,0,1
mfcc_14_mean,0.0045014964416623116,0,1
contrast_2_p90,0.004450771026313305,0,1
mfcc_0_std,0.004399618599563837,0,1
mfcc_19_p90,0.004371820017695427,0,1
mfcc_1_std,0.0042813001200556755,0,1
mfcc_delta_9_std,0.004224620759487152,0,1
mfcc_10_mean,0.004223554395139217,0,1
contrast_1_p10,0.00421349611133337,0,1
contrast_4_p90,0.0041634272783994675,0,1
mfcc_delta_10_p10,0.004152764566242695,0,1
mfcc_16_mean,0.004136118572205305,0,1
contrast_5_std,0.004055718891322613,0,1
mfcc_delta_1_p90,0.004053050186485052,0,1
contrast_4_p10,0.004033053293824196,0,1
mfcc_delta_0_std,0.003971484489738941,0,1
mfcc_delta_15_std,0.0039466870948672295,0,1
mfcc_16_p90,0.003941863309592009,0,1
contrast_5_p10,0.00393838481977582,0,1
dominant_frequency,0.0039272550493478775,0,1
mfcc_6_p90,0.003925580997020006,0,1
mfcc_delta_6_p90,0.003914144821465015,0,1
spectral_entropy_std,0.003862683428451419,0,1
mfcc_19_std,0.003862381214275956,0,1
rolloff85_std,0.0038579467218369246,0,1
mfcc_2_p10,0.003769504139199853,0,1
rms_p10,0.0655321553349495,0,2
mfcc_2_p90,0.06501220166683197,0,2
contrast_5_mean,0.04999134689569473,0,2
contrast_1_mean,0.03465704247355461,0,2
mfcc_1_mean,0.017730804160237312,0,2
mfcc_1_p10,0.01740044727921486,0,2
bandwidth_p90,0.015408691950142384,0,2
contrast_1_p10,0.014496086165308952,0,2
mfcc_3_mean,0.014321664348244667,0,2
mfcc_1_p90,0.013044335879385471,0,2
contrast_2_mean,0.01278015784919262,0,2
rms_mean,0.011667055077850819,0,2
mfcc_3_p90,0.009170410223305225,0,2
spectral_entropy_p10,0.00911101046949625,0,2
mfcc_delta_19_p90,0.008558973670005798,0,2
mfcc_16_p90,0.007697414606809616,0,2
mfcc_delta_1_mean,0.007569188252091408,0,2
mfcc_9_std,0.007478064391762018,0,2
bandwidth_mean,0.007272006012499332,0,2
rolloff85_std,0.0072221276350319386,0,2
mfcc_4_mean,0.006938310340046883,0,2
contrast_0_p10,0.0064562116749584675,0,2
mfcc_delta_0_p10,0.006309235002845526,0,2
contrast_0_std,0.006219120230525732,0,2
mfcc_2_mean,0.006091752089560032,0,2
mfcc_0_std,0.006088769994676113,0,2
zero_crossing_rate_p10,0.006079481914639473,0,2
mfcc_delta_6_std,0.006018566899001598,0,2
contrast_0_p90,0.005964174866676331,0,2
mfcc_delta_13_p90,0.005843345075845718,0,2
contrast_4_p10,0.005809687077999115,0,2
zero_crossing_rate_mean,0.005651360377669334,0,2
mfcc_delta_15_p90,0.00559136550873518,0,2
mfcc_13_std,0.005443100817501545,0,2
mfcc_17_mean,0.005432950332760811,0,2
mfcc_17_p90,0.005254141520708799,0,2
rms_p90,0.005236152559518814,0,2
mfcc_3_std,0.005183217581361532,0,2
contrast_5_p90,0.005017570685595274,0,2
mfcc_12_p10,0.005009470973163843,0,2
mfcc_1_std,0.005005280952900648,0,2
mfcc_8_p10,0.0050027198158204556,0,2
rms_std,0.0049663446843624115,0,2
mfcc_4_p90,0.0048803542740643024,0,2
mfcc_delta_17_p10,0.00479569286108017,0,2
mfcc_delta_0_std,0.0047583612613379955,0,2
spectral_entropy_p90,0.004706763196736574,0,2
flatness_p10,0.0046309130266308784,0,2
mfcc_18_p10,0.0046269865706563,0,2
mfcc_delta_15_std,0.00455479696393013,0,2
rolloff85_p10,0.004418652039021254,0,2
contrast_5_std,0.004415248520672321,0,2
mfcc_6_p10,0.004387445282191038,0,2
mfcc_delta_18_p90,0.004305594600737095,0,2
mfcc_13_p90,0.004210636485368013,0,2
mfcc_delta_15_mean,0.004186584148555994,0,2
bandwidth_p10,0.00415630079805851,0,2
flatness_mean,0.004100961610674858,0,2
mfcc_19_p90,0.004096498247236013,0,2
mfcc_15_mean,0.004080494400113821,0,2
bandwidth_mean,0.10317252576351166,0,3
mfcc_1_mean,0.03486954793334007,0,3
rms_p10,0.026125965639948845,0,3
mfcc_1_p10,0.024437954649329185,0,3
flatness_p90,0.017791999503970146,0,3
mfcc_2_p10,0.01703561469912529,0,3
mfcc_2_p90,0.014189153909683228,0,3
flatness_std,0.014068957418203354,0,3
bandwidth_p90,0.012895487248897552,0,3
mfcc_17_p10,0.012273616157472134,0,3
mfcc_delta_0_p10,0.010794037953019142,0,3
contrast_2_p10,0.008405366912484169,0,3
mfcc_2_mean,0.008377819322049618,0,3
contrast_2_mean,0.00771210016682744,0,3
contrast_1_p10,0.007450546603649855,0,3
mfcc_7_p90,0.007104330230504274,0,3
mfcc_17_mean,0.007066118996590376,0,3
mfcc_3_mean,0.006849735043942928,0,3
rms_mean,0.00668456731364131,0,3
mfcc_4_p10,0.006277210079133511,0,3
spectral_entropy_p10,0.006176883354783058,0,3
mfcc_15_p10,0.00613497756421566,0,3
spectral_entropy_p90,0.006035761907696724,0,3
mfcc_1_std,0.006034419871866703,0,3
contrast_0_std,0.005998373031616211,0,3
mfcc_17_p90,0.005996763240545988,0,3
mfcc_1_p90,0.0059383101761341095,0,3
mfcc_4_p90,0.0058418381959199905,0,3
mfcc_0_std,0.005830124951899052,0,3
spectral_entropy_mean,0.005669287871569395,0,3
mfcc_8_mean,0.005665831733494997,0,3
mfcc_8_p10,0.005665512289851904,0,3
mfcc_14_mean,0.005627607461065054,0,3
rolloff85_p10,0.005380862858146429,0,3
mfcc_delta_14_p90,0.005380117800086737,0,3
contrast_0_p10,0.005330930929630995,0,3
mfcc_14_p90,0.0053167990408837795,0,3
mfcc_delta_6_std,0.0052906605415046215,0,3
centroid_p10,0.00521079171448946,0,3
mfcc_16_p90,0.005172815173864365,0,3
mfcc_19_p90,0.005098897498100996,0,3
mfcc_delta_6_p90,0.005097765009850264,0,3
mfcc_18_p10,0.005083235912024975,0,3
mfcc_19_std,0.005076568573713303,0,3
mfcc_15_p90,0.005045032594352961,0,3
mfcc_13_p90,0.0050231218338012695,0,3
mfcc_16_std,0.0049318065866827965,0,3
mfcc_19_mean,0.004927805624902248,0,3
mfcc_delta_14_std,0.004879931919276714,0,3
contrast_1_p90,0.004752956330776215,0,3
mfcc_4_mean,0.004653447307646275,0,3
mfcc_15_mean,0.004643940832465887,0,3
mfcc_12_p10,0.00462317792698741,0,3
spectral_entropy_std,0.004499472677707672,0,3
centroid_p90,0.00449347821995616,0,3
mfcc_delta_18_p90,0.0044324966147542,0,3
mfcc_3_p90,0.004380519036203623,0,3
mfcc_delta_1_mean,0.004378152079880238,0,3
contrast_0_mean,0.004372517112642527,0,3
mfcc_delta_3_p90,0.004348238464444876,0,3
bandwidth_p10,0.11504252254962921,0,4
bandwidth_mean,0.09554816782474518,0,4
rms_p10,0.035824965685606,0,4
mfcc_5_std,0.021378319710493088,0,4
mfcc_delta_6_std,0.020278818905353546,0,4
bandwidth_p90,0.019956985488533974,0,4
mfcc_1_p90,0.0197602566331625,0,4
contrast_1_p90,0.014578082598745823,0,4
flatness_std,0.012784888967871666,0,4
mfcc_10_p90,0.012247798964381218,0,4
contrast_1_mean,0.01191326230764389,0,4
rolloff85_mean,0.010696851648390293,0,4
mfcc_16_std,0.009640278294682503,0,4
mfcc_4_p10,0.009276888333261013,0,4
zero_crossing_rate_mean,0.008648812770843506,0,4
mfcc_1_mean,0.008616761304438114,0,4
mfcc_8_p10,0.008520647883415222,0,4
mfcc_1_p10,0.008464129641652107,0,4
spectral_entropy_p90,0.008049925789237022,0,4
contrast_0_p10,0.0075968788005411625,0,4
rms_mean,0.007263564970344305,0,4
mfcc_delta_18_std,0.007237842306494713,0,4
centroid_p10,0.007191958371549845,0,4
mfcc_8_mean,0.006950871087610722,0,4
rolloff85_p10,0.006845299154520035,0,4
mfcc_12_p90,0.006443289574235678,0,4
flatness_p90,0.006247313693165779,0,4
contrast_4_p10,0.00616592587903142,0,4
mfcc_6_mean,0.0061216107569634914,0,4
mfcc_delta_4_std,0.006064520217478275,0,4
contrast_2_p90,0.0059921108186244965,0,4
contrast_1_p10,0.0059911636635661125,0,4
mfcc_3_mean,0.0058578611351549625,0,4
dominant_frequency,0.005807535257190466,0,4
contrast_0_std,0.005683847703039646,0,4
mfcc_delta_2_std,0.005677679553627968,0,4
flatness_mean,0.005653959698975086,0,4
mfcc_delta_2_p10,0.005612615495920181,0,4
mfcc_delta_17_p90,0.0055575864389538765,0,4
mfcc_delta_14_std,0.005525430664420128,0,4
contrast_0_mean,0.005468081682920456,0,4
mfcc_delta_5_p10,0.0054525816813111305,0,4
centroid_mean,0.005432561971247196,0,4
mfcc_delta_13_p90,0.005284124985337257,0,4
rolloff85_p90,0.0050407350063323975,0,4
mfcc_9_mean,0.004933535121381283,0,4
mfcc_3_p90,0.00491723557934165,0,4
mfcc_2_std,0.004881879780441523,0,4
mfcc_19_mean,0.004811599384993315,0,4
mfcc_17_mean,0.0047784228809177876,0,4
mfcc_delta_0_std,0.004773012828081846,0,4
mfcc_4_p90,0.004684628918766975,0,4
mfcc_2_mean,0.004534723237156868,0,4
mfcc_4_mean,0.004507692530751228,0,4
mfcc_3_p10,0.004505170974880457,0,4
mfcc_19_p10,0.004366448149085045,0,4
contrast_2_mean,0.004348261281847954,0,4
mfcc_delta_4_p10,0.004305250942707062,0,4
mfcc_17_p90,0.0042719533666968346,0,4
mfcc_delta_15_std,0.0042687817476689816,0,4
bandwidth_p10,0.06663569062948227,1,0
bandwidth_mean,0.06448835879564285,1,0
mfcc_1_mean,0.034247029572725296,1,0
rms_p10,0.033576443791389465,1,0
bandwidth_p90,0.02992825023829937,1,0
mfcc_1_p90,0.020259331911802292,1,0
contrast_1_mean,0.02018493413925171,1,0
flatness_std,0.01615343615412712,1,0
mfcc_8_p10,0.014351951889693737,1,0
contrast_1_p90,0.014284512959420681,1,0
mfcc_4_p10,0.012876516208052635,1,0
mfcc_17_p10,0.012672520242631435,1,0
mfcc_10_p90,0.010688806883990765,1,0
rolloff85_mean,0.010685415007174015,1,0
mfcc_16_std,0.01038783136755228,1,0
rms_mean,0.009845313616096973,1,0
contrast_1_p10,0.009218971244990826,1,0
mfcc_4_p90,0.008904842659831047,1,0
mfcc_delta_6_std,0.008879373781383038,1,0
dominant_frequency_ratio,0.008334219455718994,1,0
flatness_p90,0.008315962739288807,1,0
mfcc_9_std,0.008102262392640114,1,0
contrast_0_p10,0.008019527420401573,1,0
spectral_entropy_p10,0.0074708182364702225,1,0
spectral_entropy_p90,0.007254500407725573,1,0
mfcc_delta_2_std,0.006814157124608755,1,0
flatness_p10,0.006776044610887766,1,0
mfcc_19_std,0.00673044566065073,1,0
mfcc_12_p90,0.006687705405056477,1,0
mfcc_3_mean,0.006562219932675362,1,0
rolloff85_p90,0.006513664498925209,1,0
mfcc_delta_10_p10,0.006381866987794638,1,0
flatness_mean,0.006355176214128733,1,0
mfcc_1_p10,0.006318899802863598,1,0
mfcc_delta_18_p10,0.006112758535891771,1,0
mfcc_3_p90,0.006100751459598541,1,0
mfcc_4_mean,0.005874653812497854,1,0
mfcc_15_p90,0.005684740375727415,1,0
spectral_entropy_mean,0.0056557622738182545,1,0
mfcc_19_p90,0.005654407665133476,1,0
rolloff85_p10,0.005561794154345989,1,0
mfcc_8_mean,0.0053728059865534306,1,0
contrast_2_mean,0.005336032249033451,1,0
contrast_4_p10,0.0052900840528309345,1,0
mfcc_13_std,0.005242995452135801,1,0
mfcc_delta_6_p90,0.00520744314417243,1,0
mfcc_10_mean,0.00516152149066329,1,0
mfcc_2_std,0.005160309839993715,1,0
mfcc_12_mean,0.005140446592122316,1,0
mfcc_11_std,0.0051336647011339664,1,0
centroid_p10,0.005129135679453611,1,0
centroid_p90,0.0050423769280314445,1,0
centroid_mean,0.0049830153584480286,1,0
mfcc_8_p90,0.004970924463123083,1,0
mfcc_0_p90,0.004921200219541788,1,0
mfcc_delta_15_std,0.0048532020300626755,1,0
mfcc_delta_8_std,0.0046614995226264,1,0
mfcc_12_p10,0.004640945233404636,1,0
mfcc_19_mean,0.004563791211694479,1,0
mfcc_delta_10_mean,0.004556945990771055,1,0
flatness_p10,0.18606770038604736,1,1
flatness_mean,0.07286547124385834,1,1
mfcc_1_mean,0.03302764147520065,1,1
mfcc_1_p10,0.0212309081107378,1,1
bandwidth_mean,0.020066462457180023,1,1
rms_p10,0.01907186023890972,1,1
mfcc_1_p90,0.018737083300948143,1,1
rolloff85_p10,0.012548268772661686,1,1
rms_mean,0.012208182364702225,1,1
flatness_p90,0.01107548363506794,1,1
mfcc_8_mean,0.008773844689130783,1,1
mfcc_delta_6_p90,0.008669236674904823,1,1
mfcc_6_mean,0.007323616184294224,1,1
zero_crossing_rate_mean,0.007100140675902367,1,1
mfcc_15_mean,0.0068997712805867195,1,1
bandwidth_p10,0.0068123722448945045,1,1
contrast_1_mean,0.006755893584340811,1,1
contrast_2_p90,0.006677853409200907,1,1
contrast_0_std,0.0066548786126077175,1,1
rms_p90,0.005804357584565878,1,1
mfcc_19_mean,0.005722116678953171,1,1
bandwidth_p90,0.005679875146597624,1,1
mfcc_delta_13_p10,0.005658785346895456,1,1
mfcc_delta_6_std,0.005585266277194023,1,1
mfcc_delta_0_p90,0.005410575307905674,1,1
mfcc_delta_9_std,0.005325046367943287,1,1
mfcc_3_p10,0.005281772930175066,1,1
mfcc_delta_13_p90,0.005237490404397249,1,1
mfcc_9_p90,0.005078767891973257,1,1
mfcc_5_p90,0.004960716236382723,1,1
mfcc_3_mean,0.00461412500590086,1,1
spectral_entropy_p10,0.004593550227582455,1,1
zero_crossing_rate_p90,0.004582950379699469,1,1
contrast_4_p10,0.004516880959272385,1,1
spectral_entropy_std,0.004479437135159969,1,1
mfcc_7_mean,0.00447862921282649,1,1
mfcc_delta_3_std,0.004435781855136156,1,1
spectral_entropy_mean,0.004355816636234522,1,1
rolloff85_p90,0.004300314001739025,1,1
mfcc_1_std,0.004294418264180422,1,1
mfcc_7_p10,0.004292778670787811,1,1
flatness_std,0.004262743517756462,1,1
contrast_2_std,0.004238489083945751,1,1
contrast_1_p10,0.004178863484412432,1,1
mfcc_14_p10,0.004125253297388554,1,1
mfcc_delta_4_p10,0.004095747601240873,1,1
mfcc_delta_6_p10,0.004028677009046078,1,1
mfcc_4_mean,0.004010532982647419,1,1
mfcc_delta_4_std,0.0039792610332369804,1,1
mfcc_2_mean,0.0038994373753666878,1,1
spectral_entropy_p90,0.0038018166087567806,1,1
mfcc_7_p90,0.0037724056746810675,1,1
mfcc_13_std,0.0037566660903394222,1,1
mfcc_0_p10,0.003742378205060959,1,1
mfcc_14_std,0.003699188120663166,1,1
dominant_frequency,0.003683262038975954,1,1
mfcc_16_p90,0.003620265983045101,1,1
mfcc_3_std,0.003613903420045972,1,1
mfcc_0_p90,0.0035867977421730757,1,1
mfcc_delta_16_std,0.00356286414898932,1,1
mfcc_2_p90,0.09493033587932587,1,2
rms_p10,0.04990570247173309,1,2
mfcc_1_mean,0.028956180438399315,1,2
mfcc_1_p10,0.024149734526872635,1,2
mfcc_2_p10,0.020586969330906868,1,2
bandwidth_mean,0.01737486943602562,1,2
bandwidth_p90,0.01705276593565941,1,2
contrast_2_mean,0.01367249060422182,1,2
spectral_entropy_mean,0.012782532721757889,1,2
zero_crossing_rate_p10,0.01033833622932434,1,2
dominant_frequency_ratio,0.010093394666910172,1,2
mfcc_0_std,0.009612558409571648,1,2
mfcc_delta_15_std,0.008493221364915371,1,2
spectral_entropy_p10,0.008212503977119923,1,2
mfcc_8_p10,0.00803602859377861,1,2
contrast_1_p10,0.007895855233073235,1,2
mfcc_2_mean,0.007825260981917381,1,2
mfcc_1_p90,0.007019430864602327,1,2
contrast_1_p90,0.006789172068238258,1,2
mfcc_3_p10,0.006761810276657343,1,2
rms_mean,0.006742918863892555,1,2
mfcc_delta_15_p10,0.006527188699692488,1,2
contrast_5_p90,0.006500682793557644,1,2
mfcc_delta_4_std,0.0064769405871629715,1,2
mfcc_delta_17_std,0.006351365242153406,1,2
contrast_1_mean,0.006280510686337948,1,2
contrast_0_std,0.0061455960385501385,1,2
mfcc_delta_18_std,0.005992881953716278,1,2
contrast_2_p10,0.005966192577034235,1,2
mfcc_17_p90,0.005928641650825739,1,2
mfcc_delta_13_p90,0.0058943904004991055,1,2
mfcc_delta_17_p90,0.0058083077892661095,1,2
mfcc_1_std,0.005731462500989437,1,2
mfcc_3_p90,0.005519811529666185,1,2
mfcc_19_std,0.005457462277263403,1,2
mfcc_delta_13_std,0.005278727039694786,1,2
mfcc_9_std,0.005270534660667181,1,2
mfcc_13_std,0.005255966447293758,1,2
mfcc_7_std,0.005254168063402176,1,2
mfcc_16_p90,0.005231008864939213,1,2
contrast_4_mean,0.005197448655962944,1,2
mfcc_delta_5_std,0.005195895209908485,1,2
spectral_entropy_p90,0.005173771176487207,1,2
mfcc_0_p90,0.005152564961463213,1,2
mfcc_19_p90,0.0051339310593903065,1,2
mfcc_3_mean,0.005105987191200256,1,2
mfcc_2_std,0.004976536147296429,1,2
mfcc_4_mean,0.004920962732285261,1,2
contrast_4_p10,0.004850426223129034,1,2
flatness_std,0.004840121604502201,1,2
mfcc_14_mean,0.004831159487366676,1,2
mfcc_6_mean,0.004793135914951563,1,2
mfcc_16_std,0.004637336358428001,1,2
mfcc_3_std,0.00461131427437067,1,2
rolloff85_std,0.004580772947520018,1,2
spectral_entropy_std,0.004556350875645876,1,2
mfcc_delta_18_p90,0.00442354055121541,1,2
mfcc_delta_0_p10,0.004386765416711569,1,2
contrast_2_p90,0.004347475711256266,1,2
mfcc_14_std,0.0043238503858447075,1,2
bandwidth_mean,0.06392238289117813,1,3
rms_p10,0.04738082364201546,1,3
mfcc_1_p10,0.025508567690849304,1,3
mfcc_1_mean,0.024773428216576576,1,3
mfcc_2_p90,0.023054692894220352,1,3
bandwidth_p10,0.02083093486726284,1,3
flatness_p90,0.018607737496495247,1,3
contrast_1_p10,0.014233171008527279,1,3
bandwidth_p90,0.013227211311459541,1,3
rms_mean,0.012721450068056583,1,3
centroid_p10,0.012523536570370197,1,3
contrast_2_mean,0.010154998861253262,1,3
contrast_3_mean,0.00937877967953682,1,3
flatness_std,0.008660378865897655,1,3
mfcc_delta_6_std,0.00865884218364954,1,3
mfcc_delta_15_std,0.008285442367196083,1,3
mfcc_17_mean,0.008172248490154743,1,3
rms_p90,0.00782952830195427,1,3
mfcc_17_p10,0.007697984576225281,1,3
mfcc_delta_0_p10,0.007693127728998661,1,3
contrast_1_mean,0.007560454308986664,1,3
centroid_mean,0.007157253101468086,1,3
mfcc_delta_14_std,0.007043036632239819,1,3
mfcc_delta_2_std,0.006631320342421532,1,3
mfcc_2_p10,0.0065967305563390255,1,3
mfcc_2_mean,0.0063760238699615,1,3
contrast_0_std,0.006335954647511244,1,3
mfcc_12_p10,0.006327259354293346,1,3
contrast_0_p10,0.006301981396973133,1,3
mfcc_17_p90,0.006026901304721832,1,3
mfcc_14_mean,0.005900404881685972,1,3
mfcc_3_mean,0.005772318225353956,1,3
mfcc_8_p10,0.005760018713772297,1,3
mfcc_delta_13_p90,0.0056257653050124645,1,3
mfcc_16_p90,0.005583860911428928,1,3
contrast_2_p10,0.005539971869438887,1,3
mfcc_delta_4_std,0.005503144580870867,1,3
mfcc_8_mean,0.0054409499280154705,1,3
mfcc_7_mean,0.005411743652075529,1,3
spectral_entropy_mean,0.005389839876443148,1,3
mfcc_delta_6_p90,0.005342333577573299,1,3
contrast_0_p90,0.005224820226430893,1,3
mfcc_15_p10,0.0052191284485161304,1,3
mfcc_14_p90,0.005160357803106308,1,3
mfcc_19_p90,0.005049239844083786,1,3
mfcc_4_p10,0.005028434097766876,1,3
mfcc_delta_1_std,0.00499901594594121,1,3
mfcc_16_std,0.004995707888156176,1,3
mfcc_4_mean,0.004874198231846094,1,3
mfcc_delta_3_p90,0.004696630872786045,1,3
flatness_p10,0.004694805946201086,1,3
mfcc_1_p90,0.004691877402365208,1,3
mfcc_0_std,0.004671692848205566,1,3
mfcc_8_std,0.004638311453163624,1,3
mfcc_3_p90,0.004618810024112463,1,3
mfcc_7_p90,0.004540966358035803,1,3
contrast_1_p90,0.004540170542895794,1,3
mfcc_13_p90,0.004524098709225655,1,3
mfcc_delta_0_std,0.004514805041253567,1,3
mfcc_delta_15_p10,0.004433630034327507,1,3
bandwidth_p10,0.08677788078784943,1,4
bandwidth_mean,0.06827991455793381,1,4
rms_p10,0.03596659377217293,1,4
bandwidth_p90,0.031449608504772186,1,4
mfcc_1_p90,0.021545736119151115,1,4
flatness_std,0.019497055560350418,1,4
mfcc_8_p10,0.01820116490125656,1,4
contrast_1_p90,0.017533941194415092,1,4
mfcc_10_p90,0.015998387709259987,1,4
mfcc_16_std,0.012563657946884632,1,4
mfcc_4_p10,0.012429166585206985,1,4
contrast_1_mean,0.011188804171979427,1,4
mfcc_delta_2_std,0.010118436068296432,1,4
mfcc_delta_17_p90,0.009667937643826008,1,4
mfcc_4_mean,0.00939866527915001,1,4
flatness_mean,0.008762374520301819,1,4
centroid_p10,0.008482204750180244,1,4
rolloff85_p10,0.008258150890469551,1,4
rms_mean,0.00797341950237751,1,4
centroid_p90,0.007945943623781204,1,4
mfcc_3_mean,0.007868156768381596,1,4
contrast_0_std,0.007827960886061192,1,4
mfcc_15_std,0.007809738628566265,1,4
mfcc_3_p10,0.007703321520239115,1,4
rolloff85_mean,0.007675509434193373,1,4
contrast_1_p10,0.007632680702954531,1,4
contrast_0_p10,0.00712296599522233,1,4
mfcc_8_mean,0.006977981422096491,1,4
mfcc_1_mean,0.006924356799572706,1,4
flatness_p10,0.006849922705441713,1,4
spectral_entropy_mean,0.006618539337068796,1,4
rms_std,0.00641248095780611,1,4
contrast_2_mean,0.006321645341813564,1,4
mfcc_12_p90,0.006288069766014814,1,4
mfcc_delta_6_std,0.006244381424039602,1,4
mfcc_delta_0_p10,0.006192185450345278,1,4
spectral_entropy_p10,0.006148863583803177,1,4
mfcc_1_p10,0.006145417224615812,1,4
mfcc_16_p10,0.006143325939774513,1,4
contrast_2_p90,0.0059392997063696384,1,4
mfcc_2_std,0.005882049445062876,1,4
mfcc_10_mean,0.00582432746887207,1,4
centroid_mean,0.005712604615837336,1,4
mfcc_delta_18_p10,0.0056728338822722435,1,4
spectral_entropy_p90,0.005658154841512442,1,4
mfcc_delta_16_p10,0.0052773416973650455,1,4
mfcc_delta_6_p10,0.004841095767915249,1,4
mfcc_delta_2_p90,0.0046952697448432446,1,4
contrast_4_p10,0.004670307505875826,1,4
mfcc_delta_13_p90,0.004610049072653055,1,4
mfcc_18_mean,0.0045326147228479385,1,4
flatness_p90,0.004452807828783989,1,4
mfcc_delta_15_p90,0.004396300297230482,1,4
mfcc_delta_16_std,0.004383868537843227,1,4
mfcc_19_p90,0.004376750905066729,1,4
mfcc_19_mean,0.0043260627426207066,1,4
contrast_2_p10,0.004300686530768871,1,4
mfcc_15_p90,0.004260526038706303,1,4
mfcc_3_p90,0.004244934767484665,1,4
rolloff85_p90,0.0040992978028953075,1,4
bandwidth_mean,0.07312565296888351,2,0
bandwidth_p90,0.056016139686107635,2,0
rms_p10,0.029969433322548866,2,0
mfcc_1_p90,0.02384108491241932,2,0
contrast_2_mean,0.018548397347331047,2,0
bandwidth_p10,0.014386904425919056,2,0
mfcc_1_mean,0.014360647648572922,2,0
mfcc_delta_6_std,0.014339316636323929,2,0
mfcc_1_p10,0.012310251593589783,2,0
mfcc_delta_15_p90,0.012029323726892471,2,0
centroid_mean,0.010983197018504143,2,0
mfcc_delta_15_std,0.010797355324029922,2,0
contrast_0_p10,0.01041184738278389,2,0
mfcc_4_p10,0.01006308663636446,2,0
contrast_1_mean,0.00991761777549982,2,0
rms_mean,0.00933382660150528,2,0
mfcc_delta_1_p90,0.008973415940999985,2,0
mfcc_2_std,0.008753099478781223,2,0
rolloff85_mean,0.008343989960849285,2,0
contrast_2_p10,0.008214880712330341,2,0
mfcc_19_mean,0.008146892301738262,2,0
mfcc_3_mean,0.008020476438105106,2,0
mfcc_6_p90,0.007972744293510914,2,0
centroid_p90,0.0076446980237960815,2,0
mfcc_10_p90,0.007525415159761906,2,0
centroid_p10,0.007490255869925022,2,0
mfcc_19_p90,0.0073820678517222404,2,0
mfcc_3_std,0.007291057147085667,2,0
contrast_1_p10,0.007274441886693239,2,0
mfcc_16_std,0.0072232140228152275,2,0
mfcc_14_std,0.007080866955220699,2,0
mfcc_4_p90,0.006933434400707483,2,0
mfcc_6_mean,0.0069128586910665035,2,0
flatness_p10,0.006606768816709518,2,0
mfcc_6_p10,0.006567309610545635,2,0
mfcc_delta_11_std,0.006478096824139357,2,0
mfcc_3_p10,0.006281448062509298,2,0
spectral_entropy_p90,0.006183071061968803,2,0
mfcc_3_p90,0.006089280359447002,2,0
mfcc_9_p10,0.006009531673043966,2,0
mfcc_delta_10_p10,0.005948598030954599,2,0
mfcc_19_std,0.0059270779602229595,2,0
rolloff85_p90,0.0058812485076487064,2,0
mfcc_delta_4_p10,0.005879155360162258,2,0
mfcc_18_p90,0.005806945730000734,2,0
mfcc_19_p10,0.0057883914560079575,2,0
mfcc_7_std,0.005787738133221865,2,0
mfcc_0_p90,0.005668215453624725,2,0
mfcc_delta_6_p90,0.005640246905386448,2,0
rolloff85_std,0.005626714322715998,2,0
spectral_entropy_mean,0.005610590800642967,2,0
mfcc_delta_15_p10,0.00551459938287735,2,0
mfcc_4_mean,0.005398312117904425,2,0
centroid_std,0.005395313259214163,2,0
mfcc_15_p90,0.005357756745070219,2,0
mfcc_16_p90,0.0053378622978925705,2,0
spectral_entropy_p10,0.005336147267371416,2,0
mfcc_delta_3_p10,0.005222139414399862,2,0
contrast_4_p10,0.005189965944737196,2,0
mfcc_2_p90,0.005083441734313965,2,0
flatness_p10,0.16567790508270264,2,1
flatness_mean,0.07510917633771896,2,1
rms_mean,0.02637278474867344,2,1
rms_p10,0.02216252125799656,2,1
mfcc_1_p10,0.02114149183034897,2,1
mfcc_4_mean,0.01919490285217762,2,1
mfcc_1_mean,0.01765260472893715,2,1
flatness_p90,0.013640244491398335,2,1
bandwidth_mean,0.012588228099048138,2,1
spectral_entropy_mean,0.008988700807094574,2,1
contrast_1_mean,0.008487926796078682,2,1
mfcc_8_mean,0.007830390706658363,2,1
rolloff85_p10,0.007809182163327932,2,1
zero_crossing_rate_mean,0.007676469162106514,2,1
mfcc_delta_6_p90,0.007455187849700451,2,1
mfcc_delta_0_p90,0.007167283911257982,2,1
bandwidth_p10,0.0070807188749313354,2,1
mfcc_1_p90,0.006501750089228153,2,1
mfcc_delta_13_p90,0.006489257328212261,2,1
mfcc_delta_13_p10,0.006286916323006153,2,1
mfcc_6_mean,0.005968158133327961,2,1
contrast_0_std,0.0059250956401228905,2,1
mfcc_13_std,0.005921012721955776,2,1
contrast_1_p10,0.005905457306653261,2,1
rms_p90,0.005898266099393368,2,1
mfcc_3_mean,0.005816306918859482,2,1
mfcc_3_p10,0.0056520625948905945,2,1
contrast_2_p90,0.005639700684696436,2,1
mfcc_5_p90,0.005465984344482422,2,1
mfcc_1_std,0.005394349340349436,2,1
mfcc_delta_6_p10,0.005376528482884169,2,1
rolloff85_p90,0.005316294729709625,2,1
mfcc_delta_4_std,0.0052023353055119514,2,1
contrast_2_std,0.004776586778461933,2,1
contrast_4_p10,0.004732330329716206,2,1
mfcc_15_mean,0.004692854359745979,2,1
mfcc_19_mean,0.004679536446928978,2,1
mfcc_3_std,0.0046419259160757065,2,1
mfcc_17_std,0.0044273328967392445,2,1
mfcc_18_mean,0.004359088838100433,2,1
mfcc_6_std,0.004267669748514891,2,1
mfcc_9_p90,0.0042270938865840435,2,1
mfcc_15_std,0.004182687494903803,2,1
spectral_entropy_std,0.004172614775598049,2,1
flatness_std,0.004158848896622658,2,1
zero_crossing_rate_std,0.00412618787959218,2,1
mfcc_delta_13_std,0.004117204807698727,2,1
rolloff85_mean,0.004052736796438694,2,1
zero_crossing_rate_p90,0.004041134379804134,2,1
contrast_5_p10,0.004010786302387714,2,1
mfcc_delta_9_p90,0.004001559689640999,2,1
spectral_entropy_p10,0.003995110280811787,2,1
bandwidth_p90,0.003992543090134859,2,1
mfcc_delta_16_p10,0.003977976273745298,2,1
mfcc_7_p90,0.003972982056438923,2,1
mfcc_7_mean,0.003908492624759674,2,1
mfcc_0_p90,0.003835282986983657,2,1
contrast_3_mean,0.0038099067751318216,2,1
mfcc_9_mean,0.0037915301509201527,2,1
mfcc_delta_1_p90,0.0037164827808737755,2,1
mfcc_2_p90,0.09668740630149841,2,2
bandwidth_mean,0.06021400913596153,2,2
rms_p10,0.050192881375551224,2,2
contrast_1_mean,0.030498968437314034,2,2
mfcc_3_mean,0.01991148293018341,2,2
mfcc_1_mean,0.017617667093873024,2,2
contrast_5_mean,0.016390236094594002,2,2
contrast_1_p10,0.014075012877583504,2,2
rms_mean,0.013146915473043919,2,2
bandwidth_p90,0.012380320578813553,2,2
contrast_0_p10,0.011143828742206097,2,2
mfcc_1_p10,0.01056322269141674,2,2
mfcc_3_p90,0.010452138260006905,2,2
rms_p90,0.010432571172714233,2,2
mfcc_1_p90,0.010213646106421947,2,2
contrast_2_mean,0.009679103270173073,2,2
rolloff85_std,0.009187937714159489,2,2
zero_crossing_rate_p10,0.008857307024300098,2,2
mfcc_delta_13_p90,0.008712297305464745,2,2
spectral_entropy_p10,0.00813652016222477,2,2
flatness_std,0.00802282989025116,2,2
mfcc_delta_17_p90,0.008014023303985596,2,2
spectral_entropy_p90,0.006976779084652662,2,2
spectral_entropy_mean,0.006595552898943424,2,2
contrast_0_mean,0.006449469830840826,2,2
spectral_entropy_std,0.006358738988637924,2,2
mfcc_delta_18_p10,0.006198572926223278,2,2
rolloff85_mean,0.006021646782755852,2,2
contrast_4_p10,0.006001461762934923,2,2
contrast_1_p90,0.005981119349598885,2,2
mfcc_16_p90,0.0059305476024746895,2,2
mfcc_delta_15_std,0.005922247190028429,2,2
mfcc_12_p10,0.005827256478369236,2,2
mfcc_delta_1_mean,0.005482265260070562,2,2
mfcc_delta_17_std,0.005400907713919878,2,2
contrast_4_std,0.005269492045044899,2,2
centroid_p10,0.005265082698315382,2,2
contrast_5_p10,0.0052567957900464535,2,2
zero_crossing_rate_mean,0.005223226733505726,2,2
rolloff85_p10,0.005045566242188215,2,2
mfcc_17_p90,0.005007561761885881,2,2
mfcc_delta_13_p10,0.0049539124593138695,2,2
mfcc_4_p10,0.004897913429886103,2,2
mfcc_delta_16_p90,0.00486559234559536,2,2
mfcc_14_p90,0.0048063513822853565,2,2
mfcc_4_mean,0.004540026653558016,2,2
contrast_0_p90,0.0044011762365698814,2,2
mfcc_17_p10,0.004320517182350159,2,2
mfcc_6_p10,0.00427438085898757,2,2
flatness_mean,0.004232464358210564,2,2
mfcc_delta_11_p10,0.004155249800533056,2,2
mfcc_18_p10,0.00412197969853878,2,2
mfcc_9_mean,0.00412084860727191,2,2
mfcc_0_p90,0.004112279508262873,2,2
mfcc_delta_12_mean,0.004073630552738905,2,2
flatness_p90,0.003963811323046684,2,2
flatness_p10,0.003951755817979574,2,2
mfcc_0_mean,0.00393315264955163,2,2
mfcc_16_std,0.003925202880054712,2,2
mfcc_15_mean,0.0038884025998413563,2,2
bandwidth_mean,0.06600398570299149,2,3
rms_p10,0.029907070100307465,2,3
mfcc_2_p10,0.026267139241099358,2,3
flatness_p90,0.026212947443127632,2,3
mfcc_1_mean,0.02402571775019169,2,3
mfcc_1_p10,0.021635636687278748,2,3
mfcc_2_p90,0.01932828314602375,2,3
rms_p90,0.01672315038740635,2,3
mfcc_delta_13_std,0.013777467422187328,2,3
mfcc_8_p10,0.013345764018595219,2,3
rms_mean,0.01234180387109518,2,3
bandwidth_p10,0.010668081231415272,2,3
contrast_3_mean,0.010124067775905132,2,3
centroid_p10,0.009786759503185749,2,3
mfcc_8_mean,0.009632722474634647,2,3
flatness_std,0.009429039433598518,2,3
spectral_entropy_mean,0.009405972436070442,2,3
mfcc_17_p10,0.008875099942088127,2,3
mfcc_delta_6_p90,0.008287030272185802,2,3
contrast_0_std,0.008268080651760101,2,3
mfcc_2_mean,0.007843448780477047,2,3
mfcc_3_mean,0.0074812788516283035,2,3
contrast_1_p10,0.0074552614241838455,2,3
mfcc_delta_15_std,0.007411986123770475,2,3
mfcc_17_mean,0.007041935343295336,2,3
bandwidth_p90,0.0069717890582978725,2,3
contrast_2_mean,0.006967581808567047,2,3
mfcc_17_p90,0.006922020111232996,2,3
mfcc_delta_14_std,0.0067926510237157345,2,3
spectral_entropy_p10,0.006482172291725874,2,3
rolloff85_p10,0.0064674378372728825,2,3
mfcc_4_p10,0.00641343928873539,2,3
contrast_2_p10,0.006343062501400709,2,3
mfcc_15_mean,0.005965471733361483,2,3
mfcc_10_mean,0.005863755941390991,2,3
mfcc_delta_3_p10,0.005859831348061562,2,3
contrast_1_mean,0.0057406434789299965,2,3
mfcc_delta_13_p90,0.0056211091578006744,2,3
contrast_1_p90,0.005610255524516106,2,3
mfcc_14_mean,0.005490261595696211,2,3
mfcc_1_std,0.005433592014014721,2,3
mfcc_delta_0_p10,0.005411846097558737,2,3
mfcc_16_p90,0.005380988586694002,2,3
mfcc_delta_6_std,0.005279833916574717,2,3
mfcc_7_p90,0.0052357749082148075,2,3
contrast_5_p10,0.005191497970372438,2,3
mfcc_3_p10,0.00513057503849268,2,3
mfcc_delta_1_std,0.004965729545801878,2,3
zero_crossing_rate_p10,0.004961754195392132,2,3
mfcc_7_std,0.004926850087940693,2,3
spectral_entropy_std,0.004902734886854887,2,3
contrast_4_mean,0.004839208908379078,2,3
mfcc_delta_11_std,0.0048165591433644295,2,3
mfcc_8_std,0.0048147342167794704,2,3
mfcc_19_mean,0.004750811029225588,2,3
mfcc_14_p90,0.004741111304610968,2,3
mfcc_12_p10,0.004735307302325964,2,3
mfcc_1_p90,0.004729600623250008,2,3
mfcc_19_p90,0.004679282195866108,2,3
mfcc_15_p90,0.004634977784007788,2,3
bandwidth_mean,0.04966142401099205,2,4
rms_p10,0.04880143329501152,2,4
bandwidth_p90,0.03343179449439049,2,4
mfcc_1_p90,0.028996005654335022,2,4
bandwidth_p10,0.024872146546840668,2,4
rms_p90,0.01748819835484028,2,4
mfcc_1_mean,0.01466066762804985,2,4
rms_mean,0.013346203602850437,2,4
contrast_1_p90,0.012653774581849575,2,4
mfcc_delta_2_std,0.012375762686133385,2,4
rolloff85_mean,0.011564101092517376,2,4
flatness_mean,0.011547726579010487,2,4
mfcc_1_p10,0.011348124593496323,2,4
mfcc_6_mean,0.011284864507615566,2,4
spectral_entropy_mean,0.011191570200026035,2,4
contrast_1_p10,0.010754907503724098,2,4
contrast_2_p10,0.01061604730784893,2,4
contrast_1_mean,0.010365202091634274,2,4
rolloff85_p10,0.01019192487001419,2,4
spectral_entropy_p90,0.010050862096250057,2,4
mfcc_17_mean,0.009316148236393929,2,4
mfcc_delta_6_std,0.008623545058071613,2,4
contrast_0_p10,0.0082626324146986,2,4
flatness_p10,0.008165406063199043,2,4
mfcc_0_mean,0.008101923391222954,2,4
flatness_std,0.007992565631866455,2,4
centroid_p90,0.007810339331626892,2,4
mfcc_10_std,0.007781693711876869,2,4
centroid_p10,0.007549361791461706,2,4
mfcc_16_std,0.007441829424351454,2,4
contrast_4_p10,0.007271370384842157,2,4
mfcc_delta_19_p10,0.007221592590212822,2,4
mfcc_14_p90,0.007056680973619223,2,4
rolloff85_p90,0.006914881523698568,2,4
mfcc_2_std,0.0068622250109910965,2,4
spectral_entropy_std,0.0068529811687767506,2,4
mfcc_3_mean,0.00679204985499382,2,4
mfcc_delta_15_p90,0.006553649436682463,2,4
mfcc_3_p10,0.006438791286200285,2,4
mfcc_15_p90,0.006053369492292404,2,4
mfcc_7_std,0.006016601342707872,2,4
mfcc_4_p10,0.005974958650767803,2,4
spectral_entropy_p10,0.005926191341131926,2,4
mfcc_delta_14_std,0.005905155558139086,2,4
mfcc_4_p90,0.005846137646585703,2,4
mfcc_delta_7_std,0.005665880162268877,2,4
mfcc_delta_1_p90,0.0056364815682172775,2,4
mfcc_delta_6_p90,0.005621836055070162,2,4
mfcc_delta_11_std,0.00554767856374383,2,4
mfcc_0_p90,0.00548979127779603,2,4
mfcc_8_p10,0.005463959649205208,2,4
mfcc_19_p90,0.005260404199361801,2,4
mfcc_3_std,0.005197479389607906,2,4
mfcc_delta_15_p10,0.005190271884202957,2,4
mfcc_11_p90,0.005182565189898014,2,4
zero_crossing_rate_p10,0.005125310737639666,2,4
mfcc_delta_3_p90,0.005061774514615536,2,4
mfcc_10_mean,0.004986958112567663,2,4
mfcc_12_p10,0.004971533082425594,2,4
mfcc_delta_14_p90,0.004942373838275671,2,4
contrast_0_mean,0.09197475761175156,3,0
contrast_0_p10,0.06805943697690964,3,0
flatness_p10,0.021008092910051346,3,0
centroid_p10,0.0158108901232481,3,0
flatness_mean,0.013645297847688198,3,0
mfcc_1_mean,0.012583622708916664,3,0
mfcc_4_mean,0.010620146989822388,3,0
mfcc_1_p90,0.009763755835592747,3,0
rms_p10,0.009732046164572239,3,0
rms_p90,0.008882483467459679,3,0
mfcc_delta_0_std,0.008818930946290493,3,0
mfcc_6_p90,0.008680452592670918,3,0
mfcc_delta_14_p90,0.008543348871171474,3,0
mfcc_3_p90,0.008317861706018448,3,0
bandwidth_mean,0.00818178802728653,3,0
mfcc_3_mean,0.008129491470754147,3,0
bandwidth_p90,0.007765633519738913,3,0
mfcc_1_p10,0.0077375005930662155,3,0
mfcc_4_std,0.00760302972048521,3,0
mfcc_delta_7_mean,0.007451252546161413,3,0
mfcc_17_p10,0.007063665892928839,3,0
mfcc_19_p90,0.007004495244473219,3,0
rolloff85_std,0.006962227635085583,3,0
contrast_0_std,0.006874702870845795,3,0
mfcc_17_p90,0.006674970965832472,3,0
spectral_entropy_mean,0.006666984874755144,3,0
mfcc_8_p10,0.0065712821669876575,3,0
mfcc_14_mean,0.006392143666744232,3,0
mfcc_10_p90,0.006275227293372154,3,0
zero_crossing_rate_mean,0.006151540670543909,3,0
mfcc_15_mean,0.006096979603171349,3,0
mfcc_4_p90,0.006020836997777224,3,0
mfcc_delta_6_p90,0.005983485374599695,3,0
mfcc_delta_18_p10,0.005963384173810482,3,0
mfcc_13_p90,0.005930462386459112,3,0
zero_crossing_rate_p90,0.005917473696172237,3,0
mfcc_8_mean,0.005863651633262634,3,0
flatness_p90,0.005681666079908609,3,0
mfcc_delta_12_p90,0.00563535513356328,3,0
mfcc_8_std,0.005625315476208925,3,0
mfcc_delta_0_p10,0.00557510182261467,3,0
mfcc_delta_17_std,0.005569810979068279,3,0
mfcc_6_mean,0.005533066112548113,3,0
rms_mean,0.005527746398001909,3,0
contrast_5_p10,0.005483291577547789,3,0
spectral_entropy_p90,0.005443872418254614,3,0
mfcc_2_mean,0.005380891729146242,3,0
bandwidth_p10,0.0052529629319906235,3,0
mfcc_delta_13_p90,0.005084293428808451,3,0
spectral_entropy_p10,0.005057027563452721,3,0
mfcc_delta_1_p10,0.0049573685973882675,3,0
mfcc_delta_17_p90,0.004897536709904671,3,0
mfcc_19_mean,0.004893876146525145,3,0
contrast_2_mean,0.004751262720674276,3,0
mfcc_3_p10,0.004700272344052792,3,0
mfcc_delta_4_std,0.004633588716387749,3,0
mfcc_10_mean,0.004620782565325499,3,0
mfcc_7_std,0.004604424349963665,3,0
mfcc_delta_3_std,0.004591969773173332,3,0
rolloff85_mean,0.00451878784224391,3,0
flatness_p10,0.18086181581020355,3,1
flatness_mean,0.08472646027803421,3,1
mfcc_1_mean,0.027953024953603745,3,1
rms_p10,0.0184829980134964,3,1
rms_mean,0.01802925020456314,3,1
mfcc_1_p10,0.01677856780588627,3,1
mfcc_1_p90,0.013872570358216763,3,1
rolloff85_p10,0.012433746829628944,3,1
flatness_p90,0.011658208444714546,3,1
bandwidth_mean,0.011269191280007362,3,1
mfcc_6_mean,0.009178332053124905,3,1
mfcc_8_mean,0.00687454454600811,3,1
zero_crossing_rate_mean,0.00684684282168746,3,1
contrast_0_std,0.006765376310795546,3,1
contrast_1_mean,0.0064653740264475346,3,1
mfcc_delta_0_p90,0.006082046777009964,3,1
bandwidth_p10,0.0060034808702766895,3,1
spectral_entropy_std,0.0059532830491662025,3,1
mfcc_15_mean,0.005931621417403221,3,1
mfcc_delta_6_p90,0.005824945401400328,3,1
contrast_2_p90,0.005784312728792429,3,1
mfcc_delta_4_p90,0.005574399139732122,3,1
mfcc_delta_13_p90,0.005252721253782511,3,1
mfcc_delta_3_p90,0.0051549808122217655,3,1
mfcc_delta_3_std,0.0051306323148310184,3,1
centroid_p10,0.005117701832205057,3,1
mfcc_5_p90,0.005113379098474979,3,1
dominant_frequency_ratio,0.0050554340705275536,3,1
mfcc_1_std,0.004958383738994598,3,1
mfcc_3_p10,0.004782563075423241,3,1
contrast_1_p10,0.004608473274856806,3,1
mfcc_4_mean,0.004581406246870756,3,1
contrast_4_p10,0.004543576389551163,3,1
mfcc_0_std,0.0044557745568454266,3,1
mfcc_2_p90,0.004439166747033596,3,1
mfcc_delta_4_p10,0.00441940501332283,3,1
mfcc_3_mean,0.004412395413964987,3,1
contrast_2_std,0.0043813614174723625,3,1
mfcc_0_p90,0.004357832949608564,3,1
mfcc_delta_12_std,0.004352789372205734,3,1
contrast_5_p10,0.004321589600294828,3,1
mfcc_delta_1_p90,0.004179733339697123,3,1
mfcc_8_p10,0.004032166209071875,3,1
rolloff85_p90,0.003981044050306082,3,1
mfcc_17_std,0.00397875253111124,3,1
mfcc_9_mean,0.003955158870667219,3,1
contrast_4_mean,0.003930692560970783,3,1
mfcc_delta_1_std,0.003922659438103437,3,1
mfcc_17_mean,0.0038935313932597637,3,1
mfcc_delta_9_p90,0.003883605357259512,3,1
mfcc_delta_4_std,0.0038601721171289682,3,1
contrast_5_std,0.0037514904979616404,3,1
mfcc_delta_6_p10,0.0037413202226161957,3,1
mfcc_delta_16_p10,0.0037266963627189398,3,1
spectral_entropy_p10,0.003721374087035656,3,1
mfcc_delta_11_std,0.003667050041258335,3,1
mfcc_delta_7_p90,0.0036597675643861294,3,1
mfcc_17_p90,0.003595346352085471,3,1
mfcc_delta_13_p10,0.003569459542632103,3,1
mfcc_delta_9_p10,0.0035580380354076624,3,1
mfcc_2_p90,0.12467829883098602,3,2
rms_p10,0.04103801026940346,3,2
contrast_5_mean,0.028610799461603165,3,2
bandwidth_mean,0.028359148651361465,3,2
mfcc_3_mean,0.021707817912101746,3,2
contrast_1_mean,0.021185671910643578,3,2
mfcc_3_p90,0.02072041667997837,3,2
bandwidth_p90,0.015411049127578735,3,2
mfcc_2_p10,0.014870163053274155,3,2
contrast_2_mean,0.012272561900317669,3,2
rms_mean,0.01183396764099598,3,2
mfcc_1_mean,0.011222087778151035,3,2
contrast_5_p90,0.010507632978260517,3,2
mfcc_1_p90,0.010093430057168007,3,2
mfcc_1_p10,0.009934957139194012,3,2
rms_p90,0.009236034005880356,3,2
contrast_1_p10,0.008479172363877296,3,2
mfcc_delta_13_p90,0.00792386382818222,3,2
mfcc_delta_13_std,0.007570733781903982,3,2
mfcc_8_p10,0.007303721271455288,3,2
centroid_mean,0.007197835948318243,3,2
spectral_entropy_p10,0.007065546698868275,3,2
mfcc_11_std,0.0069203246384859085,3,2
zero_crossing_rate_p10,0.006644736509770155,3,2
contrast_4_p10,0.00655879033729434,3,2
contrast_0_p90,0.0065475450828671455,3,2
mfcc_delta_19_p90,0.00648690527305007,3,2
contrast_0_p10,0.00633134925737977,3,2
mfcc_17_p90,0.005797334481030703,3,2
rolloff85_p10,0.005687170661985874,3,2
flatness_p10,0.005647418089210987,3,2
mfcc_16_p90,0.005551754496991634,3,2
contrast_1_std,0.005457564722746611,3,2
mfcc_17_p10,0.00535406731069088,3,2
mfcc_delta_17_p90,0.005339964758604765,3,2
mfcc_delta_17_std,0.005191044881939888,3,2
contrast_4_mean,0.005081657785922289,3,2
mfcc_delta_2_p90,0.0048637245781719685,3,2
mfcc_delta_18_std,0.004692154470831156,3,2
mfcc_8_p90,0.004689470864832401,3,2
mfcc_14_std,0.004631468094885349,3,2
zero_crossing_rate_mean,0.004608462564647198,3,2
contrast_4_std,0.004588455893099308,3,2
mfcc_16_std,0.004495094530284405,3,2
mfcc_delta_16_p90,0.004451698623597622,3,2
mfcc_12_p10,0.004390542861074209,3,2
mfcc_delta_15_std,0.004361256025731564,3,2
mfcc_5_p90,0.0043197437189519405,3,2
mfcc_delta_9_std,0.004305914510041475,3,2
rolloff85_std,0.004258616827428341,3,2
mfcc_0_mean,0.004225246142596006,3,2
mfcc_delta_15_p90,0.004184075631201267,3,2
mfcc_delta_18_p90,0.004171860869973898,3,2
mfcc_3_p10,0.0041626873426139355,3,2
flatness_p90,0.00411205692216754,3,2
centroid_p90,0.004108162131160498,3,2
mfcc_0_std,0.004082689061760902,3,2
mfcc_17_mean,0.0040664030238986015,3,2
spectral_entropy_p90,0.003999135456979275,3,2
mfcc_7_mean,0.003983508795499802,3,2
bandwidth_mean,0.06790899485349655,3,3
rms_p10,0.05552514269948006,3,3
mfcc_1_mean,0.052661363035440445,3,3
mfcc_1_p10,0.03808417171239853,3,3
rms_p90,0.030707256868481636,3,3
bandwidth_p90,0.020448336377739906,3,3
contrast_1_mean,0.014564521610736847,3,3
contrast_1_p10,0.012945422902703285,3,3
mfcc_2_p90,0.012753100134432316,3,3
mfcc_16_p90,0.011136716231703758,3,3
spectral_entropy_p10,0.011022713966667652,3,3
mfcc_delta_6_std,0.010133921168744564,3,3
mfcc_2_mean,0.01009089220315218,3,3
contrast_1_p90,0.009939557872712612,3,3
rolloff85_p10,0.00942681822925806,3,3
flatness_p10,0.009154463186860085,3,3
mfcc_4_mean,0.008723230101168156,3,3
flatness_p90,0.00848542619496584,3,3
mfcc_8_mean,0.008392512798309326,3,3
contrast_0_p90,0.00767344469204545,3,3
rms_mean,0.007154668215662241,3,3
mfcc_3_p90,0.006666223984211683,3,3
mfcc_5_p90,0.006520889699459076,3,3
mfcc_1_p90,0.006390451453626156,3,3
contrast_2_p10,0.006345842499285936,3,3
contrast_0_p10,0.006321730092167854,3,3
mfcc_16_std,0.006273288745433092,3,3
mfcc_4_p10,0.006011594086885452,3,3
spectral_entropy_p90,0.005902831442654133,3,3
mfcc_delta_6_p10,0.0058507458306849,3,3
mfcc_delta_18_p10,0.005840870551764965,3,3
mfcc_3_std,0.005636243615299463,3,3
mfcc_14_p90,0.005618104711174965,3,3
mfcc_delta_2_std,0.005539302714169025,3,3
contrast_0_mean,0.00552270608022809,3,3
mfcc_18_std,0.0054952288046479225,3,3
flatness_std,0.005405616946518421,3,3
mfcc_delta_13_p90,0.005402617156505585,3,3
mfcc_8_p10,0.0051231770776212215,3,3
mfcc_3_p10,0.004956513177603483,3,3
contrast_0_std,0.004925142508000135,3,3
mfcc_15_mean,0.004847686737775803,3,3
mfcc_2_p10,0.004827270284295082,3,3
mfcc_3_mean,0.004753160756081343,3,3
mfcc_15_p90,0.004700286313891411,3,3
mfcc_19_mean,0.004670558962970972,3,3
mfcc_delta_17_p90,0.0046208202838897705,3,3
mfcc_13_std,0.004613719414919615,3,3
mfcc_7_std,0.004589766729623079,3,3
mfcc_6_mean,0.004565870389342308,3,3
mfcc_6_p10,0.0044589717872440815,3,3
mfcc_delta_14_std,0.004408267326653004,3,3
centroid_p10,0.004392600618302822,3,3
rolloff85_mean,0.004284162074327469,3,3
mfcc_13_p10,0.004267576616257429,3,3
mfcc_19_p90,0.004211245570331812,3,3
mfcc_10_p10,0.004199259914457798,3,3
mfcc_delta_12_std,0.004189802799373865,3,3
mfcc_18_p10,0.004023954272270203,3,3
mfcc_delta_13_std,0.0039307791739702225,3,3
bandwidth_p10,0.09230062365531921,3,4
bandwidth_mean,0.0653960257768631,3,4
rms_p10,0.04095190763473511,3,4
mfcc_1_p90,0.025308355689048767,3,4
bandwidth_p90,0.02482457458972931,3,4
contrast_1_mean,0.015916811302304268,3,4
mfcc_1_mean,0.015656009316444397,3,4
mfcc_4_p10,0.01400378905236721,3,4
contrast_1_p90,0.013429297134280205,3,4
mfcc_8_p10,0.012974989600479603,3,4
mfcc_10_p90,0.012589078396558762,3,4
centroid_p90,0.010994517244398594,3,4
mfcc_1_p10,0.010139981284737587,3,4
mfcc_delta_6_std,0.009243030101060867,3,4
zero_crossing_rate_mean,0.009081595577299595,3,4
rolloff85_p90,0.009053719229996204,3,4
contrast_1_p10,0.009050627239048481,3,4
flatness_std,0.008904551155865192,3,4
rms_mean,0.008431426249444485,3,4
spectral_entropy_mean,0.008333595469594002,3,4
centroid_p10,0.008276528678834438,3,4
rolloff85_mean,0.007971890270709991,3,4
mfcc_16_std,0.0074004437774419785,3,4
rolloff85_p10,0.007072972599416971,3,4
mfcc_12_p90,0.006857056170701981,3,4
mfcc_delta_2_std,0.006615946069359779,3,4
contrast_4_p10,0.006582269445061684,3,4
mfcc_6_p90,0.006568233482539654,3,4
flatness_p90,0.0065149045549333096,3,4
mfcc_4_mean,0.006340757943689823,3,4
mfcc_15_p90,0.006198131944984198,3,4
spectral_entropy_p90,0.006185456644743681,3,4
flatness_mean,0.006117811892181635,3,4
mfcc_3_p90,0.00608479231595993,3,4
mfcc_16_p90,0.006068991031497717,3,4
mfcc_5_std,0.006036912091076374,3,4
mfcc_delta_15_p90,0.0060246787033975124,3,4
contrast_2_mean,0.0057295141741633415,3,4
mfcc_19_mean,0.005622158292680979,3,4
mfcc_delta_8_p90,0.005511438008397818,3,4
mfcc_3_p10,0.005487959831953049,3,4
mfcc_2_std,0.005485638976097107,3,4
mfcc_delta_15_p10,0.005472020711749792,3,4
mfcc_3_mean,0.005435471888631582,3,4
mfcc_16_p10,0.005405356641858816,3,4
centroid_mean,0.0053923893719911575,3,4
mfcc_19_p10,0.005325641017407179,3,4
mfcc_0_p90,0.005272783804684877,3,4
mfcc_8_mean,0.005085904151201248,3,4
contrast_0_std,0.005045381840318441,3,4
mfcc_10_mean,0.004998340737074614,3,4
mfcc_2_mean,0.004919955972582102,3,4
mfcc_12_std,0.004879684653133154,3,4
mfcc_delta_0_p10,0.004837957210838795,3,4
mfcc_17_p10,0.004831709899008274,3,4
mfcc_delta_19_std,0.004685654304921627,3,4
mfcc_9_p90,0.0046585784293711185,3,4
mfcc_delta_4_p10,0.004549533128738403,3,4
mfcc_delta_10_p10,0.004511028528213501,3,4
mfcc_18_p10,0.0044575221836566925,3,4
contrast_0_mean,0.09663455188274384,4,0
contrast_0_p10,0.042499251663684845,4,0
mfcc_4_mean,0.02058126963675022,4,0
rms_p10,0.01413632184267044,4,0
flatness_p10,0.011598365381360054,4,0
mfcc_1_p90,0.010807467624545097,4,0
rms_mean,0.010473977774381638,4,0
mfcc_1_mean,0.009460058063268661,4,0
mfcc_delta_6_p90,0.009363947436213493,4,0
mfcc_7_p10,0.00891527347266674,4,0
contrast_1_mean,0.008168392814695835,4,0
contrast_5_p10,0.00816120021045208,4,0
mfcc_17_mean,0.008135726675391197,4,0
mfcc_delta_12_p10,0.007835166528820992,4,0
mfcc_delta_17_p90,0.007795952260494232,4,0
mfcc_6_mean,0.007100507151335478,4,0
centroid_p10,0.007015942595899105,4,0
contrast_2_p10,0.006906474474817514,4,0
mfcc_8_mean,0.006744957063347101,4,0
mfcc_3_mean,0.006678390316665173,4,0
mfcc_1_p10,0.00660788593813777,4,0
mfcc_delta_2_mean,0.0066003333777189255,4,0
mfcc_delta_13_p90,0.006566688884049654,4,0
mfcc_delta_16_p10,0.006550266873091459,4,0
mfcc_14_mean,0.0065023452043533325,4,0
zero_crossing_rate_p90,0.006492442451417446,4,0
mfcc_delta_15_std,0.00643517542630434,4,0
bandwidth_mean,0.006346267182379961,4,0
spectral_entropy_mean,0.006310593336820602,4,0
mfcc_delta_0_std,0.006236437242478132,4,0
flatness_mean,0.006154519040137529,4,0
mfcc_0_p10,0.0061521525494754314,4,0
mfcc_4_std,0.006009479518979788,4,0
mfcc_10_p90,0.005912658292800188,4,0
mfcc_19_p90,0.005774070043116808,4,0
mfcc_0_mean,0.005752710159868002,4,0
mfcc_delta_17_std,0.005679098889231682,4,0
mfcc_3_std,0.005673116538673639,4,0
mfcc_delta_6_std,0.005612032487988472,4,0
mfcc_4_p90,0.005469037685543299,4,0
mfcc_3_p10,0.0054193115793168545,4,0
mfcc_15_mean,0.005402152892202139,4,0
mfcc_6_p10,0.005224534776061773,4,0
mfcc_0_std,0.005211684387177229,4,0
mfcc_delta_5_mean,0.005144940223544836,4,0
mfcc_2_mean,0.005142787471413612,4,0
contrast_3_p90,0.005137049127370119,4,0
mfcc_18_p10,0.005025952123105526,4,0
bandwidth_p10,0.005012107081711292,4,0
bandwidth_p90,0.004985467065125704,4,0
mfcc_19_p10,0.004973101895302534,4,0
mfcc_delta_12_p90,0.004959719721227884,4,0
mfcc_1_std,0.0048742396757006645,4,0
mfcc_delta_17_p10,0.004866119474172592,4,0
contrast_2_mean,0.004863899201154709,4,0
mfcc_17_p10,0.004810735117644072,4,0
mfcc_7_p90,0.0048069036565721035,4,0
mfcc_delta_0_p10,0.004804039373993874,4,0
spectral_entropy_p10,0.004792219027876854,4,0
mfcc_5_mean,0.004777421243488789,4,0
flatness_p10,0.15026259422302246,4,1
flatness_mean,0.06676813960075378,4,1
mfcc_1_mean,0.029934516176581383,4,1
mfcc_1_p10,0.024004893377423286,4,1
rms_p10,0.02143748849630356,4,1
flatness_p90,0.020573602989315987,4,1
bandwidth_mean,0.01654057949781418,4,1
rolloff85_p10,0.016345422714948654,4,1
mfcc_6_mean,0.010565392673015594,4,1
mfcc_1_p90,0.009539250284433365,4,1
contrast_1_mean,0.009315402247011662,4,1
mfcc_8_mean,0.009076287969946861,4,1
mfcc_13_std,0.008509226143360138,4,1
bandwidth_p10,0.00838815700262785,4,1
contrast_2_p90,0.007887114770710468,4,1
rms_mean,0.007654648739844561,4,1
mfcc_delta_6_p90,0.007552656345069408,4,1
contrast_1_p90,0.007495813071727753,4,1
spectral_entropy_mean,0.007116271648555994,4,1
mfcc_5_p90,0.0070260013453662395,4,1
contrast_0_std,0.006408262997865677,4,1
mfcc_15_mean,0.006302200723439455,4,1
spectral_entropy_std,0.005775668192654848,4,1
mfcc_0_p10,0.005664617754518986,4,1
mfcc_2_p90,0.005596785806119442,4,1
mfcc_7_mean,0.005589819513261318,4,1
mfcc_delta_13_p90,0.005507625173777342,4,1
mfcc_delta_0_p10,0.00544944079592824,4,1
mfcc_1_std,0.005381282884627581,4,1
mfcc_delta_13_p10,0.005323270335793495,4,1
contrast_4_p10,0.005296568386256695,4,1
mfcc_delta_0_p90,0.005111664533615112,4,1
mfcc_delta_9_p90,0.004858588799834251,4,1
mfcc_3_p10,0.004798737820237875,4,1
mfcc_7_p90,0.004686820786446333,4,1
mfcc_delta_3_p90,0.004680521320551634,4,1
centroid_p90,0.004670946858823299,4,1
mfcc_delta_4_std,0.0046499683521687984,4,1
mfcc_9_mean,0.00463181221857667,4,1
mfcc_3_mean,0.004590220749378204,4,1
mfcc_17_std,0.004585823975503445,4,1
zero_crossing_rate_mean,0.004477239679545164,4,1
mfcc_10_mean,0.004445471800863743,4,1
mfcc_15_p10,0.004330562427639961,4,1
contrast_2_std,0.004257471766322851,4,1
contrast_1_p10,0.004236382432281971,4,1
mfcc_19_std,0.004231825936585665,4,1
centroid_p10,0.004227380733937025,4,1
mfcc_7_p10,0.004131358582526445,4,1
mfcc_7_std,0.0041173663921654224,4,1
mfcc_9_p90,0.004049881361424923,4,1
mfcc_delta_6_p10,0.004035843536257744,4,1
zero_crossing_rate_p10,0.004017518367618322,4,1
mfcc_15_p90,0.0040033250115811825,4,1
mfcc_delta_9_p10,0.003899749368429184,4,1
mfcc_5_mean,0.0038410788401961327,4,1
contrast_0_p90,0.0038385100197046995,4,1
mfcc_14_mean,0.0038258207496255636,4,1
mfcc_4_mean,0.003796622157096863,4,1
mfcc_delta_1_mean,0.0037304603029042482,4,1
bandwidth_mean,0.08099327236413956,4,2
rms_p10,0.0771482065320015,4,2
mfcc_2_p90,0.053972676396369934,4,2
contrast_1_mean,0.04988213628530502,4,2
contrast_5_mean,0.02444395050406456,4,2
mfcc_1_p10,0.016529742628335953,4,2
mfcc_1_p90,0.014406432397663593,4,2
mfcc_3_mean,0.013970095664262772,4,2
contrast_1_p10,0.013822115026414394,4,2
mfcc_1_mean,0.012687087059020996,4,2
bandwidth_p90,0.011312782764434814,4,2
contrast_0_p10,0.00987279787659645,4,2
mfcc_7_std,0.009149186313152313,4,2
flatness_p10,0.008730102330446243,4,2
contrast_2_mean,0.00842456053942442,4,2
rms_p90,0.008161183446645737,4,2
spectral_entropy_p10,0.008087944239377975,4,2
mfcc_delta_13_p90,0.00721603911370039,4,2
contrast_4_p10,0.0070648291148245335,4,2
zero_crossing_rate_mean,0.006978853605687618,4,2
mfcc_delta_13_std,0.006503757555037737,4,2
mfcc_0_mean,0.0062968856655061245,4,2
rms_mean,0.006109288893640041,4,2
mfcc_0_std,0.0060476697981357574,4,2
mfcc_delta_15_std,0.005905123893171549,4,2
zero_crossing_rate_std,0.0058768074959516525,4,2
contrast_0_p90,0.005766754969954491,4,2
mfcc_8_p10,0.00574977183714509,4,2
mfcc_16_std,0.005528263282030821,4,2
mfcc_16_p10,0.005220774095505476,4,2
contrast_4_std,0.005183706991374493,4,2
mfcc_delta_18_p90,0.005164184607565403,4,2
flatness_std,0.005119027569890022,4,2
mfcc_4_p10,0.005114037077873945,4,2
mfcc_16_p90,0.005041093099862337,4,2
rolloff85_p10,0.004895801655948162,4,2
mfcc_delta_17_p10,0.004883358255028725,4,2
mfcc_2_mean,0.004859362728893757,4,2
mfcc_4_mean,0.004850052297115326,4,2
mfcc_0_p10,0.004845181480050087,4,2
mfcc_delta_17_std,0.004814197309315205,4,2
mfcc_17_p90,0.004785432945936918,4,2
mfcc_14_p90,0.004765656311064959,4,2
mfcc_11_mean,0.0047286259941756725,4,2
mfcc_delta_13_p10,0.0046589490957558155,4,2
mfcc_delta_12_p10,0.004546673037111759,4,2
contrast_2_p90,0.0045006792061030865,4,2
mfcc_delta_14_std,0.004440362099558115,4,2
mfcc_10_p10,0.004408205859363079,4,2
mfcc_17_p10,0.004373214207589626,4,2
rolloff85_mean,0.004359366837888956,4,2
mfcc_1_std,0.004307707771658897,4,2
mfcc_delta_6_std,0.004307277966290712,4,2
mfcc_delta_1_mean,0.004306157119572163,4,2
mfcc_6_p10,0.004127384163439274,4,2
mfcc_delta_15_p90,0.004125609528273344,4,2
mfcc_19_p90,0.004059389233589172,4,2
mfcc_5_p10,0.004040137864649296,4,2
mfcc_15_mean,0.0039810300804674625,4,2
contrast_0_mean,0.003957429435104132,4,2
bandwidth_mean,0.09773621708154678,4,3
mfcc_1_mean,0.030422968789935112,4,3
mfcc_1_p10,0.028476078063249588,4,3
rms_p10,0.025220895186066628,4,3
mfcc_2_p10,0.02423599734902382,4,3
flatness_p90,0.02125955931842327,4,3
mfcc_3_mean,0.01257504802197218,4,3
rolloff85_p10,0.01218290627002716,4,3
mfcc_2_p90,0.01207195594906807,4,3
bandwidth_p90,0.011423135176301003,4,3
spectral_entropy_p10,0.011280512437224388,4,3
flatness_p10,0.011114674620330334,4,3
spectral_entropy_p90,0.01094910129904747,4,3
mfcc_17_p90,0.010443038307130337,4,3
mfcc_delta_15_std,0.010370305739343166,4,3
mfcc_8_p10,0.010360653512179852,4,3
mfcc_15_std,0.00968734361231327,4,3
mfcc_8_std,0.008896149694919586,4,3
rms_p90,0.008817300200462341,4,3
bandwidth_p10,0.00836208090186119,4,3
mfcc_8_mean,0.008317830972373486,4,3
contrast_1_mean,0.00826751533895731,4,3
contrast_2_p10,0.008140729740262032,4,3
flatness_std,0.00810678955167532,4,3
zero_crossing_rate_p10,0.007324731443077326,4,3
contrast_1_p10,0.006889102980494499,4,3
contrast_1_p90,0.006725418847054243,4,3
mfcc_14_mean,0.0065806168131530285,4,3
mfcc_19_p90,0.006493242457509041,4,3
contrast_4_mean,0.006456917151808739,4,3
mfcc_7_p90,0.006456148345023394,4,3
contrast_0_p90,0.006345182657241821,4,3
mfcc_3_p10,0.0062044053338468075,4,3
mfcc_16_p90,0.0060589732602238655,4,3
mfcc_4_p10,0.005838369019329548,4,3
mfcc_delta_13_p90,0.005813645198941231,4,3
mfcc_1_p90,0.005810213275253773,4,3
mfcc_16_std,0.005504546221345663,4,3
mfcc_7_std,0.005476946011185646,4,3
mfcc_15_mean,0.005419918801635504,4,3
mfcc_12_p10,0.0054187290370464325,4,3
rms_mean,0.005301028490066528,4,3
rolloff85_mean,0.005290674511343241,4,3
mfcc_2_mean,0.005216348450630903,4,3
mfcc_delta_13_p10,0.005202741362154484,4,3
mfcc_3_p90,0.005114411935210228,4,3
mfcc_delta_18_p10,0.005048724357038736,4,3
mfcc_14_p90,0.004973980598151684,4,3
mfcc_delta_6_std,0.004899966064840555,4,3
flatness_mean,0.004769217222929001,4,3
mfcc_delta_14_std,0.004636254161596298,4,3
mfcc_15_p10,0.004577621817588806,4,3
mfcc_0_p90,0.004496762529015541,4,3
mfcc_0_std,0.0044129337184131145,4,3
mfcc_17_std,0.004392736125737429,4,3
mfcc_delta_15_p90,0.004365160129964352,4,3
mfcc_10_mean,0.0043510678224265575,4,3
contrast_2_mean,0.004313240759074688,4,3
mfcc_19_mean,0.004291253630071878,4,3
contrast_0_std,0.00427007582038641,4,3
bandwidth_p10,0.1172991618514061,4,4
rms_p10,0.04318390414118767,4,4
bandwidth_mean,0.0405101403594017,4,4
mfcc_8_p10,0.024535734206438065,4,4
mfcc_1_p90,0.02358246222138405,4,4
bandwidth_p90,0.023041676729917526,4,4
contrast_1_mean,0.01685499958693981,4,4
contrast_1_p90,0.012934813275933266,4,4
mfcc_delta_4_std,0.012793723493814468,4,4
contrast_0_p90,0.011638755910098553,4,4
mfcc_1_mean,0.010468637570738792,4,4
mfcc_10_p90,0.009916005656123161,4,4
dominant_frequency,0.009684870950877666,4,4
zero_crossing_rate_p10,0.009643136523663998,4,4
spectral_entropy_mean,0.009552795439958572,4,4
rms_mean,0.009496414102613926,4,4
mfcc_16_std,0.009240858256816864,4,4
mfcc_delta_6_std,0.008794426918029785,4,4
flatness_p90,0.008776857517659664,4,4
rolloff85_p10,0.008486245758831501,4,4
flatness_std,0.008433076553046703,4,4
spectral_entropy_p90,0.008131937123835087,4,4
mfcc_7_std,0.007860390469431877,4,4
rolloff85_mean,0.007657350040972233,4,4
mfcc_2_std,0.00760192284360528,4,4
mfcc_delta_1_p90,0.00756062613800168,4,4
contrast_1_p10,0.007060653064399958,4,4
contrast_2_mean,0.006951294373720884,4,4
contrast_0_p10,0.006835903972387314,4,4
mfcc_3_p10,0.0068227387964725494,4,4
mfcc_4_p90,0.006798272952437401,4,4
centroid_p10,0.006747365463525057,4,4
mfcc_delta_15_std,0.0066392021253705025,4,4
flatness_p10,0.006580172572284937,4,4
mfcc_3_p90,0.006389736197888851,4,4
mfcc_15_p90,0.00632268562912941,4,4
mfcc_delta_2_std,0.006308095064014196,4,4
mfcc_4_mean,0.006110575050115585,4,4
mfcc_3_mean,0.006058068014681339,4,4
mfcc_delta_0_p10,0.005888757761567831,4,4
mfcc_delta_15_p90,0.005631778854876757,4,4
mfcc_19_std,0.005543896462768316,4,4
contrast_4_p10,0.005439301952719688,4,4
mfcc_6_mean,0.005288274958729744,4,4
mfcc_9_mean,0.005174197722226381,4,4
mfcc_delta_0_std,0.005147417075932026,4,4
mfcc_0_p90,0.0051408070139586926,4,4
mfcc_12_mean,0.005067166406661272,4,4
rolloff85_p90,0.005015527829527855,4,4
mfcc_delta_18_p90,0.004952309653162956,4,4
mfcc_delta_6_p90,0.004935248754918575,4,4
mfcc_12_p90,0.004927457310259342,4,4
mfcc_18_p90,0.004926637280732393,4,4
flatness_mean,0.004839131608605385,4,4
mfcc_19_p90,0.004837413784116507,4,4
mfcc_7_p90,0.004803584422916174,4,4
mfcc_12_p10,0.00465561356395483,4,4
mfcc_2_p10,0.004624478984624147,4,4
mfcc_delta_11_p10,0.004571054596453905,4,4
mfcc_9_p10,0.0045523312874138355,4,4
mfcc_2_p10,0.09606675803661346,5,0
mfcc_2_mean,0.09564303606748581,5,0
mfcc_2_p90,0.049562323838472366,5,0
flatness_p10,0.021511100232601166,5,0
rolloff85_std,0.014778231270611286,5,0
bandwidth_p90,0.013543565757572651,5,0
mfcc_4_mean,0.012967860326170921,5,0
mfcc_17_mean,0.012925325892865658,5,0
rms_p10,0.011449435725808144,5,0
bandwidth_mean,0.011270745657384396,5,0
contrast_3_mean,0.00993003323674202,5,0
flatness_std,0.009712185710668564,5,0
mfcc_1_p10,0.009658745490014553,5,0
zero_crossing_rate_mean,0.00932179857045412,5,0
mfcc_6_p90,0.00887169037014246,5,0
contrast_5_p10,0.0087432237342,5,0
contrast_0_p10,0.008455611765384674,5,0
mfcc_3_mean,0.008223054930567741,5,0
centroid_p10,0.007964909076690674,5,0
mfcc_4_p10,0.00783307570964098,5,0
mfcc_1_mean,0.006318154279142618,5,0
mfcc_0_std,0.00616502994671464,5,0
mfcc_delta_5_mean,0.006108514498919249,5,0
mfcc_19_p90,0.006107422523200512,5,0
mfcc_delta_6_p90,0.005996066145598888,5,0
spectral_entropy_mean,0.005960404872894287,5,0
mfcc_17_p10,0.005850140005350113,5,0
bandwidth_p10,0.00573156401515007,5,0
mfcc_delta_6_std,0.005729072727262974,5,0
mfcc_3_p10,0.005724786780774593,5,0
rolloff85_p10,0.005347604397684336,5,0
contrast_3_p90,0.0051930369809269905,5,0
mfcc_delta_7_mean,0.005153617821633816,5,0
rolloff85_mean,0.00513234781101346,5,0
mfcc_8_p90,0.005130985751748085,5,0
mfcc_6_mean,0.005011970642954111,5,0
mfcc_0_p90,0.004931801464408636,5,0
mfcc_1_p90,0.0049005551263689995,5,0
mfcc_delta_0_std,0.004829327575862408,5,0
mfcc_18_std,0.0047497740015387535,5,0
spectral_entropy_p90,0.004740059841424227,5,0
contrast_1_mean,0.004656861070543528,5,0
mfcc_18_p10,0.004631579387933016,5,0
mfcc_14_mean,0.004524641204625368,5,0
mfcc_1_std,0.0044744499027729034,5,0
mfcc_8_mean,0.0044391280971467495,5,0
mfcc_delta_13_p90,0.004430130124092102,5,0
mfcc_7_p10,0.004420306067913771,5,0
mfcc_17_std,0.004384108819067478,5,0
flatness_p90,0.00433387840166688,5,0
mfcc_delta_0_p10,0.004268665798008442,5,0
spectral_entropy_p10,0.004121777601540089,5,0
spectral_entropy_std,0.004098908510059118,5,0
mfcc_delta_12_p90,0.004082032945007086,5,0
mfcc_19_p10,0.0040284013375639915,5,0
mfcc_10_std,0.004014466889202595,5,0
bandwidth_std,0.004004763439297676,5,0
contrast_0_std,0.003996765241026878,5,0
mfcc_19_mean,0.003983975388109684,5,0
mfcc_6_p10,0.003979505971074104,5,0
flatness_p10,0.14110258221626282,5,1
flatness_mean,0.078513503074646,5,1
mfcc_1_mean,0.030215999111533165,5,1
mfcc_1_p10,0.022664638236165047,5,1
flatness_p90,0.020349979400634766,5,1
mfcc_4_mean,0.018939340487122536,5,1
rms_p10,0.01588674634695053,5,1
bandwidth_mean,0.015261405147612095,5,1
mfcc_8_mean,0.009388948790729046,5,1
contrast_0_std,0.008582406677305698,5,1
rolloff85_p10,0.008403395302593708,5,1
mfcc_1_p90,0.008038638159632683,5,1
bandwidth_p10,0.0077171786688268185,5,1
mfcc_delta_6_p90,0.0073529393412172794,5,1
mfcc_6_mean,0.007249206770211458,5,1
mfcc_13_std,0.007007156033068895,5,1
mfcc_15_mean,0.006765450816601515,5,1
contrast_1_mean,0.006727773696184158,5,1
mfcc_7_mean,0.006466428283601999,5,1
mfcc_6_p90,0.006280183792114258,5,1
mfcc_delta_6_p10,0.006219419185072184,5,1
mfcc_19_p10,0.00606511952355504,5,1
mfcc_delta_13_p90,0.005934499204158783,5,1
mfcc_3_mean,0.005921737756580114,5,1
contrast_2_p90,0.005871776025742292,5,1
mfcc_delta_0_p90,0.005734468810260296,5,1
mfcc_19_mean,0.0056907921098172665,5,1
mfcc_5_p90,0.005482104606926441,5,1
contrast_1_p10,0.005304832011461258,5,1
mfcc_7_p90,0.004979528021067381,5,1
dominant_frequency,0.004929650109261274,5,1
mfcc_1_std,0.004890249576419592,5,1
spectral_entropy_p90,0.004824585746973753,5,1
mfcc_2_p90,0.004706492181867361,5,1
contrast_4_p10,0.0046871500089764595,5,1
contrast_2_std,0.004661178681999445,5,1
mfcc_2_mean,0.004622399806976318,5,1
spectral_entropy_p10,0.004589893855154514,5,1
flatness_std,0.004574994090944529,5,1
mfcc_delta_15_std,0.004561482463032007,5,1
mfcc_delta_6_std,0.0045174588449299335,5,1
mfcc_delta_3_std,0.004397311247885227,5,1
mfcc_delta_0_p10,0.004395692143589258,5,1
mfcc_0_std,0.0043336874805390835,5,1
spectral_entropy_std,0.004329930059611797,5,1
mfcc_18_mean,0.004257301799952984,5,1
mfcc_delta_14_p10,0.00423744972795248,5,1
mfcc_17_std,0.004229855258017778,5,1
mfcc_10_p90,0.004205684643238783,5,1
mfcc_0_mean,0.0041381292976439,5,1
mfcc_delta_3_p90,0.004135900177061558,5,1
mfcc_7_p10,0.004116822499781847,5,1
mfcc_delta_4_p10,0.004094066098332405,5,1
mfcc_delta_0_std,0.0040686605498194695,5,1
mfcc_8_p90,0.004057855345308781,5,1
mfcc_delta_10_p10,0.004051633179187775,5,1
mfcc_3_p90,0.004045803099870682,5,1
mfcc_18_std,0.004015693906694651,5,1
rolloff85_mean,0.003957865294069052,5,1
mfcc_delta_1_p90,0.0038797464221715927,5,1
mfcc_2_p90,0.12408178299665451,5,2
mfcc_2_mean,0.04239619895815849,5,2
mfcc_2_p10,0.02162926085293293,5,2
rms_p10,0.020648807287216187,5,2
mfcc_16_p10,0.014559820294380188,5,2
contrast_0_p90,0.014144889079034328,5,2
contrast_2_p10,0.010697083547711372,5,2
rms_mean,0.010250475257635117,5,2
contrast_2_mean,0.010073521174490452,5,2
mfcc_6_p10,0.009249149821698666,5,2
mfcc_0_std,0.009040276519954205,5,2
rms_p90,0.008569613099098206,5,2
mfcc_1_p90,0.008513272739946842,5,2
mfcc_delta_13_p90,0.007719994988292456,5,2
mfcc_19_std,0.00761572876945138,5,2
mfcc_16_p90,0.007430373691022396,5,2
rolloff85_std,0.007046244107186794,5,2
mfcc_7_std,0.007025390397757292,5,2
mfcc_17_p90,0.006919815205037594,5,2
mfcc_0_mean,0.006912983953952789,5,2
contrast_5_p90,0.006910921074450016,5,2
zero_crossing_rate_std,0.006874693091958761,5,2
mfcc_delta_15_p90,0.006806966848671436,5,2
contrast_4_p10,0.006760151591151953,5,2
mfcc_delta_15_std,0.0067444718442857265,5,2
mfcc_14_mean,0.006729974877089262,5,2
mfcc_8_p10,0.006691521964967251,5,2
mfcc_8_p90,0.006527731195092201,5,2
spectral_entropy_p10,0.006505993660539389,5,2
mfcc_delta_17_std,0.006440707482397556,5,2
mfcc_delta_5_std,0.0063880919478833675,5,2
mfcc_15_mean,0.006265697535127401,5,2
mfcc_6_p90,0.006111692637205124,5,2
rolloff85_p10,0.006018629763275385,5,2
mfcc_7_p90,0.0057511404156684875,5,2
contrast_0_mean,0.005481939297169447,5,2
contrast_0_p10,0.005437949206680059,5,2
contrast_4_mean,0.005350102670490742,5,2
mfcc_delta_10_p90,0.005248113069683313,5,2
mfcc_delta_0_std,0.0051675946451723576,5,2
mfcc_delta_18_p90,0.005021033808588982,5,2
contrast_1_mean,0.004981295205652714,5,2
contrast_1_p10,0.004915392957627773,5,2
mfcc_delta_18_p10,0.0048383306711912155,5,2
contrast_5_mean,0.00479842210188508,5,2
contrast_0_std,0.004788602236658335,5,2
mfcc_delta_2_std,0.0047403862699866295,5,2
mfcc_delta_16_p90,0.004728070460259914,5,2
centroid_mean,0.004721064120531082,5,2
mfcc_7_mean,0.004696492105722427,5,2
mfcc_delta_19_p10,0.0046603623777627945,5,2
mfcc_delta_1_std,0.004653591196984053,5,2
flatness_p10,0.004640598315745592,5,2
contrast_5_p10,0.004629513248801231,5,2
mfcc_delta_0_p90,0.004546954296529293,5,2
mfcc_16_mean,0.004490149673074484,5,2
spectral_entropy_std,0.004466132260859013,5,2
mfcc_12_std,0.0044610449112951756,5,2
mfcc_delta_14_p10,0.004391178023070097,5,2
mfcc_delta_9_p90,0.0043855090625584126,5,2
bandwidth_mean,0.06629928946495056,5,3
rms_p10,0.05480833724141121,5,3
mfcc_1_p10,0.03684230148792267,5,3
bandwidth_p10,0.035282962024211884,5,3
mfcc_1_mean,0.031202688813209534,5,3
contrast_1_mean,0.01973297819495201,5,3
mfcc_2_p90,0.014382210560142994,5,3
contrast_1_p10,0.013016327284276485,5,3
contrast_0_p10,0.010055776685476303,5,3
flatness_p10,0.00981028564274311,5,3
mfcc_2_mean,0.009698478505015373,5,3
contrast_1_p90,0.009351878426969051,5,3
flatness_p90,0.009230483323335648,5,3
spectral_entropy_p10,0.008496517315506935,5,3
rms_mean,0.008237090893089771,5,3
flatness_std,0.007664215750992298,5,3
mfcc_7_p90,0.00741559499874711,5,3
contrast_2_mean,0.007402430754154921,5,3
mfcc_12_p10,0.00737888365983963,5,3
mfcc_8_p10,0.007260859943926334,5,3
mfcc_17_p90,0.007161678746342659,5,3
bandwidth_p90,0.007107186131179333,5,3
mfcc_delta_6_std,0.007004889659583569,5,3
mfcc_4_p90,0.00679034972563386,5,3
mfcc_delta_6_p90,0.0065994118340313435,5,3
mfcc_7_p10,0.006591645069420338,5,3
mfcc_17_p10,0.006390879862010479,5,3
rolloff85_p10,0.00636976957321167,5,3
mfcc_delta_12_p90,0.006343252956867218,5,3
mfcc_6_mean,0.006260580383241177,5,3
contrast_0_p90,0.006100869737565517,5,3
mfcc_8_mean,0.006071283016353846,5,3
mfcc_2_p10,0.005926715210080147,5,3
mfcc_1_p90,0.005843448452651501,5,3
mfcc_3_p10,0.005663497839123011,5,3
mfcc_7_std,0.00564554100856185,5,3
mfcc_14_p90,0.005625404417514801,5,3
mfcc_16_std,0.005542533937841654,5,3
mfcc_15_std,0.005478967446833849,5,3
mfcc_4_mean,0.005408454220741987,5,3
mfcc_3_mean,0.00537941325455904,5,3
mfcc_16_p90,0.005307334009557962,5,3
mfcc_4_p10,0.0050713359378278255,5,3
mfcc_delta_4_std,0.005014609079807997,5,3
contrast_0_std,0.004957552067935467,5,3
contrast_5_mean,0.004912317730486393,5,3
mfcc_delta_6_p10,0.00490189902484417,5,3
dominant_frequency,0.00485724164173007,5,3
mfcc_delta_1_std,0.00484502362087369,5,3
mfcc_19_p90,0.004811426158994436,5,3
mfcc_delta_13_p90,0.004789375234395266,5,3
mfcc_delta_15_p90,0.004752179142087698,5,3
mfcc_15_mean,0.004747391678392887,5,3
flatness_mean,0.004671541973948479,5,3
mfcc_delta_5_p90,0.0045467279851436615,5,3
spectral_entropy_p90,0.004545939154922962,5,3
mfcc_8_std,0.004525677300989628,5,3
mfcc_delta_1_p10,0.004383205436170101,5,3
mfcc_11_p90,0.004300566855818033,5,3
mfcc_4_std,0.004280915949493647,5,3
bandwidth_p10,0.10921689867973328,5,4
bandwidth_mean,0.056207235902547836,5,4
rms_p10,0.0401417575776577,5,4
mfcc_8_p10,0.028489425778388977,5,4
bandwidth_p90,0.022256527096033096,5,4
mfcc_1_p90,0.021606240421533585,5,4
contrast_0_p90,0.01726677641272545,5,4
contrast_1_p90,0.01555678155273199,5,4
rms_mean,0.014325316995382309,5,4
contrast_0_p10,0.013116204179823399,5,4
contrast_1_mean,0.012697733938694,5,4
mfcc_delta_6_std,0.011514611542224884,5,4
mfcc_delta_17_p90,0.011419984512031078,5,4
rolloff85_mean,0.010212041437625885,5,4
contrast_2_mean,0.009944453835487366,5,4
mfcc_1_mean,0.009838556870818138,5,4
mfcc_16_std,0.009468684904277325,5,4
mfcc_10_p90,0.009050605818629265,5,4
centroid_p10,0.00830086600035429,5,4
spectral_entropy_p90,0.008290712721645832,5,4
flatness_mean,0.007956295274198055,5,4
contrast_1_p10,0.007762524299323559,5,4
zero_crossing_rate_mean,0.007562780287116766,5,4
rolloff85_std,0.007400967180728912,5,4
flatness_std,0.00739639438688755,5,4
mfcc_7_std,0.007087315432727337,5,4
rolloff85_p10,0.006963860243558884,5,4
contrast_2_p90,0.00696130096912384,5,4
mfcc_3_p10,0.006887584459036589,5,4
mfcc_19_p90,0.0066682118922472,5,4
mfcc_8_mean,0.0066416445188224316,5,4
mfcc_19_mean,0.006452127825468779,5,4
mfcc_1_p10,0.006310531869530678,5,4
mfcc_3_p90,0.0060415854677557945,5,4
mfcc_3_mean,0.005968709941953421,5,4
mfcc_16_p10,0.005777647253125906,5,4
mfcc_delta_18_p10,0.005728428717702627,5,4
contrast_4_p10,0.005647124256938696,5,4
mfcc_12_p90,0.0056052436120808125,5,4
mfcc_6_mean,0.005599810276180506,5,4
centroid_mean,0.0052307117730379105,5,4
spectral_entropy_p10,0.005178102292120457,5,4
centroid_p90,0.005140416324138641,5,4
mfcc_17_mean,0.004941919352859259,5,4
zero_crossing_rate_p10,0.004871997516602278,5,4
mfcc_delta_2_p10,0.004826929420232773,5,4
mfcc_16_mean,0.0048182955943048,5,4
mfcc_19_p10,0.004790731240063906,5,4
mfcc_2_std,0.0047795455902814865,5,4
mfcc_delta_6_p10,0.004648481961339712,5,4
mfcc_delta_13_p10,0.0045179566368460655,5,4
mfcc_delta_2_std,0.004513705149292946,5,4
mfcc_10_mean,0.0043309517204761505,5,4
spectral_entropy_mean,0.004179011564701796,5,4
mfcc_delta_1_p90,0.004126677289605141,5,4
mfcc_delta_6_p90,0.004115022718906403,5,4
mfcc_11_mean,0.004083771724253893,5,4
mfcc_delta_16_p10,0.004081010352820158,5,4
mfcc_9_p90,0.004072511103004217,5,4
mfcc_17_p10,0.00406392477452755,5,4
mfcc_2_mean,0.10605467110872269,6,0
mfcc_2_p10,0.07908179610967636,6,0
mfcc_2_p90,0.035009656101465225,6,0
flatness_p10,0.023487817496061325,6,0
rms_p10,0.0163460411131382,6,0
bandwidth_p90,0.015250962227582932,6,0
flatness_std,0.012941764667630196,6,0
bandwidth_mean,0.01279882900416851,6,0
mfcc_1_p90,0.012072454206645489,6,0
mfcc_1_p10,0.011876551434397697,6,0
mfcc_17_mean,0.010348073206841946,6,0
contrast_1_mean,0.009718634188175201,6,0
contrast_5_p10,0.009009166620671749,6,0
mfcc_4_p10,0.00878836214542389,6,0
mfcc_4_mean,0.008709902875125408,6,0
mfcc_1_mean,0.008364416658878326,6,0
rms_mean,0.008198529481887817,6,0
centroid_p10,0.007839467376470566,6,0
mfcc_9_std,0.007671868894249201,6,0
mfcc_0_p90,0.0072533185593783855,6,0
contrast_0_p10,0.006612316705286503,6,0
mfcc_6_mean,0.006568310782313347,6,0
contrast_0_std,0.006514148786664009,6,0
contrast_2_mean,0.006340608932077885,6,0
contrast_1_p90,0.006155002396553755,6,0
mfcc_8_p10,0.006148614455014467,6,0
mfcc_6_p90,0.006139715667814016,6,0
mfcc_delta_6_p90,0.006082833278924227,6,0
mfcc_3_mean,0.005915728397667408,6,0
mfcc_delta_4_p10,0.005460801068693399,6,0
mfcc_8_mean,0.0054327049292624,6,0
mfcc_delta_0_std,0.005345350131392479,6,0
mfcc_14_mean,0.005293440539389849,6,0
rolloff85_p10,0.005207338836044073,6,0
rms_p90,0.005185563582926989,6,0
spectral_entropy_mean,0.005087456665933132,6,0
mfcc_1_std,0.0050851721316576,6,0
contrast_4_p10,0.005055526737123728,6,0
rolloff85_mean,0.005048242397606373,6,0
mfcc_delta_6_std,0.005006552208214998,6,0
mfcc_18_mean,0.00486420001834631,6,0
mfcc_15_mean,0.004847761709243059,6,0
bandwidth_p10,0.004826365038752556,6,0
zero_crossing_rate_p10,0.004788783844560385,6,0
contrast_2_p10,0.004780500661581755,6,0
mfcc_3_p90,0.00471624918282032,6,0
spectral_entropy_p10,0.004612685181200504,6,0
mfcc_19_mean,0.00456599798053503,6,0
mfcc_delta_14_std,0.004500847775489092,6,0
mfcc_13_p90,0.004390825051814318,6,0
contrast_2_std,0.00436420226469636,6,0
contrast_3_p90,0.0043377866968512535,6,0
zero_crossing_rate_p90,0.004222422372549772,6,0
mfcc_19_p10,0.0042094457894563675,6,0
mfcc_delta_4_std,0.004183358978480101,6,0
spectral_entropy_p90,0.004079533740878105,6,0
flatness_p90,0.003980816341936588,6,0
mfcc_delta_15_std,0.0038448930718004704,6,0
contrast_3_mean,0.0038344168569892645,6,0
mfcc_delta_5_mean,0.0038243948947638273,6,0
flatness_p10,0.17355284094810486,6,1
flatness_mean,0.06247254088521004,6,1
mfcc_1_mean,0.03450503945350647,6,1
mfcc_1_p10,0.02999407984316349,6,1
mfcc_4_mean,0.017712049186229706,6,1
rms_p10,0.017262760549783707,6,1
bandwidth_mean,0.013591720722615719,6,1
flatness_p90,0.010182926431298256,6,1
contrast_1_mean,0.009446763433516026,6,1
mfcc_1_p90,0.008705589920282364,6,1
contrast_2_p90,0.00865353737026453,6,1
spectral_entropy_p10,0.008527646772563457,6,1
mfcc_3_mean,0.0084734121337533,6,1
rolloff85_p10,0.0076555670239031315,6,1
mfcc_5_p90,0.007164152339100838,6,1
mfcc_8_mean,0.006892955396324396,6,1
mfcc_6_mean,0.006712133530527353,6,1
mfcc_15_mean,0.00661313533782959,6,1
mfcc_16_p90,0.006521638948470354,6,1
contrast_0_std,0.006194629706442356,6,1
mfcc_7_std,0.006193513050675392,6,1
rms_mean,0.006032357458025217,6,1
mfcc_2_p90,0.00589353870600462,6,1
mfcc_7_mean,0.005879307631403208,6,1
spectral_entropy_mean,0.005274602677673101,6,1
mfcc_3_p10,0.005195569712668657,6,1
mfcc_0_std,0.005175384692847729,6,1
mfcc_4_std,0.005036620888859034,6,1
mfcc_delta_13_p90,0.004954875446856022,6,1
mfcc_15_std,0.004942674655467272,6,1
mfcc_2_mean,0.004864842630922794,6,1
mfcc_1_std,0.004860441666096449,6,1
bandwidth_p10,0.0048579988069832325,6,1
mfcc_7_p90,0.004758741706609726,6,1
mfcc_18_mean,0.0047057135961949825,6,1
spectral_entropy_std,0.004692209418863058,6,1
bandwidth_p90,0.004645662847906351,6,1
mfcc_delta_3_p90,0.00451806653290987,6,1
mfcc_0_p90,0.0045055667869746685,6,1
mfcc_19_p90,0.004494112450629473,6,1
mfcc_delta_9_p10,0.004380843136459589,6,1
contrast_1_p10,0.004352225922048092,6,1
contrast_0_p90,0.004317865241318941,6,1
mfcc_12_mean,0.004267753101885319,6,1
mfcc_17_std,0.0042379479855299,6,1
mfcc_delta_18_p10,0.004227771423757076,6,1
mfcc_16_mean,0.004214748740196228,6,1
mfcc_2_p10,0.0041544316336512566,6,1
contrast_2_p10,0.004106569569557905,6,1
mfcc_delta_1_p90,0.004047736059874296,6,1
zero_crossing_rate_std,0.004035275429487228,6,1
zero_crossing_rate_p90,0.004006312694400549,6,1
mfcc_delta_1_std,0.003973213490098715,6,1
mfcc_5_mean,0.003969557583332062,6,1
mfcc_13_std,0.003938090987503529,6,1
mfcc_delta_13_p10,0.0038002480287104845,6,1
mfcc_delta_4_std,0.003794715739786625,6,1
contrast_4_p10,0.003718776162713766,6,1
mfcc_19_p10,0.0037148152478039265,6,1
mfcc_delta_16_p10,0.0036630993708968163,6,1
mfcc_2_p90,0.11424354463815689,6,2
mfcc_2_mean,0.039190687239170074,6,2
mfcc_2_p10,0.033972300589084625,6,2
rms_p10,0.019451623782515526,6,2
rms_mean,0.015682179480791092,6,2
contrast_0_mean,0.010802173987030983,6,2
contrast_2_mean,0.010750403627753258,6,2
contrast_1_mean,0.009535820223391056,6,2
mfcc_0_std,0.009448273107409477,6,2
contrast_5_p90,0.009083334356546402,6,2
rolloff85_std,0.008974612690508366,6,2
mfcc_8_p10,0.008815825916826725,6,2
rms_std,0.008749039843678474,6,2
mfcc_16_p90,0.008555768989026546,6,2
mfcc_16_std,0.008451299741864204,6,2
mfcc_12_std,0.008410833775997162,6,2
mfcc_delta_17_std,0.008337336592376232,6,2
mfcc_1_p90,0.007957005873322487,6,2
zero_crossing_rate_std,0.007927089929580688,6,2
contrast_2_p10,0.007270446978509426,6,2
mfcc_17_p90,0.007212901022285223,6,2
mfcc_7_p90,0.007159334607422352,6,2
mfcc_19_std,0.0070673804730176926,6,2
spectral_entropy_p10,0.00686006061732769,6,2
bandwidth_mean,0.006759205367416143,6,2
mfcc_delta_13_p90,0.006255242973566055,6,2
mfcc_delta_19_p90,0.006182059179991484,6,2
flatness_p90,0.0061441403813660145,6,2
mfcc_17_mean,0.005946642253547907,6,2
bandwidth_p90,0.005857466720044613,6,2
mfcc_delta_17_p90,0.00582731980830431,6,2
rms_p90,0.005815024953335524,6,2
mfcc_11_mean,0.005763654597103596,6,2
contrast_4_p10,0.005643909331411123,6,2
mfcc_0_p10,0.005479368381202221,6,2
mfcc_delta_0_std,0.005464992951601744,6,2
mfcc_delta_18_p90,0.00527546601369977,6,2
mfcc_14_mean,0.005214753560721874,6,2
mfcc_delta_18_std,0.005210269708186388,6,2
mfcc_delta_15_p10,0.005147084128111601,6,2
mfcc_7_std,0.005092886742204428,6,2
mfcc_15_p90,0.005018969532102346,6,2
contrast_0_std,0.0049283914268016815,6,2
mfcc_13_std,0.004862444009631872,6,2
mfcc_15_mean,0.004845315590500832,6,2
mfcc_2_std,0.004835810046643019,6,2
mfcc_1_p10,0.004832657054066658,6,2
mfcc_delta_5_p90,0.004808278288692236,6,2
mfcc_14_std,0.0046974183060228825,6,2
mfcc_delta_15_std,0.004679440520703793,6,2
contrast_2_p90,0.004668137989938259,6,2
mfcc_delta_19_std,0.004644845146685839,6,2
flatness_p10,0.0046085454523563385,6,2
mfcc_delta_10_p90,0.004607285372912884,6,2
centroid_p90,0.004602665547281504,6,2
contrast_5_mean,0.004573282320052385,6,2
mfcc_delta_13_std,0.0045720175839960575,6,2
mfcc_delta_1_p10,0.004512968938797712,6,2
mfcc_delta_12_p90,0.004379746038466692,6,2
mfcc_delta_3_std,0.004292814992368221,6,2
bandwidth_mean,0.08643079549074173,6,3
mfcc_2_p10,0.048412639647722244,6,3
mfcc_1_p10,0.030673181638121605,6,3
rms_p10,0.021165039390325546,6,3
mfcc_1_mean,0.020699799060821533,6,3
mfcc_2_p90,0.018222544342279434,6,3
flatness_p90,0.016882244497537613,6,3
mfcc_8_p10,0.014051458798348904,6,3
bandwidth_p90,0.013866807334125042,6,3
spectral_entropy_p90,0.01217272225767374,6,3
rolloff85_p10,0.011314554139971733,6,3
mfcc_13_mean,0.010307880118489265,6,3
mfcc_8_mean,0.009533530101180077,6,3
mfcc_delta_0_p10,0.009175448678433895,6,3
zero_crossing_rate_p10,0.008510713465511799,6,3
spectral_entropy_p10,0.008333380334079266,6,3
mfcc_17_mean,0.008200149051845074,6,3
mfcc_3_mean,0.008138221688568592,6,3
rolloff85_std,0.00802576169371605,6,3
mfcc_17_p10,0.008009171113371849,6,3
flatness_std,0.008000236935913563,6,3
mfcc_delta_1_std,0.007966112345457077,6,3
mfcc_15_p10,0.007156600244343281,6,3
contrast_5_p90,0.007022910751402378,6,3
centroid_p10,0.006903688423335552,6,3
contrast_2_mean,0.006775462068617344,6,3
rms_p90,0.006594511214643717,6,3
mfcc_2_mean,0.006431901827454567,6,3
mfcc_delta_13_p90,0.006415825802832842,6,3
mfcc_delta_0_p90,0.006287515163421631,6,3
rms_mean,0.006282570771872997,6,3
mfcc_4_p10,0.005949328653514385,6,3
mfcc_15_p90,0.005828011780977249,6,3
mfcc_1_std,0.005624940153211355,6,3
mfcc_19_mean,0.0056199198588728905,6,3
contrast_2_p10,0.0056174141354858875,6,3
mfcc_14_p90,0.005430149380117655,6,3
mfcc_delta_11_std,0.0053750029765069485,6,3
mfcc_16_std,0.005266874097287655,6,3
mfcc_delta_3_p10,0.005094937048852444,6,3
contrast_4_p10,0.005087591707706451,6,3
contrast_1_p10,0.004927264992147684,6,3
mfcc_delta_7_p10,0.004886315204203129,6,3
mfcc_19_p90,0.0048632570542395115,6,3
mfcc_17_p90,0.004859516862779856,6,3
mfcc_14_mean,0.0047382027842104435,6,3
contrast_0_p10,0.004669547080993652,6,3
mfcc_15_mean,0.004600731655955315,6,3
mfcc_0_std,0.004566531628370285,6,3
mfcc_delta_19_p90,0.004547805059701204,6,3
mfcc_1_p90,0.004504741635173559,6,3
mfcc_19_p10,0.004497007932513952,6,3
spectral_entropy_mean,0.004495721310377121,6,3
contrast_1_p90,0.004444528371095657,6,3
mfcc_delta_8_std,0.004440789110958576,6,3
mfcc_3_p10,0.004364670719951391,6,3
contrast_1_mean,0.004323967266827822,6,3
mfcc_4_std,0.004278011154383421,6,3
mfcc_12_p10,0.004239911679178476,6,3
mfcc_8_std,0.004235546104609966,6,3
bandwidth_p10,0.08213301002979279,6,4
bandwidth_mean,0.04874618723988533,6,4
rms_p10,0.04798651114106178,6,4
bandwidth_p90,0.031389255076646805,6,4
mfcc_1_p90,0.025168703868985176,6,4
mfcc_8_p10,0.015697849914431572,6,4
contrast_1_p90,0.014324854128062725,6,4
mfcc_10_p90,0.013835384510457516,6,4
mfcc_1_mean,0.013507181778550148,6,4
contrast_1_p10,0.011040239594876766,6,4
contrast_1_mean,0.010997001081705093,6,4
mfcc_15_p90,0.009083312004804611,6,4
mfcc_1_p10,0.00887391809374094,6,4
mfcc_16_std,0.008844258263707161,6,4
mfcc_4_p90,0.008771257475018501,6,4
mfcc_delta_17_p90,0.00864881556481123,6,4
centroid_p10,0.008505940437316895,6,4
mfcc_3_mean,0.008414256386458874,6,4
rms_mean,0.008310847915709019,6,4
spectral_entropy_p90,0.008206594735383987,6,4
mfcc_delta_2_std,0.008110256865620613,6,4
zero_crossing_rate_p10,0.007923472672700882,6,4
rolloff85_p10,0.007428805809468031,6,4
mfcc_delta_1_p90,0.0071425181813538074,6,4
rolloff85_p90,0.007030161563307047,6,4
mfcc_3_p10,0.006956440396606922,6,4
mfcc_delta_6_std,0.006953998003154993,6,4
contrast_0_p10,0.006935470271855593,6,4
mfcc_8_mean,0.0068266610614955425,6,4
mfcc_3_p90,0.0064819748513400555,6,4
mfcc_delta_10_p10,0.00635065883398056,6,4
mfcc_delta_6_p90,0.0063016172498464584,6,4
contrast_5_mean,0.006283859722316265,6,4
mfcc_2_std,0.006266195327043533,6,4
mfcc_15_std,0.005952604115009308,6,4
mfcc_12_p90,0.005746550392359495,6,4
mfcc_19_p10,0.005725262686610222,6,4
spectral_entropy_mean,0.005714509170502424,6,4
centroid_p90,0.005687810014933348,6,4
rolloff85_mean,0.005659510847181082,6,4
mfcc_19_p90,0.0056075588800013065,6,4
mfcc_5_std,0.0055344561114907265,6,4
mfcc_delta_9_p10,0.005511778872460127,6,4
contrast_4_p90,0.005359921138733625,6,4
mfcc_delta_9_p90,0.0052329376339912415,6,4
mfcc_17_std,0.005199355073273182,6,4
mfcc_12_std,0.005191643722355366,6,4
mfcc_delta_11_p90,0.005120550282299519,6,4
mfcc_delta_14_mean,0.005052870139479637,6,4
mfcc_19_mean,0.005032903514802456,6,4
contrast_5_p90,0.00499347597360611,6,4
mfcc_4_mean,0.004980035126209259,6,4
contrast_2_mean,0.004968883004039526,6,4
mfcc_delta_19_std,0.004885463509708643,6,4
flatness_std,0.004882952198386192,6,4
contrast_0_mean,0.004872393328696489,6,4
mfcc_delta_18_p10,0.004787067417055368,6,4
mfcc_10_mean,0.004740551114082336,6,4
flatness_p90,0.004715390969067812,6,4
mfcc_10_p10,0.0047102817334234715,6,4
bandwidth_p10,0.11237667500972748,7,0
bandwidth_mean,0.07089430838823318,7,0
rms_p10,0.029590029269456863,7,0
bandwidth_p90,0.02955886349081993,7,0
mfcc_1_mean,0.02701561711728573,7,0
mfcc_1_p90,0.025154270231723785,7,0
mfcc_8_p10,0.016123734414577484,7,0
contrast_1_mean,0.015842117369174957,7,0
zero_crossing_rate_mean,0.01557398121803999,7,0
flatness_std,0.015018492937088013,7,0
mfcc_4_p10,0.014087854884564877,7,0
contrast_1_p90,0.012688317336142063,7,0
spectral_entropy_p90,0.00906442478299141,7,0
zero_crossing_rate_p90,0.00891453493386507,7,0
flatness_p90,0.008742901496589184,7,0
contrast_1_p10,0.008557435125112534,7,0
contrast_0_p90,0.008472565561532974,7,0
spectral_entropy_p10,0.008368291892111301,7,0
rms_mean,0.008185005746781826,7,0
mfcc_16_std,0.008165334351360798,7,0
mfcc_19_std,0.00815439224243164,7,0
mfcc_4_mean,0.007908943109214306,7,0
mfcc_10_p90,0.007859221659600735,7,0
centroid_p90,0.007638564798980951,7,0
mfcc_16_p90,0.007201847154647112,7,0
contrast_4_p10,0.00713789276778698,7,0
mfcc_17_p10,0.007116945926100016,7,0
mfcc_1_p10,0.0068489485420286655,7,0
contrast_0_mean,0.006818918511271477,7,0
rms_p90,0.006675215903669596,7,0
mfcc_delta_6_std,0.006654027849435806,7,0
rolloff85_mean,0.006643417291343212,7,0
mfcc_19_p90,0.0064595420844852924,7,0
mfcc_13_std,0.006384883541613817,7,0
mfcc_3_mean,0.006266258656978607,7,0
mfcc_9_mean,0.00607647281140089,7,0
mfcc_19_mean,0.005894517060369253,7,0
mfcc_3_p90,0.005890680011361837,7,0
rolloff85_p90,0.005647852551192045,7,0
mfcc_7_mean,0.00551425339654088,7,0
mfcc_3_p10,0.0054650199599564075,7,0
mfcc_delta_6_p90,0.005382869858294725,7,0
mfcc_delta_10_std,0.005368806887418032,7,0
mfcc_delta_16_p10,0.0053377593867480755,7,0
mfcc_delta_2_p90,0.005309662315994501,7,0
mfcc_15_p90,0.005162122659385204,7,0
mfcc_delta_15_std,0.004790777340531349,7,0
mfcc_12_mean,0.004732359666377306,7,0
flatness_p10,0.004722001496702433,7,0
mfcc_delta_2_std,0.004637348465621471,7,0
mfcc_12_p90,0.004542808514088392,7,0
mfcc_7_p90,0.004425420891493559,7,0
flatness_mean,0.004378322511911392,7,0
rolloff85_std,0.0043591661378741264,7,0
mfcc_delta_8_p90,0.004320744425058365,7,0
mfcc_delta_12_p90,0.00428999587893486,7,0
mfcc_7_p10,0.0042268456891179085,7,0
mfcc_delta_1_p90,0.004217004403471947,7,0
mfcc_4_p90,0.004208227153867483,7,0
rolloff85_p10,0.004198771435767412,7,0
flatness_p10,0.17537610232830048,7,1
flatness_mean,0.06452179700136185,7,1
mfcc_1_mean,0.027382032945752144,7,1
mfcc_1_p10,0.027203917503356934,7,1
flatness_p90,0.02010458894073963,7,1
bandwidth_mean,0.01354310754686594,7,1
rms_p10,0.0133322449401021,7,1
rolloff85_p10,0.012501489371061325,7,1
mfcc_1_p90,0.010867992416024208,7,1
mfcc_6_mean,0.009766999632120132,7,1
mfcc_8_mean,0.009764156304299831,7,1
contrast_0_std,0.008976459503173828,7,1
contrast_1_mean,0.008484107442200184,7,1
mfcc_delta_0_p90,0.007430507801473141,7,1
mfcc_7_mean,0.007094524335116148,7,1
mfcc_delta_6_p90,0.006750924047082663,7,1
mfcc_5_p90,0.006530249956995249,7,1
bandwidth_p10,0.0061920806765556335,7,1
contrast_1_p10,0.005819302052259445,7,1
centroid_p10,0.00562129495665431,7,1
mfcc_10_p90,0.005537284538149834,7,1
mfcc_19_mean,0.005401285365223885,7,1
zero_crossing_rate_mean,0.005323558114469051,7,1
mfcc_15_mean,0.005298389587551355,7,1
mfcc_delta_13_p90,0.005285514518618584,7,1
mfcc_delta_3_p90,0.005235257558524609,7,1
mfcc_2_p90,0.005230445880442858,7,1
mfcc_9_p90,0.0050836894661188126,7,1
contrast_2_std,0.005056906491518021,7,1
bandwidth_p90,0.004963397514075041,7,1
mfcc_delta_0_p10,0.004667190834879875,7,1
mfcc_delta_6_std,0.004616799298673868,7,1
mfcc_17_std,0.0046158176846802235,7,1
contrast_2_p90,0.00460066320374608,7,1
contrast_5_p10,0.004537324421107769,7,1
mfcc_3_mean,0.004505632910877466,7,1
mfcc_1_std,0.004491447936743498,7,1
spectral_entropy_p10,0.004418171010911465,7,1
mfcc_17_p10,0.004399457480758429,7,1
rolloff85_mean,0.004396576434373856,7,1
rolloff85_p90,0.004363942425698042,7,1
mfcc_delta_13_p10,0.00434268219396472,7,1
mfcc_delta_1_p90,0.004297046456485987,7,1
zero_crossing_rate_p90,0.004277536179870367,7,1
mfcc_0_p90,0.004226918797940016,7,1
mfcc_13_std,0.004179059527814388,7,1
mfcc_15_p10,0.004176313057541847,7,1
contrast_0_p90,0.004113040864467621,7,1
mfcc_delta_15_std,0.004084546118974686,7,1
mfcc_3_p10,0.004058679100126028,7,1
mfcc_12_p10,0.004035839345306158,7,1
mfcc_14_mean,0.0039938222616910934,7,1
mfcc_7_p10,0.0039834086783230305,7,1
rms_mean,0.003950200509279966,7,1
mfcc_delta_16_std,0.003896331647410989,7,1
mfcc_0_mean,0.0038925493136048317,7,1
mfcc_13_p10,0.0038582575507462025,7,1
contrast_4_p10,0.0038336466532200575,7,1
mfcc_2_p10,0.003821175079792738,7,1
mfcc_18_mean,0.0037244982086122036,7,1
mfcc_2_p90,0.11035329848527908,7,2
mfcc_2_mean,0.027294419705867767,7,2
rms_p10,0.02610502764582634,7,2
zero_crossing_rate_p10,0.023945214226841927,7,2
mfcc_2_p10,0.023380903527140617,7,2
bandwidth_mean,0.021626116707921028,7,2
contrast_2_mean,0.019430451095104218,7,2
mfcc_1_mean,0.016255058348178864,7,2
spectral_entropy_mean,0.016014117747545242,7,2
mfcc_1_p10,0.014658198691904545,7,2
mfcc_6_p90,0.011055362410843372,7,2
bandwidth_p90,0.010421176441013813,7,2
mfcc_delta_13_std,0.010350115597248077,7,2
mfcc_3_p90,0.010341087356209755,7,2
mfcc_3_mean,0.010225021280348301,7,2
mfcc_delta_13_p90,0.009292837232351303,7,2
mfcc_8_p10,0.009169944562017918,7,2
spectral_entropy_p10,0.008274261839687824,7,2
mfcc_0_std,0.007807265501469374,7,2
mfcc_17_p90,0.00744493817910552,7,2
rms_mean,0.007413417566567659,7,2
mfcc_delta_15_std,0.007235164754092693,7,2
mfcc_delta_0_std,0.0072149611078202724,7,2
rms_std,0.006833148188889027,7,2
contrast_2_p10,0.006716037634760141,7,2
mfcc_9_std,0.006410923786461353,7,2
mfcc_16_p10,0.00634392723441124,7,2
mfcc_0_p10,0.006285539362579584,7,2
mfcc_delta_8_std,0.006067166104912758,7,2
mfcc_delta_4_p90,0.00602188054472208,7,2
mfcc_1_p90,0.005984320305287838,7,2
rolloff85_std,0.005965484771877527,7,2
mfcc_17_p10,0.005907747894525528,7,2
contrast_0_std,0.005882070399820805,7,2
contrast_2_p90,0.005544132087379694,7,2
contrast_1_mean,0.005522336810827255,7,2
contrast_4_p10,0.005471555981785059,7,2
contrast_0_p10,0.00537836691364646,7,2
mfcc_delta_17_p90,0.005156100261956453,7,2
mfcc_17_mean,0.0051433066837489605,7,2
contrast_1_p10,0.005061301868408918,7,2
mfcc_delta_16_std,0.005023821257054806,7,2
mfcc_15_std,0.004916069563478231,7,2
contrast_0_p90,0.004860283806920052,7,2
mfcc_16_p90,0.004795446060597897,7,2
mfcc_delta_3_std,0.0047516184858977795,7,2
mfcc_11_p10,0.0047380863688886166,7,2
mfcc_delta_14_std,0.0046245683915913105,7,2
mfcc_14_mean,0.004605515860021114,7,2
mfcc_delta_13_p10,0.004592428915202618,7,2
mfcc_delta_17_std,0.0045691318809986115,7,2
mfcc_delta_16_p90,0.004475552588701248,7,2
mfcc_delta_12_p10,0.004429268185049295,7,2
mfcc_13_std,0.004339898936450481,7,2
rolloff85_p10,0.004336576443165541,7,2
mfcc_0_p90,0.004315859638154507,7,2
contrast_3_std,0.004302920773625374,7,2
mfcc_7_mean,0.0042659142054617405,7,2
flatness_mean,0.004162613768130541,7,2
mfcc_19_std,0.0040740096010267735,7,2
bandwidth_mean,0.07665639370679855,7,3
rms_p10,0.054026227444410324,7,3
mfcc_1_p10,0.042389098554849625,7,3
mfcc_1_mean,0.03441417217254639,7,3
bandwidth_p10,0.028249327093362808,7,3
mfcc_2_p90,0.015741752460598946,7,3
contrast_1_p90,0.015554898418486118,7,3
contrast_1_mean,0.013506789691746235,7,3
flatness_std,0.011312663555145264,7,3
spectral_entropy_p10,0.011093024164438248,7,3
mfcc_7_p90,0.010136459954082966,7,3
mfcc_7_std,0.00829129945486784,7,3
mfcc_2_mean,0.008202272467315197,7,3
contrast_0_p90,0.008069518953561783,7,3
contrast_2_mean,0.008006395772099495,7,3
mfcc_14_p90,0.007866722531616688,7,3
mfcc_delta_6_std,0.007692611776292324,7,3
contrast_1_p10,0.0074391551315784454,7,3
bandwidth_p90,0.007408568635582924,7,3
mfcc_17_p90,0.007333268877118826,7,3
mfcc_16_std,0.006934564094990492,7,3
mfcc_17_p10,0.006854313425719738,7,3
mfcc_delta_1_std,0.006599870044738054,7,3
contrast_0_p10,0.006517734378576279,7,3
mfcc_12_p10,0.006405839696526527,7,3
mfcc_delta_4_std,0.0063674612902104855,7,3
mfcc_3_mean,0.006254943553358316,7,3
contrast_4_mean,0.006193709559738636,7,3
mfcc_delta_6_p90,0.006008702330291271,7,3
mfcc_1_p90,0.005911609623581171,7,3
mfcc_delta_18_p10,0.0058622416108846664,7,3
contrast_0_std,0.005844480358064175,7,3
mfcc_15_mean,0.005823231767863035,7,3
mfcc_8_mean,0.005786460358649492,7,3
rolloff85_p10,0.005665284115821123,7,3
mfcc_2_std,0.005600828677415848,7,3
mfcc_delta_15_p90,0.005573824979364872,7,3
mfcc_4_p10,0.005568297114223242,7,3
mfcc_8_p10,0.005563543643802404,7,3
flatness_p90,0.005559418350458145,7,3
mfcc_2_p10,0.005535246338695288,7,3
mfcc_19_mean,0.005318567156791687,7,3
mfcc_16_p90,0.005314697977155447,7,3
flatness_mean,0.005250661633908749,7,3
mfcc_15_p10,0.005232779774814844,7,3
mfcc_delta_14_std,0.005203537177294493,7,3
mfcc_delta_0_p10,0.005067719612270594,7,3
mfcc_19_p90,0.005012792535126209,7,3
mfcc_10_mean,0.004834743216633797,7,3
mfcc_4_mean,0.004807391203939915,7,3
contrast_1_std,0.004633826669305563,7,3
mfcc_14_std,0.004600064363330603,7,3
zero_crossing_rate_p10,0.004538488574326038,7,3
mfcc_delta_13_p10,0.004538011737167835,7,3
mfcc_delta_13_p90,0.004532917868345976,7,3
mfcc_3_p90,0.00449526309967041,7,3
mfcc_7_mean,0.004490027204155922,7,3
mfcc_delta_14_p90,0.0040970006957650185,7,3
contrast_2_p10,0.004073350224643946,7,3
mfcc_3_p10,0.004010515287518501,7,3
bandwidth_p10,0.09509508311748505,7,4
rms_p10,0.04791267588734627,7,4
bandwidth_p90,0.028035063296556473,7,4
bandwidth_mean,0.024236850440502167,7,4
contrast_1_mean,0.020016659051179886,7,4
rolloff85_mean,0.019971467554569244,7,4
mfcc_1_p90,0.01913888193666935,7,4
mfcc_10_p90,0.015955915674567223,7,4
contrast_1_p10,0.011995549313724041,7,4
rolloff85_p10,0.01196585688740015,7,4
mfcc_6_p10,0.011363115161657333,7,4
rms_std,0.011201448738574982,7,4
mfcc_delta_9_p90,0.011052452959120274,7,4
mfcc_delta_6_std,0.009885070845484734,7,4
centroid_p10,0.009268974885344505,7,4
rms_mean,0.008869772776961327,7,4
contrast_0_p10,0.008600445464253426,7,4
mfcc_delta_2_std,0.008532920852303505,7,4
flatness_std,0.008420043624937534,7,4
contrast_2_mean,0.007892843335866928,7,4
mfcc_8_mean,0.007662555668503046,7,4
mfcc_delta_0_p10,0.007406328804790974,7,4
mfcc_15_p90,0.0072005148977041245,7,4
centroid_p90,0.00712473364546895,7,4
contrast_1_p90,0.00709931505843997,7,4
mfcc_8_p10,0.007064950652420521,7,4
mfcc_delta_6_p90,0.007050356827676296,7,4
spectral_entropy_p90,0.0069024828262627125,7,4
mfcc_delta_4_p10,0.006891761440783739,7,4
flatness_p90,0.006685060914605856,7,4
mfcc_16_std,0.0066688163205981255,7,4
mfcc_12_p90,0.006639702711254358,7,4
mfcc_1_mean,0.006568239536136389,7,4
mfcc_4_p10,0.006505422294139862,7,4
mfcc_19_mean,0.006425395607948303,7,4
mfcc_19_p90,0.006387199275195599,7,4
flatness_mean,0.006383512169122696,7,4
contrast_0_p90,0.006337511353194714,7,4
mfcc_delta_11_p10,0.006302061025053263,7,4
mfcc_3_mean,0.0061334120109677315,7,4
contrast_4_p10,0.0059656728990375996,7,4
mfcc_8_std,0.005941280163824558,7,4
mfcc_2_p90,0.0058861710131168365,7,4
mfcc_3_p10,0.005817301105707884,7,4
mfcc_3_p90,0.0057686734944581985,7,4
mfcc_delta_15_p90,0.005692427046597004,7,4
mfcc_delta_17_p90,0.0055723343975842,7,4
mfcc_2_std,0.005547062493860722,7,4
contrast_0_std,0.0054491423070430756,7,4
mfcc_2_mean,0.0054186140187084675,7,4
mfcc_18_std,0.005398903973400593,7,4
centroid_mean,0.005342252552509308,7,4
contrast_1_std,0.005340286530554295,7,4
contrast_2_p90,0.005281643010675907,7,4
mfcc_16_mean,0.005190405063331127,7,4
mfcc_19_p10,0.00517487246543169,7,4
zero_crossing_rate_std,0.005022619850933552,7,4
mfcc_18_mean,0.005000230390578508,7,4
mfcc_8_p90,0.004975637886673212,7,4
mfcc_delta_16_mean,0.004883730784058571,7,4
mfcc_2_p10,0.10784771293401718,8,0
mfcc_2_mean,0.10044220089912415,8,0
mfcc_4_mean,0.023031769320368767,8,0
mfcc_2_p90,0.02128615602850914,8,0
flatness_p10,0.019022580236196518,8,0
bandwidth_p90,0.015496999025344849,8,0
mfcc_1_p90,0.01240386813879013,8,0
rms_p10,0.011998862959444523,8,0
mfcc_1_p10,0.01154797151684761,8,0
mfcc_delta_6_p90,0.011352749541401863,8,0
bandwidth_mean,0.01064046286046505,8,0
mfcc_1_mean,0.009234135039150715,8,0
mfcc_17_mean,0.008939984254539013,8,0
mfcc_3_mean,0.008461831137537956,8,0
contrast_5_p10,0.008267314173281193,8,0
mfcc_delta_17_std,0.008138535544276237,8,0
spectral_entropy_mean,0.008007707074284554,8,0
flatness_std,0.007544099818915129,8,0
mfcc_4_p10,0.007291605696082115,8,0
centroid_p10,0.007285153493285179,8,0
contrast_3_mean,0.007165686227381229,8,0
mfcc_4_p90,0.007070498075336218,8,0
rolloff85_std,0.0064891064539551735,8,0
mfcc_delta_1_std,0.006201372481882572,8,0
mfcc_14_mean,0.006160212215036154,8,0
contrast_0_p10,0.005931215826421976,8,0
mfcc_0_p90,0.005782504566013813,8,0
mfcc_3_p10,0.005716254469007254,8,0
mfcc_19_p90,0.005663500167429447,8,0
rms_std,0.005549780558794737,8,0
flatness_mean,0.00543992780148983,8,0
mfcc_14_p90,0.005343731492757797,8,0
mfcc_delta_6_std,0.005217739846557379,8,0
mfcc_delta_5_mean,0.005148191470652819,8,0
mfcc_delta_7_mean,0.005093360785394907,8,0
mfcc_delta_10_p10,0.00503212446346879,8,0
mfcc_0_std,0.004887718707323074,8,0
mfcc_15_mean,0.004880842287093401,8,0
mfcc_delta_15_std,0.00477792089805007,8,0
mfcc_delta_0_std,0.0047345710918307304,8,0
bandwidth_p10,0.004598743282258511,8,0
bandwidth_std,0.004589410964399576,8,0
zero_crossing_rate_p90,0.0045715030282735825,8,0
mfcc_16_p90,0.004524431191384792,8,0
contrast_1_p10,0.004520423710346222,8,0
mfcc_17_p10,0.004477675538510084,8,0
mfcc_8_std,0.0043989443220198154,8,0
mfcc_1_std,0.004395889583975077,8,0
rolloff85_p10,0.004389830864965916,8,0
rolloff85_mean,0.004367315210402012,8,0
contrast_2_p90,0.004338872618973255,8,0
mfcc_delta_9_p10,0.004336477257311344,8,0
mfcc_delta_0_p10,0.004314503166824579,8,0
spectral_entropy_p90,0.004224749282002449,8,0
mfcc_11_p90,0.004178703296929598,8,0
mfcc_18_mean,0.004159513395279646,8,0
contrast_1_p90,0.004151754546910524,8,0
contrast_1_mean,0.004103434272110462,8,0
mfcc_3_p90,0.004098077770322561,8,0
mfcc_6_p90,0.0040490590035915375,8,0
flatness_p10,0.14853191375732422,8,1
flatness_mean,0.04690104350447655,8,1
bandwidth_mean,0.0372014157474041,8,1
mfcc_1_mean,0.03027435392141342,8,1
rms_p10,0.02076195739209652,8,1
mfcc_1_p10,0.020099816843867302,8,1
mfcc_4_mean,0.01963617093861103,8,1
mfcc_8_mean,0.011065401136875153,8,1
rms_mean,0.010697378776967525,8,1
mfcc_1_p90,0.010602451860904694,8,1
flatness_p90,0.009721308946609497,8,1
contrast_1_mean,0.008987534791231155,8,1
rolloff85_p10,0.008086329326033592,8,1
mfcc_3_mean,0.007937277667224407,8,1
spectral_entropy_mean,0.00786527432501316,8,1
mfcc_6_mean,0.007709054742008448,8,1
mfcc_delta_6_p90,0.007360003422945738,8,1
dominant_frequency_ratio,0.006898871157318354,8,1
contrast_1_p10,0.006562105379998684,8,1
mfcc_15_mean,0.006365353241562843,8,1
mfcc_19_p10,0.005939700175076723,8,1
mfcc_delta_13_p10,0.005404324270784855,8,1
mfcc_delta_6_std,0.005369143094867468,8,1
spectral_entropy_p10,0.005362436641007662,8,1
bandwidth_p10,0.0053220815025269985,8,1
contrast_2_std,0.005213242955505848,8,1
mfcc_19_mean,0.005139803979545832,8,1
contrast_0_std,0.00510988337919116,8,1
contrast_1_p90,0.0050398800522089005,8,1
flatness_std,0.004956285003572702,8,1
mfcc_delta_13_p90,0.004934889730066061,8,1
mfcc_3_p10,0.004784386605024338,8,1
mfcc_delta_6_p10,0.0047676945105195045,8,1
contrast_2_p90,0.004720386117696762,8,1
mfcc_7_p90,0.004680184181779623,8,1
mfcc_2_p10,0.004680138546973467,8,1
mfcc_9_p90,0.004656832665205002,8,1
mfcc_5_p90,0.0046429624781012535,8,1
mfcc_19_p90,0.004588108044117689,8,1
rolloff85_mean,0.004528538323938847,8,1
mfcc_delta_0_p90,0.004511235281825066,8,1
mfcc_1_std,0.004405715502798557,8,1
contrast_2_mean,0.004371467046439648,8,1
zero_crossing_rate_p10,0.0042868261225521564,8,1
mfcc_17_std,0.004267256706953049,8,1
centroid_p10,0.004261138383299112,8,1
mfcc_delta_16_std,0.004260541405528784,8,1
mfcc_delta_1_mean,0.0042528132908046246,8,1
mfcc_18_mean,0.004211780149489641,8,1
mfcc_2_p90,0.0041741058230400085,8,1
mfcc_delta_0_std,0.004149031825363636,8,1
mfcc_4_p90,0.004142328165471554,8,1
contrast_4_p10,0.00410690950229764,8,1
mfcc_delta_9_p90,0.00407002680003643,8,1
mfcc_delta_15_p90,0.004065897781401873,8,1
mfcc_9_std,0.0040306043811142445,8,1
mfcc_delta_12_std,0.003981802612543106,8,1
mfcc_delta_4_mean,0.0039236703887581825,8,1
mfcc_delta_17_std,0.0039116027764976025,8,1
mfcc_7_std,0.0039018786046653986,8,1
rms_p10,0.06871625781059265,8,2
mfcc_2_p90,0.05236130207777023,8,2
bandwidth_mean,0.03841717913746834,8,2
contrast_1_mean,0.03364982455968857,8,2
contrast_5_mean,0.030392257496714592,8,2
contrast_1_p10,0.021640850231051445,8,2
mfcc_1_p10,0.020686529576778412,8,2
mfcc_1_mean,0.015620279125869274,8,2
bandwidth_p90,0.013851672410964966,8,2
rms_mean,0.01361390296369791,8,2
mfcc_3_mean,0.01272499281913042,8,2
contrast_0_p10,0.012539883144199848,8,2
mfcc_2_mean,0.012174107134342194,8,2
flatness_std,0.012056997045874596,8,2
mfcc_1_p90,0.011890793219208717,8,2
contrast_2_mean,0.01078794989734888,8,2
mfcc_3_p90,0.010171961039304733,8,2
spectral_entropy_p10,0.009172585792839527,8,2
mfcc_delta_13_p90,0.008332901634275913,8,2
mfcc_delta_15_std,0.007966340519487858,8,2
contrast_4_p10,0.006755061913281679,8,2
mfcc_9_mean,0.006503916345536709,8,2
rolloff85_std,0.006235205102711916,8,2
mfcc_delta_4_p90,0.006019557360559702,8,2
mfcc_6_std,0.005974876694381237,8,2
mfcc_delta_18_p90,0.00595360342413187,8,2
rolloff85_p10,0.005759099498391151,8,2
flatness_p10,0.005743924528360367,8,2
mfcc_7_std,0.005625071469694376,8,2
mfcc_delta_17_p90,0.005474208854138851,8,2
contrast_2_p90,0.005425606854259968,8,2
mfcc_16_p90,0.005247883964329958,8,2
mfcc_12_p10,0.005082073621451855,8,2
mfcc_10_p10,0.005064622964709997,8,2
mfcc_12_std,0.005062924697995186,8,2
mfcc_7_p10,0.005059066228568554,8,2
mfcc_17_p90,0.004930335097014904,8,2
contrast_0_mean,0.004917551763355732,8,2
mfcc_0_p90,0.0048563312739133835,8,2
mfcc_delta_14_std,0.004845224320888519,8,2
contrast_0_p90,0.004761303775012493,8,2
zero_crossing_rate_mean,0.00470056151971221,8,2
mfcc_1_std,0.004647990223020315,8,2
mfcc_17_p10,0.00462289247661829,8,2
mfcc_0_std,0.00453857472166419,8,2
rms_p90,0.004526324570178986,8,2
contrast_4_mean,0.004372984636574984,8,2
mfcc_9_std,0.004287604242563248,8,2
mfcc_8_p10,0.004236985929310322,8,2
mfcc_delta_10_p90,0.004229105077683926,8,2
contrast_1_p90,0.004201464354991913,8,2
centroid_p10,0.004187720362097025,8,2
flatness_mean,0.004154301714152098,8,2
contrast_5_p10,0.004144060425460339,8,2
mfcc_delta_15_p90,0.004126992542296648,8,2
mfcc_delta_5_std,0.004124908242374659,8,2
mfcc_delta_19_p90,0.004120637197047472,8,2
mfcc_13_p90,0.004118240438401699,8,2
mfcc_3_p10,0.004072882235050201,8,2
mfcc_delta_19_p10,0.004072113428264856,8,2
bandwidth_mean,0.08415256440639496,8,3
bandwidth_p10,0.07077957689762115,8,3
mfcc_1_p10,0.03280751407146454,8,3
mfcc_1_mean,0.031682830303907394,8,3
rms_p10,0.027922526001930237,8,3
flatness_p90,0.014842613600194454,8,3
flatness_p10,0.014566843397915363,8,3
mfcc_3_p90,0.013020933605730534,8,3
mfcc_2_p90,0.012356014922261238,8,3
contrast_2_mean,0.01197430957108736,8,3
mfcc_16_std,0.01126618217676878,8,3
spectral_entropy_p10,0.011228840798139572,8,3
rms_p90,0.010929071344435215,8,3
contrast_1_mean,0.009877634234726429,8,3
contrast_0_std,0.009317982941865921,8,3
mfcc_2_p10,0.009250126779079437,8,3
contrast_1_p90,0.009248169139027596,8,3
mfcc_8_p10,0.008883362635970116,8,3
mfcc_delta_15_std,0.00854176189750433,8,3
mfcc_8_std,0.008472002111375332,8,3
mfcc_delta_6_std,0.008371349424123764,8,3
spectral_entropy_mean,0.00804960634559393,8,3
flatness_std,0.007719757035374641,8,3
mfcc_7_mean,0.007311762776225805,8,3
mfcc_8_mean,0.006915250327438116,8,3
mfcc_delta_13_p90,0.006736369803547859,8,3
contrast_1_p10,0.006580292247235775,8,3
rms_mean,0.006573102902621031,8,3
mfcc_3_p10,0.006464170757681131,8,3
rolloff85_p10,0.006409586872905493,8,3
mfcc_delta_1_std,0.006363948807120323,8,3
mfcc_2_mean,0.006327264476567507,8,3
flatness_mean,0.006110695656388998,8,3
contrast_0_p10,0.0059511675499379635,8,3
mfcc_6_mean,0.005871494300663471,8,3
mfcc_delta_0_p10,0.00557373184710741,8,3
bandwidth_p90,0.005405419040471315,8,3
dominant_frequency_ratio,0.00538003072142601,8,3
mfcc_3_mean,0.005239441059529781,8,3
mfcc_4_mean,0.00520795164629817,8,3
mfcc_17_p10,0.00518545787781477,8,3
mfcc_15_mean,0.00488488283008337,8,3
mfcc_4_p10,0.004682943224906921,8,3
mfcc_delta_6_p90,0.004649903625249863,8,3
mfcc_14_p90,0.004586330149322748,8,3
contrast_4_mean,0.0044290488585829735,8,3
mfcc_19_p90,0.0043842908926308155,8,3
mfcc_10_mean,0.004339926410466433,8,3
mfcc_delta_14_std,0.004222491290420294,8,3
contrast_4_p10,0.004196160472929478,8,3
spectral_entropy_std,0.004176915157586336,8,3
mfcc_delta_18_p10,0.004170898348093033,8,3
mfcc_17_p90,0.0041159107349812984,8,3
contrast_5_mean,0.004073115531355143,8,3
mfcc_19_mean,0.00407060794532299,8,3
mfcc_delta_13_std,0.00402601296082139,8,3
mfcc_1_p90,0.004020994529128075,8,3
mfcc_17_std,0.003989886958152056,8,3
mfcc_10_p10,0.00396685628220439,8,3
mfcc_16_p90,0.003964978735893965,8,3
bandwidth_p90,0.050547242164611816,8,4
rms_p10,0.04154456406831741,8,4
bandwidth_mean,0.023630063980817795,8,4
mfcc_1_p90,0.02254193089902401,8,4
bandwidth_p10,0.020199935883283615,8,4
mfcc_delta_15_p90,0.016413036733865738,8,4
mfcc_delta_7_std,0.01594892144203186,8,4
mfcc_delta_15_std,0.015065273270010948,8,4
rolloff85_mean,0.01484351884573698,8,4
contrast_2_mean,0.013551766984164715,8,4
mfcc_16_std,0.013152007013559341,8,4
mfcc_2_p90,0.012626289390027523,8,4
mfcc_delta_1_p90,0.011319523677229881,8,4
mfcc_8_p10,0.010597914457321167,8,4
contrast_1_p10,0.010048100724816322,8,4
mfcc_1_mean,0.010024162009358406,8,4
rolloff85_p10,0.009979400783777237,8,4
rms_mean,0.009840110316872597,8,4
mfcc_delta_6_std,0.009564283303916454,8,4
contrast_2_p10,0.008933182805776596,8,4
contrast_1_p90,0.008414073847234249,8,4
centroid_p10,0.008266357704997063,8,4
mfcc_8_mean,0.008068340830504894,8,4
mfcc_7_std,0.008015601895749569,8,4
mfcc_delta_2_std,0.00800265185534954,8,4
mfcc_delta_16_p10,0.007890070788562298,8,4
mfcc_0_p90,0.007554956246167421,8,4
mfcc_2_std,0.007541452068835497,8,4
contrast_0_std,0.007539253681898117,8,4
flatness_p10,0.007533097639679909,8,4
mfcc_19_p90,0.007488028611987829,8,4
mfcc_3_p90,0.007447270676493645,8,4
contrast_4_p10,0.007241713348776102,8,4
spectral_entropy_p10,0.007102204021066427,8,4
contrast_1_mean,0.006802404299378395,8,4
flatness_p90,0.006567716598510742,8,4
mfcc_15_mean,0.006516959052532911,8,4
mfcc_18_mean,0.006512795574963093,8,4
mfcc_1_p10,0.006509074475616217,8,4
mfcc_delta_17_p90,0.006460536736994982,8,4
mfcc_15_p90,0.006425397004932165,8,4
mfcc_3_mean,0.006052345037460327,8,4
contrast_0_p90,0.006048260722309351,8,4
mfcc_delta_13_std,0.00602038623765111,8,4
mfcc_delta_19_p10,0.005978861358016729,8,4
mfcc_delta_14_p90,0.005935921799391508,8,4
mfcc_12_std,0.0059288484044373035,8,4
mfcc_12_p90,0.005688066594302654,8,4
mfcc_delta_10_p10,0.005666680168360472,8,4
rolloff85_p90,0.005602823570370674,8,4
mfcc_18_p90,0.005496417172253132,8,4
mfcc_17_p90,0.005493205040693283,8,4
mfcc_17_mean,0.005332961678504944,8,4
spectral_entropy_p90,0.005286659579724073,8,4
mfcc_6_p10,0.005266167223453522,8,4
flatness_mean,0.005250829737633467,8,4
mfcc_delta_2_p10,0.00516321649774909,8,4
mfcc_13_mean,0.0049776965752244,8,4
mfcc_4_std,0.0049453191459178925,8,4
mfcc_delta_9_p90,0.004882018081843853,8,4
mfcc_2_p10,0.1235651820898056,9,0
mfcc_2_mean,0.0974203422665596,9,0
mfcc_2_p90,0.03430883586406708,9,0
mfcc_4_mean,0.021064026281237602,9,0
rolloff85_std,0.01918856054544449,9,0
bandwidth_p90,0.018897870555520058,9,0
rms_p10,0.01306938286870718,9,0
flatness_p10,0.011559617705643177,9,0
mfcc_17_mean,0.011450940743088722,9,0
mfcc_1_p10,0.01085529662668705,9,0
mfcc_1_p90,0.008680921047925949,9,0
bandwidth_mean,0.008613969199359417,9,0
mfcc_delta_6_std,0.008441664278507233,9,0
contrast_1_mean,0.008344735018908978,9,0
contrast_5_p10,0.008033953607082367,9,0
flatness_std,0.007741911336779594,9,0
mfcc_4_p10,0.007259572856128216,9,0
rms_mean,0.0072569465264678,9,0
mfcc_4_p90,0.007181304972618818,9,0
mfcc_10_mean,0.00679810019209981,9,0
centroid_p10,0.006672103423625231,9,0
mfcc_0_p90,0.00629781000316143,9,0
mfcc_delta_0_std,0.006089432630687952,9,0
mfcc_3_mean,0.006052183918654919,9,0
bandwidth_p10,0.005697011481970549,9,0
contrast_0_std,0.005671746097505093,9,0
spectral_entropy_p10,0.0056558409705758095,9,0
mfcc_1_mean,0.005524329841136932,9,0
mfcc_delta_15_std,0.005176002625375986,9,0
contrast_1_p90,0.005112106446176767,9,0
mfcc_19_p90,0.005056979600340128,9,0
mfcc_8_mean,0.005010651890188456,9,0
mfcc_delta_2_p90,0.005003885831683874,9,0
mfcc_19_mean,0.004865717608481646,9,0
mfcc_delta_6_p90,0.0048062726855278015,9,0
mfcc_6_p90,0.004796566907316446,9,0
rms_p90,0.004793205298483372,9,0
mfcc_7_p10,0.004696487914770842,9,0
mfcc_delta_17_std,0.004608788527548313,9,0
dominant_frequency_ratio,0.004573986399918795,9,0
mfcc_15_mean,0.00449401093646884,9,0
mfcc_delta_4_p10,0.0044143726117908955,9,0
rolloff85_mean,0.004382042679935694,9,0
contrast_0_p10,0.004379059188067913,9,0
spectral_entropy_mean,0.004346934612840414,9,0
mfcc_delta_4_std,0.004309637006372213,9,0
mfcc_3_p90,0.004305063746869564,9,0
contrast_2_std,0.004287810996174812,9,0
mfcc_delta_1_p10,0.004174233879894018,9,0
mfcc_1_std,0.004165968392044306,9,0
mfcc_9_p90,0.004157249350100756,9,0
mfcc_delta_7_mean,0.004069807007908821,9,0
mfcc_13_std,0.004031701013445854,9,0
mfcc_0_std,0.004025156144052744,9,0
contrast_1_p10,0.004017411731183529,9,0
mfcc_3_p10,0.0039977566339075565,9,0
spectral_entropy_p90,0.0039630671963095665,9,0
flatness_p90,0.003841244848445058,9,0
mfcc_delta_0_p10,0.0038390641566365957,9,0
mfcc_18_mean,0.0038122916594147682,9,0
flatness_p10,0.17526763677597046,9,1
flatness_mean,0.06146421283483505,9,1
mfcc_1_mean,0.023585401475429535,9,1
bandwidth_mean,0.022798120975494385,9,1
rms_p10,0.02051197923719883,9,1
mfcc_4_mean,0.0163460411131382,9,1
mfcc_1_p10,0.01600964181125164,9,1
mfcc_1_p90,0.010069828480482101,9,1
contrast_1_mean,0.009709800593554974,9,1
spectral_entropy_mean,0.009630763903260231,9,1
rms_mean,0.009234150871634483,9,1
rolloff85_p10,0.009157241322100163,9,1
mfcc_6_mean,0.008663658052682877,9,1
mfcc_delta_6_p90,0.008557160384953022,9,1
mfcc_8_mean,0.008534415625035763,9,1
flatness_p90,0.007540988270193338,9,1
spectral_entropy_p10,0.006880265194922686,9,1
bandwidth_p10,0.006769958417862654,9,1
mfcc_3_mean,0.006732197944074869,9,1
mfcc_3_p10,0.006318522617220879,9,1
mfcc_16_p90,0.006229639984667301,9,1
contrast_2_p90,0.006133343558758497,9,1
mfcc_17_p90,0.0059094480238854885,9,1
mfcc_delta_6_std,0.005890563130378723,9,1
mfcc_19_p10,0.005744849797338247,9,1
mfcc_15_mean,0.005710838828235865,9,1
mfcc_delta_3_p90,0.005612578243017197,9,1
mfcc_delta_13_p90,0.0055341399274766445,9,1
mfcc_delta_1_p90,0.005438633728772402,9,1
contrast_0_std,0.005248607136309147,9,1
mfcc_5_p90,0.00523312808945775,9,1
mfcc_7_p10,0.005051473155617714,9,1
mfcc_2_p90,0.005022927653044462,9,1
contrast_1_p10,0.004966208711266518,9,1
mfcc_2_mean,0.004850385710597038,9,1
mfcc_18_mean,0.004775972571223974,9,1
mfcc_delta_9_p10,0.0047349389642477036,9,1
contrast_4_p10,0.004678846802562475,9,1
mfcc_delta_6_p10,0.004609635565429926,9,1
mfcc_7_p90,0.004537943284958601,9,1
mfcc_delta_4_p10,0.004438183270394802,9,1
rolloff85_mean,0.00437505729496479,9,1
contrast_1_p90,0.00433947890996933,9,1
mfcc_7_mean,0.00428006099537015,9,1
contrast_4_mean,0.00428002467378974,9,1
mfcc_delta_0_p90,0.004180350340902805,9,1
flatness_std,0.004175766371190548,9,1
mfcc_19_mean,0.004159408621490002,9,1
zero_crossing_rate_mean,0.004147901199758053,9,1
mfcc_18_std,0.0041101849637925625,9,1
mfcc_delta_16_p10,0.004049426410347223,9,1
mfcc_1_std,0.004008766263723373,9,1
mfcc_7_std,0.004007745999842882,9,1
rolloff85_p90,0.003998748026788235,9,1
mfcc_2_p10,0.003938795533031225,9,1
spectral_entropy_std,0.0038520710077136755,9,1
mfcc_15_p10,0.0038142234552651644,9,1
mfcc_delta_16_p90,0.0037990843411535025,9,1
contrast_2_std,0.0037662521935999393,9,1
mfcc_14_mean,0.003677614266052842,9,1
mfcc_2_p90,0.12128840386867523,9,2
mfcc_2_mean,0.047023408114910126,9,2
mfcc_2_p10,0.02695111744105816,9,2
rms_p10,0.022182967513799667,9,2
flatness_std,0.019054068252444267,9,2
bandwidth_mean,0.014423101209104061,9,2
contrast_2_mean,0.011227988637983799,9,2
mfcc_8_std,0.009992367587983608,9,2
contrast_2_p10,0.00989873893558979,9,2
contrast_5_p90,0.009774239733815193,9,2
contrast_1_mean,0.009723344817757607,9,2
contrast_0_p90,0.009080071933567524,9,2
mfcc_16_p90,0.008877240121364594,9,2
spectral_entropy_p10,0.008696094155311584,9,2
mfcc_8_p10,0.008534443564713001,9,2
rms_mean,0.007738811895251274,9,2
mfcc_0_std,0.007629099767655134,9,2
contrast_4_p10,0.007614013738930225,9,2
mfcc_14_mean,0.007459687069058418,9,2
mfcc_1_p90,0.007423305884003639,9,2
mfcc_delta_5_std,0.007062909658998251,9,2
mfcc_17_p90,0.007042559329420328,9,2
centroid_p10,0.006787459831684828,9,2
mfcc_delta_15_std,0.006549473851919174,9,2
mfcc_7_std,0.00645494693890214,9,2
mfcc_15_mean,0.006074950564652681,9,2
mfcc_13_p10,0.006070873234421015,9,2
mfcc_delta_17_std,0.006056999322026968,9,2
mfcc_19_std,0.00600998243317008,9,2
mfcc_9_mean,0.005846887361258268,9,2
mfcc_delta_5_p90,0.005823852028697729,9,2
mfcc_delta_19_p10,0.005798439495265484,9,2
rms_p90,0.0055860430002212524,9,2
bandwidth_p90,0.0054885223507881165,9,2
contrast_0_mean,0.005253965966403484,9,2
zero_crossing_rate_mean,0.005209962837398052,9,2
flatness_mean,0.005177922081202269,9,2
mfcc_delta_13_p90,0.005151612684130669,9,2
contrast_4_mean,0.0051116193644702435,9,2
mfcc_17_mean,0.005075263325124979,9,2
mfcc_delta_4_mean,0.0050529115833342075,9,2
mfcc_0_mean,0.005036530084908009,9,2
rolloff85_p90,0.004864795133471489,9,2
mfcc_delta_13_std,0.004861809313297272,9,2
mfcc_delta_0_std,0.004796344321221113,9,2
mfcc_3_p90,0.004779419396072626,9,2
mfcc_15_p90,0.0046854508109390736,9,2
mfcc_12_std,0.004679802339524031,9,2
mfcc_delta_15_p90,0.004666917026042938,9,2
mfcc_delta_6_p90,0.004655849654227495,9,2
contrast_0_std,0.004521945491433144,9,2
mfcc_delta_19_p90,0.004507546778768301,9,2
contrast_0_p10,0.004492470063269138,9,2
mfcc_1_p10,0.004482835065573454,9,2
mfcc_12_p10,0.004424252547323704,9,2
mfcc_delta_14_p10,0.004397365264594555,9,2
mfcc_6_p90,0.00438457727432251,9,2
mfcc_15_std,0.0043632700107991695,9,2
contrast_1_p10,0.004326303023844957,9,2
mfcc_10_p90,0.004299684427678585,9,2
bandwidth_mean,0.10318239033222198,9,3
mfcc_1_mean,0.04928360506892204,9,3
bandwidth_p10,0.03923685476183891,9,3
mfcc_1_p10,0.03017890825867653,9,3
rms_p10,0.030052172020077705,9,3
flatness_p90,0.015775375068187714,9,3
bandwidth_p90,0.012868566438555717,9,3
contrast_1_p90,0.01189060602337122,9,3
mfcc_3_mean,0.011785149574279785,9,3
mfcc_2_p10,0.011688556522130966,9,3
rolloff85_p10,0.011050364933907986,9,3
spectral_entropy_p10,0.011019818484783173,9,3
flatness_p10,0.010819664224982262,9,3
mfcc_2_p90,0.01079572457820177,9,3
contrast_1_mean,0.010417867451906204,9,3
flatness_std,0.010030172765254974,9,3
mfcc_7_std,0.009956099092960358,9,3
contrast_2_mean,0.008596778847277164,9,3
contrast_0_p10,0.00802865345031023,9,3
mfcc_19_p90,0.007299966178834438,9,3
mfcc_8_p10,0.007185221184045076,9,3
contrast_1_p10,0.007165063638240099,9,3
spectral_entropy_mean,0.006843960843980312,9,3
mfcc_delta_1_std,0.00683741457760334,9,3
mfcc_17_p90,0.006805753335356712,9,3
mfcc_8_mean,0.006689234636723995,9,3
mfcc_1_p90,0.0065274653024971485,9,3
centroid_p10,0.006331668235361576,9,3
mfcc_delta_13_p90,0.006256976630538702,9,3
mfcc_4_p10,0.0059189866296947,9,3
mfcc_delta_6_std,0.005900675896555185,9,3
mfcc_3_p10,0.005842968821525574,9,3
mfcc_14_p90,0.005655824672430754,9,3
contrast_0_std,0.005639825947582722,9,3
mfcc_1_std,0.0055878181010484695,9,3
mfcc_delta_0_p10,0.00555892800912261,9,3
mfcc_6_mean,0.005477768834680319,9,3
mfcc_delta_18_p10,0.005346136167645454,9,3
mfcc_8_std,0.005114573519676924,9,3
mfcc_9_mean,0.004981302656233311,9,3
mfcc_15_mean,0.004835398402065039,9,3
mfcc_2_mean,0.004748187959194183,9,3
mfcc_10_mean,0.004731852561235428,9,3
mfcc_16_std,0.004712480586022139,9,3
mfcc_12_p10,0.0046605877578258514,9,3
mfcc_4_mean,0.004654825199395418,9,3
mfcc_delta_15_std,0.0045560793951153755,9,3
mfcc_delta_12_std,0.004403478465974331,9,3
mfcc_delta_18_std,0.004382480401545763,9,3
contrast_5_p90,0.004379968158900738,9,3
mfcc_9_p90,0.004353659227490425,9,3
mfcc_delta_1_p10,0.004277192056179047,9,3
mfcc_delta_13_p10,0.004271937534213066,9,3
mfcc_delta_2_p90,0.0042371926829218864,9,3
mfcc_7_p90,0.004216483328491449,9,3
spectral_entropy_p90,0.004177219234406948,9,3
rolloff85_mean,0.004160844720900059,9,3
mfcc_19_mean,0.004072772804647684,9,3
mfcc_19_p10,0.004047967493534088,9,3
mfcc_15_p10,0.0040328968316316605,9,3
bandwidth_mean,0.0502188615500927,9,4
rms_p10,0.04815896600484848,9,4
bandwidth_p90,0.030398383736610413,9,4
mfcc_1_p90,0.026735713705420494,9,4
bandwidth_p10,0.020623009651899338,9,4
mfcc_delta_6_std,0.01806776411831379,9,4
mfcc_1_mean,0.016764633357524872,9,4
mfcc_16_std,0.01557216327637434,9,4
rms_mean,0.012210466898977757,9,4
rolloff85_p10,0.011935971677303314,9,4
rolloff85_mean,0.011836531572043896,9,4
mfcc_delta_13_std,0.011464370414614677,9,4
contrast_2_mean,0.011447672732174397,9,4
contrast_1_p90,0.01085120253264904,9,4
mfcc_delta_16_p10,0.010850902646780014,9,4
mfcc_3_p10,0.010248694568872452,9,4
mfcc_19_p90,0.009169384837150574,9,4
contrast_0_p90,0.009018492884933949,9,4
mfcc_delta_15_p90,0.00894341804087162,9,4
flatness_std,0.00884802546352148,9,4
mfcc_delta_4_std,0.008622504770755768,9,4
mfcc_8_p10,0.008594672195613384,9,4
mfcc_delta_1_p90,0.008134786039590836,9,4
centroid_p10,0.008056428283452988,9,4
contrast_2_p10,0.007874732837080956,9,4
spectral_entropy_p90,0.007717004977166653,9,4
mfcc_3_mean,0.0076688784174621105,9,4
mfcc_7_std,0.00723083782941103,9,4
mfcc_18_mean,0.007155242376029491,9,4
mfcc_delta_4_p10,0.007020323537290096,9,4
mfcc_19_std,0.007003832142800093,9,4
mfcc_3_p90,0.006989155896008015,9,4
mfcc_2_p90,0.006900707259774208,9,4
mfcc_delta_2_std,0.006889261305332184,9,4
mfcc_1_p10,0.006700741592794657,9,4
mfcc_delta_17_p90,0.006622330751270056,9,4
flatness_p10,0.006514786742627621,9,4
contrast_0_std,0.006512295454740524,9,4
mfcc_15_p90,0.00639872532337904,9,4
spectral_entropy_p10,0.006352911703288555,9,4
contrast_0_mean,0.006299726199358702,9,4
flatness_mean,0.006276853382587433,9,4
mfcc_2_mean,0.006043465342372656,9,4
mfcc_2_std,0.005998714827001095,9,4
contrast_1_mean,0.00592163996770978,9,4
mfcc_17_p90,0.005820281337946653,9,4
mfcc_delta_19_p10,0.005775469820946455,9,4
mfcc_13_std,0.005658665206283331,9,4
mfcc_10_p90,0.0056107197888195515,9,4
mfcc_delta_17_std,0.005494557786732912,9,4
mfcc_8_mean,0.005382227711379528,9,4
contrast_0_p10,0.005341057665646076,9,4
mfcc_16_p10,0.0053396509028971195,9,4
mfcc_delta_0_p10,0.005338326562196016,9,4
zero_crossing_rate_p90,0.005292186513543129,9,4
centroid_mean,0.005264190025627613,9,4
mfcc_18_p90,0.005195870529860258,9,4
mfcc_delta_18_p90,0.005146851763129234,9,4
mfcc_9_std,0.0049197436310350895,9,4
mfcc_10_mean,0.004914166405797005,9,4
