feature,gain,repeat,fold
mfcc_16_std,0.12217047065496445,0,0
mfcc_2_mean,0.05894922837615013,0,0
mfcc_14_std,0.05726451799273491,0,0
mfcc_2_p10,0.05253378301858902,0,0
mfcc_15_std,0.05092770233750343,0,0
dominant_frequency,0.028435470536351204,0,0
flatness_std,0.02753494121134281,0,0
rms_p10,0.02481253817677498,0,0
rolloff85_mean,0.01972058229148388,0,0
mfcc_11_p10,0.018306627869606018,0,0
contrast_0_p10,0.01784958690404892,0,0
mfcc_delta_0_std,0.0163015928119421,0,0
rms_mean,0.01590699516236782,0,0
rms_p90,0.014822210185229778,0,0
centroid_p90,0.011758381500840187,0,0
centroid_p10,0.011018914170563221,0,0
contrast_0_mean,0.010087689384818077,0,0
contrast_5_p10,0.009563679806888103,0,0
spectral_entropy_mean,0.00945636723190546,0,0
mfcc_4_mean,0.009244360029697418,0,0
mfcc_1_mean,0.008689475245773792,0,0
contrast_5_mean,0.008662998676300049,0,0
mfcc_2_p90,0.008576637133955956,0,0
contrast_2_std,0.008549926802515984,0,0
mfcc_delta_1_p10,0.008363962173461914,0,0
zero_crossing_rate_p90,0.00785311684012413,0,0
flatness_p90,0.0077018896117806435,0,0
mfcc_delta_7_p10,0.0072127836756408215,0,0
mfcc_12_mean,0.00710457656532526,0,0
mfcc_delta_6_std,0.006657434161752462,0,0
mfcc_19_mean,0.006585777271538973,0,0
mfcc_13_std,0.006343391723930836,0,0
contrast_3_p90,0.006276255007833242,0,0
contrast_1_mean,0.0062137567438185215,0,0
rms_std,0.006137040443718433,0,0
mfcc_9_p90,0.005941411480307579,0,0
zero_crossing_rate_std,0.005894756875932217,0,0
mfcc_0_p10,0.005771882366389036,0,0
mfcc_12_p90,0.005720181856304407,0,0
mfcc_1_std,0.005618243012577295,0,0
contrast_1_p10,0.0055956970900297165,0,0
mfcc_delta_8_p10,0.005548321641981602,0,0
contrast_4_mean,0.005455969832837582,0,0
rolloff85_p10,0.005335563328117132,0,0
mfcc_4_p10,0.005207279697060585,0,0
contrast_3_mean,0.005178423598408699,0,0
mfcc_delta_6_p90,0.005173901561647654,0,0
flatness_mean,0.005093407351523638,0,0
zero_crossing_rate_p10,0.0049637844786047935,0,0
mfcc_delta_0_p10,0.004963397514075041,0,0
mfcc_3_p10,0.004926451947540045,0,0
mfcc_delta_4_p90,0.004658589605242014,0,0
contrast_0_std,0.0045393346808850765,0,0
mfcc_3_mean,0.004491238854825497,0,0
mfcc_5_p10,0.004307162016630173,0,0
spectral_entropy_p10,0.004250268451869488,0,0
mfcc_6_mean,0.004168701358139515,0,0
mfcc_14_p10,0.004139255732297897,0,0
contrast_3_std,0.004138960037380457,0,0
spectral_entropy_p90,0.004083364736288786,0,0
mfcc_2_p10,0.13934485614299774,0,1
mfcc_16_std,0.08567090332508087,0,1
contrast_2_std,0.07849990576505661,0,1
mfcc_14_std,0.0691857561469078,0,1
mfcc_15_std,0.060888100415468216,0,1
rms_p10,0.03176863491535187,0,1
mfcc_delta_0_std,0.031159259378910065,0,1
mfcc_2_mean,0.027069013565778732,0,1
mfcc_15_p90,0.01650671474635601,0,1
contrast_0_p10,0.015572094358503819,0,1
mfcc_3_std,0.013916179537773132,0,1
spectral_entropy_p90,0.012964287772774696,0,1
flatness_std,0.012944849207997322,0,1
bandwidth_mean,0.012939225882291794,0,1
mfcc_6_p10,0.012651829980313778,0,1
mfcc_8_p90,0.012312984094023705,0,1
contrast_2_p90,0.01091674342751503,0,1
mfcc_3_p10,0.010144839994609356,0,1
mfcc_2_p90,0.009997204877436161,0,1
dominant_frequency,0.008268162608146667,0,1
flatness_p90,0.007755056023597717,0,1
mfcc_1_p90,0.007733636070042849,0,1
mfcc_1_p10,0.007063450291752815,0,1
rms_p90,0.006902261637151241,0,1
zero_crossing_rate_std,0.006354667712002993,0,1
mfcc_12_p10,0.006248827092349529,0,1
mfcc_13_std,0.006225304678082466,0,1
mfcc_1_mean,0.005847737658768892,0,1
spectral_entropy_p10,0.005734276957809925,0,1
mfcc_9_p90,0.005727946292608976,0,1
rolloff85_mean,0.005572230089455843,0,1
spectral_entropy_mean,0.005457513500005007,0,1
contrast_5_p10,0.005365466233342886,0,1
contrast_0_mean,0.0051599955186247826,0,1
mfcc_11_p10,0.005098472815006971,0,1
mfcc_delta_0_p10,0.004987974651157856,0,1
mfcc_9_mean,0.004908522590994835,0,1
contrast_4_mean,0.004857331980019808,0,1
mfcc_0_p10,0.004791764076799154,0,1
mfcc_19_p90,0.004725092556327581,0,1
bandwidth_p90,0.004712351132184267,0,1
rms_std,0.004646753892302513,0,1
centroid_p90,0.004596065264195204,0,1
mfcc_18_std,0.0045807454735040665,0,1
contrast_5_p90,0.004571816418319941,0,1
mfcc_4_mean,0.004106194246560335,0,1
rms_mean,0.003868857864290476,0,1
mfcc_7_p90,0.003807856934145093,0,1
mfcc_3_mean,0.0037504646461457014,0,1
mfcc_17_std,0.0036351431626826525,0,1
contrast_0_p90,0.0033858001697808504,0,1
zero_crossing_rate_p90,0.003309229388833046,0,1
mfcc_0_std,0.0032399152405560017,0,1
bandwidth_p10,0.0031962362118065357,0,1
contrast_5_mean,0.0031936303712427616,0,1
mfcc_0_mean,0.0030929080676287413,0,1
bandwidth_std,0.003071987070143223,0,1
mfcc_5_mean,0.0029780082404613495,0,1
rolloff85_std,0.002977535128593445,0,1
zero_crossing_rate_p10,0.0029037361964583397,0,1
mfcc_15_std,0.12571962177753448,0,2
contrast_0_p10,0.10740822553634644,0,2
mfcc_16_std,0.06506959348917007,0,2
mfcc_1_p10,0.05272301658987999,0,2
mfcc_14_std,0.04047808423638344,0,2
contrast_0_p90,0.03355258330702782,0,2
rolloff85_p90,0.03087100014090538,0,2
contrast_0_mean,0.02496478706598282,0,2
rms_mean,0.02379261888563633,0,2
spectral_entropy_p10,0.02288230136036873,0,2
rms_p10,0.021546415984630585,0,2
contrast_5_p90,0.019977884367108345,0,2
contrast_4_mean,0.01795746386051178,0,2
mfcc_5_mean,0.016694489866495132,0,2
mfcc_delta_7_std,0.016082139685750008,0,2
mfcc_3_p10,0.01606174372136593,0,2
contrast_5_mean,0.01458545308560133,0,2
zero_crossing_rate_std,0.01391210500150919,0,2
contrast_0_std,0.012128330767154694,0,2
contrast_5_p10,0.010859458707273006,0,2
mfcc_6_p10,0.010496566072106361,0,2
spectral_entropy_mean,0.010165361687541008,0,2
mfcc_3_mean,0.009237883612513542,0,2
dominant_frequency_ratio,0.009030984714627266,0,2
mfcc_1_mean,0.008535396307706833,0,2
mfcc_3_p90,0.0072203585878014565,0,2
mfcc_2_p10,0.007083578035235405,0,2
mfcc_delta_8_std,0.007058498449623585,0,2
bandwidth_mean,0.006746293511241674,0,2
dominant_frequency,0.006282599177211523,0,2
mfcc_5_p10,0.005879050120711327,0,2
bandwidth_p90,0.005540373735129833,0,2
contrast_4_p90,0.0054715159349143505,0,2
flatness_std,0.005193941295146942,0,2
mfcc_0_p90,0.005105891264975071,0,2
rms_std,0.004914280958473682,0,2
zero_crossing_rate_p10,0.004626123700290918,0,2
contrast_2_std,0.004511028062552214,0,2
bandwidth_p10,0.004476144444197416,0,2
zero_crossing_rate_p90,0.004402561578899622,0,2
mfcc_1_p90,0.004322508350014687,0,2
mfcc_11_p90,0.004126621410250664,0,2
mfcc_2_p90,0.0038628559559583664,0,2
mfcc_2_mean,0.0036887647584080696,0,2
mfcc_0_mean,0.003630370832979679,0,2
mfcc_4_mean,0.0035789362154901028,0,2
mfcc_11_mean,0.003345689969137311,0,2
flatness_mean,0.0033214541617780924,0,2
mfcc_17_std,0.0032742428593337536,0,2
rolloff85_std,0.0031570515129715204,0,2
rms_p90,0.0031278764363378286,0,2
mfcc_12_mean,0.0031163818202912807,0,2
centroid_p90,0.0030635949224233627,0,2
mfcc_delta_4_std,0.003009744454175234,0,2
mfcc_3_std,0.0030036503449082375,0,2
contrast_1_p10,0.002946839900687337,0,2
mfcc_0_std,0.0028637535870075226,0,2
mfcc_9_mean,0.0027723757084459066,0,2
centroid_p10,0.0027395139914005995,0,2
mfcc_17_p90,0.002716499613597989,0,2
mfcc_15_std,0.12980960309505463,0,3
dominant_frequency,0.0990028977394104,0,3
mfcc_16_std,0.09162304550409317,0,3
rms_p10,0.040168941020965576,0,3
mfcc_14_std,0.02983485534787178,0,3
mfcc_delta_7_std,0.025515912100672722,0,3
zero_crossing_rate_std,0.023476097732782364,0,3
flatness_std,0.019856669008731842,0,3
flatness_p10,0.01976645179092884,0,3
mfcc_delta_7_p90,0.018447009846568108,0,3
contrast_0_mean,0.018029889091849327,0,3
mfcc_13_std,0.017403898760676384,0,3
contrast_0_p10,0.015426188707351685,0,3
rms_std,0.014712619595229626,0,3
contrast_0_std,0.013885189779102802,0,3
mfcc_delta_6_std,0.012918009422719479,0,3
dominant_frequency_ratio,0.012245755642652512,0,3
mfcc_delta_0_p10,0.01198664028197527,0,3
contrast_2_std,0.01000731810927391,0,3
spectral_entropy_mean,0.009111281484365463,0,3
flatness_p90,0.008952673524618149,0,3
mfcc_4_p10,0.008811675012111664,0,3
bandwidth_mean,0.008774284273386002,0,3
mfcc_delta_2_std,0.007933798246085644,0,3
mfcc_delta_0_std,0.007896384224295616,0,3
rms_mean,0.007839404046535492,0,3
rolloff85_p90,0.007659379858523607,0,3
mfcc_2_mean,0.007307795807719231,0,3
mfcc_2_p90,0.007095059379935265,0,3
spectral_entropy_p90,0.007019893266260624,0,3
spectral_entropy_p10,0.006875515449792147,0,3
contrast_0_p90,0.006853207480162382,0,3
mfcc_delta_7_p10,0.00674102921038866,0,3
mfcc_7_p90,0.00649169972166419,0,3
mfcc_11_mean,0.006380670238286257,0,3
contrast_5_mean,0.00585901876911521,0,3
mfcc_delta_9_p10,0.005502322688698769,0,3
mfcc_18_std,0.005291599780321121,0,3
contrast_4_mean,0.0051810177974402905,0,3
mfcc_12_p90,0.0051278481259942055,0,3
rms_p90,0.004892074037343264,0,3
mfcc_1_std,0.0046429880894720554,0,3
mfcc_delta_4_std,0.004499259404838085,0,3
mfcc_0_p10,0.004360096994787455,0,3
contrast_5_p90,0.004338435363024473,0,3
zero_crossing_rate_p10,0.004134215414524078,0,3
mfcc_4_mean,0.003937325906008482,0,3
contrast_4_p90,0.00390829611569643,0,3
mfcc_11_p90,0.0037211994640529156,0,3
bandwidth_p90,0.0036542098969221115,0,3
contrast_1_mean,0.00362427462823689,0,3
mfcc_19_p90,0.0035970129538327456,0,3
flatness_mean,0.0035381456837058067,0,3
mfcc_1_p10,0.0035051926970481873,0,3
mfcc_3_p90,0.0034989153500646353,0,3
contrast_3_std,0.00349626038223505,0,3
mfcc_3_mean,0.0032675203401595354,0,3
rolloff85_mean,0.0032021040096879005,0,3
zero_crossing_rate_p90,0.0031949204858392477,0,3
mfcc_5_p90,0.0031799410935491323,0,3
mfcc_16_std,0.14131774008274078,0,4
contrast_2_p90,0.07384929060935974,0,4
contrast_0_p10,0.07078664749860764,0,4
contrast_0_mean,0.04923754557967186,0,4
mfcc_delta_8_std,0.03108346462249756,0,4
mfcc_2_p10,0.02707507647573948,0,4
rolloff85_mean,0.024624185636639595,0,4
mfcc_delta_7_std,0.02446167916059494,0,4
mfcc_8_mean,0.024067064747214317,0,4
contrast_2_std,0.023928968235850334,0,4
zero_crossing_rate_std,0.02232755720615387,0,4
flatness_p90,0.022299960255622864,0,4
flatness_std,0.020608408376574516,0,4
mfcc_15_std,0.019626537337899208,0,4
mfcc_14_std,0.015264066867530346,0,4
mfcc_1_p10,0.01487527322024107,0,4
spectral_entropy_p90,0.01402294635772705,0,4
dominant_frequency_ratio,0.013862925581634045,0,4
centroid_p90,0.010653235949575901,0,4
mfcc_3_p90,0.010081503540277481,0,4
centroid_p10,0.009898894466459751,0,4
flatness_p10,0.009843927808105946,0,4
contrast_0_std,0.009780600666999817,0,4
rms_mean,0.009747914038598537,0,4
mfcc_0_std,0.008524713106453419,0,4
mfcc_2_p90,0.007575840689241886,0,4
mfcc_2_mean,0.007106606848537922,0,4
rms_p10,0.006904555484652519,0,4
spectral_entropy_mean,0.006585936527699232,0,4
contrast_0_p90,0.00649678148329258,0,4
flatness_mean,0.0060862768441438675,0,4
mfcc_delta_7_p10,0.00586801627650857,0,4
mfcc_delta_15_p10,0.005747369956225157,0,4
zero_crossing_rate_p10,0.005727986339479685,0,4
mfcc_delta_0_std,0.005633413325995207,0,4
mfcc_delta_5_std,0.005604095757007599,0,4
rms_p90,0.005520536098629236,0,4
rolloff85_p10,0.005366309080272913,0,4
mfcc_8_p90,0.0053640129044651985,0,4
mfcc_3_mean,0.005176315549761057,0,4
rolloff85_p90,0.004922335967421532,0,4
mfcc_1_mean,0.004699282813817263,0,4
contrast_5_p90,0.004621997009962797,0,4
rms_std,0.004292769823223352,0,4
mfcc_14_mean,0.004124755039811134,0,4
spectral_entropy_p10,0.003948605619370937,0,4
mfcc_1_p90,0.003872743807733059,0,4
contrast_2_p10,0.0038267287891358137,0,4
mfcc_0_mean,0.0037786229513585567,0,4
bandwidth_p90,0.003715540049597621,0,4
mfcc_0_p10,0.003591376356780529,0,4
mfcc_7_p90,0.0034613474272191525,0,4
mfcc_delta_7_p90,0.0034406613558530807,0,4
mfcc_0_p90,0.0033657131716609,0,4
mfcc_18_p90,0.0031755443196743727,0,4
contrast_4_mean,0.003118055174127221,0,4
mfcc_delta_2_p10,0.0030431344639509916,0,4
contrast_3_mean,0.0030369539745151997,0,4
mfcc_4_p10,0.003007925348356366,0,4
mfcc_14_p90,0.002981507917866111,0,4
mfcc_16_std,0.12217047065496445,1,0
mfcc_2_mean,0.05894922837615013,1,0
mfcc_14_std,0.05726451799273491,1,0
mfcc_2_p10,0.05253378301858902,1,0
mfcc_15_std,0.05092770233750343,1,0
dominant_frequency,0.028435470536351204,1,0
flatness_std,0.02753494121134281,1,0
rms_p10,0.02481253817677498,1,0
rolloff85_mean,0.01972058229148388,1,0
mfcc_11_p10,0.018306627869606018,1,0
contrast_0_p10,0.01784958690404892,1,0
mfcc_delta_0_std,0.0163015928119421,1,0
rms_mean,0.01590699516236782,1,0
rms_p90,0.014822210185229778,1,0
centroid_p90,0.011758381500840187,1,0
centroid_p10,0.011018914170563221,1,0
contrast_0_mean,0.010087689384818077,1,0
contrast_5_p10,0.009563679806888103,1,0
spectral_entropy_mean,0.00945636723190546,1,0
mfcc_4_mean,0.009244360029697418,1,0
mfcc_1_mean,0.008689475245773792,1,0
contrast_5_mean,0.008662998676300049,1,0
mfcc_2_p90,0.008576637133955956,1,0
contrast_2_std,0.008549926802515984,1,0
mfcc_delta_1_p10,0.008363962173461914,1,0
zero_crossing_rate_p90,0.00785311684012413,1,0
flatness_p90,0.0077018896117806435,1,0
mfcc_delta_7_p10,0.0072127836756408215,1,0
mfcc_12_mean,0.00710457656532526,1,0
mfcc_delta_6_std,0.006657434161752462,1,0
mfcc_19_mean,0.006585777271538973,1,0
mfcc_13_std,0.006343391723930836,1,0
contrast_3_p90,0.006276255007833242,1,0
contrast_1_mean,0.0062137567438185215,1,0
rms_std,0.006137040443718433,1,0
mfcc_9_p90,0.005941411480307579,1,0
zero_crossing_rate_std,0.005894756875932217,1,0
mfcc_0_p10,0.005771882366389036,1,0
mfcc_12_p90,0.005720181856304407,1,0
mfcc_1_std,0.005618243012577295,1,0
contrast_1_p10,0.0055956970900297165,1,0
mfcc_delta_8_p10,0.005548321641981602,1,0
contrast_4_mean,0.005455969832837582,1,0
rolloff85_p10,0.005335563328117132,1,0
mfcc_4_p10,0.005207279697060585,1,0
contrast_3_mean,0.005178423598408699,1,0
mfcc_delta_6_p90,0.005173901561647654,1,0
flatness_mean,0.005093407351523638,1,0
zero_crossing_rate_p10,0.0049637844786047935,1,0
mfcc_delta_0_p10,0.004963397514075041,1,0
mfcc_3_p10,0.004926451947540045,1,0
mfcc_delta_4_p90,0.004658589605242014,1,0
contrast_0_std,0.0045393346808850765,1,0
mfcc_3_mean,0.004491238854825497,1,0
mfcc_5_p10,0.004307162016630173,1,0
spectral_entropy_p10,0.004250268451869488,1,0
mfcc_6_mean,0.004168701358139515,1,0
mfcc_14_p10,0.004139255732297897,1,0
contrast_3_std,0.004138960037380457,1,0
spectral_entropy_p90,0.004083364736288786,1,0
mfcc_2_p10,0.13934485614299774,1,1
mfcc_16_std,0.08567090332508087,1,1
contrast_2_std,0.07849990576505661,1,1
mfcc_14_std,0.0691857561469078,1,1
mfcc_15_std,0.060888100415468216,1,1
rms_p10,0.03176863491535187,1,1
mfcc_delta_0_std,0.031159259378910065,1,1
mfcc_2_mean,0.027069013565778732,1,1
mfcc_15_p90,0.01650671474635601,1,1
contrast_0_p10,0.015572094358503819,1,1
mfcc_3_std,0.013916179537773132,1,1
spectral_entropy_p90,0.012964287772774696,1,1
flatness_std,0.012944849207997322,1,1
bandwidth_mean,0.012939225882291794,1,1
mfcc_6_p10,0.012651829980313778,1,1
mfcc_8_p90,0.012312984094023705,1,1
contrast_2_p90,0.01091674342751503,1,1
mfcc_3_p10,0.010144839994609356,1,1
mfcc_2_p90,0.009997204877436161,1,1
dominant_frequency,0.008268162608146667,1,1
flatness_p90,0.007755056023597717,1,1
mfcc_1_p90,0.007733636070042849,1,1
mfcc_1_p10,0.007063450291752815,1,1
rms_p90,0.006902261637151241,1,1
zero_crossing_rate_std,0.006354667712002993,1,1
mfcc_12_p10,0.006248827092349529,1,1
mfcc_13_std,0.006225304678082466,1,1
mfcc_1_mean,0.005847737658768892,1,1
spectral_entropy_p10,0.005734276957809925,1,1
mfcc_9_p90,0.005727946292608976,1,1
rolloff85_mean,0.005572230089455843,1,1
spectral_entropy_mean,0.005457513500005007,1,1
contrast_5_p10,0.005365466233342886,1,1
contrast_0_mean,0.0051599955186247826,1,1
mfcc_11_p10,0.005098472815006971,1,1
mfcc_delta_0_p10,0.004987974651157856,1,1
mfcc_9_mean,0.004908522590994835,1,1
contrast_4_mean,0.004857331980019808,1,1
mfcc_0_p10,0.004791764076799154,1,1
mfcc_19_p90,0.004725092556327581,1,1
bandwidth_p90,0.004712351132184267,1,1
rms_std,0.004646753892302513,1,1
centroid_p90,0.004596065264195204,1,1
mfcc_18_std,0.0045807454735040665,1,1
contrast_5_p90,0.004571816418319941,1,1
mfcc_4_mean,0.004106194246560335,1,1
rms_mean,0.003868857864290476,1,1
mfcc_7_p90,0.003807856934145093,1,1
mfcc_3_mean,0.0037504646461457014,1,1
mfcc_17_std,0.0036351431626826525,1,1
contrast_0_p90,0.0033858001697808504,1,1
zero_crossing_rate_p90,0.003309229388833046,1,1
mfcc_0_std,0.0032399152405560017,1,1
bandwidth_p10,0.0031962362118065357,1,1
contrast_5_mean,0.0031936303712427616,1,1
mfcc_0_mean,0.0030929080676287413,1,1
bandwidth_std,0.003071987070143223,1,1
mfcc_5_mean,0.0029780082404613495,1,1
rolloff85_std,0.002977535128593445,1,1
zero_crossing_rate_p10,0.0029037361964583397,1,1
mfcc_15_std,0.12571962177753448,1,2
contrast_0_p10,0.10740822553634644,1,2
mfcc_16_std,0.06506959348917007,1,2
mfcc_1_p10,0.05272301658987999,1,2
mfcc_14_std,0.04047808423638344,1,2
contrast_0_p90,0.03355258330702782,1,2
rolloff85_p90,0.03087100014090538,1,2
contrast_0_mean,0.02496478706598282,1,2
rms_mean,0.02379261888563633,1,2
spectral_entropy_p10,0.02288230136036873,1,2
rms_p10,0.021546415984630585,1,2
contrast_5_p90,0.019977884367108345,1,2
contrast_4_mean,0.01795746386051178,1,2
mfcc_5_mean,0.016694489866495132,1,2
mfcc_delta_7_std,0.016082139685750008,1,2
mfcc_3_p10,0.01606174372136593,1,2
contrast_5_mean,0.01458545308560133,1,2
zero_crossing_rate_std,0.01391210500150919,1,2
contrast_0_std,0.012128330767154694,1,2
contrast_5_p10,0.010859458707273006,1,2
mfcc_6_p10,0.010496566072106361,1,2
spectral_entropy_mean,0.010165361687541008,1,2
mfcc_3_mean,0.009237883612513542,1,2
dominant_frequency_ratio,0.009030984714627266,1,2
mfcc_1_mean,0.008535396307706833,1,2
mfcc_3_p90,0.0072203585878014565,1,2
mfcc_2_p10,0.007083578035235405,1,2
mfcc_delta_8_std,0.007058498449623585,1,2
bandwidth_mean,0.006746293511241674,1,2
dominant_frequency,0.006282599177211523,1,2
mfcc_5_p10,0.005879050120711327,1,2
bandwidth_p90,0.005540373735129833,1,2
contrast_4_p90,0.0054715159349143505,1,2
flatness_std,0.005193941295146942,1,2
mfcc_0_p90,0.005105891264975071,1,2
rms_std,0.004914280958473682,1,2
zero_crossing_rate_p10,0.004626123700290918,1,2
contrast_2_std,0.004511028062552214,1,2
bandwidth_p10,0.004476144444197416,1,2
zero_crossing_rate_p90,0.004402561578899622,1,2
mfcc_1_p90,0.004322508350014687,1,2
mfcc_11_p90,0.004126621410250664,1,2
mfcc_2_p90,0.0038628559559583664,1,2
mfcc_2_mean,0.0036887647584080696,1,2
mfcc_0_mean,0.003630370832979679,1,2
mfcc_4_mean,0.0035789362154901028,1,2
mfcc_11_mean,0.003345689969137311,1,2
flatness_mean,0.0033214541617780924,1,2
mfcc_17_std,0.0032742428593337536,1,2
rolloff85_std,0.0031570515129715204,1,2
rms_p90,0.0031278764363378286,1,2
mfcc_12_mean,0.0031163818202912807,1,2
centroid_p90,0.0030635949224233627,1,2
mfcc_delta_4_std,0.003009744454175234,1,2
mfcc_3_std,0.0030036503449082375,1,2
contrast_1_p10,0.002946839900687337,1,2
mfcc_0_std,0.0028637535870075226,1,2
mfcc_9_mean,0.0027723757084459066,1,2
centroid_p10,0.0027395139914005995,1,2
mfcc_17_p90,0.002716499613597989,1,2
mfcc_15_std,0.12980960309505463,1,3
dominant_frequency,0.0990028977394104,1,3
mfcc_16_std,0.09162304550409317,1,3
rms_p10,0.040168941020965576,1,3
mfcc_14_std,0.02983485534787178,1,3
mfcc_delta_7_std,0.025515912100672722,1,3
zero_crossing_rate_std,0.023476097732782364,1,3
flatness_std,0.019856669008731842,1,3
flatness_p10,0.01976645179092884,1,3
mfcc_delta_7_p90,0.018447009846568108,1,3
contrast_0_mean,0.018029889091849327,1,3
mfcc_13_std,0.017403898760676384,1,3
contrast_0_p10,0.015426188707351685,1,3
rms_std,0.014712619595229626,1,3
contrast_0_std,0.013885189779102802,1,3
mfcc_delta_6_std,0.012918009422719479,1,3
dominant_frequency_ratio,0.012245755642652512,1,3
mfcc_delta_0_p10,0.01198664028197527,1,3
contrast_2_std,0.01000731810927391,1,3
spectral_entropy_mean,0.009111281484365463,1,3
flatness_p90,0.008952673524618149,1,3
mfcc_4_p10,0.008811675012111664,1,3
bandwidth_mean,0.008774284273386002,1,3
mfcc_delta_2_std,0.007933798246085644,1,3
mfcc_delta_0_std,0.007896384224295616,1,3
rms_mean,0.007839404046535492,1,3
rolloff85_p90,0.007659379858523607,1,3
mfcc_2_mean,0.007307795807719231,1,3
mfcc_2_p90,0.007095059379935265,1,3
spectral_entropy_p90,0.007019893266260624,1,3
spectral_entropy_p10,0.006875515449792147,1,3
contrast_0_p90,0.006853207480162382,1,3
mfcc_delta_7_p10,0.00674102921038866,1,3
mfcc_7_p90,0.00649169972166419,1,3
mfcc_11_mean,0.006380670238286257,1,3
contrast_5_mean,0.00585901876911521,1,3
mfcc_delta_9_p10,0.005502322688698769,1,3
mfcc_18_std,0.005291599780321121,1,3
contrast_4_mean,0.0051810177974402905,1,3
mfcc_12_p90,0.0051278481259942055,1,3
rms_p90,0.004892074037343264,1,3
mfcc_1_std,0.0046429880894720554,1,3
mfcc_delta_4_std,0.004499259404838085,1,3
mfcc_0_p10,0.004360096994787455,1,3
contrast_5_p90,0.004338435363024473,1,3
zero_crossing_rate_p10,0.004134215414524078,1,3
mfcc_4_mean,0.003937325906008482,1,3
contrast_4_p90,0.00390829611569643,1,3
mfcc_11_p90,0.0037211994640529156,1,3
bandwidth_p90,0.0036542098969221115,1,3
contrast_1_mean,0.00362427462823689,1,3
mfcc_19_p90,0.0035970129538327456,1,3
flatness_mean,0.0035381456837058067,1,3
mfcc_1_p10,0.0035051926970481873,1,3
mfcc_3_p90,0.0034989153500646353,1,3
contrast_3_std,0.00349626038223505,1,3
mfcc_3_mean,0.0032675203401595354,1,3
rolloff85_mean,0.0032021040096879005,1,3
zero_crossing_rate_p90,0.0031949204858392477,1,3
mfcc_5_p90,0.0031799410935491323,1,3
mfcc_16_std,0.14131774008274078,1,4
contrast_2_p90,0.07384929060935974,1,4
contrast_0_p10,0.07078664749860764,1,4
contrast_0_mean,0.04923754557967186,1,4
mfcc_delta_8_std,0.03108346462249756,1,4
mfcc_2_p10,0.02707507647573948,1,4
rolloff85_mean,0.024624185636639595,1,4
mfcc_delta_7_std,0.02446167916059494,1,4
mfcc_8_mean,0.024067064747214317,1,4
contrast_2_std,0.023928968235850334,1,4
zero_crossing_rate_std,0.02232755720615387,1,4
flatness_p90,0.022299960255622864,1,4
flatness_std,0.020608408376574516,1,4
mfcc_15_std,0.019626537337899208,1,4
mfcc_14_std,0.015264066867530346,1,4
mfcc_1_p10,0.01487527322024107,1,4
spectral_entropy_p90,0.01402294635772705,1,4
dominant_frequency_ratio,0.013862925581634045,1,4
centroid_p90,0.010653235949575901,1,4
mfcc_3_p90,0.010081503540277481,1,4
centroid_p10,0.009898894466459751,1,4
flatness_p10,0.009843927808105946,1,4
contrast_0_std,0.009780600666999817,1,4
rms_mean,0.009747914038598537,1,4
mfcc_0_std,0.008524713106453419,1,4
mfcc_2_p90,0.007575840689241886,1,4
mfcc_2_mean,0.007106606848537922,1,4
rms_p10,0.006904555484652519,1,4
spectral_entropy_mean,0.006585936527699232,1,4
contrast_0_p90,0.00649678148329258,1,4
flatness_mean,0.0060862768441438675,1,4
mfcc_delta_7_p10,0.00586801627650857,1,4
mfcc_delta_15_p10,0.005747369956225157,1,4
zero_crossing_rate_p10,0.005727986339479685,1,4
mfcc_delta_0_std,0.005633413325995207,1,4
mfcc_delta_5_std,0.005604095757007599,1,4
rms_p90,0.005520536098629236,1,4
rolloff85_p10,0.005366309080272913,1,4
mfcc_8_p90,0.0053640129044651985,1,4
mfcc_3_mean,0.005176315549761057,1,4
rolloff85_p90,0.004922335967421532,1,4
mfcc_1_mean,0.004699282813817263,1,4
contrast_5_p90,0.004621997009962797,1,4
rms_std,0.004292769823223352,1,4
mfcc_14_mean,0.004124755039811134,1,4
spectral_entropy_p10,0.003948605619370937,1,4
mfcc_1_p90,0.003872743807733059,1,4
contrast_2_p10,0.0038267287891358137,1,4
mfcc_0_mean,0.0037786229513585567,1,4
bandwidth_p90,0.003715540049597621,1,4
mfcc_0_p10,0.003591376356780529,1,4
mfcc_7_p90,0.0034613474272191525,1,4
mfcc_delta_7_p90,0.0034406613558530807,1,4
mfcc_0_p90,0.0033657131716609,1,4
mfcc_18_p90,0.0031755443196743727,1,4
contrast_4_mean,0.003118055174127221,1,4
mfcc_delta_2_p10,0.0030431344639509916,1,4
contrast_3_mean,0.0030369539745151997,1,4
mfcc_4_p10,0.003007925348356366,1,4
mfcc_14_p90,0.002981507917866111,1,4
mfcc_16_std,0.12217047065496445,2,0
mfcc_2_mean,0.05894922837615013,2,0
mfcc_14_std,0.05726451799273491,2,0
mfcc_2_p10,0.05253378301858902,2,0
mfcc_15_std,0.05092770233750343,2,0
dominant_frequency,0.028435470536351204,2,0
flatness_std,0.02753494121134281,2,0
rms_p10,0.02481253817677498,2,0
rolloff85_mean,0.01972058229148388,2,0
mfcc_11_p10,0.018306627869606018,2,0
contrast_0_p10,0.01784958690404892,2,0
mfcc_delta_0_std,0.0163015928119421,2,0
rms_mean,0.01590699516236782,2,0
rms_p90,0.014822210185229778,2,0
centroid_p90,0.011758381500840187,2,0
centroid_p10,0.011018914170563221,2,0
contrast_0_mean,0.010087689384818077,2,0
contrast_5_p10,0.009563679806888103,2,0
spectral_entropy_mean,0.00945636723190546,2,0
mfcc_4_mean,0.009244360029697418,2,0
mfcc_1_mean,0.008689475245773792,2,0
contrast_5_mean,0.008662998676300049,2,0
mfcc_2_p90,0.008576637133955956,2,0
contrast_2_std,0.008549926802515984,2,0
mfcc_delta_1_p10,0.008363962173461914,2,0
zero_crossing_rate_p90,0.00785311684012413,2,0
flatness_p90,0.0077018896117806435,2,0
mfcc_delta_7_p10,0.0072127836756408215,2,0
mfcc_12_mean,0.00710457656532526,2,0
mfcc_delta_6_std,0.006657434161752462,2,0
mfcc_19_mean,0.006585777271538973,2,0
mfcc_13_std,0.006343391723930836,2,0
contrast_3_p90,0.006276255007833242,2,0
contrast_1_mean,0.0062137567438185215,2,0
rms_std,0.006137040443718433,2,0
mfcc_9_p90,0.005941411480307579,2,0
zero_crossing_rate_std,0.005894756875932217,2,0
mfcc_0_p10,0.005771882366389036,2,0
mfcc_12_p90,0.005720181856304407,2,0
mfcc_1_std,0.005618243012577295,2,0
contrast_1_p10,0.0055956970900297165,2,0
mfcc_delta_8_p10,0.005548321641981602,2,0
contrast_4_mean,0.005455969832837582,2,0
rolloff85_p10,0.005335563328117132,2,0
mfcc_4_p10,0.005207279697060585,2,0
contrast_3_mean,0.005178423598408699,2,0
mfcc_delta_6_p90,0.005173901561647654,2,0
flatness_mean,0.005093407351523638,2,0
zero_crossing_rate_p10,0.0049637844786047935,2,0
mfcc_delta_0_p10,0.004963397514075041,2,0
mfcc_3_p10,0.004926451947540045,2,0
mfcc_delta_4_p90,0.004658589605242014,2,0
contrast_0_std,0.0045393346808850765,2,0
mfcc_3_mean,0.004491238854825497,2,0
mfcc_5_p10,0.004307162016630173,2,0
spectral_entropy_p10,0.004250268451869488,2,0
mfcc_6_mean,0.004168701358139515,2,0
mfcc_14_p10,0.004139255732297897,2,0
contrast_3_std,0.004138960037380457,2,0
spectral_entropy_p90,0.004083364736288786,2,0
mfcc_2_p10,0.13934485614299774,2,1
mfcc_16_std,0.08567090332508087,2,1
contrast_2_std,0.07849990576505661,2,1
mfcc_14_std,0.0691857561469078,2,1
mfcc_15_std,0.060888100415468216,2,1
rms_p10,0.03176863491535187,2,1
mfcc_delta_0_std,0.031159259378910065,2,1
mfcc_2_mean,0.027069013565778732,2,1
mfcc_15_p90,0.01650671474635601,2,1
contrast_0_p10,0.015572094358503819,2,1
mfcc_3_std,0.013916179537773132,2,1
spectral_entropy_p90,0.012964287772774696,2,1
flatness_std,0.012944849207997322,2,1
bandwidth_mean,0.012939225882291794,2,1
mfcc_6_p10,0.012651829980313778,2,1
mfcc_8_p90,0.012312984094023705,2,1
contrast_2_p90,0.01091674342751503,2,1
mfcc_3_p10,0.010144839994609356,2,1
mfcc_2_p90,0.009997204877436161,2,1
dominant_frequency,0.008268162608146667,2,1
flatness_p90,0.007755056023597717,2,1
mfcc_1_p90,0.007733636070042849,2,1
mfcc_1_p10,0.007063450291752815,2,1
rms_p90,0.006902261637151241,2,1
zero_crossing_rate_std,0.006354667712002993,2,1
mfcc_12_p10,0.006248827092349529,2,1
mfcc_13_std,0.006225304678082466,2,1
mfcc_1_mean,0.005847737658768892,2,1
spectral_entropy_p10,0.005734276957809925,2,1
mfcc_9_p90,0.005727946292608976,2,1
rolloff85_mean,0.005572230089455843,2,1
spectral_entropy_mean,0.005457513500005007,2,1
contrast_5_p10,0.005365466233342886,2,1
contrast_0_mean,0.0051599955186247826,2,1
mfcc_11_p10,0.005098472815006971,2,1
mfcc_delta_0_p10,0.004987974651157856,2,1
mfcc_9_mean,0.004908522590994835,2,1
contrast_4_mean,0.004857331980019808,2,1
mfcc_0_p10,0.004791764076799154,2,1
mfcc_19_p90,0.004725092556327581,2,1
bandwidth_p90,0.004712351132184267,2,1
rms_std,0.004646753892302513,2,1
centroid_p90,0.004596065264195204,2,1
mfcc_18_std,0.0045807454735040665,2,1
contrast_5_p90,0.004571816418319941,2,1
mfcc_4_mean,0.004106194246560335,2,1
rms_mean,0.003868857864290476,2,1
mfcc_7_p90,0.003807856934145093,2,1
mfcc_3_mean,0.0037504646461457014,2,1
mfcc_17_std,0.0036351431626826525,2,1
contrast_0_p90,0.0033858001697808504,2,1
zero_crossing_rate_p90,0.003309229388833046,2,1
mfcc_0_std,0.0032399152405560017,2,1
bandwidth_p10,0.0031962362118065357,2,1
contrast_5_mean,0.0031936303712427616,2,1
mfcc_0_mean,0.0030929080676287413,2,1
bandwidth_std,0.003071987070143223,2,1
mfcc_5_mean,0.0029780082404613495,2,1
rolloff85_std,0.002977535128593445,2,1
zero_crossing_rate_p10,0.0029037361964583397,2,1
mfcc_15_std,0.12571962177753448,2,2
contrast_0_p10,0.10740822553634644,2,2
mfcc_16_std,0.06506959348917007,2,2
mfcc_1_p10,0.05272301658987999,2,2
mfcc_14_std,0.04047808423638344,2,2
contrast_0_p90,0.03355258330702782,2,2
rolloff85_p90,0.03087100014090538,2,2
contrast_0_mean,0.02496478706598282,2,2
rms_mean,0.02379261888563633,2,2
spectral_entropy_p10,0.02288230136036873,2,2
rms_p10,0.021546415984630585,2,2
contrast_5_p90,0.019977884367108345,2,2
contrast_4_mean,0.01795746386051178,2,2
mfcc_5_mean,0.016694489866495132,2,2
mfcc_delta_7_std,0.016082139685750008,2,2
mfcc_3_p10,0.01606174372136593,2,2
contrast_5_mean,0.01458545308560133,2,2
zero_crossing_rate_std,0.01391210500150919,2,2
contrast_0_std,0.012128330767154694,2,2
contrast_5_p10,0.010859458707273006,2,2
mfcc_6_p10,0.010496566072106361,2,2
spectral_entropy_mean,0.010165361687541008,2,2
mfcc_3_mean,0.009237883612513542,2,2
dominant_frequency_ratio,0.009030984714627266,2,2
mfcc_1_mean,0.008535396307706833,2,2
mfcc_3_p90,0.0072203585878014565,2,2
mfcc_2_p10,0.007083578035235405,2,2
mfcc_delta_8_std,0.007058498449623585,2,2
bandwidth_mean,0.006746293511241674,2,2
dominant_frequency,0.006282599177211523,2,2
mfcc_5_p10,0.005879050120711327,2,2
bandwidth_p90,0.005540373735129833,2,2
contrast_4_p90,0.0054715159349143505,2,2
flatness_std,0.005193941295146942,2,2
mfcc_0_p90,0.005105891264975071,2,2
rms_std,0.004914280958473682,2,2
zero_crossing_rate_p10,0.004626123700290918,2,2
contrast_2_std,0.004511028062552214,2,2
bandwidth_p10,0.004476144444197416,2,2
zero_crossing_rate_p90,0.004402561578899622,2,2
mfcc_1_p90,0.004322508350014687,2,2
mfcc_11_p90,0.004126621410250664,2,2
mfcc_2_p90,0.0038628559559583664,2,2
mfcc_2_mean,0.0036887647584080696,2,2
mfcc_0_mean,0.003630370832979679,2,2
mfcc_4_mean,0.0035789362154901028,2,2
mfcc_11_mean,0.003345689969137311,2,2
flatness_mean,0.0033214541617780924,2,2
mfcc_17_std,0.0032742428593337536,2,2
rolloff85_std,0.0031570515129715204,2,2
rms_p90,0.0031278764363378286,2,2
mfcc_12_mean,0.0031163818202912807,2,2
centroid_p90,0.0030635949224233627,2,2
mfcc_delta_4_std,0.003009744454175234,2,2
mfcc_3_std,0.0030036503449082375,2,2
contrast_1_p10,0.002946839900687337,2,2
mfcc_0_std,0.0028637535870075226,2,2
mfcc_9_mean,0.0027723757084459066,2,2
centroid_p10,0.0027395139914005995,2,2
mfcc_17_p90,0.002716499613597989,2,2
mfcc_15_std,0.12980960309505463,2,3
dominant_frequency,0.0990028977394104,2,3
mfcc_16_std,0.09162304550409317,2,3
rms_p10,0.040168941020965576,2,3
mfcc_14_std,0.02983485534787178,2,3
mfcc_delta_7_std,0.025515912100672722,2,3
zero_crossing_rate_std,0.023476097732782364,2,3
flatness_std,0.019856669008731842,2,3
flatness_p10,0.01976645179092884,2,3
mfcc_delta_7_p90,0.018447009846568108,2,3
contrast_0_mean,0.018029889091849327,2,3
mfcc_13_std,0.017403898760676384,2,3
contrast_0_p10,0.015426188707351685,2,3
rms_std,0.014712619595229626,2,3
contrast_0_std,0.013885189779102802,2,3
mfcc_delta_6_std,0.012918009422719479,2,3
dominant_frequency_ratio,0.012245755642652512,2,3
mfcc_delta_0_p10,0.01198664028197527,2,3
contrast_2_std,0.01000731810927391,2,3
spectral_entropy_mean,0.009111281484365463,2,3
flatness_p90,0.008952673524618149,2,3
mfcc_4_p10,0.008811675012111664,2,3
bandwidth_mean,0.008774284273386002,2,3
mfcc_delta_2_std,0.007933798246085644,2,3
mfcc_delta_0_std,0.007896384224295616,2,3
rms_mean,0.007839404046535492,2,3
rolloff85_p90,0.007659379858523607,2,3
mfcc_2_mean,0.007307795807719231,2,3
mfcc_2_p90,0.007095059379935265,2,3
spectral_entropy_p90,0.007019893266260624,2,3
spectral_entropy_p10,0.006875515449792147,2,3
contrast_0_p90,0.006853207480162382,2,3
mfcc_delta_7_p10,0.00674102921038866,2,3
mfcc_7_p90,0.00649169972166419,2,3
mfcc_11_mean,0.006380670238286257,2,3
contrast_5_mean,0.00585901876911521,2,3
mfcc_delta_9_p10,0.005502322688698769,2,3
mfcc_18_std,0.005291599780321121,2,3
contrast_4_mean,0.0051810177974402905,2,3
mfcc_12_p90,0.0051278481259942055,2,3
rms_p90,0.004892074037343264,2,3
mfcc_1_std,0.0046429880894720554,2,3
mfcc_delta_4_std,0.004499259404838085,2,3
mfcc_0_p10,0.004360096994787455,2,3
contrast_5_p90,0.004338435363024473,2,3
zero_crossing_rate_p10,0.004134215414524078,2,3
mfcc_4_mean,0.003937325906008482,2,3
contrast_4_p90,0.00390829611569643,2,3
mfcc_11_p90,0.0037211994640529156,2,3
bandwidth_p90,0.0036542098969221115,2,3
contrast_1_mean,0.00362427462823689,2,3
mfcc_19_p90,0.0035970129538327456,2,3
flatness_mean,0.0035381456837058067,2,3
mfcc_1_p10,0.0035051926970481873,2,3
mfcc_3_p90,0.0034989153500646353,2,3
contrast_3_std,0.00349626038223505,2,3
mfcc_3_mean,0.0032675203401595354,2,3
rolloff85_mean,0.0032021040096879005,2,3
zero_crossing_rate_p90,0.0031949204858392477,2,3
mfcc_5_p90,0.0031799410935491323,2,3
mfcc_16_std,0.14131774008274078,2,4
contrast_2_p90,0.07384929060935974,2,4
contrast_0_p10,0.07078664749860764,2,4
contrast_0_mean,0.04923754557967186,2,4
mfcc_delta_8_std,0.03108346462249756,2,4
mfcc_2_p10,0.02707507647573948,2,4
rolloff85_mean,0.024624185636639595,2,4
mfcc_delta_7_std,0.02446167916059494,2,4
mfcc_8_mean,0.024067064747214317,2,4
contrast_2_std,0.023928968235850334,2,4
zero_crossing_rate_std,0.02232755720615387,2,4
flatness_p90,0.022299960255622864,2,4
flatness_std,0.020608408376574516,2,4
mfcc_15_std,0.019626537337899208,2,4
mfcc_14_std,0.015264066867530346,2,4
mfcc_1_p10,0.01487527322024107,2,4
spectral_entropy_p90,0.01402294635772705,2,4
dominant_frequency_ratio,0.013862925581634045,2,4
centroid_p90,0.010653235949575901,2,4
mfcc_3_p90,0.010081503540277481,2,4
centroid_p10,0.009898894466459751,2,4
flatness_p10,0.009843927808105946,2,4
contrast_0_std,0.009780600666999817,2,4
rms_mean,0.009747914038598537,2,4
mfcc_0_std,0.008524713106453419,2,4
mfcc_2_p90,0.007575840689241886,2,4
mfcc_2_mean,0.007106606848537922,2,4
rms_p10,0.006904555484652519,2,4
spectral_entropy_mean,0.006585936527699232,2,4
contrast_0_p90,0.00649678148329258,2,4
flatness_mean,0.0060862768441438675,2,4
mfcc_delta_7_p10,0.00586801627650857,2,4
mfcc_delta_15_p10,0.005747369956225157,2,4
zero_crossing_rate_p10,0.005727986339479685,2,4
mfcc_delta_0_std,0.005633413325995207,2,4
mfcc_delta_5_std,0.005604095757007599,2,4
rms_p90,0.005520536098629236,2,4
rolloff85_p10,0.005366309080272913,2,4
mfcc_8_p90,0.0053640129044651985,2,4
mfcc_3_mean,0.005176315549761057,2,4
rolloff85_p90,0.004922335967421532,2,4
mfcc_1_mean,0.004699282813817263,2,4
contrast_5_p90,0.004621997009962797,2,4
rms_std,0.004292769823223352,2,4
mfcc_14_mean,0.004124755039811134,2,4
spectral_entropy_p10,0.003948605619370937,2,4
mfcc_1_p90,0.003872743807733059,2,4
contrast_2_p10,0.0038267287891358137,2,4
mfcc_0_mean,0.0037786229513585567,2,4
bandwidth_p90,0.003715540049597621,2,4
mfcc_0_p10,0.003591376356780529,2,4
mfcc_7_p90,0.0034613474272191525,2,4
mfcc_delta_7_p90,0.0034406613558530807,2,4
mfcc_0_p90,0.0033657131716609,2,4
mfcc_18_p90,0.0031755443196743727,2,4
contrast_4_mean,0.003118055174127221,2,4
mfcc_delta_2_p10,0.0030431344639509916,2,4
contrast_3_mean,0.0030369539745151997,2,4
mfcc_4_p10,0.003007925348356366,2,4
mfcc_14_p90,0.002981507917866111,2,4
mfcc_16_std,0.12217047065496445,3,0
mfcc_2_mean,0.05894922837615013,3,0
mfcc_14_std,0.05726451799273491,3,0
mfcc_2_p10,0.05253378301858902,3,0
mfcc_15_std,0.05092770233750343,3,0
dominant_frequency,0.028435470536351204,3,0
flatness_std,0.02753494121134281,3,0
rms_p10,0.02481253817677498,3,0
rolloff85_mean,0.01972058229148388,3,0
mfcc_11_p10,0.018306627869606018,3,0
contrast_0_p10,0.01784958690404892,3,0
mfcc_delta_0_std,0.0163015928119421,3,0
rms_mean,0.01590699516236782,3,0
rms_p90,0.014822210185229778,3,0
centroid_p90,0.011758381500840187,3,0
centroid_p10,0.011018914170563221,3,0
contrast_0_mean,0.010087689384818077,3,0
contrast_5_p10,0.009563679806888103,3,0
spectral_entropy_mean,0.00945636723190546,3,0
mfcc_4_mean,0.009244360029697418,3,0
mfcc_1_mean,0.008689475245773792,3,0
contrast_5_mean,0.008662998676300049,3,0
mfcc_2_p90,0.008576637133955956,3,0
contrast_2_std,0.008549926802515984,3,0
mfcc_delta_1_p10,0.008363962173461914,3,0
zero_crossing_rate_p90,0.00785311684012413,3,0
flatness_p90,0.0077018896117806435,3,0
mfcc_delta_7_p10,0.0072127836756408215,3,0
mfcc_12_mean,0.00710457656532526,3,0
mfcc_delta_6_std,0.006657434161752462,3,0
mfcc_19_mean,0.006585777271538973,3,0
mfcc_13_std,0.006343391723930836,3,0
contrast_3_p90,0.006276255007833242,3,0
contrast_1_mean,0.0062137567438185215,3,0
rms_std,0.006137040443718433,3,0
mfcc_9_p90,0.005941411480307579,3,0
zero_crossing_rate_std,0.005894756875932217,3,0
mfcc_0_p10,0.005771882366389036,3,0
mfcc_12_p90,0.005720181856304407,3,0
mfcc_1_std,0.005618243012577295,3,0
contrast_1_p10,0.0055956970900297165,3,0
mfcc_delta_8_p10,0.005548321641981602,3,0
contrast_4_mean,0.005455969832837582,3,0
rolloff85_p10,0.005335563328117132,3,0
mfcc_4_p10,0.005207279697060585,3,0
contrast_3_mean,0.005178423598408699,3,0
mfcc_delta_6_p90,0.005173901561647654,3,0
flatness_mean,0.005093407351523638,3,0
zero_crossing_rate_p10,0.0049637844786047935,3,0
mfcc_delta_0_p10,0.004963397514075041,3,0
mfcc_3_p10,0.004926451947540045,3,0
mfcc_delta_4_p90,0.004658589605242014,3,0
contrast_0_std,0.0045393346808850765,3,0
mfcc_3_mean,0.004491238854825497,3,0
mfcc_5_p10,0.004307162016630173,3,0
spectral_entropy_p10,0.004250268451869488,3,0
mfcc_6_mean,0.004168701358139515,3,0
mfcc_14_p10,0.004139255732297897,3,0
contrast_3_std,0.004138960037380457,3,0
spectral_entropy_p90,0.004083364736288786,3,0
mfcc_2_p10,0.13934485614299774,3,1
mfcc_16_std,0.08567090332508087,3,1
contrast_2_std,0.07849990576505661,3,1
mfcc_14_std,0.0691857561469078,3,1
mfcc_15_std,0.060888100415468216,3,1
rms_p10,0.03176863491535187,3,1
mfcc_delta_0_std,0.031159259378910065,3,1
mfcc_2_mean,0.027069013565778732,3,1
mfcc_15_p90,0.01650671474635601,3,1
contrast_0_p10,0.015572094358503819,3,1
mfcc_3_std,0.013916179537773132,3,1
spectral_entropy_p90,0.012964287772774696,3,1
flatness_std,0.012944849207997322,3,1
bandwidth_mean,0.012939225882291794,3,1
mfcc_6_p10,0.012651829980313778,3,1
mfcc_8_p90,0.012312984094023705,3,1
contrast_2_p90,0.01091674342751503,3,1
mfcc_3_p10,0.010144839994609356,3,1
mfcc_2_p90,0.009997204877436161,3,1
dominant_frequency,0.008268162608146667,3,1
flatness_p90,0.007755056023597717,3,1
mfcc_1_p90,0.007733636070042849,3,1
mfcc_1_p10,0.007063450291752815,3,1
rms_p90,0.006902261637151241,3,1
zero_crossing_rate_std,0.006354667712002993,3,1
mfcc_12_p10,0.006248827092349529,3,1
mfcc_13_std,0.006225304678082466,3,1
mfcc_1_mean,0.005847737658768892,3,1
spectral_entropy_p10,0.005734276957809925,3,1
mfcc_9_p90,0.005727946292608976,3,1
rolloff85_mean,0.005572230089455843,3,1
spectral_entropy_mean,0.005457513500005007,3,1
contrast_5_p10,0.005365466233342886,3,1
contrast_0_mean,0.0051599955186247826,3,1
mfcc_11_p10,0.005098472815006971,3,1
mfcc_delta_0_p10,0.004987974651157856,3,1
mfcc_9_mean,0.004908522590994835,3,1
contrast_4_mean,0.004857331980019808,3,1
mfcc_0_p10,0.004791764076799154,3,1
mfcc_19_p90,0.004725092556327581,3,1
bandwidth_p90,0.004712351132184267,3,1
rms_std,0.004646753892302513,3,1
centroid_p90,0.004596065264195204,3,1
mfcc_18_std,0.0045807454735040665,3,1
contrast_5_p90,0.004571816418319941,3,1
mfcc_4_mean,0.004106194246560335,3,1
rms_mean,0.003868857864290476,3,1
mfcc_7_p90,0.003807856934145093,3,1
mfcc_3_mean,0.0037504646461457014,3,1
mfcc_17_std,0.0036351431626826525,3,1
contrast_0_p90,0.0033858001697808504,3,1
zero_crossing_rate_p90,0.003309229388833046,3,1
mfcc_0_std,0.0032399152405560017,3,1
bandwidth_p10,0.0031962362118065357,3,1
contrast_5_mean,0.0031936303712427616,3,1
mfcc_0_mean,0.0030929080676287413,3,1
bandwidth_std,0.003071987070143223,3,1
mfcc_5_mean,0.0029780082404613495,3,1
rolloff85_std,0.002977535128593445,3,1
zero_crossing_rate_p10,0.0029037361964583397,3,1
mfcc_15_std,0.12571962177753448,3,2
contrast_0_p10,0.10740822553634644,3,2
mfcc_16_std,0.06506959348917007,3,2
mfcc_1_p10,0.05272301658987999,3,2
mfcc_14_std,0.04047808423638344,3,2
contrast_0_p90,0.03355258330702782,3,2
rolloff85_p90,0.03087100014090538,3,2
contrast_0_mean,0.02496478706598282,3,2
rms_mean,0.02379261888563633,3,2
spectral_entropy_p10,0.02288230136036873,3,2
rms_p10,0.021546415984630585,3,2
contrast_5_p90,0.019977884367108345,3,2
contrast_4_mean,0.01795746386051178,3,2
mfcc_5_mean,0.016694489866495132,3,2
mfcc_delta_7_std,0.016082139685750008,3,2
mfcc_3_p10,0.01606174372136593,3,2
contrast_5_mean,0.01458545308560133,3,2
zero_crossing_rate_std,0.01391210500150919,3,2
contrast_0_std,0.012128330767154694,3,2
contrast_5_p10,0.010859458707273006,3,2
mfcc_6_p10,0.010496566072106361,3,2
spectral_entropy_mean,0.010165361687541008,3,2
mfcc_3_mean,0.009237883612513542,3,2
dominant_frequency_ratio,0.009030984714627266,3,2
mfcc_1_mean,0.008535396307706833,3,2
mfcc_3_p90,0.0072203585878014565,3,2
mfcc_2_p10,0.007083578035235405,3,2
mfcc_delta_8_std,0.007058498449623585,3,2
bandwidth_mean,0.006746293511241674,3,2
dominant_frequency,0.006282599177211523,3,2
mfcc_5_p10,0.005879050120711327,3,2
bandwidth_p90,0.005540373735129833,3,2
contrast_4_p90,0.0054715159349143505,3,2
flatness_std,0.005193941295146942,3,2
mfcc_0_p90,0.005105891264975071,3,2
rms_std,0.004914280958473682,3,2
zero_crossing_rate_p10,0.004626123700290918,3,2
contrast_2_std,0.004511028062552214,3,2
bandwidth_p10,0.004476144444197416,3,2
zero_crossing_rate_p90,0.004402561578899622,3,2
mfcc_1_p90,0.004322508350014687,3,2
mfcc_11_p90,0.004126621410250664,3,2
mfcc_2_p90,0.0038628559559583664,3,2
mfcc_2_mean,0.0036887647584080696,3,2
mfcc_0_mean,0.003630370832979679,3,2
mfcc_4_mean,0.0035789362154901028,3,2
mfcc_11_mean,0.003345689969137311,3,2
flatness_mean,0.0033214541617780924,3,2
mfcc_17_std,0.0032742428593337536,3,2
rolloff85_std,0.0031570515129715204,3,2
rms_p90,0.0031278764363378286,3,2
mfcc_12_mean,0.0031163818202912807,3,2
centroid_p90,0.0030635949224233627,3,2
mfcc_delta_4_std,0.003009744454175234,3,2
mfcc_3_std,0.0030036503449082375,3,2
contrast_1_p10,0.002946839900687337,3,2
mfcc_0_std,0.0028637535870075226,3,2
mfcc_9_mean,0.0027723757084459066,3,2
centroid_p10,0.0027395139914005995,3,2
mfcc_17_p90,0.002716499613597989,3,2
mfcc_15_std,0.12980960309505463,3,3
dominant_frequency,0.0990028977394104,3,3
mfcc_16_std,0.09162304550409317,3,3
rms_p10,0.040168941020965576,3,3
mfcc_14_std,0.02983485534787178,3,3
mfcc_delta_7_std,0.025515912100672722,3,3
zero_crossing_rate_std,0.023476097732782364,3,3
flatness_std,0.019856669008731842,3,3
flatness_p10,0.01976645179092884,3,3
mfcc_delta_7_p90,0.018447009846568108,3,3
contrast_0_mean,0.018029889091849327,3,3
mfcc_13_std,0.017403898760676384,3,3
contrast_0_p10,0.015426188707351685,3,3
rms_std,0.014712619595229626,3,3
contrast_0_std,0.013885189779102802,3,3
mfcc_delta_6_std,0.012918009422719479,3,3
dominant_frequency_ratio,0.012245755642652512,3,3
mfcc_delta_0_p10,0.01198664028197527,3,3
contrast_2_std,0.01000731810927391,3,3
spectral_entropy_mean,0.009111281484365463,3,3
flatness_p90,0.008952673524618149,3,3
mfcc_4_p10,0.008811675012111664,3,3
bandwidth_mean,0.008774284273386002,3,3
mfcc_delta_2_std,0.007933798246085644,3,3
mfcc_delta_0_std,0.007896384224295616,3,3
rms_mean,0.007839404046535492,3,3
rolloff85_p90,0.007659379858523607,3,3
mfcc_2_mean,0.007307795807719231,3,3
mfcc_2_p90,0.007095059379935265,3,3
spectral_entropy_p90,0.007019893266260624,3,3
spectral_entropy_p10,0.006875515449792147,3,3
contrast_0_p90,0.006853207480162382,3,3
mfcc_delta_7_p10,0.00674102921038866,3,3
mfcc_7_p90,0.00649169972166419,3,3
mfcc_11_mean,0.006380670238286257,3,3
contrast_5_mean,0.00585901876911521,3,3
mfcc_delta_9_p10,0.005502322688698769,3,3
mfcc_18_std,0.005291599780321121,3,3
contrast_4_mean,0.0051810177974402905,3,3
mfcc_12_p90,0.0051278481259942055,3,3
rms_p90,0.004892074037343264,3,3
mfcc_1_std,0.0046429880894720554,3,3
mfcc_delta_4_std,0.004499259404838085,3,3
mfcc_0_p10,0.004360096994787455,3,3
contrast_5_p90,0.004338435363024473,3,3
zero_crossing_rate_p10,0.004134215414524078,3,3
mfcc_4_mean,0.003937325906008482,3,3
contrast_4_p90,0.00390829611569643,3,3
mfcc_11_p90,0.0037211994640529156,3,3
bandwidth_p90,0.0036542098969221115,3,3
contrast_1_mean,0.00362427462823689,3,3
mfcc_19_p90,0.0035970129538327456,3,3
flatness_mean,0.0035381456837058067,3,3
mfcc_1_p10,0.0035051926970481873,3,3
mfcc_3_p90,0.0034989153500646353,3,3
contrast_3_std,0.00349626038223505,3,3
mfcc_3_mean,0.0032675203401595354,3,3
rolloff85_mean,0.0032021040096879005,3,3
zero_crossing_rate_p90,0.0031949204858392477,3,3
mfcc_5_p90,0.0031799410935491323,3,3
mfcc_16_std,0.14131774008274078,3,4
contrast_2_p90,0.07384929060935974,3,4
contrast_0_p10,0.07078664749860764,3,4
contrast_0_mean,0.04923754557967186,3,4
mfcc_delta_8_std,0.03108346462249756,3,4
mfcc_2_p10,0.02707507647573948,3,4
rolloff85_mean,0.024624185636639595,3,4
mfcc_delta_7_std,0.02446167916059494,3,4
mfcc_8_mean,0.024067064747214317,3,4
contrast_2_std,0.023928968235850334,3,4
zero_crossing_rate_std,0.02232755720615387,3,4
flatness_p90,0.022299960255622864,3,4
flatness_std,0.020608408376574516,3,4
mfcc_15_std,0.019626537337899208,3,4
mfcc_14_std,0.015264066867530346,3,4
mfcc_1_p10,0.01487527322024107,3,4
spectral_entropy_p90,0.01402294635772705,3,4
dominant_frequency_ratio,0.013862925581634045,3,4
centroid_p90,0.010653235949575901,3,4
mfcc_3_p90,0.010081503540277481,3,4
centroid_p10,0.009898894466459751,3,4
flatness_p10,0.009843927808105946,3,4
contrast_0_std,0.009780600666999817,3,4
rms_mean,0.009747914038598537,3,4
mfcc_0_std,0.008524713106453419,3,4
mfcc_2_p90,0.007575840689241886,3,4
mfcc_2_mean,0.007106606848537922,3,4
rms_p10,0.006904555484652519,3,4
spectral_entropy_mean,0.006585936527699232,3,4
contrast_0_p90,0.00649678148329258,3,4
flatness_mean,0.0060862768441438675,3,4
mfcc_delta_7_p10,0.00586801627650857,3,4
mfcc_delta_15_p10,0.005747369956225157,3,4
zero_crossing_rate_p10,0.005727986339479685,3,4
mfcc_delta_0_std,0.005633413325995207,3,4
mfcc_delta_5_std,0.005604095757007599,3,4
rms_p90,0.005520536098629236,3,4
rolloff85_p10,0.005366309080272913,3,4
mfcc_8_p90,0.0053640129044651985,3,4
mfcc_3_mean,0.005176315549761057,3,4
rolloff85_p90,0.004922335967421532,3,4
mfcc_1_mean,0.004699282813817263,3,4
contrast_5_p90,0.004621997009962797,3,4
rms_std,0.004292769823223352,3,4
mfcc_14_mean,0.004124755039811134,3,4
spectral_entropy_p10,0.003948605619370937,3,4
mfcc_1_p90,0.003872743807733059,3,4
contrast_2_p10,0.0038267287891358137,3,4
mfcc_0_mean,0.0037786229513585567,3,4
bandwidth_p90,0.003715540049597621,3,4
mfcc_0_p10,0.003591376356780529,3,4
mfcc_7_p90,0.0034613474272191525,3,4
mfcc_delta_7_p90,0.0034406613558530807,3,4
mfcc_0_p90,0.0033657131716609,3,4
mfcc_18_p90,0.0031755443196743727,3,4
contrast_4_mean,0.003118055174127221,3,4
mfcc_delta_2_p10,0.0030431344639509916,3,4
contrast_3_mean,0.0030369539745151997,3,4
mfcc_4_p10,0.003007925348356366,3,4
mfcc_14_p90,0.002981507917866111,3,4
mfcc_16_std,0.12217047065496445,4,0
mfcc_2_mean,0.05894922837615013,4,0
mfcc_14_std,0.05726451799273491,4,0
mfcc_2_p10,0.05253378301858902,4,0
mfcc_15_std,0.05092770233750343,4,0
dominant_frequency,0.028435470536351204,4,0
flatness_std,0.02753494121134281,4,0
rms_p10,0.02481253817677498,4,0
rolloff85_mean,0.01972058229148388,4,0
mfcc_11_p10,0.018306627869606018,4,0
contrast_0_p10,0.01784958690404892,4,0
mfcc_delta_0_std,0.0163015928119421,4,0
rms_mean,0.01590699516236782,4,0
rms_p90,0.014822210185229778,4,0
centroid_p90,0.011758381500840187,4,0
centroid_p10,0.011018914170563221,4,0
contrast_0_mean,0.010087689384818077,4,0
contrast_5_p10,0.009563679806888103,4,0
spectral_entropy_mean,0.00945636723190546,4,0
mfcc_4_mean,0.009244360029697418,4,0
mfcc_1_mean,0.008689475245773792,4,0
contrast_5_mean,0.008662998676300049,4,0
mfcc_2_p90,0.008576637133955956,4,0
contrast_2_std,0.008549926802515984,4,0
mfcc_delta_1_p10,0.008363962173461914,4,0
zero_crossing_rate_p90,0.00785311684012413,4,0
flatness_p90,0.0077018896117806435,4,0
mfcc_delta_7_p10,0.0072127836756408215,4,0
mfcc_12_mean,0.00710457656532526,4,0
mfcc_delta_6_std,0.006657434161752462,4,0
mfcc_19_mean,0.006585777271538973,4,0
mfcc_13_std,0.006343391723930836,4,0
contrast_3_p90,0.006276255007833242,4,0
contrast_1_mean,0.0062137567438185215,4,0
rms_std,0.006137040443718433,4,0
mfcc_9_p90,0.005941411480307579,4,0
zero_crossing_rate_std,0.005894756875932217,4,0
mfcc_0_p10,0.005771882366389036,4,0
mfcc_12_p90,0.005720181856304407,4,0
mfcc_1_std,0.005618243012577295,4,0
contrast_1_p10,0.0055956970900297165,4,0
mfcc_delta_8_p10,0.005548321641981602,4,0
contrast_4_mean,0.005455969832837582,4,0
rolloff85_p10,0.005335563328117132,4,0
mfcc_4_p10,0.005207279697060585,4,0
contrast_3_mean,0.005178423598408699,4,0
mfcc_delta_6_p90,0.005173901561647654,4,0
flatness_mean,0.005093407351523638,4,0
zero_crossing_rate_p10,0.0049637844786047935,4,0
mfcc_delta_0_p10,0.004963397514075041,4,0
mfcc_3_p10,0.004926451947540045,4,0
mfcc_delta_4_p90,0.004658589605242014,4,0
contrast_0_std,0.0045393346808850765,4,0
mfcc_3_mean,0.004491238854825497,4,0
mfcc_5_p10,0.004307162016630173,4,0
spectral_entropy_p10,0.004250268451869488,4,0
mfcc_6_mean,0.004168701358139515,4,0
mfcc_14_p10,0.004139255732297897,4,0
contrast_3_std,0.004138960037380457,4,0
spectral_entropy_p90,0.004083364736288786,4,0
mfcc_2_p10,0.13934485614299774,4,1
mfcc_16_std,0.08567090332508087,4,1
contrast_2_std,0.07849990576505661,4,1
mfcc_14_std,0.0691857561469078,4,1
mfcc_15_std,0.060888100415468216,4,1
rms_p10,0.03176863491535187,4,1
mfcc_delta_0_std,0.031159259378910065,4,1
mfcc_2_mean,0.027069013565778732,4,1
mfcc_15_p90,0.01650671474635601,4,1
contrast_0_p10,0.015572094358503819,4,1
mfcc_3_std,0.013916179537773132,4,1
spectral_entropy_p90,0.012964287772774696,4,1
flatness_std,0.012944849207997322,4,1
bandwidth_mean,0.012939225882291794,4,1
mfcc_6_p10,0.012651829980313778,4,1
mfcc_8_p90,0.012312984094023705,4,1
contrast_2_p90,0.01091674342751503,4,1
mfcc_3_p10,0.010144839994609356,4,1
mfcc_2_p90,0.009997204877436161,4,1
dominant_frequency,0.008268162608146667,4,1
flatness_p90,0.007755056023597717,4,1
mfcc_1_p90,0.007733636070042849,4,1
mfcc_1_p10,0.007063450291752815,4,1
rms_p90,0.006902261637151241,4,1
zero_crossing_rate_std,0.006354667712002993,4,1
mfcc_12_p10,0.006248827092349529,4,1
mfcc_13_std,0.006225304678082466,4,1
mfcc_1_mean,0.005847737658768892,4,1
spectral_entropy_p10,0.005734276957809925,4,1
mfcc_9_p90,0.005727946292608976,4,1
rolloff85_mean,0.005572230089455843,4,1
spectral_entropy_mean,0.005457513500005007,4,1
contrast_5_p10,0.005365466233342886,4,1
contrast_0_mean,0.0051599955186247826,4,1
mfcc_11_p10,0.005098472815006971,4,1
mfcc_delta_0_p10,0.004987974651157856,4,1
mfcc_9_mean,0.004908522590994835,4,1
contrast_4_mean,0.004857331980019808,4,1
mfcc_0_p10,0.004791764076799154,4,1
mfcc_19_p90,0.004725092556327581,4,1
bandwidth_p90,0.004712351132184267,4,1
rms_std,0.004646753892302513,4,1
centroid_p90,0.004596065264195204,4,1
mfcc_18_std,0.0045807454735040665,4,1
contrast_5_p90,0.004571816418319941,4,1
mfcc_4_mean,0.004106194246560335,4,1
rms_mean,0.003868857864290476,4,1
mfcc_7_p90,0.003807856934145093,4,1
mfcc_3_mean,0.0037504646461457014,4,1
mfcc_17_std,0.0036351431626826525,4,1
contrast_0_p90,0.0033858001697808504,4,1
zero_crossing_rate_p90,0.003309229388833046,4,1
mfcc_0_std,0.0032399152405560017,4,1
bandwidth_p10,0.0031962362118065357,4,1
contrast_5_mean,0.0031936303712427616,4,1
mfcc_0_mean,0.0030929080676287413,4,1
bandwidth_std,0.003071987070143223,4,1
mfcc_5_mean,0.0029780082404613495,4,1
rolloff85_std,0.002977535128593445,4,1
zero_crossing_rate_p10,0.0029037361964583397,4,1
mfcc_15_std,0.12571962177753448,4,2
contrast_0_p10,0.10740822553634644,4,2
mfcc_16_std,0.06506959348917007,4,2
mfcc_1_p10,0.05272301658987999,4,2
mfcc_14_std,0.04047808423638344,4,2
contrast_0_p90,0.03355258330702782,4,2
rolloff85_p90,0.03087100014090538,4,2
contrast_0_mean,0.02496478706598282,4,2
rms_mean,0.02379261888563633,4,2
spectral_entropy_p10,0.02288230136036873,4,2
rms_p10,0.021546415984630585,4,2
contrast_5_p90,0.019977884367108345,4,2
contrast_4_mean,0.01795746386051178,4,2
mfcc_5_mean,0.016694489866495132,4,2
mfcc_delta_7_std,0.016082139685750008,4,2
mfcc_3_p10,0.01606174372136593,4,2
contrast_5_mean,0.01458545308560133,4,2
zero_crossing_rate_std,0.01391210500150919,4,2
contrast_0_std,0.012128330767154694,4,2
contrast_5_p10,0.010859458707273006,4,2
mfcc_6_p10,0.010496566072106361,4,2
spectral_entropy_mean,0.010165361687541008,4,2
mfcc_3_mean,0.009237883612513542,4,2
dominant_frequency_ratio,0.009030984714627266,4,2
mfcc_1_mean,0.008535396307706833,4,2
mfcc_3_p90,0.0072203585878014565,4,2
mfcc_2_p10,0.007083578035235405,4,2
mfcc_delta_8_std,0.007058498449623585,4,2
bandwidth_mean,0.006746293511241674,4,2
dominant_frequency,0.006282599177211523,4,2
mfcc_5_p10,0.005879050120711327,4,2
bandwidth_p90,0.005540373735129833,4,2
contrast_4_p90,0.0054715159349143505,4,2
flatness_std,0.005193941295146942,4,2
mfcc_0_p90,0.005105891264975071,4,2
rms_std,0.004914280958473682,4,2
zero_crossing_rate_p10,0.004626123700290918,4,2
contrast_2_std,0.004511028062552214,4,2
bandwidth_p10,0.004476144444197416,4,2
zero_crossing_rate_p90,0.004402561578899622,4,2
mfcc_1_p90,0.004322508350014687,4,2
mfcc_11_p90,0.004126621410250664,4,2
mfcc_2_p90,0.0038628559559583664,4,2
mfcc_2_mean,0.0036887647584080696,4,2
mfcc_0_mean,0.003630370832979679,4,2
mfcc_4_mean,0.0035789362154901028,4,2
mfcc_11_mean,0.003345689969137311,4,2
flatness_mean,0.0033214541617780924,4,2
mfcc_17_std,0.0032742428593337536,4,2
rolloff85_std,0.0031570515129715204,4,2
rms_p90,0.0031278764363378286,4,2
mfcc_12_mean,0.0031163818202912807,4,2
centroid_p90,0.0030635949224233627,4,2
mfcc_delta_4_std,0.003009744454175234,4,2
mfcc_3_std,0.0030036503449082375,4,2
contrast_1_p10,0.002946839900687337,4,2
mfcc_0_std,0.0028637535870075226,4,2
mfcc_9_mean,0.0027723757084459066,4,2
centroid_p10,0.0027395139914005995,4,2
mfcc_17_p90,0.002716499613597989,4,2
mfcc_15_std,0.11440049111843109,4,3
mfcc_16_std,0.09348057210445404,4,3
dominant_frequency,0.07408073544502258,4,3
contrast_0_mean,0.044601600617170334,4,3
rolloff85_mean,0.03768399357795715,4,3
rms_p10,0.03730829805135727,4,3
mfcc_14_std,0.0372866615653038,4,3
mfcc_13_std,0.02724531851708889,4,3
flatness_p10,0.021552570164203644,4,3
spectral_entropy_mean,0.021036678925156593,4,3
zero_crossing_rate_std,0.020485013723373413,4,3
flatness_std,0.02011348120868206,4,3
contrast_2_std,0.01664240099489689,4,3
mfcc_delta_8_std,0.016220787540078163,4,3
mfcc_delta_7_p10,0.01596960984170437,4,3
spectral_entropy_p90,0.01096768956631422,4,3
contrast_0_std,0.010917832143604755,4,3
mfcc_delta_7_std,0.010379071347415447,4,3
mfcc_2_mean,0.0103690717369318,4,3
rms_std,0.010358601808547974,4,3
contrast_0_p10,0.010314306244254112,4,3
flatness_p90,0.009891681373119354,4,3
mfcc_2_p90,0.00972102489322424,4,3
dominant_frequency_ratio,0.009708854369819164,4,3
spectral_entropy_p10,0.009025203995406628,4,3
mfcc_delta_0_std,0.009000318124890327,4,3
contrast_0_p90,0.007949641905725002,4,3
mfcc_delta_0_p10,0.007000289857387543,4,3
zero_crossing_rate_p10,0.006473170127719641,4,3
mfcc_18_std,0.006270118523389101,4,3
mfcc_1_p10,0.005816927645355463,4,3
rms_mean,0.005713841412216425,4,3
rolloff85_p90,0.005577621981501579,4,3
contrast_5_mean,0.005318688694387674,4,3
mfcc_1_std,0.0051846737042069435,4,3
centroid_mean,0.005078474525362253,4,3
contrast_3_std,0.0049898698925971985,4,3
contrast_4_p90,0.004890904761850834,4,3
bandwidth_p90,0.0048805768601596355,4,3
mfcc_11_mean,0.004777864087373018,4,3
contrast_4_mean,0.004707886837422848,4,3
mfcc_3_p90,0.004456863272935152,4,3
rms_p90,0.004373941104859114,4,3
contrast_5_p10,0.004272473976016045,4,3
mfcc_1_p90,0.004195143934339285,4,3
mfcc_4_p10,0.004019780550152063,4,3
mfcc_3_p10,0.004005901515483856,4,3
bandwidth_mean,0.003996618092060089,4,3
mfcc_8_p90,0.003942514769732952,4,3
contrast_3_p10,0.0037471968680620193,4,3
mfcc_delta_10_p10,0.0036875202786177397,4,3
contrast_5_p90,0.0036635876167565584,4,3
zero_crossing_rate_p90,0.0033696922473609447,4,3
centroid_std,0.0032888019923120737,4,3
mfcc_5_p90,0.0032202641014009714,4,3
mfcc_3_mean,0.0031730434857308865,4,3
mfcc_0_p10,0.003046613885089755,4,3
contrast_2_p90,0.0030440418049693108,4,3
mfcc_1_mean,0.0030131081584841013,4,3
contrast_3_mean,0.0029963154811412096,4,3
mfcc_16_std,0.14471611380577087,4,4
contrast_2_p90,0.07092969864606857,4,4
contrast_0_p10,0.05901481211185455,4,4
mfcc_2_p10,0.04553935304284096,4,4
mfcc_15_std,0.032970741391181946,4,4
contrast_2_std,0.032758425921201706,4,4
mfcc_delta_6_p90,0.02946426346898079,4,4
mfcc_8_mean,0.028637660667300224,4,4
contrast_0_mean,0.028351977467536926,4,4
centroid_p90,0.021387238055467606,4,4
mfcc_1_p10,0.02033240534365177,4,4
flatness_p90,0.019564853981137276,4,4
mfcc_8_p90,0.01895950548350811,4,4
flatness_p10,0.01850409433245659,4,4
mfcc_delta_8_std,0.016029318794608116,4,4
mfcc_14_std,0.016017673537135124,4,4
flatness_std,0.014785711653530598,4,4
rms_p10,0.01328715868294239,4,4
zero_crossing_rate_std,0.012949039228260517,4,4
dominant_frequency_ratio,0.010649988427758217,4,4
rms_mean,0.0106358015909791,4,4
mfcc_0_std,0.009671062231063843,4,4
contrast_5_mean,0.007936873473227024,4,4
contrast_0_std,0.007547741290181875,4,4
mfcc_2_p90,0.007177581079304218,4,4
contrast_0_p90,0.007061897311359644,4,4
spectral_entropy_p90,0.0065838973969221115,4,4
zero_crossing_rate_p10,0.006557363551110029,4,4
mfcc_delta_7_std,0.006364376749843359,4,4
mfcc_3_mean,0.006361352279782295,4,4
rolloff85_p90,0.006200919859111309,4,4
mfcc_12_p90,0.005995346233248711,4,4
mfcc_6_p10,0.005916391499340534,4,4
mfcc_3_p90,0.005894073750823736,4,4
rms_p90,0.00543013634160161,4,4
spectral_entropy_mean,0.005261827260255814,4,4
mfcc_2_mean,0.005158628337085247,4,4
mfcc_delta_0_std,0.005079631693661213,4,4
contrast_5_p10,0.0050576175563037395,4,4
mfcc_delta_6_p10,0.00494321109727025,4,4
zero_crossing_rate_p90,0.004656709730625153,4,4
mfcc_11_mean,0.0043832384981215,4,4
contrast_1_p10,0.004148196894675493,4,4
mfcc_18_p90,0.004116716329008341,4,4
mfcc_3_p10,0.003986372146755457,4,4
mfcc_0_mean,0.003963010385632515,4,4
mfcc_11_p90,0.0037797284312546253,4,4
mfcc_7_p90,0.003758304286748171,4,4
mfcc_0_p10,0.003561292542144656,4,4
mfcc_delta_5_p10,0.0035113198682665825,4,4
mfcc_1_mean,0.003500064369291067,4,4
bandwidth_p90,0.003488569986075163,4,4
mfcc_4_p10,0.003460809588432312,4,4
contrast_4_mean,0.003437796840444207,4,4
mfcc_4_p90,0.003267840249463916,4,4
mfcc_delta_16_std,0.003246978623792529,4,4
contrast_5_p90,0.0031974005978554487,4,4
spectral_entropy_p10,0.0031855828128755093,4,4
dominant_frequency,0.003167797112837434,4,4
mfcc_4_mean,0.0030848912429064512,4,4
mfcc_16_std,0.12217047065496445,5,0
mfcc_2_mean,0.05894922837615013,5,0
mfcc_14_std,0.05726451799273491,5,0
mfcc_2_p10,0.05253378301858902,5,0
mfcc_15_std,0.05092770233750343,5,0
dominant_frequency,0.028435470536351204,5,0
flatness_std,0.02753494121134281,5,0
rms_p10,0.02481253817677498,5,0
rolloff85_mean,0.01972058229148388,5,0
mfcc_11_p10,0.018306627869606018,5,0
contrast_0_p10,0.01784958690404892,5,0
mfcc_delta_0_std,0.0163015928119421,5,0
rms_mean,0.01590699516236782,5,0
rms_p90,0.014822210185229778,5,0
centroid_p90,0.011758381500840187,5,0
centroid_p10,0.011018914170563221,5,0
contrast_0_mean,0.010087689384818077,5,0
contrast_5_p10,0.009563679806888103,5,0
spectral_entropy_mean,0.00945636723190546,5,0
mfcc_4_mean,0.009244360029697418,5,0
mfcc_1_mean,0.008689475245773792,5,0
contrast_5_mean,0.008662998676300049,5,0
mfcc_2_p90,0.008576637133955956,5,0
contrast_2_std,0.008549926802515984,5,0
mfcc_delta_1_p10,0.008363962173461914,5,0
zero_crossing_rate_p90,0.00785311684012413,5,0
flatness_p90,0.0077018896117806435,5,0
mfcc_delta_7_p10,0.0072127836756408215,5,0
mfcc_12_mean,0.00710457656532526,5,0
mfcc_delta_6_std,0.006657434161752462,5,0
mfcc_19_mean,0.006585777271538973,5,0
mfcc_13_std,0.006343391723930836,5,0
contrast_3_p90,0.006276255007833242,5,0
contrast_1_mean,0.0062137567438185215,5,0
rms_std,0.006137040443718433,5,0
mfcc_9_p90,0.005941411480307579,5,0
zero_crossing_rate_std,0.005894756875932217,5,0
mfcc_0_p10,0.005771882366389036,5,0
mfcc_12_p90,0.005720181856304407,5,0
mfcc_1_std,0.005618243012577295,5,0
contrast_1_p10,0.0055956970900297165,5,0
mfcc_delta_8_p10,0.005548321641981602,5,0
contrast_4_mean,0.005455969832837582,5,0
rolloff85_p10,0.005335563328117132,5,0
mfcc_4_p10,0.005207279697060585,5,0
contrast_3_mean,0.005178423598408699,5,0
mfcc_delta_6_p90,0.005173901561647654,5,0
flatness_mean,0.005093407351523638,5,0
zero_crossing_rate_p10,0.0049637844786047935,5,0
mfcc_delta_0_p10,0.004963397514075041,5,0
mfcc_3_p10,0.004926451947540045,5,0
mfcc_delta_4_p90,0.004658589605242014,5,0
contrast_0_std,0.0045393346808850765,5,0
mfcc_3_mean,0.004491238854825497,5,0
mfcc_5_p10,0.004307162016630173,5,0
spectral_entropy_p10,0.004250268451869488,5,0
mfcc_6_mean,0.004168701358139515,5,0
mfcc_14_p10,0.004139255732297897,5,0
contrast_3_std,0.004138960037380457,5,0
spectral_entropy_p90,0.004083364736288786,5,0
mfcc_2_p10,0.13934485614299774,5,1
mfcc_16_std,0.08567090332508087,5,1
contrast_2_std,0.07849990576505661,5,1
mfcc_14_std,0.0691857561469078,5,1
mfcc_15_std,0.060888100415468216,5,1
rms_p10,0.03176863491535187,5,1
mfcc_delta_0_std,0.031159259378910065,5,1
mfcc_2_mean,0.027069013565778732,5,1
mfcc_15_p90,0.01650671474635601,5,1
contrast_0_p10,0.015572094358503819,5,1
mfcc_3_std,0.013916179537773132,5,1
spectral_entropy_p90,0.012964287772774696,5,1
flatness_std,0.012944849207997322,5,1
bandwidth_mean,0.012939225882291794,5,1
mfcc_6_p10,0.012651829980313778,5,1
mfcc_8_p90,0.012312984094023705,5,1
contrast_2_p90,0.01091674342751503,5,1
mfcc_3_p10,0.010144839994609356,5,1
mfcc_2_p90,0.009997204877436161,5,1
dominant_frequency,0.008268162608146667,5,1
flatness_p90,0.007755056023597717,5,1
mfcc_1_p90,0.007733636070042849,5,1
mfcc_1_p10,0.007063450291752815,5,1
rms_p90,0.006902261637151241,5,1
zero_crossing_rate_std,0.006354667712002993,5,1
mfcc_12_p10,0.006248827092349529,5,1
mfcc_13_std,0.006225304678082466,5,1
mfcc_1_mean,0.005847737658768892,5,1
spectral_entropy_p10,0.005734276957809925,5,1
mfcc_9_p90,0.005727946292608976,5,1
rolloff85_mean,0.005572230089455843,5,1
spectral_entropy_mean,0.005457513500005007,5,1
contrast_5_p10,0.005365466233342886,5,1
contrast_0_mean,0.0051599955186247826,5,1
mfcc_11_p10,0.005098472815006971,5,1
mfcc_delta_0_p10,0.004987974651157856,5,1
mfcc_9_mean,0.004908522590994835,5,1
contrast_4_mean,0.004857331980019808,5,1
mfcc_0_p10,0.004791764076799154,5,1
mfcc_19_p90,0.004725092556327581,5,1
bandwidth_p90,0.004712351132184267,5,1
rms_std,0.004646753892302513,5,1
centroid_p90,0.004596065264195204,5,1
mfcc_18_std,0.0045807454735040665,5,1
contrast_5_p90,0.004571816418319941,5,1
mfcc_4_mean,0.004106194246560335,5,1
rms_mean,0.003868857864290476,5,1
mfcc_7_p90,0.003807856934145093,5,1
mfcc_3_mean,0.0037504646461457014,5,1
mfcc_17_std,0.0036351431626826525,5,1
contrast_0_p90,0.0033858001697808504,5,1
zero_crossing_rate_p90,0.003309229388833046,5,1
mfcc_0_std,0.0032399152405560017,5,1
bandwidth_p10,0.0031962362118065357,5,1
contrast_5_mean,0.0031936303712427616,5,1
mfcc_0_mean,0.0030929080676287413,5,1
bandwidth_std,0.003071987070143223,5,1
mfcc_5_mean,0.0029780082404613495,5,1
rolloff85_std,0.002977535128593445,5,1
zero_crossing_rate_p10,0.0029037361964583397,5,1
mfcc_15_std,0.12571962177753448,5,2
contrast_0_p10,0.10740822553634644,5,2
mfcc_16_std,0.06506959348917007,5,2
mfcc_1_p10,0.05272301658987999,5,2
mfcc_14_std,0.04047808423638344,5,2
contrast_0_p90,0.03355258330702782,5,2
rolloff85_p90,0.03087100014090538,5,2
contrast_0_mean,0.02496478706598282,5,2
rms_mean,0.02379261888563633,5,2
spectral_entropy_p10,0.02288230136036873,5,2
rms_p10,0.021546415984630585,5,2
contrast_5_p90,0.019977884367108345,5,2
contrast_4_mean,0.01795746386051178,5,2
mfcc_5_mean,0.016694489866495132,5,2
mfcc_delta_7_std,0.016082139685750008,5,2
mfcc_3_p10,0.01606174372136593,5,2
contrast_5_mean,0.01458545308560133,5,2
zero_crossing_rate_std,0.01391210500150919,5,2
contrast_0_std,0.012128330767154694,5,2
contrast_5_p10,0.010859458707273006,5,2
mfcc_6_p10,0.010496566072106361,5,2
spectral_entropy_mean,0.010165361687541008,5,2
mfcc_3_mean,0.009237883612513542,5,2
dominant_frequency_ratio,0.009030984714627266,5,2
mfcc_1_mean,0.008535396307706833,5,2
mfcc_3_p90,0.0072203585878014565,5,2
mfcc_2_p10,0.007083578035235405,5,2
mfcc_delta_8_std,0.007058498449623585,5,2
bandwidth_mean,0.006746293511241674,5,2
dominant_frequency,0.006282599177211523,5,2
mfcc_5_p10,0.005879050120711327,5,2
bandwidth_p90,0.005540373735129833,5,2
contrast_4_p90,0.0054715159349143505,5,2
flatness_std,0.005193941295146942,5,2
mfcc_0_p90,0.005105891264975071,5,2
rms_std,0.004914280958473682,5,2
zero_crossing_rate_p10,0.004626123700290918,5,2
contrast_2_std,0.004511028062552214,5,2
bandwidth_p10,0.004476144444197416,5,2
zero_crossing_rate_p90,0.004402561578899622,5,2
mfcc_1_p90,0.004322508350014687,5,2
mfcc_11_p90,0.004126621410250664,5,2
mfcc_2_p90,0.0038628559559583664,5,2
mfcc_2_mean,0.0036887647584080696,5,2
mfcc_0_mean,0.003630370832979679,5,2
mfcc_4_mean,0.0035789362154901028,5,2
mfcc_11_mean,0.003345689969137311,5,2
flatness_mean,0.0033214541617780924,5,2
mfcc_17_std,0.0032742428593337536,5,2
rolloff85_std,0.0031570515129715204,5,2
rms_p90,0.0031278764363378286,5,2
mfcc_12_mean,0.0031163818202912807,5,2
centroid_p90,0.0030635949224233627,5,2
mfcc_delta_4_std,0.003009744454175234,5,2
mfcc_3_std,0.0030036503449082375,5,2
contrast_1_p10,0.002946839900687337,5,2
mfcc_0_std,0.0028637535870075226,5,2
mfcc_9_mean,0.0027723757084459066,5,2
centroid_p10,0.0027395139914005995,5,2
mfcc_17_p90,0.002716499613597989,5,2
mfcc_15_std,0.11440049111843109,5,3
mfcc_16_std,0.09348057210445404,5,3
dominant_frequency,0.07408073544502258,5,3
contrast_0_mean,0.044601600617170334,5,3
rolloff85_mean,0.03768399357795715,5,3
rms_p10,0.03730829805135727,5,3
mfcc_14_std,0.0372866615653038,5,3
mfcc_13_std,0.02724531851708889,5,3
flatness_p10,0.021552570164203644,5,3
spectral_entropy_mean,0.021036678925156593,5,3
zero_crossing_rate_std,0.020485013723373413,5,3
flatness_std,0.02011348120868206,5,3
contrast_2_std,0.01664240099489689,5,3
mfcc_delta_8_std,0.016220787540078163,5,3
mfcc_delta_7_p10,0.01596960984170437,5,3
spectral_entropy_p90,0.01096768956631422,5,3
contrast_0_std,0.010917832143604755,5,3
mfcc_delta_7_std,0.010379071347415447,5,3
mfcc_2_mean,0.0103690717369318,5,3
rms_std,0.010358601808547974,5,3
contrast_0_p10,0.010314306244254112,5,3
flatness_p90,0.009891681373119354,5,3
mfcc_2_p90,0.00972102489322424,5,3
dominant_frequency_ratio,0.009708854369819164,5,3
spectral_entropy_p10,0.009025203995406628,5,3
mfcc_delta_0_std,0.009000318124890327,5,3
contrast_0_p90,0.007949641905725002,5,3
mfcc_delta_0_p10,0.007000289857387543,5,3
zero_crossing_rate_p10,0.006473170127719641,5,3
mfcc_18_std,0.006270118523389101,5,3
mfcc_1_p10,0.005816927645355463,5,3
rms_mean,0.005713841412216425,5,3
rolloff85_p90,0.005577621981501579,5,3
contrast_5_mean,0.005318688694387674,5,3
mfcc_1_std,0.0051846737042069435,5,3
centroid_mean,0.005078474525362253,5,3
contrast_3_std,0.0049898698925971985,5,3
contrast_4_p90,0.004890904761850834,5,3
bandwidth_p90,0.0048805768601596355,5,3
mfcc_11_mean,0.004777864087373018,5,3
contrast_4_mean,0.004707886837422848,5,3
mfcc_3_p90,0.004456863272935152,5,3
rms_p90,0.004373941104859114,5,3
contrast_5_p10,0.004272473976016045,5,3
mfcc_1_p90,0.004195143934339285,5,3
mfcc_4_p10,0.004019780550152063,5,3
mfcc_3_p10,0.004005901515483856,5,3
bandwidth_mean,0.003996618092060089,5,3
mfcc_8_p90,0.003942514769732952,5,3
contrast_3_p10,0.0037471968680620193,5,3
mfcc_delta_10_p10,0.0036875202786177397,5,3
contrast_5_p90,0.0036635876167565584,5,3
zero_crossing_rate_p90,0.0033696922473609447,5,3
centroid_std,0.0032888019923120737,5,3
mfcc_5_p90,0.0032202641014009714,5,3
mfcc_3_mean,0.0031730434857308865,5,3
mfcc_0_p10,0.003046613885089755,5,3
contrast_2_p90,0.0030440418049693108,5,3
mfcc_1_mean,0.0030131081584841013,5,3
contrast_3_mean,0.0029963154811412096,5,3
mfcc_16_std,0.14471611380577087,5,4
contrast_2_p90,0.07092969864606857,5,4
contrast_0_p10,0.05901481211185455,5,4
mfcc_2_p10,0.04553935304284096,5,4
mfcc_15_std,0.032970741391181946,5,4
contrast_2_std,0.032758425921201706,5,4
mfcc_delta_6_p90,0.02946426346898079,5,4
mfcc_8_mean,0.028637660667300224,5,4
contrast_0_mean,0.028351977467536926,5,4
centroid_p90,0.021387238055467606,5,4
mfcc_1_p10,0.02033240534365177,5,4
flatness_p90,0.019564853981137276,5,4
mfcc_8_p90,0.01895950548350811,5,4
flatness_p10,0.01850409433245659,5,4
mfcc_delta_8_std,0.016029318794608116,5,4
mfcc_14_std,0.016017673537135124,5,4
flatness_std,0.014785711653530598,5,4
rms_p10,0.01328715868294239,5,4
zero_crossing_rate_std,0.012949039228260517,5,4
dominant_frequency_ratio,0.010649988427758217,5,4
rms_mean,0.0106358015909791,5,4
mfcc_0_std,0.009671062231063843,5,4
contrast_5_mean,0.007936873473227024,5,4
contrast_0_std,0.007547741290181875,5,4
mfcc_2_p90,0.007177581079304218,5,4
contrast_0_p90,0.007061897311359644,5,4
spectral_entropy_p90,0.0065838973969221115,5,4
zero_crossing_rate_p10,0.006557363551110029,5,4
mfcc_delta_7_std,0.006364376749843359,5,4
mfcc_3_mean,0.006361352279782295,5,4
rolloff85_p90,0.006200919859111309,5,4
mfcc_12_p90,0.005995346233248711,5,4
mfcc_6_p10,0.005916391499340534,5,4
mfcc_3_p90,0.005894073750823736,5,4
rms_p90,0.00543013634160161,5,4
spectral_entropy_mean,0.005261827260255814,5,4
mfcc_2_mean,0.005158628337085247,5,4
mfcc_delta_0_std,0.005079631693661213,5,4
contrast_5_p10,0.0050576175563037395,5,4
mfcc_delta_6_p10,0.00494321109727025,5,4
zero_crossing_rate_p90,0.004656709730625153,5,4
mfcc_11_mean,0.0043832384981215,5,4
contrast_1_p10,0.004148196894675493,5,4
mfcc_18_p90,0.004116716329008341,5,4
mfcc_3_p10,0.003986372146755457,5,4
mfcc_0_mean,0.003963010385632515,5,4
mfcc_11_p90,0.0037797284312546253,5,4
mfcc_7_p90,0.003758304286748171,5,4
mfcc_0_p10,0.003561292542144656,5,4
mfcc_delta_5_p10,0.0035113198682665825,5,4
mfcc_1_mean,0.003500064369291067,5,4
bandwidth_p90,0.003488569986075163,5,4
mfcc_4_p10,0.003460809588432312,5,4
contrast_4_mean,0.003437796840444207,5,4
mfcc_4_p90,0.003267840249463916,5,4
mfcc_delta_16_std,0.003246978623792529,5,4
contrast_5_p90,0.0031974005978554487,5,4
spectral_entropy_p10,0.0031855828128755093,5,4
dominant_frequency,0.003167797112837434,5,4
mfcc_4_mean,0.0030848912429064512,5,4
mfcc_16_std,0.12217047065496445,6,0
mfcc_2_mean,0.05894922837615013,6,0
mfcc_14_std,0.05726451799273491,6,0
mfcc_2_p10,0.05253378301858902,6,0
mfcc_15_std,0.05092770233750343,6,0
dominant_frequency,0.028435470536351204,6,0
flatness_std,0.02753494121134281,6,0
rms_p10,0.02481253817677498,6,0
rolloff85_mean,0.01972058229148388,6,0
mfcc_11_p10,0.018306627869606018,6,0
contrast_0_p10,0.01784958690404892,6,0
mfcc_delta_0_std,0.0163015928119421,6,0
rms_mean,0.01590699516236782,6,0
rms_p90,0.014822210185229778,6,0
centroid_p90,0.011758381500840187,6,0
centroid_p10,0.011018914170563221,6,0
contrast_0_mean,0.010087689384818077,6,0
contrast_5_p10,0.009563679806888103,6,0
spectral_entropy_mean,0.00945636723190546,6,0
mfcc_4_mean,0.009244360029697418,6,0
mfcc_1_mean,0.008689475245773792,6,0
contrast_5_mean,0.008662998676300049,6,0
mfcc_2_p90,0.008576637133955956,6,0
contrast_2_std,0.008549926802515984,6,0
mfcc_delta_1_p10,0.008363962173461914,6,0
zero_crossing_rate_p90,0.00785311684012413,6,0
flatness_p90,0.0077018896117806435,6,0
mfcc_delta_7_p10,0.0072127836756408215,6,0
mfcc_12_mean,0.00710457656532526,6,0
mfcc_delta_6_std,0.006657434161752462,6,0
mfcc_19_mean,0.006585777271538973,6,0
mfcc_13_std,0.006343391723930836,6,0
contrast_3_p90,0.006276255007833242,6,0
contrast_1_mean,0.0062137567438185215,6,0
rms_std,0.006137040443718433,6,0
mfcc_9_p90,0.005941411480307579,6,0
zero_crossing_rate_std,0.005894756875932217,6,0
mfcc_0_p10,0.005771882366389036,6,0
mfcc_12_p90,0.005720181856304407,6,0
mfcc_1_std,0.005618243012577295,6,0
contrast_1_p10,0.0055956970900297165,6,0
mfcc_delta_8_p10,0.005548321641981602,6,0
contrast_4_mean,0.005455969832837582,6,0
rolloff85_p10,0.005335563328117132,6,0
mfcc_4_p10,0.005207279697060585,6,0
contrast_3_mean,0.005178423598408699,6,0
mfcc_delta_6_p90,0.005173901561647654,6,0
flatness_mean,0.005093407351523638,6,0
zero_crossing_rate_p10,0.0049637844786047935,6,0
mfcc_delta_0_p10,0.004963397514075041,6,0
mfcc_3_p10,0.004926451947540045,6,0
mfcc_delta_4_p90,0.004658589605242014,6,0
contrast_0_std,0.0045393346808850765,6,0
mfcc_3_mean,0.004491238854825497,6,0
mfcc_5_p10,0.004307162016630173,6,0
spectral_entropy_p10,0.004250268451869488,6,0
mfcc_6_mean,0.004168701358139515,6,0
mfcc_14_p10,0.004139255732297897,6,0
contrast_3_std,0.004138960037380457,6,0
spectral_entropy_p90,0.004083364736288786,6,0
mfcc_2_p10,0.13934485614299774,6,1
mfcc_16_std,0.08567090332508087,6,1
contrast_2_std,0.07849990576505661,6,1
mfcc_14_std,0.0691857561469078,6,1
mfcc_15_std,0.060888100415468216,6,1
rms_p10,0.03176863491535187,6,1
mfcc_delta_0_std,0.031159259378910065,6,1
mfcc_2_mean,0.027069013565778732,6,1
mfcc_15_p90,0.01650671474635601,6,1
contrast_0_p10,0.015572094358503819,6,1
mfcc_3_std,0.013916179537773132,6,1
spectral_entropy_p90,0.012964287772774696,6,1
flatness_std,0.012944849207997322,6,1
bandwidth_mean,0.012939225882291794,6,1
mfcc_6_p10,0.012651829980313778,6,1
mfcc_8_p90,0.012312984094023705,6,1
contrast_2_p90,0.01091674342751503,6,1
mfcc_3_p10,0.010144839994609356,6,1
mfcc_2_p90,0.009997204877436161,6,1
dominant_frequency,0.008268162608146667,6,1
flatness_p90,0.007755056023597717,6,1
mfcc_1_p90,0.007733636070042849,6,1
mfcc_1_p10,0.007063450291752815,6,1
rms_p90,0.006902261637151241,6,1
zero_crossing_rate_std,0.006354667712002993,6,1
mfcc_12_p10,0.006248827092349529,6,1
mfcc_13_std,0.006225304678082466,6,1
mfcc_1_mean,0.005847737658768892,6,1
spectral_entropy_p10,0.005734276957809925,6,1
mfcc_9_p90,0.005727946292608976,6,1
rolloff85_mean,0.005572230089455843,6,1
spectral_entropy_mean,0.005457513500005007,6,1
contrast_5_p10,0.005365466233342886,6,1
contrast_0_mean,0.0051599955186247826,6,1
mfcc_11_p10,0.005098472815006971,6,1
mfcc_delta_0_p10,0.004987974651157856,6,1
mfcc_9_mean,0.004908522590994835,6,1
contrast_4_mean,0.004857331980019808,6,1
mfcc_0_p10,0.004791764076799154,6,1
mfcc_19_p90,0.004725092556327581,6,1
bandwidth_p90,0.004712351132184267,6,1
rms_std,0.004646753892302513,6,1
centroid_p90,0.004596065264195204,6,1
mfcc_18_std,0.0045807454735040665,6,1
contrast_5_p90,0.004571816418319941,6,1
mfcc_4_mean,0.004106194246560335,6,1
rms_mean,0.003868857864290476,6,1
mfcc_7_p90,0.003807856934145093,6,1
mfcc_3_mean,0.0037504646461457014,6,1
mfcc_17_std,0.0036351431626826525,6,1
contrast_0_p90,0.0033858001697808504,6,1
zero_crossing_rate_p90,0.003309229388833046,6,1
mfcc_0_std,0.0032399152405560017,6,1
bandwidth_p10,0.0031962362118065357,6,1
contrast_5_mean,0.0031936303712427616,6,1
mfcc_0_mean,0.0030929080676287413,6,1
bandwidth_std,0.003071987070143223,6,1
mfcc_5_mean,0.0029780082404613495,6,1
rolloff85_std,0.002977535128593445,6,1
zero_crossing_rate_p10,0.0029037361964583397,6,1
mfcc_15_std,0.12571962177753448,6,2
contrast_0_p10,0.10740822553634644,6,2
mfcc_16_std,0.06506959348917007,6,2
mfcc_1_p10,0.05272301658987999,6,2
mfcc_14_std,0.04047808423638344,6,2
contrast_0_p90,0.03355258330702782,6,2
rolloff85_p90,0.03087100014090538,6,2
contrast_0_mean,0.02496478706598282,6,2
rms_mean,0.02379261888563633,6,2
spectral_entropy_p10,0.02288230136036873,6,2
rms_p10,0.021546415984630585,6,2
contrast_5_p90,0.019977884367108345,6,2
contrast_4_mean,0.01795746386051178,6,2
mfcc_5_mean,0.016694489866495132,6,2
mfcc_delta_7_std,0.016082139685750008,6,2
mfcc_3_p10,0.01606174372136593,6,2
contrast_5_mean,0.01458545308560133,6,2
zero_crossing_rate_std,0.01391210500150919,6,2
contrast_0_std,0.012128330767154694,6,2
contrast_5_p10,0.010859458707273006,6,2
mfcc_6_p10,0.010496566072106361,6,2
spectral_entropy_mean,0.010165361687541008,6,2
mfcc_3_mean,0.009237883612513542,6,2
dominant_frequency_ratio,0.009030984714627266,6,2
mfcc_1_mean,0.008535396307706833,6,2
mfcc_3_p90,0.0072203585878014565,6,2
mfcc_2_p10,0.007083578035235405,6,2
mfcc_delta_8_std,0.007058498449623585,6,2
bandwidth_mean,0.006746293511241674,6,2
dominant_frequency,0.006282599177211523,6,2
mfcc_5_p10,0.005879050120711327,6,2
bandwidth_p90,0.005540373735129833,6,2
contrast_4_p90,0.0054715159349143505,6,2
flatness_std,0.005193941295146942,6,2
mfcc_0_p90,0.005105891264975071,6,2
rms_std,0.004914280958473682,6,2
zero_crossing_rate_p10,0.004626123700290918,6,2
contrast_2_std,0.004511028062552214,6,2
bandwidth_p10,0.004476144444197416,6,2
zero_crossing_rate_p90,0.004402561578899622,6,2
mfcc_1_p90,0.004322508350014687,6,2
mfcc_11_p90,0.004126621410250664,6,2
mfcc_2_p90,0.0038628559559583664,6,2
mfcc_2_mean,0.0036887647584080696,6,2
mfcc_0_mean,0.003630370832979679,6,2
mfcc_4_mean,0.0035789362154901028,6,2
mfcc_11_mean,0.003345689969137311,6,2
flatness_mean,0.0033214541617780924,6,2
mfcc_17_std,0.0032742428593337536,6,2
rolloff85_std,0.0031570515129715204,6,2
rms_p90,0.0031278764363378286,6,2
mfcc_12_mean,0.0031163818202912807,6,2
centroid_p90,0.0030635949224233627,6,2
mfcc_delta_4_std,0.003009744454175234,6,2
mfcc_3_std,0.0030036503449082375,6,2
contrast_1_p10,0.002946839900687337,6,2
mfcc_0_std,0.0028637535870075226,6,2
mfcc_9_mean,0.0027723757084459066,6,2
centroid_p10,0.0027395139914005995,6,2
mfcc_17_p90,0.002716499613597989,6,2
mfcc_15_std,0.11440049111843109,6,3
mfcc_16_std,0.09348057210445404,6,3
dominant_frequency,0.07408073544502258,6,3
contrast_0_mean,0.044601600617170334,6,3
rolloff85_mean,0.03768399357795715,6,3
rms_p10,0.03730829805135727,6,3
mfcc_14_std,0.0372866615653038,6,3
mfcc_13_std,0.02724531851708889,6,3
flatness_p10,0.021552570164203644,6,3
spectral_entropy_mean,0.021036678925156593,6,3
zero_crossing_rate_std,0.020485013723373413,6,3
flatness_std,0.02011348120868206,6,3
contrast_2_std,0.01664240099489689,6,3
mfcc_delta_8_std,0.016220787540078163,6,3
mfcc_delta_7_p10,0.01596960984170437,6,3
spectral_entropy_p90,0.01096768956631422,6,3
contrast_0_std,0.010917832143604755,6,3
mfcc_delta_7_std,0.010379071347415447,6,3
mfcc_2_mean,0.0103690717369318,6,3
rms_std,0.010358601808547974,6,3
contrast_0_p10,0.010314306244254112,6,3
flatness_p90,0.009891681373119354,6,3
mfcc_2_p90,0.00972102489322424,6,3
dominant_frequency_ratio,0.009708854369819164,6,3
spectral_entropy_p10,0.009025203995406628,6,3
mfcc_delta_0_std,0.009000318124890327,6,3
contrast_0_p90,0.007949641905725002,6,3
mfcc_delta_0_p10,0.007000289857387543,6,3
zero_crossing_rate_p10,0.006473170127719641,6,3
mfcc_18_std,0.006270118523389101,6,3
mfcc_1_p10,0.005816927645355463,6,3
rms_mean,0.005713841412216425,6,3
rolloff85_p90,0.005577621981501579,6,3
contrast_5_mean,0.005318688694387674,6,3
mfcc_1_std,0.0051846737042069435,6,3
centroid_mean,0.005078474525362253,6,3
contrast_3_std,0.0049898698925971985,6,3
contrast_4_p90,0.004890904761850834,6,3
bandwidth_p90,0.0048805768601596355,6,3
mfcc_11_mean,0.004777864087373018,6,3
contrast_4_mean,0.004707886837422848,6,3
mfcc_3_p90,0.004456863272935152,6,3
rms_p90,0.004373941104859114,6,3
contrast_5_p10,0.004272473976016045,6,3
mfcc_1_p90,0.004195143934339285,6,3
mfcc_4_p10,0.004019780550152063,6,3
mfcc_3_p10,0.004005901515483856,6,3
bandwidth_mean,0.003996618092060089,6,3
mfcc_8_p90,0.003942514769732952,6,3
contrast_3_p10,0.0037471968680620193,6,3
mfcc_delta_10_p10,0.0036875202786177397,6,3
contrast_5_p90,0.0036635876167565584,6,3
zero_crossing_rate_p90,0.0033696922473609447,6,3
centroid_std,0.0032888019923120737,6,3
mfcc_5_p90,0.0032202641014009714,6,3
mfcc_3_mean,0.0031730434857308865,6,3
mfcc_0_p10,0.003046613885089755,6,3
contrast_2_p90,0.0030440418049693108,6,3
mfcc_1_mean,0.0030131081584841013,6,3
contrast_3_mean,0.0029963154811412096,6,3
mfcc_16_std,0.14471611380577087,6,4
contrast_2_p90,0.07092969864606857,6,4
contrast_0_p10,0.05901481211185455,6,4
mfcc_2_p10,0.04553935304284096,6,4
mfcc_15_std,0.032970741391181946,6,4
contrast_2_std,0.032758425921201706,6,4
mfcc_delta_6_p90,0.02946426346898079,6,4
mfcc_8_mean,0.028637660667300224,6,4
contrast_0_mean,0.028351977467536926,6,4
centroid_p90,0.021387238055467606,6,4
mfcc_1_p10,0.02033240534365177,6,4
flatness_p90,0.019564853981137276,6,4
mfcc_8_p90,0.01895950548350811,6,4
flatness_p10,0.01850409433245659,6,4
mfcc_delta_8_std,0.016029318794608116,6,4
mfcc_14_std,0.016017673537135124,6,4
flatness_std,0.014785711653530598,6,4
rms_p10,0.01328715868294239,6,4
zero_crossing_rate_std,0.012949039228260517,6,4
dominant_frequency_ratio,0.010649988427758217,6,4
rms_mean,0.0106358015909791,6,4
mfcc_0_std,0.009671062231063843,6,4
contrast_5_mean,0.007936873473227024,6,4
contrast_0_std,0.007547741290181875,6,4
mfcc_2_p90,0.007177581079304218,6,4
contrast_0_p90,0.007061897311359644,6,4
spectral_entropy_p90,0.0065838973969221115,6,4
zero_crossing_rate_p10,0.006557363551110029,6,4
mfcc_delta_7_std,0.006364376749843359,6,4
mfcc_3_mean,0.006361352279782295,6,4
rolloff85_p90,0.006200919859111309,6,4
mfcc_12_p90,0.005995346233248711,6,4
mfcc_6_p10,0.005916391499340534,6,4
mfcc_3_p90,0.005894073750823736,6,4
rms_p90,0.00543013634160161,6,4
spectral_entropy_mean,0.005261827260255814,6,4
mfcc_2_mean,0.005158628337085247,6,4
mfcc_delta_0_std,0.005079631693661213,6,4
contrast_5_p10,0.0050576175563037395,6,4
mfcc_delta_6_p10,0.00494321109727025,6,4
zero_crossing_rate_p90,0.004656709730625153,6,4
mfcc_11_mean,0.0043832384981215,6,4
contrast_1_p10,0.004148196894675493,6,4
mfcc_18_p90,0.004116716329008341,6,4
mfcc_3_p10,0.003986372146755457,6,4
mfcc_0_mean,0.003963010385632515,6,4
mfcc_11_p90,0.0037797284312546253,6,4
mfcc_7_p90,0.003758304286748171,6,4
mfcc_0_p10,0.003561292542144656,6,4
mfcc_delta_5_p10,0.0035113198682665825,6,4
mfcc_1_mean,0.003500064369291067,6,4
bandwidth_p90,0.003488569986075163,6,4
mfcc_4_p10,0.003460809588432312,6,4
contrast_4_mean,0.003437796840444207,6,4
mfcc_4_p90,0.003267840249463916,6,4
mfcc_delta_16_std,0.003246978623792529,6,4
contrast_5_p90,0.0031974005978554487,6,4
spectral_entropy_p10,0.0031855828128755093,6,4
dominant_frequency,0.003167797112837434,6,4
mfcc_4_mean,0.0030848912429064512,6,4
mfcc_16_std,0.12217047065496445,7,0
mfcc_2_mean,0.05894922837615013,7,0
mfcc_14_std,0.05726451799273491,7,0
mfcc_2_p10,0.05253378301858902,7,0
mfcc_15_std,0.05092770233750343,7,0
dominant_frequency,0.028435470536351204,7,0
flatness_std,0.02753494121134281,7,0
rms_p10,0.02481253817677498,7,0
rolloff85_mean,0.01972058229148388,7,0
mfcc_11_p10,0.018306627869606018,7,0
contrast_0_p10,0.01784958690404892,7,0
mfcc_delta_0_std,0.0163015928119421,7,0
rms_mean,0.01590699516236782,7,0
rms_p90,0.014822210185229778,7,0
centroid_p90,0.011758381500840187,7,0
centroid_p10,0.011018914170563221,7,0
contrast_0_mean,0.010087689384818077,7,0
contrast_5_p10,0.009563679806888103,7,0
spectral_entropy_mean,0.00945636723190546,7,0
mfcc_4_mean,0.009244360029697418,7,0
mfcc_1_mean,0.008689475245773792,7,0
contrast_5_mean,0.008662998676300049,7,0
mfcc_2_p90,0.008576637133955956,7,0
contrast_2_std,0.008549926802515984,7,0
mfcc_delta_1_p10,0.008363962173461914,7,0
zero_crossing_rate_p90,0.00785311684012413,7,0
flatness_p90,0.0077018896117806435,7,0
mfcc_delta_7_p10,0.0072127836756408215,7,0
mfcc_12_mean,0.00710457656532526,7,0
mfcc_delta_6_std,0.006657434161752462,7,0
mfcc_19_mean,0.006585777271538973,7,0
mfcc_13_std,0.006343391723930836,7,0
contrast_3_p90,0.006276255007833242,7,0
contrast_1_mean,0.0062137567438185215,7,0
rms_std,0.006137040443718433,7,0
mfcc_9_p90,0.005941411480307579,7,0
zero_crossing_rate_std,0.005894756875932217,7,0
mfcc_0_p10,0.005771882366389036,7,0
mfcc_12_p90,0.005720181856304407,7,0
mfcc_1_std,0.005618243012577295,7,0
contrast_1_p10,0.0055956970900297165,7,0
mfcc_delta_8_p10,0.005548321641981602,7,0
contrast_4_mean,0.005455969832837582,7,0
rolloff85_p10,0.005335563328117132,7,0
mfcc_4_p10,0.005207279697060585,7,0
contrast_3_mean,0.005178423598408699,7,0
mfcc_delta_6_p90,0.005173901561647654,7,0
flatness_mean,0.005093407351523638,7,0
zero_crossing_rate_p10,0.0049637844786047935,7,0
mfcc_delta_0_p10,0.004963397514075041,7,0
mfcc_3_p10,0.004926451947540045,7,0
mfcc_delta_4_p90,0.004658589605242014,7,0
contrast_0_std,0.0045393346808850765,7,0
mfcc_3_mean,0.004491238854825497,7,0
mfcc_5_p10,0.004307162016630173,7,0
spectral_entropy_p10,0.004250268451869488,7,0
mfcc_6_mean,0.004168701358139515,7,0
mfcc_14_p10,0.004139255732297897,7,0
contrast_3_std,0.004138960037380457,7,0
spectral_entropy_p90,0.004083364736288786,7,0
mfcc_2_p10,0.13934485614299774,7,1
mfcc_16_std,0.08567090332508087,7,1
contrast_2_std,0.07849990576505661,7,1
mfcc_14_std,0.0691857561469078,7,1
mfcc_15_std,0.060888100415468216,7,1
rms_p10,0.03176863491535187,7,1
mfcc_delta_0_std,0.031159259378910065,7,1
mfcc_2_mean,0.027069013565778732,7,1
mfcc_15_p90,0.01650671474635601,7,1
contrast_0_p10,0.015572094358503819,7,1
mfcc_3_std,0.013916179537773132,7,1
spectral_entropy_p90,0.012964287772774696,7,1
flatness_std,0.012944849207997322,7,1
bandwidth_mean,0.012939225882291794,7,1
mfcc_6_p10,0.012651829980313778,7,1
mfcc_8_p90,0.012312984094023705,7,1
contrast_2_p90,0.01091674342751503,7,1
mfcc_3_p10,0.010144839994609356,7,1
mfcc_2_p90,0.009997204877436161,7,1
dominant_frequency,0.008268162608146667,7,1
flatness_p90,0.007755056023597717,7,1
mfcc_1_p90,0.007733636070042849,7,1
mfcc_1_p10,0.007063450291752815,7,1
rms_p90,0.006902261637151241,7,1
zero_crossing_rate_std,0.006354667712002993,7,1
mfcc_12_p10,0.006248827092349529,7,1
mfcc_13_std,0.006225304678082466,7,1
mfcc_1_mean,0.005847737658768892,7,1
spectral_entropy_p10,0.005734276957809925,7,1
mfcc_9_p90,0.005727946292608976,7,1
rolloff85_mean,0.005572230089455843,7,1
spectral_entropy_mean,0.005457513500005007,7,1
contrast_5_p10,0.005365466233342886,7,1
contrast_0_mean,0.0051599955186247826,7,1
mfcc_11_p10,0.005098472815006971,7,1
mfcc_delta_0_p10,0.004987974651157856,7,1
mfcc_9_mean,0.004908522590994835,7,1
contrast_4_mean,0.004857331980019808,7,1
mfcc_0_p10,0.004791764076799154,7,1
mfcc_19_p90,0.004725092556327581,7,1
bandwidth_p90,0.004712351132184267,7,1
rms_std,0.004646753892302513,7,1
centroid_p90,0.004596065264195204,7,1
mfcc_18_std,0.0045807454735040665,7,1
contrast_5_p90,0.004571816418319941,7,1
mfcc_4_mean,0.004106194246560335,7,1
rms_mean,0.003868857864290476,7,1
mfcc_7_p90,0.003807856934145093,7,1
mfcc_3_mean,0.0037504646461457014,7,1
mfcc_17_std,0.0036351431626826525,7,1
contrast_0_p90,0.0033858001697808504,7,1
zero_crossing_rate_p90,0.003309229388833046,7,1
mfcc_0_std,0.0032399152405560017,7,1
bandwidth_p10,0.0031962362118065357,7,1
contrast_5_mean,0.0031936303712427616,7,1
mfcc_0_mean,0.0030929080676287413,7,1
bandwidth_std,0.003071987070143223,7,1
mfcc_5_mean,0.0029780082404613495,7,1
rolloff85_std,0.002977535128593445,7,1
zero_crossing_rate_p10,0.0029037361964583397,7,1
mfcc_15_std,0.12571962177753448,7,2
contrast_0_p10,0.10740822553634644,7,2
mfcc_16_std,0.06506959348917007,7,2
mfcc_1_p10,0.05272301658987999,7,2
mfcc_14_std,0.04047808423638344,7,2
contrast_0_p90,0.03355258330702782,7,2
rolloff85_p90,0.03087100014090538,7,2
contrast_0_mean,0.02496478706598282,7,2
rms_mean,0.02379261888563633,7,2
spectral_entropy_p10,0.02288230136036873,7,2
rms_p10,0.021546415984630585,7,2
contrast_5_p90,0.019977884367108345,7,2
contrast_4_mean,0.01795746386051178,7,2
mfcc_5_mean,0.016694489866495132,7,2
mfcc_delta_7_std,0.016082139685750008,7,2
mfcc_3_p10,0.01606174372136593,7,2
contrast_5_mean,0.01458545308560133,7,2
zero_crossing_rate_std,0.01391210500150919,7,2
contrast_0_std,0.012128330767154694,7,2
contrast_5_p10,0.010859458707273006,7,2
mfcc_6_p10,0.010496566072106361,7,2
spectral_entropy_mean,0.010165361687541008,7,2
mfcc_3_mean,0.009237883612513542,7,2
dominant_frequency_ratio,0.009030984714627266,7,2
mfcc_1_mean,0.008535396307706833,7,2
mfcc_3_p90,0.0072203585878014565,7,2
mfcc_2_p10,0.007083578035235405,7,2
mfcc_delta_8_std,0.007058498449623585,7,2
bandwidth_mean,0.006746293511241674,7,2
dominant_frequency,0.006282599177211523,7,2
mfcc_5_p10,0.005879050120711327,7,2
bandwidth_p90,0.005540373735129833,7,2
contrast_4_p90,0.0054715159349143505,7,2
flatness_std,0.005193941295146942,7,2
mfcc_0_p90,0.005105891264975071,7,2
rms_std,0.004914280958473682,7,2
zero_crossing_rate_p10,0.004626123700290918,7,2
contrast_2_std,0.004511028062552214,7,2
bandwidth_p10,0.004476144444197416,7,2
zero_crossing_rate_p90,0.004402561578899622,7,2
mfcc_1_p90,0.004322508350014687,7,2
mfcc_11_p90,0.004126621410250664,7,2
mfcc_2_p90,0.0038628559559583664,7,2
mfcc_2_mean,0.0036887647584080696,7,2
mfcc_0_mean,0.003630370832979679,7,2
mfcc_4_mean,0.0035789362154901028,7,2
mfcc_11_mean,0.003345689969137311,7,2
flatness_mean,0.0033214541617780924,7,2
mfcc_17_std,0.0032742428593337536,7,2
rolloff85_std,0.0031570515129715204,7,2
rms_p90,0.0031278764363378286,7,2
mfcc_12_mean,0.0031163818202912807,7,2
centroid_p90,0.0030635949224233627,7,2
mfcc_delta_4_std,0.003009744454175234,7,2
mfcc_3_std,0.0030036503449082375,7,2
contrast_1_p10,0.002946839900687337,7,2
mfcc_0_std,0.0028637535870075226,7,2
mfcc_9_mean,0.0027723757084459066,7,2
centroid_p10,0.0027395139914005995,7,2
mfcc_17_p90,0.002716499613597989,7,2
mfcc_15_std,0.11440049111843109,7,3
mfcc_16_std,0.09348057210445404,7,3
dominant_frequency,0.07408073544502258,7,3
contrast_0_mean,0.044601600617170334,7,3
rolloff85_mean,0.03768399357795715,7,3
rms_p10,0.03730829805135727,7,3
mfcc_14_std,0.0372866615653038,7,3
mfcc_13_std,0.02724531851708889,7,3
flatness_p10,0.021552570164203644,7,3
spectral_entropy_mean,0.021036678925156593,7,3
zero_crossing_rate_std,0.020485013723373413,7,3
flatness_std,0.02011348120868206,7,3
contrast_2_std,0.01664240099489689,7,3
mfcc_delta_8_std,0.016220787540078163,7,3
mfcc_delta_7_p10,0.01596960984170437,7,3
spectral_entropy_p90,0.01096768956631422,7,3
contrast_0_std,0.010917832143604755,7,3
mfcc_delta_7_std,0.010379071347415447,7,3
mfcc_2_mean,0.0103690717369318,7,3
rms_std,0.010358601808547974,7,3
contrast_0_p10,0.010314306244254112,7,3
flatness_p90,0.009891681373119354,7,3
mfcc_2_p90,0.00972102489322424,7,3
dominant_frequency_ratio,0.009708854369819164,7,3
spectral_entropy_p10,0.009025203995406628,7,3
mfcc_delta_0_std,0.009000318124890327,7,3
contrast_0_p90,0.007949641905725002,7,3
mfcc_delta_0_p10,0.007000289857387543,7,3
zero_crossing_rate_p10,0.006473170127719641,7,3
mfcc_18_std,0.006270118523389101,7,3
mfcc_1_p10,0.005816927645355463,7,3
rms_mean,0.005713841412216425,7,3
rolloff85_p90,0.005577621981501579,7,3
contrast_5_mean,0.005318688694387674,7,3
mfcc_1_std,0.0051846737042069435,7,3
centroid_mean,0.005078474525362253,7,3
contrast_3_std,0.0049898698925971985,7,3
contrast_4_p90,0.004890904761850834,7,3
bandwidth_p90,0.0048805768601596355,7,3
mfcc_11_mean,0.004777864087373018,7,3
contrast_4_mean,0.004707886837422848,7,3
mfcc_3_p90,0.004456863272935152,7,3
rms_p90,0.004373941104859114,7,3
contrast_5_p10,0.004272473976016045,7,3
mfcc_1_p90,0.004195143934339285,7,3
mfcc_4_p10,0.004019780550152063,7,3
mfcc_3_p10,0.004005901515483856,7,3
bandwidth_mean,0.003996618092060089,7,3
mfcc_8_p90,0.003942514769732952,7,3
contrast_3_p10,0.0037471968680620193,7,3
mfcc_delta_10_p10,0.0036875202786177397,7,3
contrast_5_p90,0.0036635876167565584,7,3
zero_crossing_rate_p90,0.0033696922473609447,7,3
centroid_std,0.0032888019923120737,7,3
mfcc_5_p90,0.0032202641014009714,7,3
mfcc_3_mean,0.0031730434857308865,7,3
mfcc_0_p10,0.003046613885089755,7,3
contrast_2_p90,0.0030440418049693108,7,3
mfcc_1_mean,0.0030131081584841013,7,3
contrast_3_mean,0.0029963154811412096,7,3
mfcc_16_std,0.14471611380577087,7,4
contrast_2_p90,0.07092969864606857,7,4
contrast_0_p10,0.05901481211185455,7,4
mfcc_2_p10,0.04553935304284096,7,4
mfcc_15_std,0.032970741391181946,7,4
contrast_2_std,0.032758425921201706,7,4
mfcc_delta_6_p90,0.02946426346898079,7,4
mfcc_8_mean,0.028637660667300224,7,4
contrast_0_mean,0.028351977467536926,7,4
centroid_p90,0.021387238055467606,7,4
mfcc_1_p10,0.02033240534365177,7,4
flatness_p90,0.019564853981137276,7,4
mfcc_8_p90,0.01895950548350811,7,4
flatness_p10,0.01850409433245659,7,4
mfcc_delta_8_std,0.016029318794608116,7,4
mfcc_14_std,0.016017673537135124,7,4
flatness_std,0.014785711653530598,7,4
rms_p10,0.01328715868294239,7,4
zero_crossing_rate_std,0.012949039228260517,7,4
dominant_frequency_ratio,0.010649988427758217,7,4
rms_mean,0.0106358015909791,7,4
mfcc_0_std,0.009671062231063843,7,4
contrast_5_mean,0.007936873473227024,7,4
contrast_0_std,0.007547741290181875,7,4
mfcc_2_p90,0.007177581079304218,7,4
contrast_0_p90,0.007061897311359644,7,4
spectral_entropy_p90,0.0065838973969221115,7,4
zero_crossing_rate_p10,0.006557363551110029,7,4
mfcc_delta_7_std,0.006364376749843359,7,4
mfcc_3_mean,0.006361352279782295,7,4
rolloff85_p90,0.006200919859111309,7,4
mfcc_12_p90,0.005995346233248711,7,4
mfcc_6_p10,0.005916391499340534,7,4
mfcc_3_p90,0.005894073750823736,7,4
rms_p90,0.00543013634160161,7,4
spectral_entropy_mean,0.005261827260255814,7,4
mfcc_2_mean,0.005158628337085247,7,4
mfcc_delta_0_std,0.005079631693661213,7,4
contrast_5_p10,0.0050576175563037395,7,4
mfcc_delta_6_p10,0.00494321109727025,7,4
zero_crossing_rate_p90,0.004656709730625153,7,4
mfcc_11_mean,0.0043832384981215,7,4
contrast_1_p10,0.004148196894675493,7,4
mfcc_18_p90,0.004116716329008341,7,4
mfcc_3_p10,0.003986372146755457,7,4
mfcc_0_mean,0.003963010385632515,7,4
mfcc_11_p90,0.0037797284312546253,7,4
mfcc_7_p90,0.003758304286748171,7,4
mfcc_0_p10,0.003561292542144656,7,4
mfcc_delta_5_p10,0.0035113198682665825,7,4
mfcc_1_mean,0.003500064369291067,7,4
bandwidth_p90,0.003488569986075163,7,4
mfcc_4_p10,0.003460809588432312,7,4
contrast_4_mean,0.003437796840444207,7,4
mfcc_4_p90,0.003267840249463916,7,4
mfcc_delta_16_std,0.003246978623792529,7,4
contrast_5_p90,0.0031974005978554487,7,4
spectral_entropy_p10,0.0031855828128755093,7,4
dominant_frequency,0.003167797112837434,7,4
mfcc_4_mean,0.0030848912429064512,7,4
mfcc_16_std,0.12217047065496445,8,0
mfcc_2_mean,0.05894922837615013,8,0
mfcc_14_std,0.05726451799273491,8,0
mfcc_2_p10,0.05253378301858902,8,0
mfcc_15_std,0.05092770233750343,8,0
dominant_frequency,0.028435470536351204,8,0
flatness_std,0.02753494121134281,8,0
rms_p10,0.02481253817677498,8,0
rolloff85_mean,0.01972058229148388,8,0
mfcc_11_p10,0.018306627869606018,8,0
contrast_0_p10,0.01784958690404892,8,0
mfcc_delta_0_std,0.0163015928119421,8,0
rms_mean,0.01590699516236782,8,0
rms_p90,0.014822210185229778,8,0
centroid_p90,0.011758381500840187,8,0
centroid_p10,0.011018914170563221,8,0
contrast_0_mean,0.010087689384818077,8,0
contrast_5_p10,0.009563679806888103,8,0
spectral_entropy_mean,0.00945636723190546,8,0
mfcc_4_mean,0.009244360029697418,8,0
mfcc_1_mean,0.008689475245773792,8,0
contrast_5_mean,0.008662998676300049,8,0
mfcc_2_p90,0.008576637133955956,8,0
contrast_2_std,0.008549926802515984,8,0
mfcc_delta_1_p10,0.008363962173461914,8,0
zero_crossing_rate_p90,0.00785311684012413,8,0
flatness_p90,0.0077018896117806435,8,0
mfcc_delta_7_p10,0.0072127836756408215,8,0
mfcc_12_mean,0.00710457656532526,8,0
mfcc_delta_6_std,0.006657434161752462,8,0
mfcc_19_mean,0.006585777271538973,8,0
mfcc_13_std,0.006343391723930836,8,0
contrast_3_p90,0.006276255007833242,8,0
contrast_1_mean,0.0062137567438185215,8,0
rms_std,0.006137040443718433,8,0
mfcc_9_p90,0.005941411480307579,8,0
zero_crossing_rate_std,0.005894756875932217,8,0
mfcc_0_p10,0.005771882366389036,8,0
mfcc_12_p90,0.005720181856304407,8,0
mfcc_1_std,0.005618243012577295,8,0
contrast_1_p10,0.0055956970900297165,8,0
mfcc_delta_8_p10,0.005548321641981602,8,0
contrast_4_mean,0.005455969832837582,8,0
rolloff85_p10,0.005335563328117132,8,0
mfcc_4_p10,0.005207279697060585,8,0
contrast_3_mean,0.005178423598408699,8,0
mfcc_delta_6_p90,0.005173901561647654,8,0
flatness_mean,0.005093407351523638,8,0
zero_crossing_rate_p10,0.0049637844786047935,8,0
mfcc_delta_0_p10,0.004963397514075041,8,0
mfcc_3_p10,0.004926451947540045,8,0
mfcc_delta_4_p90,0.004658589605242014,8,0
contrast_0_std,0.0045393346808850765,8,0
mfcc_3_mean,0.004491238854825497,8,0
mfcc_5_p10,0.004307162016630173,8,0
spectral_entropy_p10,0.004250268451869488,8,0
mfcc_6_mean,0.004168701358139515,8,0
mfcc_14_p10,0.004139255732297897,8,0
contrast_3_std,0.004138960037380457,8,0
spectral_entropy_p90,0.004083364736288786,8,0
mfcc_2_p10,0.13934485614299774,8,1
mfcc_16_std,0.08567090332508087,8,1
contrast_2_std,0.07849990576505661,8,1
mfcc_14_std,0.0691857561469078,8,1
mfcc_15_std,0.060888100415468216,8,1
rms_p10,0.03176863491535187,8,1
mfcc_delta_0_std,0.031159259378910065,8,1
mfcc_2_mean,0.027069013565778732,8,1
mfcc_15_p90,0.01650671474635601,8,1
contrast_0_p10,0.015572094358503819,8,1
mfcc_3_std,0.013916179537773132,8,1
spectral_entropy_p90,0.012964287772774696,8,1
flatness_std,0.012944849207997322,8,1
bandwidth_mean,0.012939225882291794,8,1
mfcc_6_p10,0.012651829980313778,8,1
mfcc_8_p90,0.012312984094023705,8,1
contrast_2_p90,0.01091674342751503,8,1
mfcc_3_p10,0.010144839994609356,8,1
mfcc_2_p90,0.009997204877436161,8,1
dominant_frequency,0.008268162608146667,8,1
flatness_p90,0.007755056023597717,8,1
mfcc_1_p90,0.007733636070042849,8,1
mfcc_1_p10,0.007063450291752815,8,1
rms_p90,0.006902261637151241,8,1
zero_crossing_rate_std,0.006354667712002993,8,1
mfcc_12_p10,0.006248827092349529,8,1
mfcc_13_std,0.006225304678082466,8,1
mfcc_1_mean,0.005847737658768892,8,1
spectral_entropy_p10,0.005734276957809925,8,1
mfcc_9_p90,0.005727946292608976,8,1
rolloff85_mean,0.005572230089455843,8,1
spectral_entropy_mean,0.005457513500005007,8,1
contrast_5_p10,0.005365466233342886,8,1
contrast_0_mean,0.0051599955186247826,8,1
mfcc_11_p10,0.005098472815006971,8,1
mfcc_delta_0_p10,0.004987974651157856,8,1
mfcc_9_mean,0.004908522590994835,8,1
contrast_4_mean,0.004857331980019808,8,1
mfcc_0_p10,0.004791764076799154,8,1
mfcc_19_p90,0.004725092556327581,8,1
bandwidth_p90,0.004712351132184267,8,1
rms_std,0.004646753892302513,8,1
centroid_p90,0.004596065264195204,8,1
mfcc_18_std,0.0045807454735040665,8,1
contrast_5_p90,0.004571816418319941,8,1
mfcc_4_mean,0.004106194246560335,8,1
rms_mean,0.003868857864290476,8,1
mfcc_7_p90,0.003807856934145093,8,1
mfcc_3_mean,0.0037504646461457014,8,1
mfcc_17_std,0.0036351431626826525,8,1
contrast_0_p90,0.0033858001697808504,8,1
zero_crossing_rate_p90,0.003309229388833046,8,1
mfcc_0_std,0.0032399152405560017,8,1
bandwidth_p10,0.0031962362118065357,8,1
contrast_5_mean,0.0031936303712427616,8,1
mfcc_0_mean,0.0030929080676287413,8,1
bandwidth_std,0.003071987070143223,8,1
mfcc_5_mean,0.0029780082404613495,8,1
rolloff85_std,0.002977535128593445,8,1
zero_crossing_rate_p10,0.0029037361964583397,8,1
mfcc_15_std,0.12571962177753448,8,2
contrast_0_p10,0.10740822553634644,8,2
mfcc_16_std,0.06506959348917007,8,2
mfcc_1_p10,0.05272301658987999,8,2
mfcc_14_std,0.04047808423638344,8,2
contrast_0_p90,0.03355258330702782,8,2
rolloff85_p90,0.03087100014090538,8,2
contrast_0_mean,0.02496478706598282,8,2
rms_mean,0.02379261888563633,8,2
spectral_entropy_p10,0.02288230136036873,8,2
rms_p10,0.021546415984630585,8,2
contrast_5_p90,0.019977884367108345,8,2
contrast_4_mean,0.01795746386051178,8,2
mfcc_5_mean,0.016694489866495132,8,2
mfcc_delta_7_std,0.016082139685750008,8,2
mfcc_3_p10,0.01606174372136593,8,2
contrast_5_mean,0.01458545308560133,8,2
zero_crossing_rate_std,0.01391210500150919,8,2
contrast_0_std,0.012128330767154694,8,2
contrast_5_p10,0.010859458707273006,8,2
mfcc_6_p10,0.010496566072106361,8,2
spectral_entropy_mean,0.010165361687541008,8,2
mfcc_3_mean,0.009237883612513542,8,2
dominant_frequency_ratio,0.009030984714627266,8,2
mfcc_1_mean,0.008535396307706833,8,2
mfcc_3_p90,0.0072203585878014565,8,2
mfcc_2_p10,0.007083578035235405,8,2
mfcc_delta_8_std,0.007058498449623585,8,2
bandwidth_mean,0.006746293511241674,8,2
dominant_frequency,0.006282599177211523,8,2
mfcc_5_p10,0.005879050120711327,8,2
bandwidth_p90,0.005540373735129833,8,2
contrast_4_p90,0.0054715159349143505,8,2
flatness_std,0.005193941295146942,8,2
mfcc_0_p90,0.005105891264975071,8,2
rms_std,0.004914280958473682,8,2
zero_crossing_rate_p10,0.004626123700290918,8,2
contrast_2_std,0.004511028062552214,8,2
bandwidth_p10,0.004476144444197416,8,2
zero_crossing_rate_p90,0.004402561578899622,8,2
mfcc_1_p90,0.004322508350014687,8,2
mfcc_11_p90,0.004126621410250664,8,2
mfcc_2_p90,0.0038628559559583664,8,2
mfcc_2_mean,0.0036887647584080696,8,2
mfcc_0_mean,0.003630370832979679,8,2
mfcc_4_mean,0.0035789362154901028,8,2
mfcc_11_mean,0.003345689969137311,8,2
flatness_mean,0.0033214541617780924,8,2
mfcc_17_std,0.0032742428593337536,8,2
rolloff85_std,0.0031570515129715204,8,2
rms_p90,0.0031278764363378286,8,2
mfcc_12_mean,0.0031163818202912807,8,2
centroid_p90,0.0030635949224233627,8,2
mfcc_delta_4_std,0.003009744454175234,8,2
mfcc_3_std,0.0030036503449082375,8,2
contrast_1_p10,0.002946839900687337,8,2
mfcc_0_std,0.0028637535870075226,8,2
mfcc_9_mean,0.0027723757084459066,8,2
centroid_p10,0.0027395139914005995,8,2
mfcc_17_p90,0.002716499613597989,8,2
mfcc_15_std,0.12980960309505463,8,3
dominant_frequency,0.0990028977394104,8,3
mfcc_16_std,0.09162304550409317,8,3
rms_p10,0.040168941020965576,8,3
mfcc_14_std,0.02983485534787178,8,3
mfcc_delta_7_std,0.025515912100672722,8,3
zero_crossing_rate_std,0.023476097732782364,8,3
flatness_std,0.019856669008731842,8,3
flatness_p10,0.01976645179092884,8,3
mfcc_delta_7_p90,0.018447009846568108,8,3
contrast_0_mean,0.018029889091849327,8,3
mfcc_13_std,0.017403898760676384,8,3
contrast_0_p10,0.015426188707351685,8,3
rms_std,0.014712619595229626,8,3
contrast_0_std,0.013885189779102802,8,3
mfcc_delta_6_std,0.012918009422719479,8,3
dominant_frequency_ratio,0.012245755642652512,8,3
mfcc_delta_0_p10,0.01198664028197527,8,3
contrast_2_std,0.01000731810927391,8,3
spectral_entropy_mean,0.009111281484365463,8,3
flatness_p90,0.008952673524618149,8,3
mfcc_4_p10,0.008811675012111664,8,3
bandwidth_mean,0.008774284273386002,8,3
mfcc_delta_2_std,0.007933798246085644,8,3
mfcc_delta_0_std,0.007896384224295616,8,3
rms_mean,0.007839404046535492,8,3
rolloff85_p90,0.007659379858523607,8,3
mfcc_2_mean,0.007307795807719231,8,3
mfcc_2_p90,0.007095059379935265,8,3
spectral_entropy_p90,0.007019893266260624,8,3
spectral_entropy_p10,0.006875515449792147,8,3
contrast_0_p90,0.006853207480162382,8,3
mfcc_delta_7_p10,0.00674102921038866,8,3
mfcc_7_p90,0.00649169972166419,8,3
mfcc_11_mean,0.006380670238286257,8,3
contrast_5_mean,0.00585901876911521,8,3
mfcc_delta_9_p10,0.005502322688698769,8,3
mfcc_18_std,0.005291599780321121,8,3
contrast_4_mean,0.0051810177974402905,8,3
mfcc_12_p90,0.0051278481259942055,8,3
rms_p90,0.004892074037343264,8,3
mfcc_1_std,0.0046429880894720554,8,3
mfcc_delta_4_std,0.004499259404838085,8,3
mfcc_0_p10,0.004360096994787455,8,3
contrast_5_p90,0.004338435363024473,8,3
zero_crossing_rate_p10,0.004134215414524078,8,3
mfcc_4_mean,0.003937325906008482,8,3
contrast_4_p90,0.00390829611569643,8,3
mfcc_11_p90,0.0037211994640529156,8,3
bandwidth_p90,0.0036542098969221115,8,3
contrast_1_mean,0.00362427462823689,8,3
mfcc_19_p90,0.0035970129538327456,8,3
flatness_mean,0.0035381456837058067,8,3
mfcc_1_p10,0.0035051926970481873,8,3
mfcc_3_p90,0.0034989153500646353,8,3
contrast_3_std,0.00349626038223505,8,3
mfcc_3_mean,0.0032675203401595354,8,3
rolloff85_mean,0.0032021040096879005,8,3
zero_crossing_rate_p90,0.0031949204858392477,8,3
mfcc_5_p90,0.0031799410935491323,8,3
mfcc_16_std,0.14131774008274078,8,4
contrast_2_p90,0.07384929060935974,8,4
contrast_0_p10,0.07078664749860764,8,4
contrast_0_mean,0.04923754557967186,8,4
mfcc_delta_8_std,0.03108346462249756,8,4
mfcc_2_p10,0.02707507647573948,8,4
rolloff85_mean,0.024624185636639595,8,4
mfcc_delta_7_std,0.02446167916059494,8,4
mfcc_8_mean,0.024067064747214317,8,4
contrast_2_std,0.023928968235850334,8,4
zero_crossing_rate_std,0.02232755720615387,8,4
flatness_p90,0.022299960255622864,8,4
flatness_std,0.020608408376574516,8,4
mfcc_15_std,0.019626537337899208,8,4
mfcc_14_std,0.015264066867530346,8,4
mfcc_1_p10,0.01487527322024107,8,4
spectral_entropy_p90,0.01402294635772705,8,4
dominant_frequency_ratio,0.013862925581634045,8,4
centroid_p90,0.010653235949575901,8,4
mfcc_3_p90,0.010081503540277481,8,4
centroid_p10,0.009898894466459751,8,4
flatness_p10,0.009843927808105946,8,4
contrast_0_std,0.009780600666999817,8,4
rms_mean,0.009747914038598537,8,4
mfcc_0_std,0.008524713106453419,8,4
mfcc_2_p90,0.007575840689241886,8,4
mfcc_2_mean,0.007106606848537922,8,4
rms_p10,0.006904555484652519,8,4
spectral_entropy_mean,0.006585936527699232,8,4
contrast_0_p90,0.00649678148329258,8,4
flatness_mean,0.0060862768441438675,8,4
mfcc_delta_7_p10,0.00586801627650857,8,4
mfcc_delta_15_p10,0.005747369956225157,8,4
zero_crossing_rate_p10,0.005727986339479685,8,4
mfcc_delta_0_std,0.005633413325995207,8,4
mfcc_delta_5_std,0.005604095757007599,8,4
rms_p90,0.005520536098629236,8,4
rolloff85_p10,0.005366309080272913,8,4
mfcc_8_p90,0.0053640129044651985,8,4
mfcc_3_mean,0.005176315549761057,8,4
rolloff85_p90,0.004922335967421532,8,4
mfcc_1_mean,0.004699282813817263,8,4
contrast_5_p90,0.004621997009962797,8,4
rms_std,0.004292769823223352,8,4
mfcc_14_mean,0.004124755039811134,8,4
spectral_entropy_p10,0.003948605619370937,8,4
mfcc_1_p90,0.003872743807733059,8,4
contrast_2_p10,0.0038267287891358137,8,4
mfcc_0_mean,0.0037786229513585567,8,4
bandwidth_p90,0.003715540049597621,8,4
mfcc_0_p10,0.003591376356780529,8,4
mfcc_7_p90,0.0034613474272191525,8,4
mfcc_delta_7_p90,0.0034406613558530807,8,4
mfcc_0_p90,0.0033657131716609,8,4
mfcc_18_p90,0.0031755443196743727,8,4
contrast_4_mean,0.003118055174127221,8,4
mfcc_delta_2_p10,0.0030431344639509916,8,4
contrast_3_mean,0.0030369539745151997,8,4
mfcc_4_p10,0.003007925348356366,8,4
mfcc_14_p90,0.002981507917866111,8,4
mfcc_16_std,0.12217047065496445,9,0
mfcc_2_mean,0.05894922837615013,9,0
mfcc_14_std,0.05726451799273491,9,0
mfcc_2_p10,0.05253378301858902,9,0
mfcc_15_std,0.05092770233750343,9,0
dominant_frequency,0.028435470536351204,9,0
flatness_std,0.02753494121134281,9,0
rms_p10,0.02481253817677498,9,0
rolloff85_mean,0.01972058229148388,9,0
mfcc_11_p10,0.018306627869606018,9,0
contrast_0_p10,0.01784958690404892,9,0
mfcc_delta_0_std,0.0163015928119421,9,0
rms_mean,0.01590699516236782,9,0
rms_p90,0.014822210185229778,9,0
centroid_p90,0.011758381500840187,9,0
centroid_p10,0.011018914170563221,9,0
contrast_0_mean,0.010087689384818077,9,0
contrast_5_p10,0.009563679806888103,9,0
spectral_entropy_mean,0.00945636723190546,9,0
mfcc_4_mean,0.009244360029697418,9,0
mfcc_1_mean,0.008689475245773792,9,0
contrast_5_mean,0.008662998676300049,9,0
mfcc_2_p90,0.008576637133955956,9,0
contrast_2_std,0.008549926802515984,9,0
mfcc_delta_1_p10,0.008363962173461914,9,0
zero_crossing_rate_p90,0.00785311684012413,9,0
flatness_p90,0.0077018896117806435,9,0
mfcc_delta_7_p10,0.0072127836756408215,9,0
mfcc_12_mean,0.00710457656532526,9,0
mfcc_delta_6_std,0.006657434161752462,9,0
mfcc_19_mean,0.006585777271538973,9,0
mfcc_13_std,0.006343391723930836,9,0
contrast_3_p90,0.006276255007833242,9,0
contrast_1_mean,0.0062137567438185215,9,0
rms_std,0.006137040443718433,9,0
mfcc_9_p90,0.005941411480307579,9,0
zero_crossing_rate_std,0.005894756875932217,9,0
mfcc_0_p10,0.005771882366389036,9,0
mfcc_12_p90,0.005720181856304407,9,0
mfcc_1_std,0.005618243012577295,9,0
contrast_1_p10,0.0055956970900297165,9,0
mfcc_delta_8_p10,0.005548321641981602,9,0
contrast_4_mean,0.005455969832837582,9,0
rolloff85_p10,0.005335563328117132,9,0
mfcc_4_p10,0.005207279697060585,9,0
contrast_3_mean,0.005178423598408699,9,0
mfcc_delta_6_p90,0.005173901561647654,9,0
flatness_mean,0.005093407351523638,9,0
zero_crossing_rate_p10,0.0049637844786047935,9,0
mfcc_delta_0_p10,0.004963397514075041,9,0
mfcc_3_p10,0.004926451947540045,9,0
mfcc_delta_4_p90,0.004658589605242014,9,0
contrast_0_std,0.0045393346808850765,9,0
mfcc_3_mean,0.004491238854825497,9,0
mfcc_5_p10,0.004307162016630173,9,0
spectral_entropy_p10,0.004250268451869488,9,0
mfcc_6_mean,0.004168701358139515,9,0
mfcc_14_p10,0.004139255732297897,9,0
contrast_3_std,0.004138960037380457,9,0
spectral_entropy_p90,0.004083364736288786,9,0
mfcc_2_p10,0.13934485614299774,9,1
mfcc_16_std,0.08567090332508087,9,1
contrast_2_std,0.07849990576505661,9,1
mfcc_14_std,0.0691857561469078,9,1
mfcc_15_std,0.060888100415468216,9,1
rms_p10,0.03176863491535187,9,1
mfcc_delta_0_std,0.031159259378910065,9,1
mfcc_2_mean,0.027069013565778732,9,1
mfcc_15_p90,0.01650671474635601,9,1
contrast_0_p10,0.015572094358503819,9,1
mfcc_3_std,0.013916179537773132,9,1
spectral_entropy_p90,0.012964287772774696,9,1
flatness_std,0.012944849207997322,9,1
bandwidth_mean,0.012939225882291794,9,1
mfcc_6_p10,0.012651829980313778,9,1
mfcc_8_p90,0.012312984094023705,9,1
contrast_2_p90,0.01091674342751503,9,1
mfcc_3_p10,0.010144839994609356,9,1
mfcc_2_p90,0.009997204877436161,9,1
dominant_frequency,0.008268162608146667,9,1
flatness_p90,0.007755056023597717,9,1
mfcc_1_p90,0.007733636070042849,9,1
mfcc_1_p10,0.007063450291752815,9,1
rms_p90,0.006902261637151241,9,1
zero_crossing_rate_std,0.006354667712002993,9,1
mfcc_12_p10,0.006248827092349529,9,1
mfcc_13_std,0.006225304678082466,9,1
mfcc_1_mean,0.005847737658768892,9,1
spectral_entropy_p10,0.005734276957809925,9,1
mfcc_9_p90,0.005727946292608976,9,1
rolloff85_mean,0.005572230089455843,9,1
spectral_entropy_mean,0.005457513500005007,9,1
contrast_5_p10,0.005365466233342886,9,1
contrast_0_mean,0.0051599955186247826,9,1
mfcc_11_p10,0.005098472815006971,9,1
mfcc_delta_0_p10,0.004987974651157856,9,1
mfcc_9_mean,0.004908522590994835,9,1
contrast_4_mean,0.004857331980019808,9,1
mfcc_0_p10,0.004791764076799154,9,1
mfcc_19_p90,0.004725092556327581,9,1
bandwidth_p90,0.004712351132184267,9,1
rms_std,0.004646753892302513,9,1
centroid_p90,0.004596065264195204,9,1
mfcc_18_std,0.0045807454735040665,9,1
contrast_5_p90,0.004571816418319941,9,1
mfcc_4_mean,0.004106194246560335,9,1
rms_mean,0.003868857864290476,9,1
mfcc_7_p90,0.003807856934145093,9,1
mfcc_3_mean,0.0037504646461457014,9,1
mfcc_17_std,0.0036351431626826525,9,1
contrast_0_p90,0.0033858001697808504,9,1
zero_crossing_rate_p90,0.003309229388833046,9,1
mfcc_0_std,0.0032399152405560017,9,1
bandwidth_p10,0.0031962362118065357,9,1
contrast_5_mean,0.0031936303712427616,9,1
mfcc_0_mean,0.0030929080676287413,9,1
bandwidth_std,0.003071987070143223,9,1
mfcc_5_mean,0.0029780082404613495,9,1
rolloff85_std,0.002977535128593445,9,1
zero_crossing_rate_p10,0.0029037361964583397,9,1
mfcc_15_std,0.12571962177753448,9,2
contrast_0_p10,0.10740822553634644,9,2
mfcc_16_std,0.06506959348917007,9,2
mfcc_1_p10,0.05272301658987999,9,2
mfcc_14_std,0.04047808423638344,9,2
contrast_0_p90,0.03355258330702782,9,2
rolloff85_p90,0.03087100014090538,9,2
contrast_0_mean,0.02496478706598282,9,2
rms_mean,0.02379261888563633,9,2
spectral_entropy_p10,0.02288230136036873,9,2
rms_p10,0.021546415984630585,9,2
contrast_5_p90,0.019977884367108345,9,2
contrast_4_mean,0.01795746386051178,9,2
mfcc_5_mean,0.016694489866495132,9,2
mfcc_delta_7_std,0.016082139685750008,9,2
mfcc_3_p10,0.01606174372136593,9,2
contrast_5_mean,0.01458545308560133,9,2
zero_crossing_rate_std,0.01391210500150919,9,2
contrast_0_std,0.012128330767154694,9,2
contrast_5_p10,0.010859458707273006,9,2
mfcc_6_p10,0.010496566072106361,9,2
spectral_entropy_mean,0.010165361687541008,9,2
mfcc_3_mean,0.009237883612513542,9,2
dominant_frequency_ratio,0.009030984714627266,9,2
mfcc_1_mean,0.008535396307706833,9,2
mfcc_3_p90,0.0072203585878014565,9,2
mfcc_2_p10,0.007083578035235405,9,2
mfcc_delta_8_std,0.007058498449623585,9,2
bandwidth_mean,0.006746293511241674,9,2
dominant_frequency,0.006282599177211523,9,2
mfcc_5_p10,0.005879050120711327,9,2
bandwidth_p90,0.005540373735129833,9,2
contrast_4_p90,0.0054715159349143505,9,2
flatness_std,0.005193941295146942,9,2
mfcc_0_p90,0.005105891264975071,9,2
rms_std,0.004914280958473682,9,2
zero_crossing_rate_p10,0.004626123700290918,9,2
contrast_2_std,0.004511028062552214,9,2
bandwidth_p10,0.004476144444197416,9,2
zero_crossing_rate_p90,0.004402561578899622,9,2
mfcc_1_p90,0.004322508350014687,9,2
mfcc_11_p90,0.004126621410250664,9,2
mfcc_2_p90,0.0038628559559583664,9,2
mfcc_2_mean,0.0036887647584080696,9,2
mfcc_0_mean,0.003630370832979679,9,2
mfcc_4_mean,0.0035789362154901028,9,2
mfcc_11_mean,0.003345689969137311,9,2
flatness_mean,0.0033214541617780924,9,2
mfcc_17_std,0.0032742428593337536,9,2
rolloff85_std,0.0031570515129715204,9,2
rms_p90,0.0031278764363378286,9,2
mfcc_12_mean,0.0031163818202912807,9,2
centroid_p90,0.0030635949224233627,9,2
mfcc_delta_4_std,0.003009744454175234,9,2
mfcc_3_std,0.0030036503449082375,9,2
contrast_1_p10,0.002946839900687337,9,2
mfcc_0_std,0.0028637535870075226,9,2
mfcc_9_mean,0.0027723757084459066,9,2
centroid_p10,0.0027395139914005995,9,2
mfcc_17_p90,0.002716499613597989,9,2
mfcc_15_std,0.11440049111843109,9,3
mfcc_16_std,0.09348057210445404,9,3
dominant_frequency,0.07408073544502258,9,3
contrast_0_mean,0.044601600617170334,9,3
rolloff85_mean,0.03768399357795715,9,3
rms_p10,0.03730829805135727,9,3
mfcc_14_std,0.0372866615653038,9,3
mfcc_13_std,0.02724531851708889,9,3
flatness_p10,0.021552570164203644,9,3
spectral_entropy_mean,0.021036678925156593,9,3
zero_crossing_rate_std,0.020485013723373413,9,3
flatness_std,0.02011348120868206,9,3
contrast_2_std,0.01664240099489689,9,3
mfcc_delta_8_std,0.016220787540078163,9,3
mfcc_delta_7_p10,0.01596960984170437,9,3
spectral_entropy_p90,0.01096768956631422,9,3
contrast_0_std,0.010917832143604755,9,3
mfcc_delta_7_std,0.010379071347415447,9,3
mfcc_2_mean,0.0103690717369318,9,3
rms_std,0.010358601808547974,9,3
contrast_0_p10,0.010314306244254112,9,3
flatness_p90,0.009891681373119354,9,3
mfcc_2_p90,0.00972102489322424,9,3
dominant_frequency_ratio,0.009708854369819164,9,3
spectral_entropy_p10,0.009025203995406628,9,3
mfcc_delta_0_std,0.009000318124890327,9,3
contrast_0_p90,0.007949641905725002,9,3
mfcc_delta_0_p10,0.007000289857387543,9,3
zero_crossing_rate_p10,0.006473170127719641,9,3
mfcc_18_std,0.006270118523389101,9,3
mfcc_1_p10,0.005816927645355463,9,3
rms_mean,0.005713841412216425,9,3
rolloff85_p90,0.005577621981501579,9,3
contrast_5_mean,0.005318688694387674,9,3
mfcc_1_std,0.0051846737042069435,9,3
centroid_mean,0.005078474525362253,9,3
contrast_3_std,0.0049898698925971985,9,3
contrast_4_p90,0.004890904761850834,9,3
bandwidth_p90,0.0048805768601596355,9,3
mfcc_11_mean,0.004777864087373018,9,3
contrast_4_mean,0.004707886837422848,9,3
mfcc_3_p90,0.004456863272935152,9,3
rms_p90,0.004373941104859114,9,3
contrast_5_p10,0.004272473976016045,9,3
mfcc_1_p90,0.004195143934339285,9,3
mfcc_4_p10,0.004019780550152063,9,3
mfcc_3_p10,0.004005901515483856,9,3
bandwidth_mean,0.003996618092060089,9,3
mfcc_8_p90,0.003942514769732952,9,3
contrast_3_p10,0.0037471968680620193,9,3
mfcc_delta_10_p10,0.0036875202786177397,9,3
contrast_5_p90,0.0036635876167565584,9,3
zero_crossing_rate_p90,0.0033696922473609447,9,3
centroid_std,0.0032888019923120737,9,3
mfcc_5_p90,0.0032202641014009714,9,3
mfcc_3_mean,0.0031730434857308865,9,3
mfcc_0_p10,0.003046613885089755,9,3
contrast_2_p90,0.0030440418049693108,9,3
mfcc_1_mean,0.0030131081584841013,9,3
contrast_3_mean,0.0029963154811412096,9,3
mfcc_16_std,0.14471611380577087,9,4
contrast_2_p90,0.07092969864606857,9,4
contrast_0_p10,0.05901481211185455,9,4
mfcc_2_p10,0.04553935304284096,9,4
mfcc_15_std,0.032970741391181946,9,4
contrast_2_std,0.032758425921201706,9,4
mfcc_delta_6_p90,0.02946426346898079,9,4
mfcc_8_mean,0.028637660667300224,9,4
contrast_0_mean,0.028351977467536926,9,4
centroid_p90,0.021387238055467606,9,4
mfcc_1_p10,0.02033240534365177,9,4
flatness_p90,0.019564853981137276,9,4
mfcc_8_p90,0.01895950548350811,9,4
flatness_p10,0.01850409433245659,9,4
mfcc_delta_8_std,0.016029318794608116,9,4
mfcc_14_std,0.016017673537135124,9,4
flatness_std,0.014785711653530598,9,4
rms_p10,0.01328715868294239,9,4
zero_crossing_rate_std,0.012949039228260517,9,4
dominant_frequency_ratio,0.010649988427758217,9,4
rms_mean,0.0106358015909791,9,4
mfcc_0_std,0.009671062231063843,9,4
contrast_5_mean,0.007936873473227024,9,4
contrast_0_std,0.007547741290181875,9,4
mfcc_2_p90,0.007177581079304218,9,4
contrast_0_p90,0.007061897311359644,9,4
spectral_entropy_p90,0.0065838973969221115,9,4
zero_crossing_rate_p10,0.006557363551110029,9,4
mfcc_delta_7_std,0.006364376749843359,9,4
mfcc_3_mean,0.006361352279782295,9,4
rolloff85_p90,0.006200919859111309,9,4
mfcc_12_p90,0.005995346233248711,9,4
mfcc_6_p10,0.005916391499340534,9,4
mfcc_3_p90,0.005894073750823736,9,4
rms_p90,0.00543013634160161,9,4
spectral_entropy_mean,0.005261827260255814,9,4
mfcc_2_mean,0.005158628337085247,9,4
mfcc_delta_0_std,0.005079631693661213,9,4
contrast_5_p10,0.0050576175563037395,9,4
mfcc_delta_6_p10,0.00494321109727025,9,4
zero_crossing_rate_p90,0.004656709730625153,9,4
mfcc_11_mean,0.0043832384981215,9,4
contrast_1_p10,0.004148196894675493,9,4
mfcc_18_p90,0.004116716329008341,9,4
mfcc_3_p10,0.003986372146755457,9,4
mfcc_0_mean,0.003963010385632515,9,4
mfcc_11_p90,0.0037797284312546253,9,4
mfcc_7_p90,0.003758304286748171,9,4
mfcc_0_p10,0.003561292542144656,9,4
mfcc_delta_5_p10,0.0035113198682665825,9,4
mfcc_1_mean,0.003500064369291067,9,4
bandwidth_p90,0.003488569986075163,9,4
mfcc_4_p10,0.003460809588432312,9,4
contrast_4_mean,0.003437796840444207,9,4
mfcc_4_p90,0.003267840249463916,9,4
mfcc_delta_16_std,0.003246978623792529,9,4
contrast_5_p90,0.0031974005978554487,9,4
spectral_entropy_p10,0.0031855828128755093,9,4
dominant_frequency,0.003167797112837434,9,4
mfcc_4_mean,0.0030848912429064512,9,4
