feature,gain,repeat,fold
mfcc_3_mean,0.14030273258686066,0,0
zero_crossing_rate_std,0.07036694884300232,0,0
mfcc_6_p10,0.04028456285595894,0,0
contrast_0_p90,0.036743562668561935,0,0
mfcc_delta_0_p10,0.020785171538591385,0,0
mfcc_delta_5_p10,0.020354919135570526,0,0
mfcc_3_p10,0.01906689442694187,0,0
mfcc_delta_6_std,0.015425258316099644,0,0
flatness_p90,0.015411176718771458,0,0
mfcc_3_p90,0.015376740135252476,0,0
mfcc_5_mean,0.01494789682328701,0,0
mfcc_1_p90,0.014947314746677876,0,0
mfcc_1_mean,0.01263109315186739,0,0
mfcc_6_mean,0.012614255771040916,0,0
spectral_entropy_p10,0.011295762844383717,0,0
dominant_frequency_ratio,0.010858614929020405,0,0
mfcc_5_p10,0.00922192633152008,0,0
contrast_1_p90,0.009220040403306484,0,0
mfcc_14_std,0.009172419086098671,0,0
mfcc_2_p10,0.0091021079570055,0,0
zero_crossing_rate_p90,0.008918577805161476,0,0
contrast_1_p10,0.008669068105518818,0,0
rms_mean,0.008602285757660866,0,0
mfcc_2_mean,0.00847597699612379,0,0
spectral_entropy_mean,0.008409356698393822,0,0
mfcc_delta_8_std,0.008079051040112972,0,0
contrast_4_p90,0.007858463563024998,0,0
mfcc_4_p10,0.007262661587446928,0,0
mfcc_0_std,0.007253707852214575,0,0
contrast_5_p10,0.007222770247608423,0,0
contrast_1_mean,0.007122366223484278,0,0
bandwidth_mean,0.007101184222847223,0,0
contrast_4_p10,0.0069749257527291775,0,0
contrast_0_mean,0.0066955117508769035,0,0
mfcc_16_p10,0.006399952340871096,0,0
rms_p10,0.00619078241288662,0,0
mfcc_15_std,0.006155661307275295,0,0
mfcc_0_p10,0.006028202828019857,0,0
contrast_4_mean,0.005962919909507036,0,0
mfcc_9_p90,0.0058960034511983395,0,0
contrast_2_p90,0.005849290173500776,0,0
contrast_3_p10,0.005847458727657795,0,0
contrast_0_p10,0.005687639582902193,0,0
bandwidth_p90,0.005596908275038004,0,0
contrast_2_p10,0.005584860686212778,0,0
mfcc_delta_0_p90,0.005572225898504257,0,0
centroid_std,0.005292806308716536,0,0
mfcc_13_p10,0.005192538723349571,0,0
mfcc_18_p90,0.005039742682129145,0,0
mfcc_13_p90,0.004880372900515795,0,0
mfcc_10_p90,0.00487522641196847,0,0
bandwidth_p10,0.004839781206101179,0,0
mfcc_16_mean,0.004817739129066467,0,0
mfcc_2_p90,0.004788201302289963,0,0
flatness_p10,0.0047823358327150345,0,0
zero_crossing_rate_mean,0.004751800559461117,0,0
flatness_mean,0.004635387100279331,0,0
rolloff85_mean,0.004620521329343319,0,0
rolloff85_p90,0.004595155827701092,0,0
mfcc_9_mean,0.004421551711857319,0,0
flatness_p90,0.09477362781763077,0,1
zero_crossing_rate_std,0.0904189944267273,0,1
mfcc_6_p10,0.05214573070406914,0,1
mfcc_2_p10,0.04108113422989845,0,1
flatness_mean,0.026105370372533798,0,1
rms_p10,0.016789954155683517,0,1
mfcc_3_p10,0.016714252531528473,0,1
contrast_1_p10,0.01642962545156479,0,1
spectral_entropy_mean,0.016173535957932472,0,1
bandwidth_p90,0.013232442550361156,0,1
mfcc_4_p10,0.012017210014164448,0,1
spectral_entropy_p10,0.011735077947378159,0,1
rms_mean,0.01125508826225996,0,1
mfcc_2_mean,0.011225872673094273,0,1
mfcc_delta_3_p10,0.011021364480257034,0,1
mfcc_5_p10,0.011021306738257408,0,1
mfcc_12_p10,0.010872386395931244,0,1
mfcc_7_std,0.010532710701227188,0,1
mfcc_14_std,0.010479367338120937,0,1
zero_crossing_rate_p90,0.00983880739659071,0,1
mfcc_6_mean,0.009643498808145523,0,1
contrast_0_p90,0.009208974428474903,0,1
mfcc_delta_11_p10,0.008503149263560772,0,1
centroid_std,0.008073956705629826,0,1
mfcc_delta_10_p90,0.00801825150847435,0,1
mfcc_2_p90,0.007597115356475115,0,1
mfcc_7_mean,0.007284012623131275,0,1
mfcc_1_p90,0.0071193622425198555,0,1
mfcc_delta_15_mean,0.0068190027959644794,0,1
mfcc_delta_9_std,0.006792523432523012,0,1
dominant_frequency_ratio,0.006739386357367039,0,1
contrast_1_p90,0.006484531331807375,0,1
mfcc_3_mean,0.006243990734219551,0,1
rolloff85_std,0.006010654382407665,0,1
mfcc_1_p10,0.005836823023855686,0,1
zero_crossing_rate_mean,0.0057659451849758625,0,1
flatness_std,0.005760917905718088,0,1
mfcc_11_p10,0.005591703578829765,0,1
mfcc_delta_15_p10,0.005578458309173584,0,1
mfcc_delta_4_mean,0.005293968599289656,0,1
mfcc_12_p90,0.005271418020129204,0,1
contrast_2_std,0.005133980885148048,0,1
mfcc_5_mean,0.005034573841840029,0,1
bandwidth_mean,0.004985307343304157,0,1
contrast_5_p10,0.0049127559177577496,0,1
mfcc_1_mean,0.004878145642578602,0,1
mfcc_0_std,0.004754399415105581,0,1
mfcc_8_mean,0.004660996608436108,0,1
flatness_p10,0.004614668432623148,0,1
mfcc_delta_8_mean,0.004564245697110891,0,1
contrast_0_mean,0.0045257150195539,0,1
mfcc_9_p90,0.0044985366985201836,0,1
contrast_1_mean,0.004416356328874826,0,1
mfcc_delta_11_std,0.004257247317582369,0,1
contrast_4_mean,0.004209036007523537,0,1
mfcc_16_mean,0.004131312947720289,0,1
mfcc_2_std,0.004059548489749432,0,1
mfcc_15_std,0.004010332748293877,0,1
mfcc_9_p10,0.003984223585575819,0,1
mfcc_0_p10,0.003963794559240341,0,1
mfcc_6_mean,0.17702265083789825,0,2
mfcc_6_p10,0.0746932178735733,0,2
zero_crossing_rate_std,0.04035693034529686,0,2
mfcc_6_p90,0.02510872669517994,0,2
contrast_0_p10,0.023680731654167175,0,2
contrast_0_p90,0.020886553451418877,0,2
spectral_entropy_p10,0.018358532339334488,0,2
centroid_p10,0.017559625208377838,0,2
contrast_0_mean,0.015696149319410324,0,2
flatness_p10,0.013676635921001434,0,2
mfcc_16_std,0.011079775169491768,0,2
contrast_1_mean,0.010639404878020287,0,2
mfcc_11_p10,0.009999023750424385,0,2
contrast_5_mean,0.00915341917425394,0,2
mfcc_15_mean,0.008689038455486298,0,2
rms_p10,0.008476749993860722,0,2
mfcc_4_p90,0.00841714721173048,0,2
mfcc_delta_2_mean,0.008413153700530529,0,2
mfcc_1_p90,0.00793060939759016,0,2
mfcc_0_p10,0.007785314228385687,0,2
mfcc_9_mean,0.007736978121101856,0,2
centroid_std,0.007405073381960392,0,2
mfcc_11_p90,0.007294271606951952,0,2
mfcc_delta_16_p90,0.0072820368222892284,0,2
mfcc_delta_12_p10,0.0072385394014418125,0,2
contrast_1_p10,0.006952283903956413,0,2
spectral_entropy_mean,0.006910251919180155,0,2
rms_mean,0.006803262047469616,0,2
mfcc_15_p10,0.0065597593784332275,0,2
bandwidth_mean,0.006514818873256445,0,2
mfcc_delta_4_p90,0.006472598295658827,0,2
mfcc_delta_3_p10,0.006461875978857279,0,2
mfcc_3_mean,0.006189141888171434,0,2
mfcc_0_mean,0.006182583048939705,0,2
contrast_2_mean,0.006158157251775265,0,2
mfcc_delta_1_std,0.006047053728252649,0,2
mfcc_delta_9_p90,0.006007276941090822,0,2
mfcc_delta_10_p10,0.005996848456561565,0,2
mfcc_delta_5_p90,0.005917239934206009,0,2
contrast_2_p10,0.005799157544970512,0,2
mfcc_19_std,0.005498372483998537,0,2
contrast_2_std,0.005443458911031485,0,2
mfcc_13_std,0.005200535990297794,0,2
rms_p90,0.00515455799177289,0,2
mfcc_2_std,0.005082937888801098,0,2
zero_crossing_rate_p10,0.0050576673820614815,0,2
mfcc_delta_11_p10,0.0049837143160402775,0,2
mfcc_delta_12_std,0.004801278002560139,0,2
rolloff85_std,0.0047438000328838825,0,2
mfcc_8_mean,0.004707074724137783,0,2
mfcc_delta_9_p10,0.004681283142417669,0,2
contrast_4_p10,0.004632181022316217,0,2
mfcc_4_p10,0.004554987885057926,0,2
flatness_std,0.004521940369158983,0,2
mfcc_1_p10,0.00450871279463172,0,2
contrast_3_p10,0.004447157494723797,0,2
bandwidth_p90,0.004421757068485022,0,2
contrast_3_mean,0.004175068344920874,0,2
bandwidth_p10,0.004083624109625816,0,2
mfcc_7_mean,0.004054246004670858,0,2
mfcc_3_mean,0.12293019890785217,0,3
rolloff85_p90,0.04232923686504364,0,3
zero_crossing_rate_std,0.038161344826221466,0,3
rms_p10,0.028110455721616745,0,3
mfcc_3_p90,0.024873778223991394,0,3
mfcc_5_std,0.022881269454956055,0,3
mfcc_6_p90,0.020947705954313278,0,3
mfcc_10_std,0.020422445610165596,0,3
contrast_2_mean,0.01763789914548397,0,3
bandwidth_mean,0.016159627586603165,0,3
mfcc_3_p10,0.016024261713027954,0,3
rms_mean,0.01534524466842413,0,3
rms_std,0.014065301977097988,0,3
mfcc_9_p10,0.013332775793969631,0,3
mfcc_14_std,0.013150319457054138,0,3
mfcc_6_mean,0.010415987111628056,0,3
flatness_std,0.010015834122896194,0,3
mfcc_14_mean,0.009905586019158363,0,3
mfcc_16_p10,0.009551162831485271,0,3
centroid_mean,0.009438551962375641,0,3
mfcc_delta_12_std,0.00867415126413107,0,3
mfcc_17_std,0.008660094812512398,0,3
contrast_5_std,0.00845079030841589,0,3
contrast_0_p90,0.008448159322142601,0,3
mfcc_6_std,0.008436033502221107,0,3
mfcc_0_mean,0.007821041159331799,0,3
contrast_0_p10,0.007626041769981384,0,3
contrast_2_p10,0.007604196202009916,0,3
centroid_std,0.007544851396232843,0,3
mfcc_5_p10,0.0073846778832376,0,3
mfcc_delta_13_p90,0.007193336263298988,0,3
mfcc_4_p10,0.007188067771494389,0,3
contrast_5_mean,0.007159862667322159,0,3
mfcc_1_p90,0.007092496380209923,0,3
mfcc_4_p90,0.007015081588178873,0,3
spectral_entropy_mean,0.0069244056940078735,0,3
mfcc_8_p90,0.006771831773221493,0,3
mfcc_5_mean,0.006714035291224718,0,3
mfcc_2_mean,0.006428124848753214,0,3
mfcc_0_p90,0.006411512847989798,0,3
mfcc_delta_7_p90,0.006269202567636967,0,3
mfcc_19_mean,0.006224620621651411,0,3
mfcc_delta_7_std,0.006217051763087511,0,3
rms_p90,0.006126501597464085,0,3
mfcc_8_p10,0.006009806878864765,0,3
mfcc_delta_10_p10,0.005880013108253479,0,3
mfcc_delta_6_p90,0.005845962092280388,0,3
mfcc_delta_5_p90,0.005601637996733189,0,3
mfcc_19_p90,0.005513831507414579,0,3
mfcc_15_std,0.00542506854981184,0,3
mfcc_delta_4_std,0.004996038973331451,0,3
mfcc_4_mean,0.004974823445081711,0,3
spectral_entropy_p10,0.004847923759371042,0,3
flatness_p90,0.004824305418878794,0,3
contrast_0_mean,0.00474491948261857,0,3
mfcc_11_p10,0.004721465986222029,0,3
mfcc_delta_6_std,0.0046415142714977264,0,3
zero_crossing_rate_mean,0.004596753977239132,0,3
mfcc_delta_10_std,0.004580872133374214,0,3
zero_crossing_rate_p90,0.004395304713398218,0,3
flatness_p90,0.19830462336540222,0,4
flatness_mean,0.09916531294584274,0,4
spectral_entropy_p90,0.05546810105443001,0,4
zero_crossing_rate_p90,0.027428243309259415,0,4
mfcc_14_std,0.019573558121919632,0,4
mfcc_4_p10,0.017872504889965057,0,4
mfcc_8_std,0.017751431092619896,0,4
mfcc_3_p10,0.014907075092196465,0,4
mfcc_15_std,0.01417383924126625,0,4
mfcc_0_p10,0.0136488638818264,0,4
zero_crossing_rate_mean,0.012531420215964317,0,4
mfcc_delta_9_p10,0.01132659800350666,0,4
contrast_4_mean,0.011091397143900394,0,4
mfcc_16_std,0.010109959170222282,0,4
rolloff85_p90,0.009704066440463066,0,4
bandwidth_p90,0.009011517278850079,0,4
mfcc_delta_1_p90,0.008958726190030575,0,4
contrast_2_p90,0.008937101811170578,0,4
mfcc_9_mean,0.00854028481990099,0,4
mfcc_6_p10,0.008303283713757992,0,4
mfcc_4_mean,0.007910043932497501,0,4
spectral_entropy_p10,0.007540198974311352,0,4
mfcc_13_std,0.007338033523410559,0,4
mfcc_11_p10,0.007310856133699417,0,4
mfcc_delta_0_std,0.007288052700459957,0,4
mfcc_5_mean,0.007163810543715954,0,4
spectral_entropy_std,0.006838875822722912,0,4
mfcc_9_p90,0.006811086088418961,0,4
contrast_5_p90,0.0066805812530219555,0,4
mfcc_2_p90,0.006624765228480101,0,4
contrast_1_mean,0.006470828782767057,0,4
mfcc_5_p10,0.0064454893581569195,0,4
contrast_0_p90,0.006433021742850542,0,4
rolloff85_std,0.006389294750988483,0,4
mfcc_18_mean,0.005988298449665308,0,4
mfcc_delta_1_p10,0.0059260097332298756,0,4
mfcc_11_p90,0.005753411445766687,0,4
rms_p10,0.005625738762319088,0,4
contrast_1_p90,0.005448268260806799,0,4
contrast_1_p10,0.005280736368149519,0,4
mfcc_delta_18_p10,0.005276649724692106,0,4
rolloff85_p10,0.00503472751006484,0,4
contrast_0_mean,0.005010425578802824,0,4
mfcc_delta_1_std,0.0050065843388438225,0,4
rolloff85_mean,0.004975762218236923,0,4
mfcc_9_p10,0.004875376354902983,0,4
mfcc_delta_13_p90,0.004848226439207792,0,4
mfcc_4_p90,0.004796445369720459,0,4
mfcc_delta_8_std,0.0046837711706757545,0,4
mfcc_delta_3_p10,0.0046523637138307095,0,4
mfcc_2_mean,0.0045973374508321285,0,4
centroid_std,0.004587204661220312,0,4
mfcc_12_mean,0.004531465005129576,0,4
mfcc_11_mean,0.004478661809116602,0,4
mfcc_5_std,0.00443599047139287,0,4
contrast_5_std,0.004057657904922962,0,4
mfcc_10_p10,0.004046647343784571,0,4
zero_crossing_rate_std,0.004011370707303286,0,4
mfcc_delta_11_p90,0.0038484781980514526,0,4
mfcc_7_p90,0.003819073783233762,0,4
mfcc_6_mean,0.08400890231132507,1,0
mfcc_3_mean,0.08199680596590042,1,0
mfcc_6_p10,0.08061552792787552,1,0
mfcc_delta_5_p90,0.040398530662059784,1,0
contrast_0_p90,0.0347653292119503,1,0
flatness_p90,0.027660073712468147,1,0
mfcc_3_p90,0.022185295820236206,1,0
mfcc_4_p10,0.0178227461874485,1,0
bandwidth_mean,0.015313440002501011,1,0
mfcc_2_p10,0.014027702622115612,1,0
zero_crossing_rate_std,0.013619771227240562,1,0
mfcc_3_p10,0.011306188069283962,1,0
mfcc_delta_14_std,0.011139390990138054,1,0
contrast_4_p10,0.011015241034328938,1,0
centroid_std,0.01048522349447012,1,0
mfcc_15_std,0.010266357101500034,1,0
zero_crossing_rate_p90,0.01005476526916027,1,0
mfcc_5_p10,0.00975029170513153,1,0
mfcc_9_p90,0.008990511298179626,1,0
mfcc_1_p90,0.008235707879066467,1,0
contrast_4_mean,0.007935230620205402,1,0
bandwidth_p90,0.007755146827548742,1,0
mfcc_delta_5_p10,0.007426797412335873,1,0
mfcc_2_p90,0.007346286438405514,1,0
contrast_2_p10,0.007319808006286621,1,0
contrast_0_mean,0.007143132854253054,1,0
contrast_0_p10,0.006863914430141449,1,0
mfcc_6_std,0.0068440986797213554,1,0
mfcc_9_std,0.006779883056879044,1,0
mfcc_0_std,0.006648565176874399,1,0
mfcc_1_p10,0.006310855504125357,1,0
mfcc_5_mean,0.006225372198969126,1,0
mfcc_delta_9_p10,0.006122443825006485,1,0
mfcc_1_mean,0.00603842455893755,1,0
mfcc_14_std,0.006024010945111513,1,0
mfcc_9_mean,0.005950405262410641,1,0
mfcc_11_p10,0.005702171940356493,1,0
mfcc_7_p10,0.005577604286372662,1,0
mfcc_10_mean,0.005562943872064352,1,0
rms_p10,0.005481521598994732,1,0
mfcc_12_p10,0.005464847199618816,1,0
mfcc_7_std,0.005297730211168528,1,0
mfcc_4_std,0.005297292955219746,1,0
mfcc_delta_11_std,0.005118180066347122,1,0
contrast_5_p90,0.005091781262308359,1,0
mfcc_16_std,0.00494824955239892,1,0
flatness_p10,0.004921807907521725,1,0
mfcc_2_mean,0.004754488822072744,1,0
mfcc_delta_4_std,0.00471648620441556,1,0
mfcc_4_mean,0.004678203258663416,1,0
mfcc_delta_13_std,0.004597170744091272,1,0
mfcc_delta_0_p10,0.004593321587890387,1,0
mfcc_delta_13_p90,0.004582221619784832,1,0
mfcc_delta_12_mean,0.004317901562899351,1,0
contrast_2_std,0.004311454016715288,1,0
rms_p90,0.004236223176121712,1,0
contrast_4_p90,0.004051519092172384,1,0
dominant_frequency_ratio,0.003975122235715389,1,0
mfcc_delta_9_std,0.0038906773552298546,1,0
mfcc_delta_6_p90,0.003836126998066902,1,0
flatness_p90,0.11378750205039978,1,1
zero_crossing_rate_std,0.10586442053318024,1,1
mfcc_6_p10,0.029539929702878,1,1
mfcc_2_p10,0.026156358420848846,1,1
flatness_mean,0.02335621602833271,1,1
mfcc_2_mean,0.019599925726652145,1,1
contrast_1_p10,0.018152568489313126,1,1
mfcc_5_mean,0.016548581421375275,1,1
mfcc_5_p10,0.01473567821085453,1,1
spectral_entropy_mean,0.013549449853599072,1,1
mfcc_7_mean,0.012953083962202072,1,1
rms_p10,0.012384201399981976,1,1
mfcc_delta_6_std,0.011825594119727612,1,1
rms_mean,0.011680795811116695,1,1
spectral_entropy_p10,0.010931622236967087,1,1
zero_crossing_rate_p90,0.010517480783164501,1,1
bandwidth_mean,0.010478620417416096,1,1
mfcc_delta_13_p10,0.010151607915759087,1,1
mfcc_3_p10,0.009998686611652374,1,1
mfcc_4_p10,0.009148561395704746,1,1
flatness_p10,0.008758557960391045,1,1
contrast_0_p90,0.008732828311622143,1,1
mfcc_0_mean,0.00861913152039051,1,1
mfcc_12_p10,0.007906165905296803,1,1
mfcc_6_mean,0.007845619693398476,1,1
mfcc_2_p90,0.007579063531011343,1,1
zero_crossing_rate_mean,0.007497177924960852,1,1
contrast_0_mean,0.007483805064111948,1,1
centroid_std,0.007410470396280289,1,1
mfcc_1_mean,0.006972727365791798,1,1
centroid_p10,0.006739728152751923,1,1
flatness_std,0.0066855293698608875,1,1
zero_crossing_rate_p10,0.006664333399385214,1,1
mfcc_0_p10,0.0066282437182962894,1,1
mfcc_delta_4_p10,0.006546603050082922,1,1
mfcc_delta_0_p10,0.006413391791284084,1,1
bandwidth_p90,0.006412670016288757,1,1
contrast_0_p10,0.006390450056642294,1,1
mfcc_delta_14_p90,0.00632642162963748,1,1
mfcc_1_p90,0.00630284333601594,1,1
mfcc_delta_15_p10,0.006063141394406557,1,1
dominant_frequency_ratio,0.005956826265901327,1,1
mfcc_3_mean,0.005601462908089161,1,1
mfcc_18_p90,0.005579052492976189,1,1
rolloff85_std,0.00547174783423543,1,1
mfcc_0_std,0.00529373437166214,1,1
contrast_1_p90,0.005251712165772915,1,1
mfcc_delta_14_std,0.005230491980910301,1,1
mfcc_delta_17_p10,0.00516886729747057,1,1
mfcc_delta_9_p90,0.005073327571153641,1,1
mfcc_16_p10,0.005009310320019722,1,1
contrast_4_p10,0.004959625191986561,1,1
mfcc_9_p90,0.0048881396651268005,1,1
mfcc_11_p10,0.004788323305547237,1,1
mfcc_15_std,0.0046579884365201,1,1
mfcc_9_mean,0.004642813000828028,1,1
contrast_1_mean,0.004630799405276775,1,1
mfcc_11_p90,0.004504254087805748,1,1
mfcc_12_mean,0.004492875654250383,1,1
contrast_4_mean,0.004470404237508774,1,1
mfcc_6_mean,0.1547253280878067,1,2
mfcc_6_p10,0.0800841748714447,1,2
zero_crossing_rate_std,0.046795330941677094,1,2
mfcc_delta_12_p10,0.027266236022114754,1,2
mfcc_6_p90,0.020540766417980194,1,2
spectral_entropy_p10,0.019800057634711266,1,2
mfcc_delta_6_p90,0.01717432588338852,1,2
mfcc_delta_18_p90,0.015468183904886246,1,2
contrast_0_p90,0.014947003684937954,1,2
contrast_0_p10,0.014458633959293365,1,2
mfcc_6_std,0.012731785885989666,1,2
contrast_2_mean,0.012550070881843567,1,2
contrast_2_p90,0.011600474826991558,1,2
spectral_entropy_mean,0.011425629258155823,1,2
flatness_p10,0.01136135682463646,1,2
zero_crossing_rate_p10,0.011297250166535378,1,2
contrast_0_mean,0.011209684424102306,1,2
mfcc_11_p10,0.011013210751116276,1,2
mfcc_delta_5_p90,0.010075313039124012,1,2
rms_p10,0.009371173568069935,1,2
mfcc_7_mean,0.009268649853765965,1,2
mfcc_5_p10,0.009221864864230156,1,2
mfcc_11_p90,0.00885768886655569,1,2
mfcc_8_p90,0.008790938183665276,1,2
mfcc_0_p10,0.008678914047777653,1,2
bandwidth_p10,0.008360558189451694,1,2
mfcc_delta_9_p90,0.007304381113499403,1,2
mfcc_13_std,0.006967529188841581,1,2
mfcc_9_mean,0.006654209922999144,1,2
flatness_std,0.006645116955041885,1,2
mfcc_delta_6_mean,0.0065962341614067554,1,2
mfcc_16_std,0.00653001619502902,1,2
mfcc_4_p90,0.006514274515211582,1,2
mfcc_delta_0_p10,0.006149452645331621,1,2
contrast_1_p90,0.006024254485964775,1,2
centroid_p10,0.0059847040101885796,1,2
centroid_std,0.0059420564211905,1,2
mfcc_delta_7_mean,0.005850200541317463,1,2
mfcc_7_p10,0.005782771855592728,1,2
mfcc_18_p90,0.005754260811954737,1,2
rms_mean,0.005713526625186205,1,2
mfcc_10_p10,0.005711824633181095,1,2
contrast_4_mean,0.005629332736134529,1,2
mfcc_delta_4_mean,0.00561572564765811,1,2
mfcc_2_p90,0.005613076500594616,1,2
rms_p90,0.005556131713092327,1,2
mfcc_delta_6_p10,0.005500613246113062,1,2
mfcc_delta_9_p10,0.005472427234053612,1,2
mfcc_18_mean,0.005246822256594896,1,2
mfcc_12_p90,0.005161105655133724,1,2
mfcc_1_p10,0.005155518651008606,1,2
mfcc_delta_3_p10,0.004966540727764368,1,2
mfcc_0_p90,0.004871353507041931,1,2
mfcc_18_std,0.004631984978914261,1,2
mfcc_delta_2_p10,0.004512641113251448,1,2
contrast_4_p10,0.004510434344410896,1,2
mfcc_delta_13_p90,0.0044916486367583275,1,2
flatness_mean,0.00442740973085165,1,2
mfcc_4_p10,0.0043142070062458515,1,2
mfcc_19_std,0.0042933514341712,1,2
mfcc_3_mean,0.11942820996046066,1,3
rolloff85_p90,0.04646298289299011,1,3
rms_p10,0.027435138821601868,1,3
zero_crossing_rate_std,0.02692588046193123,1,3
rms_mean,0.02512790635228157,1,3
mfcc_10_std,0.02443372830748558,1,3
mfcc_3_p90,0.0236225463449955,1,3
mfcc_6_p90,0.021702783182263374,1,3
mfcc_3_p10,0.02099541574716568,1,3
mfcc_6_mean,0.016220439225435257,1,3
bandwidth_mean,0.01597357541322708,1,3
rms_std,0.012958444654941559,1,3
mfcc_9_p10,0.012930425815284252,1,3
centroid_p90,0.01201932318508625,1,3
mfcc_5_std,0.012009509839117527,1,3
mfcc_14_mean,0.010899476706981659,1,3
rms_p90,0.010830992832779884,1,3
mfcc_6_p10,0.010553314350545406,1,3
mfcc_0_p90,0.00992195587605238,1,3
mfcc_2_p90,0.009689041413366795,1,3
mfcc_delta_6_p10,0.009290080517530441,1,3
mfcc_19_std,0.009013247676193714,1,3
mfcc_14_std,0.00896707084029913,1,3
mfcc_delta_7_p10,0.008935688994824886,1,3
contrast_2_p10,0.008480546064674854,1,3
mfcc_6_std,0.008370114490389824,1,3
contrast_5_std,0.007867974229156971,1,3
mfcc_0_mean,0.007477537728846073,1,3
mfcc_4_mean,0.007278666365891695,1,3
mfcc_8_p90,0.0071314116939902306,1,3
mfcc_4_p10,0.007092224434018135,1,3
contrast_0_p90,0.007059597875922918,1,3
centroid_std,0.007011855952441692,1,3
mfcc_10_mean,0.0069456459023058414,1,3
mfcc_15_p10,0.006768722087144852,1,3
mfcc_delta_12_std,0.006476476788520813,1,3
mfcc_19_p90,0.0064097377471625805,1,3
contrast_0_p10,0.006400458514690399,1,3
mfcc_delta_7_std,0.0062186503782868385,1,3
mfcc_17_std,0.006152161862701178,1,3
mfcc_delta_7_p90,0.006067568436264992,1,3
contrast_2_mean,0.005905670579522848,1,3
contrast_0_std,0.005839725956320763,1,3
mfcc_0_p10,0.0058145769871771336,1,3
mfcc_2_p10,0.005806057248264551,1,3
mfcc_10_p90,0.00568100530654192,1,3
mfcc_delta_13_p90,0.0055349539034068584,1,3
mfcc_delta_0_p10,0.005478006321936846,1,3
mfcc_delta_5_std,0.005403843708336353,1,3
spectral_entropy_mean,0.005382659379392862,1,3
mfcc_19_mean,0.005365407094359398,1,3
mfcc_13_p90,0.00536417355760932,1,3
centroid_mean,0.005344056989997625,1,3
mfcc_5_p90,0.005289879627525806,1,3
mfcc_4_p90,0.0049385265447199345,1,3
spectral_entropy_p10,0.00488052424043417,1,3
mfcc_delta_3_p90,0.004711784888058901,1,3
mfcc_delta_11_p90,0.004647098947316408,1,3
mfcc_delta_14_p90,0.004636454861611128,1,3
mfcc_delta_9_mean,0.004635772202163935,1,3
flatness_p90,0.18945102393627167,1,4
spectral_entropy_p90,0.1161964014172554,1,4
flatness_mean,0.11075310409069061,1,4
zero_crossing_rate_p90,0.01820516772568226,1,4
mfcc_8_std,0.01543022133409977,1,4
mfcc_4_p10,0.015215689316391945,1,4
mfcc_0_p10,0.015041608363389969,1,4
zero_crossing_rate_mean,0.014363222755491734,1,4
mfcc_14_std,0.012202579528093338,1,4
mfcc_15_std,0.011113803833723068,1,4
rolloff85_p90,0.010419843718409538,1,4
mfcc_delta_9_p10,0.010168611072003841,1,4
contrast_2_p90,0.010168422013521194,1,4
bandwidth_p90,0.01008725818246603,1,4
contrast_0_p90,0.009996788576245308,1,4
contrast_1_p10,0.009295462630689144,1,4
mfcc_9_p90,0.008732485584914684,1,4
contrast_5_p90,0.008547443896532059,1,4
mfcc_11_p10,0.008500856347382069,1,4
contrast_0_mean,0.00751379132270813,1,4
mfcc_2_p90,0.0074044279754161835,1,4
mfcc_16_std,0.00730155548080802,1,4
mfcc_9_p10,0.007238583639264107,1,4
rolloff85_mean,0.006870086304843426,1,4
mfcc_5_mean,0.006507533136755228,1,4
contrast_5_std,0.006494524888694286,1,4
mfcc_4_p90,0.006415013689547777,1,4
centroid_std,0.006313060410320759,1,4
mfcc_delta_6_mean,0.005932163447141647,1,4
mfcc_3_p10,0.005677562672644854,1,4
mfcc_4_mean,0.005620394367724657,1,4
mfcc_delta_5_p90,0.005600735545158386,1,4
rolloff85_p10,0.005599257070571184,1,4
mfcc_2_mean,0.0055025736801326275,1,4
mfcc_7_p90,0.005473187658935785,1,4
mfcc_18_mean,0.005433690268546343,1,4
mfcc_delta_5_mean,0.005186085589230061,1,4
mfcc_11_mean,0.005144933238625526,1,4
contrast_1_mean,0.004847396165132523,1,4
spectral_entropy_std,0.004750275518745184,1,4
mfcc_6_std,0.004570771940052509,1,4
contrast_1_p90,0.004440729506313801,1,4
rolloff85_std,0.004291840363293886,1,4
mfcc_delta_11_std,0.00417989119887352,1,4
mfcc_13_std,0.0041222465224564075,1,4
mfcc_5_p10,0.004014379344880581,1,4
mfcc_delta_3_p10,0.003930913750082254,1,4
mfcc_13_p90,0.003893948160111904,1,4
mfcc_delta_0_std,0.0038455789908766747,1,4
bandwidth_std,0.0038239355199038982,1,4
contrast_4_mean,0.003811611095443368,1,4
mfcc_delta_6_p90,0.0037190059665590525,1,4
contrast_4_p90,0.003715953091159463,1,4
mfcc_9_mean,0.00369939929805696,1,4
contrast_5_p10,0.0036783141549676657,1,4
mfcc_10_p10,0.003664035350084305,1,4
contrast_0_std,0.003663827897980809,1,4
mfcc_delta_16_std,0.003632052568718791,1,4
mfcc_5_std,0.0036251030396670103,1,4
contrast_1_std,0.0035354197025299072,1,4
mfcc_3_mean,0.07764270156621933,2,0
flatness_p90,0.06811149418354034,2,0
mfcc_6_mean,0.06282206624746323,2,0
mfcc_6_p10,0.046435922384262085,2,0
contrast_0_p90,0.028237756341695786,2,0
zero_crossing_rate_std,0.027038708329200745,2,0
mfcc_3_p90,0.023227905854582787,2,0
bandwidth_p90,0.019999505952000618,2,0
mfcc_delta_5_p90,0.017030587419867516,2,0
bandwidth_mean,0.014763474464416504,2,0
mfcc_delta_0_p10,0.013723685406148434,2,0
mfcc_1_p10,0.01362209115177393,2,0
zero_crossing_rate_p90,0.012617576867341995,2,0
rolloff85_p90,0.011998760513961315,2,0
contrast_4_mean,0.011800521984696388,2,0
mfcc_5_p10,0.010643511079251766,2,0
mfcc_4_p10,0.010607556439936161,2,0
spectral_entropy_p90,0.010487659834325314,2,0
mfcc_delta_14_std,0.010396631434559822,2,0
zero_crossing_rate_mean,0.010189751163125038,2,0
spectral_entropy_p10,0.010084777139127254,2,0
mfcc_10_p10,0.009856089018285275,2,0
mfcc_0_std,0.009833314456045628,2,0
mfcc_delta_7_std,0.009800422005355358,2,0
mfcc_6_std,0.00915003102272749,2,0
mfcc_delta_13_p90,0.009096790105104446,2,0
contrast_0_mean,0.009005028754472733,2,0
dominant_frequency_ratio,0.00786507036536932,2,0
mfcc_2_p10,0.00753418356180191,2,0
mfcc_11_p10,0.007399087771773338,2,0
mfcc_0_p90,0.007307442370802164,2,0
mfcc_9_p90,0.007289472036063671,2,0
contrast_1_p10,0.007256196811795235,2,0
mfcc_1_p90,0.007051596883684397,2,0
contrast_1_mean,0.007037607952952385,2,0
rms_mean,0.007024490274488926,2,0
contrast_0_p10,0.006881686393171549,2,0
centroid_mean,0.006791210267692804,2,0
mfcc_5_mean,0.006769987288862467,2,0
flatness_mean,0.005932632368057966,2,0
mfcc_7_p10,0.0055322227999567986,2,0
mfcc_6_p90,0.0053756521083414555,2,0
flatness_p10,0.005309205036610365,2,0
contrast_4_p90,0.0052669900469481945,2,0
contrast_3_p10,0.0052635557949543,2,0
contrast_5_std,0.005061643663793802,2,0
mfcc_1_mean,0.004993549548089504,2,0
mfcc_delta_3_std,0.004894486628472805,2,0
mfcc_14_std,0.004779009614139795,2,0
mfcc_4_p90,0.004771336447447538,2,0
mfcc_12_p10,0.004758783616125584,2,0
mfcc_delta_6_std,0.004748063627630472,2,0
mfcc_13_p10,0.004705086350440979,2,0
rms_p10,0.004678862635046244,2,0
rolloff85_mean,0.004608760587871075,2,0
mfcc_delta_3_p10,0.004527992568910122,2,0
mfcc_delta_15_p90,0.004512946121394634,2,0
mfcc_2_p90,0.004465841222554445,2,0
mfcc_delta_19_std,0.004429717548191547,2,0
mfcc_delta_10_std,0.004341200925409794,2,0
flatness_p90,0.15066096186637878,2,1
zero_crossing_rate_std,0.05835530906915665,2,1
mfcc_2_p10,0.047322727739810944,2,1
flatness_mean,0.046556007117033005,2,1
mfcc_6_p10,0.0381452813744545,2,1
mfcc_3_p10,0.026235351338982582,2,1
contrast_1_p10,0.025818053632974625,2,1
spectral_entropy_p10,0.01744726486504078,2,1
mfcc_2_mean,0.015910223126411438,2,1
rms_p10,0.014703413471579552,2,1
bandwidth_mean,0.013810587115585804,2,1
mfcc_12_p10,0.013307983987033367,2,1
mfcc_7_mean,0.01263912208378315,2,1
mfcc_5_p10,0.012618659064173698,2,1
mfcc_4_p10,0.011481508612632751,2,1
mfcc_12_mean,0.010643424466252327,2,1
mfcc_11_p10,0.010332929901778698,2,1
mfcc_14_std,0.009395894594490528,2,1
zero_crossing_rate_p90,0.008830978535115719,2,1
mfcc_1_p90,0.008693452924489975,2,1
rms_mean,0.00814985204488039,2,1
mfcc_11_mean,0.008008959703147411,2,1
mfcc_5_mean,0.007516715209931135,2,1
mfcc_1_mean,0.0074638742953538895,2,1
mfcc_6_mean,0.007452320773154497,2,1
centroid_mean,0.007421516813337803,2,1
rolloff85_std,0.007150865159928799,2,1
centroid_std,0.007089352700859308,2,1
mfcc_delta_15_p10,0.006726282183080912,2,1
mfcc_delta_15_std,0.006715454626828432,2,1
mfcc_7_std,0.006492304615676403,2,1
spectral_entropy_mean,0.006236422806978226,2,1
mfcc_delta_11_p10,0.006026023533195257,2,1
contrast_1_p90,0.005923809017986059,2,1
contrast_1_mean,0.005846785847097635,2,1
flatness_p10,0.0057424032129347324,2,1
mfcc_delta_14_std,0.005713763181120157,2,1
flatness_std,0.0056762672029435635,2,1
contrast_0_p90,0.005606182850897312,2,1
mfcc_0_p10,0.005584720056504011,2,1
zero_crossing_rate_p10,0.0055638584308326244,2,1
contrast_4_p10,0.00548040634021163,2,1
mfcc_18_p90,0.0053541650995612144,2,1
mfcc_delta_7_p10,0.00526454159989953,2,1
contrast_4_p90,0.005162166431546211,2,1
bandwidth_p90,0.005095896776765585,2,1
dominant_frequency_ratio,0.0050775096751749516,2,1
centroid_p10,0.005044796038419008,2,1
zero_crossing_rate_mean,0.004715049639344215,2,1
mfcc_delta_9_p10,0.004542286042124033,2,1
mfcc_0_std,0.004492558538913727,2,1
mfcc_delta_7_std,0.004490542225539684,2,1
mfcc_6_std,0.004399001598358154,2,1
mfcc_3_mean,0.004279050976037979,2,1
mfcc_2_p90,0.004092442337423563,2,1
mfcc_4_mean,0.003953761421144009,2,1
mfcc_0_mean,0.003926810342818499,2,1
mfcc_8_mean,0.0038704280741512775,2,1
mfcc_delta_2_p10,0.003827339271083474,2,1
mfcc_9_p10,0.003818144788965583,2,1
zero_crossing_rate_std,0.10118918120861053,2,2
bandwidth_mean,0.0758059024810791,2,2
mfcc_6_mean,0.05143961310386658,2,2
mfcc_6_p90,0.042896486818790436,2,2
contrast_0_p10,0.03486213460564613,2,2
contrast_0_p90,0.0292270015925169,2,2
rms_mean,0.02261447161436081,2,2
mfcc_3_mean,0.02038886584341526,2,2
mfcc_6_p10,0.01944291591644287,2,2
spectral_entropy_mean,0.019124304875731468,2,2
contrast_1_p90,0.01816922426223755,2,2
mfcc_11_mean,0.016390034928917885,2,2
contrast_0_mean,0.015552690252661705,2,2
mfcc_19_std,0.012550738640129566,2,2
rms_p90,0.012118191458284855,2,2
mfcc_16_std,0.011424029245972633,2,2
contrast_1_p10,0.010825238190591335,2,2
contrast_1_mean,0.010576166212558746,2,2
rolloff85_p10,0.00989186204969883,2,2
spectral_entropy_p10,0.009557811543345451,2,2
mfcc_9_mean,0.00950996857136488,2,2
flatness_p10,0.009046935476362705,2,2
mfcc_5_p90,0.00899567361921072,2,2
mfcc_delta_14_mean,0.008815840817987919,2,2
dominant_frequency_ratio,0.0087575763463974,2,2
mfcc_2_p10,0.008564276620745659,2,2
flatness_mean,0.008244716562330723,2,2
mfcc_delta_3_p10,0.007946713827550411,2,2
contrast_4_p10,0.007935220375657082,2,2
mfcc_8_std,0.007915778085589409,2,2
zero_crossing_rate_mean,0.007690292317420244,2,2
bandwidth_p10,0.007415329106152058,2,2
zero_crossing_rate_p90,0.0072915335185825825,2,2
mfcc_7_mean,0.007155383005738258,2,2
mfcc_delta_7_p10,0.006669921800494194,2,2
mfcc_9_p90,0.006233870983123779,2,2
mfcc_15_mean,0.005976710934191942,2,2
contrast_3_mean,0.005931020714342594,2,2
mfcc_delta_14_std,0.005866980645805597,2,2
spectral_entropy_p90,0.005793111398816109,2,2
mfcc_5_mean,0.00570117961615324,2,2
dominant_frequency,0.005682280287146568,2,2
mfcc_1_p90,0.005608814302831888,2,2
bandwidth_p90,0.005603427533060312,2,2
contrast_5_p90,0.0055637052282691,2,2
mfcc_10_p90,0.005481509957462549,2,2
mfcc_delta_10_std,0.0054783569648861885,2,2
mfcc_12_mean,0.005197436083108187,2,2
mfcc_delta_18_mean,0.0051419660449028015,2,2
mfcc_11_p10,0.004873340949416161,2,2
rms_p10,0.00479601277038455,2,2
mfcc_9_p10,0.004601762630045414,2,2
mfcc_0_p10,0.004479727707803249,2,2
mfcc_delta_1_std,0.0044768755324184895,2,2
mfcc_delta_14_p10,0.004445722792297602,2,2
mfcc_11_p90,0.004385501611977816,2,2
mfcc_18_p10,0.004295606631785631,2,2
mfcc_delta_6_p10,0.004219268914312124,2,2
mfcc_delta_13_p10,0.004154450260102749,2,2
mfcc_0_std,0.004140020813792944,2,2
rms_p10,0.07007352262735367,2,3
rms_mean,0.047976281493902206,2,3
bandwidth_mean,0.044347088783979416,2,3
mfcc_3_mean,0.03942963853478432,2,3
mfcc_6_std,0.029554519802331924,2,3
mfcc_10_p90,0.027791466563940048,2,3
contrast_5_std,0.026272745802998543,2,3
mfcc_3_p90,0.024423083290457726,2,3
zero_crossing_rate_std,0.01989476941525936,2,3
rms_p90,0.018013551831245422,2,3
mfcc_6_p10,0.01790960505604744,2,3
mfcc_delta_10_std,0.014619438908994198,2,3
mfcc_delta_5_p10,0.014471650123596191,2,3
mfcc_5_std,0.014072907157242298,2,3
mfcc_2_p90,0.012108097784221172,2,3
mfcc_delta_6_p90,0.012107046321034431,2,3
bandwidth_p10,0.012005514465272427,2,3
mfcc_6_mean,0.011224115267395973,2,3
mfcc_delta_5_p90,0.010406463406980038,2,3
mfcc_delta_6_std,0.00999150238931179,2,3
mfcc_4_p10,0.00980343297123909,2,3
mfcc_0_p90,0.009691257029771805,2,3
mfcc_4_p90,0.008788767270743847,2,3
mfcc_19_mean,0.008610043674707413,2,3
rolloff85_p90,0.008251575753092766,2,3
zero_crossing_rate_p90,0.008117022924125195,2,3
mfcc_17_std,0.008068099617958069,2,3
centroid_std,0.008014082908630371,2,3
contrast_5_p90,0.007540975231677294,2,3
mfcc_delta_0_p90,0.007309322711080313,2,3
mfcc_6_p90,0.007268538698554039,2,3
mfcc_5_p10,0.007161239627748728,2,3
spectral_entropy_mean,0.007093758322298527,2,3
mfcc_delta_10_p90,0.006977691315114498,2,3
contrast_5_p10,0.006950863171368837,2,3
mfcc_delta_12_p90,0.006938538979738951,2,3
mfcc_2_mean,0.006772796623408794,2,3
mfcc_delta_2_p90,0.006417528726160526,2,3
contrast_1_std,0.006386444438248873,2,3
mfcc_4_mean,0.006367767229676247,2,3
mfcc_10_mean,0.006302868947386742,2,3
mfcc_8_p90,0.00619165925309062,2,3
mfcc_19_p90,0.006112159229815006,2,3
mfcc_16_mean,0.0060924687422811985,2,3
mfcc_8_p10,0.006087388843297958,2,3
mfcc_2_p10,0.005986128468066454,2,3
mfcc_0_p10,0.005755180027335882,2,3
mfcc_delta_14_std,0.005736012011766434,2,3
mfcc_7_p90,0.0056152851320803165,2,3
rms_std,0.0055937692523002625,2,3
contrast_0_std,0.005531104747205973,2,3
contrast_0_p90,0.005485367961227894,2,3
mfcc_delta_7_std,0.005472434684634209,2,3
mfcc_3_std,0.005440695211291313,2,3
mfcc_delta_13_p90,0.005403008311986923,2,3
mfcc_3_p10,0.005038449540734291,2,3
mfcc_1_mean,0.004995218012481928,2,3
mfcc_12_mean,0.00490808580070734,2,3
centroid_p90,0.004844609647989273,2,3
mfcc_0_mean,0.0048121921718120575,2,3
flatness_p90,0.23039430379867554,2,4
flatness_mean,0.1015646830201149,2,4
spectral_entropy_p90,0.040636561810970306,2,4
zero_crossing_rate_p90,0.03759274631738663,2,4
mfcc_14_std,0.025829065591096878,2,4
bandwidth_p90,0.021694382652640343,2,4
zero_crossing_rate_mean,0.016197971999645233,2,4
mfcc_4_p10,0.013759231194853783,2,4
rolloff85_p90,0.013226326555013657,2,4
contrast_4_mean,0.013019767589867115,2,4
contrast_5_p90,0.012293712235987186,2,4
mfcc_9_p90,0.009992264211177826,2,4
mfcc_0_p10,0.008802414871752262,2,4
centroid_std,0.008569925092160702,2,4
mfcc_2_std,0.008486546576023102,2,4
mfcc_4_mean,0.008439154364168644,2,4
mfcc_5_p10,0.008400065824389458,2,4
contrast_1_p10,0.008114000782370567,2,4
mfcc_12_mean,0.008031312376260757,2,4
rms_p10,0.0077102878130972385,2,4
mfcc_delta_14_std,0.007560439873486757,2,4
contrast_0_mean,0.007547636982053518,2,4
mfcc_6_p90,0.007052523549646139,2,4
mfcc_5_mean,0.0068873148411512375,2,4
mfcc_9_p10,0.00669833505526185,2,4
spectral_entropy_p10,0.006663904059678316,2,4
mfcc_7_std,0.006343183107674122,2,4
mfcc_11_p10,0.0062353480607271194,2,4
mfcc_2_p10,0.006147042848169804,2,4
mfcc_delta_2_mean,0.006038882303982973,2,4
contrast_2_p90,0.006015000399202108,2,4
zero_crossing_rate_std,0.006006060633808374,2,4
mfcc_delta_1_std,0.005769895389676094,2,4
mfcc_11_mean,0.005670545622706413,2,4
mfcc_delta_1_p90,0.005557665601372719,2,4
mfcc_2_p90,0.005489686969667673,2,4
mfcc_3_p10,0.005209662951529026,2,4
contrast_0_p90,0.0051954323425889015,2,4
mfcc_delta_14_mean,0.004773765802383423,2,4
mfcc_delta_6_std,0.004727482795715332,2,4
contrast_1_mean,0.004448604770004749,2,4
rolloff85_mean,0.004398074932396412,2,4
mfcc_13_mean,0.004311559721827507,2,4
rms_mean,0.004279902670532465,2,4
mfcc_2_mean,0.004099270794540644,2,4
spectral_entropy_mean,0.0040552811697125435,2,4
mfcc_9_mean,0.004028585739433765,2,4
mfcc_delta_10_std,0.0040237330831587315,2,4
mfcc_15_p10,0.003863176330924034,2,4
mfcc_13_std,0.0038136958610266447,2,4
spectral_entropy_std,0.0037368470802903175,2,4
contrast_5_p10,0.003714426653459668,2,4
mfcc_8_mean,0.003642969997599721,2,4
mfcc_18_p90,0.0035786470398306847,2,4
mfcc_11_p90,0.003578363684937358,2,4
contrast_5_std,0.0035570813342928886,2,4
mfcc_1_mean,0.003543302183970809,2,4
mfcc_delta_9_p10,0.003529943060129881,2,4
mfcc_delta_8_std,0.0035014047753065825,2,4
rolloff85_p10,0.003469836199656129,2,4
zero_crossing_rate_std,0.09144672751426697,3,0
flatness_p90,0.05891161784529686,3,0
mfcc_3_mean,0.05547826364636421,3,0
mfcc_6_p10,0.03785752132534981,3,0
mfcc_5_mean,0.029800619930028915,3,0
contrast_0_p90,0.021254319697618484,3,0
mfcc_2_p10,0.017798880115151405,3,0
bandwidth_p90,0.017383843660354614,3,0
spectral_entropy_p10,0.017120152711868286,3,0
contrast_1_p90,0.01206981111317873,3,0
mfcc_delta_4_mean,0.012027176097035408,3,0
mfcc_delta_0_p10,0.011089487932622433,3,0
mfcc_5_p10,0.011085579171776772,3,0
spectral_entropy_mean,0.01100893598049879,3,0
mfcc_delta_15_p10,0.010915016755461693,3,0
contrast_1_p10,0.010579238645732403,3,0
dominant_frequency_ratio,0.010350847616791725,3,0
zero_crossing_rate_p90,0.01024376880377531,3,0
mfcc_10_p90,0.009154684841632843,3,0
mfcc_4_p10,0.009033635258674622,3,0
contrast_5_p10,0.008348365314304829,3,0
rolloff85_p90,0.008334269747138023,3,0
rms_mean,0.008272886276245117,3,0
contrast_1_mean,0.008192245848476887,3,0
contrast_0_p10,0.007875785231590271,3,0
rms_p10,0.0076760537922382355,3,0
mfcc_3_p90,0.007207981310784817,3,0
mfcc_delta_0_p90,0.007110676262527704,3,0
contrast_4_p10,0.006942773703485727,3,0
contrast_4_p90,0.006748235318809748,3,0
mfcc_7_mean,0.006651441566646099,3,0
mfcc_delta_6_p90,0.006545495707541704,3,0
contrast_4_mean,0.006503140553832054,3,0
mfcc_6_mean,0.006468614563345909,3,0
mfcc_delta_14_p90,0.006456495262682438,3,0
zero_crossing_rate_mean,0.006452425383031368,3,0
contrast_2_p90,0.00635029561817646,3,0
flatness_p10,0.006347585469484329,3,0
bandwidth_mean,0.006124190986156464,3,0
mfcc_3_p10,0.00601262366399169,3,0
mfcc_14_std,0.0059867980889976025,3,0
mfcc_delta_7_std,0.005970981437712908,3,0
mfcc_7_std,0.005952643696218729,3,0
mfcc_18_mean,0.005930780433118343,3,0
mfcc_16_p10,0.005893995054066181,3,0
mfcc_0_std,0.005808917805552483,3,0
mfcc_2_mean,0.005770443938672543,3,0
mfcc_15_std,0.005615012254565954,3,0
mfcc_delta_6_mean,0.005523760337382555,3,0
mfcc_9_p10,0.005507440771907568,3,0
mfcc_7_p10,0.005470749456435442,3,0
mfcc_0_mean,0.005427259020507336,3,0
mfcc_12_p10,0.00508736539632082,3,0
rms_std,0.005071517080068588,3,0
mfcc_15_p10,0.004974289797246456,3,0
mfcc_11_p10,0.0049466341733932495,3,0
mfcc_1_p90,0.004853751976042986,3,0
mfcc_1_mean,0.004799662623554468,3,0
mfcc_delta_9_p10,0.004786509554833174,3,0
mfcc_2_p90,0.0047633107751607895,3,0
flatness_p90,0.09693337976932526,3,1
zero_crossing_rate_std,0.0909322053194046,3,1
mfcc_6_p10,0.046072617173194885,3,1
mfcc_3_mean,0.03275689855217934,3,1
mfcc_2_p10,0.02833239920437336,3,1
mfcc_6_mean,0.017514420673251152,3,1
rms_p10,0.014377638697624207,3,1
mfcc_3_p10,0.013985530473291874,3,1
centroid_p90,0.013735559768974781,3,1
mfcc_7_std,0.013371018692851067,3,1
mfcc_delta_2_std,0.012656397186219692,3,1
flatness_mean,0.0122080622240901,3,1
mfcc_16_std,0.011768626049160957,3,1
mfcc_4_p10,0.011583532206714153,3,1
rms_mean,0.011408439837396145,3,1
zero_crossing_rate_p90,0.011335544288158417,3,1
mfcc_2_mean,0.010423438623547554,3,1
spectral_entropy_mean,0.010384895838797092,3,1
spectral_entropy_p10,0.010045895352959633,3,1
bandwidth_p90,0.009896603412926197,3,1
zero_crossing_rate_mean,0.009867272339761257,3,1
contrast_1_p10,0.008566624484956264,3,1
contrast_0_std,0.008517958223819733,3,1
mfcc_delta_9_std,0.007742362562566996,3,1
contrast_0_p90,0.007457807660102844,3,1
mfcc_18_p90,0.007192793767899275,3,1
mfcc_delta_3_p10,0.007183006964623928,3,1
mfcc_6_p90,0.0071829441003501415,3,1
mfcc_16_p10,0.0069184815511107445,3,1
centroid_mean,0.006805642507970333,3,1
dominant_frequency_ratio,0.006608003284782171,3,1
mfcc_0_std,0.006419123616069555,3,1
mfcc_15_std,0.006388172507286072,3,1
mfcc_delta_5_mean,0.006233126390725374,3,1
contrast_0_mean,0.006169202737510204,3,1
rolloff85_std,0.006111303810030222,3,1
mfcc_delta_4_mean,0.006088403519243002,3,1
mfcc_4_p90,0.0060545895248651505,3,1
contrast_4_mean,0.006026252172887325,3,1
mfcc_5_mean,0.005990342702716589,3,1
mfcc_5_p10,0.00598137779161334,3,1
mfcc_1_p90,0.005808642134070396,3,1
centroid_std,0.00576680526137352,3,1
mfcc_delta_12_mean,0.005587676074355841,3,1
contrast_1_p90,0.005523660685867071,3,1
mfcc_delta_5_p10,0.005483649671077728,3,1
mfcc_3_p90,0.005278158001601696,3,1
mfcc_0_mean,0.005163626745343208,3,1
mfcc_14_mean,0.005061999894678593,3,1
mfcc_9_p10,0.005027411039918661,3,1
mfcc_delta_0_p10,0.0050241295248270035,3,1
mfcc_17_p90,0.005013006739318371,3,1
mfcc_9_mean,0.004859765991568565,3,1
mfcc_delta_2_p90,0.00471071619540453,3,1
flatness_std,0.004594425205141306,3,1
rms_p90,0.004532019142061472,3,1
mfcc_delta_4_std,0.00452386261895299,3,1
rolloff85_p10,0.004453825298696756,3,1
contrast_4_p90,0.004444921854883432,3,1
mfcc_1_mean,0.004405399784445763,3,1
mfcc_6_mean,0.18213452398777008,3,2
mfcc_6_p90,0.06871363520622253,3,2
mfcc_6_p10,0.04629465937614441,3,2
contrast_0_p90,0.03905561938881874,3,2
zero_crossing_rate_std,0.032075315713882446,3,2
contrast_0_p10,0.03093399479985237,3,2
contrast_0_mean,0.028800344094634056,3,2
mfcc_11_p90,0.012806277722120285,3,2
contrast_3_p10,0.012019887566566467,3,2
bandwidth_mean,0.011484718881547451,3,2
mfcc_11_p10,0.011310693807899952,3,2
mfcc_15_p10,0.010219873860478401,3,2
spectral_entropy_mean,0.010219319723546505,3,2
rms_mean,0.010050201788544655,3,2
flatness_p10,0.00953928753733635,3,2
mfcc_1_p90,0.009531070478260517,3,2
mfcc_delta_6_mean,0.009349515661597252,3,2
mfcc_9_std,0.008369212038815022,3,2
mfcc_15_p90,0.008228043094277382,3,2
rolloff85_p10,0.007654855027794838,3,2
bandwidth_p10,0.007499318569898605,3,2
rms_p10,0.007128654979169369,3,2
mfcc_9_mean,0.007110108621418476,3,2
contrast_2_mean,0.007020552176982164,3,2
bandwidth_std,0.006994845345616341,3,2
mfcc_1_p10,0.0065161557868123055,3,2
mfcc_15_mean,0.0064679402858018875,3,2
mfcc_delta_11_p10,0.006441317033022642,3,2
spectral_entropy_p10,0.006218325812369585,3,2
mfcc_2_std,0.006114577874541283,3,2
mfcc_delta_5_p90,0.005985897034406662,3,2
mfcc_delta_7_mean,0.005980631336569786,3,2
mfcc_1_mean,0.0057639479637146,3,2
mfcc_5_p90,0.0056945160031318665,3,2
mfcc_16_std,0.005671130493283272,3,2
mfcc_7_mean,0.005569442640990019,3,2
mfcc_delta_8_mean,0.005428720731288195,3,2
mfcc_4_mean,0.005329494830220938,3,2
mfcc_2_p10,0.005273754242807627,3,2
mfcc_2_p90,0.00511742802336812,3,2
mfcc_4_p90,0.005036830436438322,3,2
mfcc_8_p10,0.004929306451231241,3,2
mfcc_delta_1_std,0.0049258130602538586,3,2
mfcc_delta_5_mean,0.004918912425637245,3,2
mfcc_delta_4_p90,0.004865413065999746,3,2
mfcc_0_std,0.004824076313525438,3,2
mfcc_11_mean,0.004793941974639893,3,2
mfcc_delta_0_p10,0.004736223723739386,3,2
mfcc_delta_10_p10,0.004712735768407583,3,2
mfcc_delta_7_std,0.0046979160979390144,3,2
mfcc_4_p10,0.0046209306456148624,3,2
contrast_4_p90,0.004553132224828005,3,2
mfcc_delta_3_p10,0.0045028324238955975,3,2
mfcc_delta_17_mean,0.004488855134695768,3,2
mfcc_delta_9_p10,0.004483488388359547,3,2
mfcc_delta_9_p90,0.004427197854965925,3,2
contrast_5_p90,0.00439737131819129,3,2
mfcc_delta_2_p10,0.004388561937958002,3,2
mfcc_3_mean,0.004333343356847763,3,2
mfcc_delta_14_std,0.004307479131966829,3,2
rms_p10,0.0806673988699913,3,3
mfcc_3_mean,0.05274716019630432,3,3
bandwidth_mean,0.049237556755542755,3,3
rms_mean,0.03958684951066971,3,3
mfcc_10_p90,0.030569208785891533,3,3
mfcc_delta_6_p10,0.03005761094391346,3,3
mfcc_3_p90,0.020554812625050545,3,3
rolloff85_p90,0.02023698389530182,3,3
contrast_5_std,0.020236311480402946,3,3
zero_crossing_rate_std,0.017284594476222992,3,3
rms_p90,0.01692076586186886,3,3
mfcc_delta_6_p90,0.013266636990010738,3,3
mfcc_delta_10_std,0.012108244001865387,3,3
mfcc_4_p90,0.011764018796384335,3,3
mfcc_6_p90,0.011701235547661781,3,3
mfcc_delta_12_std,0.011666243895888329,3,3
contrast_2_p10,0.011107890866696835,3,3
mfcc_6_mean,0.01051483303308487,3,3
mfcc_6_p10,0.010482650250196457,3,3
mfcc_4_mean,0.010469725355505943,3,3
mfcc_2_p90,0.010424137115478516,3,3
mfcc_0_p90,0.010267946869134903,3,3
contrast_5_p10,0.010066727176308632,3,3
mfcc_4_p10,0.009629005566239357,3,3
bandwidth_p10,0.008850646205246449,3,3
mfcc_17_std,0.00876769982278347,3,3
mfcc_5_p10,0.008763071149587631,3,3
mfcc_delta_5_p10,0.008730202913284302,3,3
mfcc_0_mean,0.008633369579911232,3,3
spectral_entropy_mean,0.008529969491064548,3,3
mfcc_3_p10,0.008461526595056057,3,3
mfcc_delta_6_std,0.008140881545841694,3,3
mfcc_9_p10,0.008091232739388943,3,3
centroid_std,0.008060179650783539,3,3
mfcc_14_mean,0.007992985658347607,3,3
zero_crossing_rate_p90,0.007220165338367224,3,3
contrast_0_p90,0.006808021105825901,3,3
mfcc_10_mean,0.006674719508737326,3,3
mfcc_16_mean,0.006611912976950407,3,3
mfcc_2_p10,0.006610559765249491,3,3
mfcc_delta_14_std,0.006568282842636108,3,3
mfcc_19_mean,0.006508104037493467,3,3
mfcc_1_mean,0.006482682656496763,3,3
contrast_1_std,0.006160554941743612,3,3
mfcc_delta_12_p10,0.006129366345703602,3,3
rms_std,0.0060881213285028934,3,3
mfcc_2_mean,0.006026492454111576,3,3
mfcc_11_p90,0.005829337053000927,3,3
contrast_5_mean,0.005542384460568428,3,3
mfcc_delta_0_std,0.005239423364400864,3,3
contrast_4_p10,0.005163973663002253,3,3
contrast_0_p10,0.005160408094525337,3,3
mfcc_delta_13_p90,0.004925120156258345,3,3
mfcc_8_p90,0.00492039043456316,3,3
rolloff85_p10,0.004721839912235737,3,3
mfcc_12_std,0.004494199529290199,3,3
mfcc_6_std,0.004483585245907307,3,3
mfcc_12_mean,0.0044816224835813046,3,3
centroid_p90,0.0044694445095956326,3,3
mfcc_7_p90,0.004402562975883484,3,3
flatness_mean,0.19026225805282593,3,4
flatness_p90,0.13052193820476532,3,4
spectral_entropy_p90,0.07556186616420746,3,4
zero_crossing_rate_p90,0.028702760115265846,3,4
mfcc_8_std,0.017408037558197975,3,4
bandwidth_p90,0.014869100414216518,3,4
mfcc_3_p10,0.013444461859762669,3,4
mfcc_4_p10,0.013370695523917675,3,4
rolloff85_p90,0.013355453498661518,3,4
contrast_5_p90,0.011713399551808834,3,4
mfcc_delta_9_p10,0.010763640515506268,3,4
mfcc_0_p10,0.009646979160606861,3,4
zero_crossing_rate_mean,0.009063107892870903,3,4
mfcc_5_p10,0.00865982472896576,3,4
spectral_entropy_p10,0.008592484518885612,3,4
mfcc_9_p10,0.008572662249207497,3,4
rolloff85_p10,0.008249621838331223,3,4
mfcc_9_p90,0.008159252814948559,3,4
mfcc_delta_5_p90,0.007408919744193554,3,4
mfcc_delta_8_p10,0.007204459048807621,3,4
mfcc_11_p10,0.007183293346315622,3,4
mfcc_delta_11_mean,0.00712592713534832,3,4
mfcc_16_std,0.00696208281442523,3,4
mfcc_4_mean,0.006799221970140934,3,4
rms_p10,0.006759490352123976,3,4
contrast_0_std,0.006650895345956087,3,4
mfcc_9_mean,0.006639427971094847,3,4
rolloff85_std,0.006637289188802242,3,4
mfcc_7_std,0.006585432682186365,3,4
centroid_p90,0.006381758954375982,3,4
mfcc_18_p90,0.006259289104491472,3,4
contrast_1_mean,0.006000715307891369,3,4
mfcc_4_p90,0.0059623983688652515,3,4
contrast_0_p90,0.005747065879404545,3,4
centroid_std,0.005689545534551144,3,4
contrast_1_p10,0.005582478363066912,3,4
mfcc_delta_6_mean,0.005575875751674175,3,4
mfcc_5_mean,0.005273295100778341,3,4
mfcc_2_mean,0.005270096007734537,3,4
mfcc_15_std,0.005258698482066393,3,4
contrast_0_mean,0.005230458453297615,3,4
mfcc_11_p90,0.0051129767671227455,3,4
mfcc_delta_1_p10,0.005104692652821541,3,4
mfcc_6_p10,0.005103820934891701,3,4
mfcc_delta_16_std,0.00505026476457715,3,4
mfcc_delta_8_p90,0.005030504893511534,3,4
contrast_1_p90,0.004873885773122311,3,4
mfcc_7_p90,0.00481811398640275,3,4
rolloff85_mean,0.004581758752465248,3,4
contrast_4_mean,0.004443919751793146,3,4
mfcc_14_std,0.004366974346339703,3,4
contrast_1_std,0.004345223307609558,3,4
mfcc_13_p10,0.004331523552536964,3,4
mfcc_10_p10,0.004291475284844637,3,4
mfcc_2_p90,0.004188678227365017,3,4
mfcc_1_p90,0.004175770562142134,3,4
zero_crossing_rate_std,0.003929472528398037,3,4
mfcc_13_std,0.003777572652325034,3,4
mfcc_5_std,0.003773527219891548,3,4
mfcc_11_mean,0.0037570225540548563,3,4
mfcc_6_mean,0.17333795130252838,4,0
mfcc_3_mean,0.069144606590271,4,0
mfcc_6_p10,0.053541556000709534,4,0
zero_crossing_rate_std,0.03258251026272774,4,0
flatness_p90,0.02567645162343979,4,0
contrast_0_p90,0.023059872910380363,4,0
mfcc_2_p10,0.01452711969614029,4,0
mfcc_2_p90,0.01435552816838026,4,0
contrast_0_mean,0.0132450545206666,4,0
mfcc_3_p10,0.011886099353432655,4,0
zero_crossing_rate_p90,0.011044466868042946,4,0
bandwidth_mean,0.010933144018054008,4,0
spectral_entropy_p90,0.010800030082464218,4,0
bandwidth_p90,0.01021011546254158,4,0
mfcc_6_std,0.009924294427037239,4,0
mfcc_1_p10,0.009806502610445023,4,0
rms_p10,0.00977322831749916,4,0
mfcc_delta_4_mean,0.008968834765255451,4,0
mfcc_delta_0_p10,0.008716817013919353,4,0
mfcc_1_p90,0.00841960683465004,4,0
mfcc_5_mean,0.008075757883489132,4,0
rms_mean,0.007464074529707432,4,0
mfcc_18_p90,0.007463012356311083,4,0
mfcc_10_std,0.007346445694565773,4,0
spectral_entropy_p10,0.0072575281374156475,4,0
mfcc_delta_9_p10,0.007147707045078278,4,0
contrast_5_p10,0.00674215704202652,4,0
mfcc_delta_13_p90,0.006506321020424366,4,0
mfcc_12_p90,0.006003974936902523,4,0
contrast_5_p90,0.0060011232271790504,4,0
mfcc_4_p90,0.005950693506747484,4,0
mfcc_2_mean,0.005854873452335596,4,0
centroid_std,0.005803762935101986,4,0
mfcc_9_mean,0.005746098235249519,4,0
mfcc_9_p90,0.005730512551963329,4,0
mfcc_16_std,0.00570301990956068,4,0
mfcc_0_std,0.005572082940489054,4,0
mfcc_6_p90,0.005330280400812626,4,0
mfcc_13_std,0.0052574207074940205,4,0
mfcc_15_p90,0.005115235224366188,4,0
mfcc_delta_0_p90,0.0050383987836539745,4,0
mfcc_delta_5_p90,0.00495587894693017,4,0
mfcc_16_p10,0.004715754650533199,4,0
mfcc_9_std,0.004439159296452999,4,0
rolloff85_p90,0.004423794336616993,4,0
mfcc_10_p90,0.004233449697494507,4,0
mfcc_delta_14_mean,0.004222171846777201,4,0
rolloff85_p10,0.004221941810101271,4,0
mfcc_delta_10_std,0.004207145888358355,4,0
mfcc_14_std,0.004190920386463404,4,0
zero_crossing_rate_mean,0.0041764541529119015,4,0
mfcc_11_p10,0.0038703372702002525,4,0
mfcc_11_p90,0.00385904498398304,4,0
mfcc_0_p10,0.0038341612089425325,4,0
mfcc_7_mean,0.0038093505427241325,4,0
mfcc_12_p10,0.0037734624929726124,4,0
mfcc_delta_12_std,0.0037658363580703735,4,0
mfcc_18_mean,0.0037272570189088583,4,0
contrast_2_p90,0.003608133876696229,4,0
mfcc_delta_3_p10,0.003587450599297881,4,0
zero_crossing_rate_std,0.09298820048570633,4,1
flatness_p90,0.08404765278100967,4,1
flatness_mean,0.04542655497789383,4,1
mfcc_6_p10,0.028979972004890442,4,1
mfcc_2_p10,0.028773142024874687,4,1
mfcc_3_mean,0.02071642130613327,4,1
contrast_1_p10,0.01905999332666397,4,1
mfcc_2_mean,0.018897337839007378,4,1
bandwidth_p90,0.01856435090303421,4,1
mfcc_3_p10,0.01754368282854557,4,1
rms_p10,0.01740610972046852,4,1
mfcc_7_std,0.016077633947134018,4,1
mfcc_15_std,0.014236191287636757,4,1
mfcc_delta_14_std,0.01300212275236845,4,1
mfcc_4_p10,0.012815885245800018,4,1
mfcc_16_p10,0.01054096594452858,4,1
spectral_entropy_p10,0.010328293778002262,4,1
contrast_1_p90,0.010151620954275131,4,1
rolloff85_p10,0.009253060445189476,4,1
rms_mean,0.00920959934592247,4,1
mfcc_delta_3_p90,0.009170331992208958,4,1
dominant_frequency_ratio,0.008906991221010685,4,1
mfcc_7_mean,0.008645043708384037,4,1
mfcc_delta_19_std,0.008399109356105328,4,1
mfcc_1_p10,0.008349881507456303,4,1
bandwidth_mean,0.007919689640402794,4,1
flatness_p10,0.0077238017693161964,4,1
mfcc_0_std,0.007528856862336397,4,1
bandwidth_p10,0.007292056456208229,4,1
contrast_0_p90,0.007255783304572105,4,1
zero_crossing_rate_p90,0.007195236161351204,4,1
contrast_0_p10,0.007043534889817238,4,1
mfcc_8_p10,0.006765854079276323,4,1
mfcc_delta_9_p90,0.00668785534799099,4,1
mfcc_delta_0_p10,0.006586287636309862,4,1
mfcc_15_p10,0.006508436985313892,4,1
mfcc_12_p10,0.006352117285132408,4,1
mfcc_6_mean,0.005956166423857212,4,1
mfcc_14_std,0.005900068674236536,4,1
zero_crossing_rate_p10,0.005772055126726627,4,1
spectral_entropy_mean,0.005677810870110989,4,1
contrast_1_mean,0.0056557017378509045,4,1
mfcc_delta_6_p90,0.005481555126607418,4,1
contrast_0_mean,0.0054277079179883,4,1
mfcc_delta_14_p90,0.00542631046846509,4,1
mfcc_5_p10,0.00541404914110899,4,1
centroid_std,0.005261906888335943,4,1
contrast_5_std,0.00508375046774745,4,1
mfcc_11_std,0.004992946982383728,4,1
mfcc_4_mean,0.004888099152594805,4,1
mfcc_11_p10,0.004860824439674616,4,1
mfcc_9_p90,0.004853348713368177,4,1
zero_crossing_rate_mean,0.0048407274298369884,4,1
mfcc_13_p90,0.004824028350412846,4,1
mfcc_delta_7_mean,0.004334527067840099,4,1
mfcc_delta_2_p90,0.00433426583185792,4,1
mfcc_2_p90,0.00429491326212883,4,1
contrast_5_p10,0.004292067140340805,4,1
centroid_p10,0.004088130779564381,4,1
mfcc_1_p90,0.0040582879446446896,4,1
mfcc_6_mean,0.15175245702266693,4,2
mfcc_6_p10,0.05365563929080963,4,2
zero_crossing_rate_std,0.048366792500019073,4,2
mfcc_6_p90,0.043995451182127,4,2
mfcc_delta_6_p90,0.02227160893380642,4,2
contrast_0_p10,0.022015007212758064,4,2
spectral_entropy_p10,0.019755927845835686,4,2
contrast_0_p90,0.016309088096022606,4,2
mfcc_6_std,0.015162061899900436,4,2
mfcc_15_p90,0.014165527187287807,4,2
contrast_0_mean,0.01392440591007471,4,2
spectral_entropy_mean,0.01282140426337719,4,2
flatness_p10,0.012737379409372807,4,2
mfcc_delta_5_p90,0.011050309985876083,4,2
zero_crossing_rate_p10,0.010707791894674301,4,2
mfcc_delta_0_p10,0.010426717810332775,4,2
mfcc_0_p10,0.010365334339439869,4,2
flatness_mean,0.010103057138621807,4,2
mfcc_delta_6_p10,0.010100032202899456,4,2
rms_p10,0.009873527102172375,4,2
mfcc_11_p10,0.009795665740966797,4,2
contrast_2_mean,0.009748486801981926,4,2
mfcc_delta_9_p90,0.009369728155434132,4,2
rms_mean,0.00891418382525444,4,2
mfcc_delta_11_p10,0.008543101139366627,4,2
mfcc_delta_17_mean,0.008370202966034412,4,2
mfcc_delta_2_p10,0.008198762312531471,4,2
contrast_2_p90,0.007700379006564617,4,2
mfcc_delta_6_mean,0.007452714256942272,4,2
mfcc_5_p10,0.0069354563020169735,4,2
flatness_std,0.006338431499898434,4,2
mfcc_7_mean,0.006209029816091061,4,2
mfcc_12_p90,0.006096163764595985,4,2
contrast_4_mean,0.006016585044562817,4,2
mfcc_4_p90,0.005988334305584431,4,2
mfcc_11_mean,0.005985903553664684,4,2
mfcc_8_mean,0.00597070949152112,4,2
rms_p90,0.005553628318011761,4,2
contrast_4_p10,0.0054231369867920876,4,2
mfcc_0_p90,0.005358257330954075,4,2
mfcc_4_p10,0.005235705990344286,4,2
mfcc_15_p10,0.0051930611953139305,4,2
mfcc_delta_18_std,0.005112537182867527,4,2
bandwidth_p10,0.005056256894022226,4,2
contrast_4_p90,0.004995225463062525,4,2
mfcc_delta_3_p10,0.004854148719459772,4,2
centroid_std,0.004714420065283775,4,2
spectral_entropy_p90,0.004698615986853838,4,2
mfcc_delta_0_p90,0.004648575093597174,4,2
mfcc_9_std,0.004575174767524004,4,2
mfcc_delta_9_p10,0.004510394297540188,4,2
mfcc_delta_12_mean,0.004457323811948299,4,2
mfcc_11_p90,0.00443685008212924,4,2
mfcc_7_p10,0.004428370855748653,4,2
mfcc_0_std,0.004411393776535988,4,2
mfcc_delta_7_mean,0.004299454856663942,4,2
contrast_2_std,0.004279949702322483,4,2
contrast_1_p90,0.004101524595171213,4,2
mfcc_delta_9_std,0.00407024659216404,4,2
mfcc_delta_19_std,0.004058339167386293,4,2
rms_p10,0.06807844340801239,4,3
mfcc_3_mean,0.05132530257105827,4,3
bandwidth_mean,0.043483149260282516,4,3
rolloff85_p90,0.036800988018512726,4,3
rms_mean,0.030904632061719894,4,3
zero_crossing_rate_std,0.0299050472676754,4,3
contrast_5_std,0.025844303891062737,4,3
rms_p90,0.02408607490360737,4,3
contrast_0_std,0.02209417335689068,4,3
mfcc_6_p10,0.019229110330343246,4,3
mfcc_3_p90,0.018947338685393333,4,3
mfcc_10_p90,0.017031308263540268,4,3
bandwidth_p10,0.016389355063438416,4,3
mfcc_8_p90,0.015042787417769432,4,3
mfcc_delta_12_std,0.01487721223384142,4,3
mfcc_2_mean,0.013938016258180141,4,3
mfcc_4_p90,0.013359247706830502,4,3
mfcc_2_p90,0.011461916379630566,4,3
mfcc_0_p90,0.011428533121943474,4,3
mfcc_4_mean,0.011402303352952003,4,3
rolloff85_mean,0.01103768777102232,4,3
zero_crossing_rate_mean,0.010999302379786968,4,3
mfcc_6_p90,0.010664014145731926,4,3
mfcc_delta_6_p90,0.010432157665491104,4,3
mfcc_14_std,0.00928396638482809,4,3
mfcc_19_mean,0.00902522075921297,4,3
mfcc_4_p10,0.008540337905287743,4,3
mfcc_delta_10_std,0.008291160687804222,4,3
contrast_0_p90,0.00805403757840395,4,3
mfcc_0_mean,0.008033104240894318,4,3
flatness_p10,0.007776809856295586,4,3
centroid_std,0.007458062376827002,4,3
mfcc_11_p90,0.006939715705811977,4,3
mfcc_6_std,0.006923673674464226,4,3
dominant_frequency_ratio,0.0067506032064557076,4,3
mfcc_3_p10,0.006747627165168524,4,3
spectral_entropy_mean,0.006729711778461933,4,3
mfcc_5_std,0.006661518011242151,4,3
rolloff85_p10,0.006646961905062199,4,3
mfcc_17_std,0.0065466370433568954,4,3
contrast_2_p10,0.006477657705545425,4,3
rms_std,0.006175626069307327,4,3
mfcc_2_p10,0.005975923966616392,4,3
mfcc_10_mean,0.005884137935936451,4,3
mfcc_19_std,0.005830068606883287,4,3
mfcc_6_mean,0.00566142937168479,4,3
bandwidth_p90,0.005508374888449907,4,3
mfcc_delta_12_p90,0.005450650583952665,4,3
contrast_5_p10,0.00539238378405571,4,3
mfcc_16_mean,0.005346912890672684,4,3
contrast_1_p10,0.005230019334703684,4,3
zero_crossing_rate_p90,0.005168635863810778,4,3
mfcc_3_std,0.005168524105101824,4,3
mfcc_5_p10,0.004885143134742975,4,3
contrast_1_std,0.004805009812116623,4,3
contrast_2_mean,0.004562510643154383,4,3
centroid_mean,0.004551878198981285,4,3
mfcc_delta_7_p90,0.004503299947828054,4,3
dominant_frequency,0.004488950129598379,4,3
mfcc_14_p90,0.004323507659137249,4,3
flatness_p90,0.20095309615135193,4,4
flatness_mean,0.10521102696657181,4,4
spectral_entropy_p90,0.06346236169338226,4,4
zero_crossing_rate_p90,0.05026333034038544,4,4
mfcc_3_p10,0.016663862392306328,4,4
mfcc_2_p90,0.01572808437049389,4,4
mfcc_4_p10,0.01298770122230053,4,4
rolloff85_p90,0.0128658851608634,4,4
bandwidth_p90,0.012474625371396542,4,4
zero_crossing_rate_mean,0.012351682409644127,4,4
mfcc_9_p90,0.010727793909609318,4,4
mfcc_6_p10,0.01070612482726574,4,4
mfcc_8_std,0.01047700084745884,4,4
mfcc_0_p10,0.010024555027484894,4,4
mfcc_delta_9_p10,0.009718718007206917,4,4
mfcc_3_mean,0.008132489398121834,4,4
contrast_1_p10,0.008123279549181461,4,4
mfcc_9_p10,0.007957596331834793,4,4
mfcc_delta_16_std,0.007873265072703362,4,4
mfcc_4_mean,0.007801594212651253,4,4
mfcc_7_std,0.007245410233736038,4,4
contrast_0_p90,0.007225240580737591,4,4
rolloff85_std,0.0071618459187448025,4,4
mfcc_12_p10,0.00709042651578784,4,4
mfcc_delta_12_p10,0.006782649550586939,4,4
contrast_0_std,0.0066840872168540955,4,4
mfcc_15_std,0.006469911430031061,4,4
contrast_0_mean,0.006384196691215038,4,4
mfcc_14_std,0.006226703058928251,4,4
mfcc_11_p10,0.005948226433247328,4,4
rolloff85_p10,0.005456856917589903,4,4
contrast_5_p90,0.005420566536486149,4,4
mfcc_2_mean,0.005334334447979927,4,4
mfcc_5_mean,0.005296164192259312,4,4
mfcc_1_p90,0.005271653179079294,4,4
mfcc_9_mean,0.005153031554073095,4,4
zero_crossing_rate_std,0.005045851226896048,4,4
mfcc_16_std,0.005036523565649986,4,4
centroid_std,0.004919720813632011,4,4
mfcc_5_p10,0.004836880601942539,4,4
mfcc_delta_6_mean,0.004821086768060923,4,4
rms_p10,0.004767615348100662,4,4
flatness_std,0.004680582322180271,4,4
centroid_p10,0.004676115233451128,4,4
centroid_mean,0.004649173468351364,4,4
mfcc_delta_8_p90,0.004387193825095892,4,4
mfcc_delta_8_p10,0.004210416693240404,4,4
mfcc_delta_0_std,0.004206545185297728,4,4
mfcc_delta_8_std,0.0041982075199484825,4,4
rolloff85_mean,0.004120596684515476,4,4
contrast_1_mean,0.004001121502369642,4,4
mfcc_4_p90,0.003971854690462351,4,4
contrast_3_p90,0.003944763448089361,4,4
contrast_5_std,0.003853675676509738,4,4
mfcc_delta_9_p90,0.003819370409473777,4,4
mfcc_11_mean,0.0038144097197800875,4,4
contrast_1_p90,0.003759313840419054,4,4
mfcc_12_mean,0.0037243568804115057,4,4
bandwidth_std,0.003705202369019389,4,4
mfcc_10_p10,0.003661287948489189,4,4
mfcc_3_mean,0.0940311849117279,5,0
zero_crossing_rate_std,0.05481177568435669,5,0
flatness_p90,0.05147510766983032,5,0
mfcc_6_p10,0.04636009782552719,5,0
contrast_0_p90,0.031055213883519173,5,0
mfcc_2_p90,0.022117510437965393,5,0
bandwidth_p90,0.02074285037815571,5,0
mfcc_2_p10,0.018260205164551735,5,0
flatness_mean,0.01649547927081585,5,0
mfcc_3_p10,0.016375642269849777,5,0
mfcc_delta_5_p90,0.014718998223543167,5,0
mfcc_6_mean,0.0146908825263381,5,0
zero_crossing_rate_p90,0.012482722289860249,5,0
mfcc_5_p10,0.012032419443130493,5,0
contrast_1_p10,0.011908060871064663,5,0
mfcc_5_mean,0.010940833948552608,5,0
zero_crossing_rate_mean,0.010660295374691486,5,0
contrast_0_mean,0.010496387258172035,5,0
spectral_entropy_p10,0.010291154496371746,5,0
mfcc_delta_15_std,0.009999430738389492,5,0
contrast_0_p10,0.009978052228689194,5,0
mfcc_10_std,0.00948391854763031,5,0
mfcc_1_mean,0.008861362002789974,5,0
mfcc_1_p90,0.008702120743691921,5,0
mfcc_delta_6_std,0.008523063734173775,5,0
mfcc_4_p90,0.008326932787895203,5,0
mfcc_15_std,0.007789775729179382,5,0
dominant_frequency_ratio,0.007214274723082781,5,0
mfcc_11_std,0.007183469831943512,5,0
contrast_2_p90,0.00713775772601366,5,0
contrast_5_p90,0.00705082667991519,5,0
mfcc_13_p10,0.0070196278393268585,5,0
mfcc_0_std,0.006553562358021736,5,0
contrast_4_mean,0.006221282761543989,5,0
mfcc_9_mean,0.0060497671365737915,5,0
contrast_5_p10,0.006034325808286667,5,0
mfcc_9_p90,0.005986199714243412,5,0
mfcc_4_p10,0.005983120761811733,5,0
mfcc_18_p90,0.005974567495286465,5,0
mfcc_12_p10,0.005825796630233526,5,0
mfcc_1_p10,0.0056125628761947155,5,0
mfcc_18_mean,0.0055690850131213665,5,0
mfcc_delta_10_p10,0.005528480280190706,5,0
mfcc_delta_0_p10,0.005434667691588402,5,0
mfcc_7_mean,0.005408757831901312,5,0
contrast_0_std,0.005308285355567932,5,0
mfcc_delta_0_std,0.005106275901198387,5,0
mfcc_2_mean,0.005078714806586504,5,0
bandwidth_mean,0.0050237891264259815,5,0
mfcc_16_std,0.005004114471375942,5,0
mfcc_delta_14_std,0.004999966826289892,5,0
mfcc_11_mean,0.0049149817787110806,5,0
contrast_5_std,0.0047928267158567905,5,0
rms_p10,0.004761099349707365,5,0
mfcc_8_mean,0.004720272962003946,5,0
mfcc_0_p10,0.004659951198846102,5,0
contrast_5_mean,0.004561054520308971,5,0
mfcc_delta_4_std,0.004558661486953497,5,0
mfcc_6_p90,0.004477494861930609,5,0
contrast_4_p10,0.004325562622398138,5,0
mfcc_6_mean,0.17815415561199188,5,1
zero_crossing_rate_std,0.05366247147321701,5,1
mfcc_6_p90,0.040276724845170975,5,1
mfcc_3_mean,0.03560305014252663,5,1
contrast_0_p10,0.020796338096261024,5,1
contrast_0_p90,0.02061210200190544,5,1
bandwidth_p10,0.01634456403553486,5,1
mfcc_11_p90,0.011544408276677132,5,1
contrast_3_p10,0.011370564810931683,5,1
rms_mean,0.01091812178492546,5,1
bandwidth_mean,0.01020740158855915,5,1
mfcc_delta_2_p90,0.010185814462602139,5,1
mfcc_6_p10,0.009947285987436771,5,1
mfcc_2_p10,0.009714866988360882,5,1
mfcc_18_p90,0.009538216516375542,5,1
mfcc_delta_15_p10,0.009433693252503872,5,1
contrast_0_mean,0.009363232180476189,5,1
rms_p10,0.009167786687612534,5,1
contrast_1_std,0.008827860467135906,5,1
mfcc_3_p10,0.008599646389484406,5,1
mfcc_10_p90,0.008496350608766079,5,1
mfcc_2_p90,0.00809120200574398,5,1
spectral_entropy_mean,0.008046917617321014,5,1
mfcc_18_mean,0.00803300179541111,5,1
mfcc_delta_1_mean,0.008031895384192467,5,1
mfcc_5_p90,0.007731163874268532,5,1
mfcc_delta_0_std,0.007596285548061132,5,1
contrast_1_p90,0.007565076928585768,5,1
mfcc_19_p90,0.007334501016885042,5,1
mfcc_11_mean,0.007241853978484869,5,1
contrast_1_mean,0.007146331947296858,5,1
contrast_2_mean,0.00701307225972414,5,1
mfcc_delta_8_p90,0.006448306143283844,5,1
contrast_5_mean,0.006433078553527594,5,1
mfcc_4_p90,0.006220113020390272,5,1
mfcc_9_mean,0.006171881686896086,5,1
mfcc_delta_10_p10,0.006036781240254641,5,1
bandwidth_p90,0.006023823749274015,5,1
mfcc_9_p10,0.0058793239295482635,5,1
rms_p90,0.005851453635841608,5,1
spectral_entropy_p10,0.005803693551570177,5,1
flatness_p10,0.0056875916197896,5,1
contrast_4_p10,0.005532925017178059,5,1
mfcc_7_p10,0.005446136929094791,5,1
mfcc_19_mean,0.005382030736654997,5,1
mfcc_16_mean,0.005366059485822916,5,1
contrast_5_p90,0.0053387354128062725,5,1
zero_crossing_rate_p90,0.0052497913129627705,5,1
mfcc_delta_17_std,0.005123324226588011,5,1
mfcc_7_mean,0.005058597307652235,5,1
mfcc_delta_18_p10,0.004918723367154598,5,1
mfcc_13_p10,0.0048643904738128185,5,1
mfcc_0_p10,0.004850477911531925,5,1
mfcc_11_p10,0.004847573582082987,5,1
mfcc_2_mean,0.004801406525075436,5,1
mfcc_3_p90,0.0048006027936935425,5,1
mfcc_delta_17_p90,0.004785587079823017,5,1
mfcc_16_p10,0.004568933043628931,5,1
mfcc_7_p90,0.004526043776422739,5,1
mfcc_5_p10,0.004505919758230448,5,1
mfcc_6_mean,0.18473289906978607,5,2
mfcc_6_p10,0.06181245297193527,5,2
zero_crossing_rate_std,0.05182395502924919,5,2
contrast_0_p90,0.028700321912765503,5,2
mfcc_6_p90,0.02236190252006054,5,2
contrast_0_mean,0.017969515174627304,5,2
mfcc_1_p90,0.015724945813417435,5,2
contrast_0_p10,0.01416013389825821,5,2
mfcc_delta_4_mean,0.013538957573473454,5,2
mfcc_delta_2_p10,0.011398260481655598,5,2
mfcc_11_p90,0.00999211985617876,5,2
rms_p10,0.009961063042283058,5,2
contrast_2_mean,0.009749636054039001,5,2
spectral_entropy_mean,0.00969679094851017,5,2
rms_mean,0.00952546764165163,5,2
mfcc_11_p10,0.00879011582583189,5,2
mfcc_delta_6_mean,0.008062894456088543,5,2
bandwidth_mean,0.00795561634004116,5,2
flatness_p10,0.007887795567512512,5,2
mfcc_16_std,0.007816541939973831,5,2
mfcc_7_mean,0.0078028966672718525,5,2
mfcc_delta_3_p10,0.007381207775324583,5,2
contrast_3_p10,0.007181179244071245,5,2
mfcc_0_p90,0.006802082527428865,5,2
mfcc_delta_0_p10,0.006799463182687759,5,2
mfcc_0_p10,0.006704782601445913,5,2
mfcc_delta_13_p90,0.006613829173147678,5,2
contrast_1_p10,0.006482117343693972,5,2
mfcc_13_p90,0.006371661555022001,5,2
spectral_entropy_p10,0.006276846397668123,5,2
centroid_std,0.006160543765872717,5,2
mfcc_5_p90,0.005694188643246889,5,2
contrast_1_p90,0.005685360170900822,5,2
mfcc_12_mean,0.005648079793900251,5,2
mfcc_delta_13_p10,0.005525540094822645,5,2
mfcc_1_mean,0.005522565916180611,5,2
mfcc_delta_8_p90,0.005465725436806679,5,2
mfcc_1_p10,0.005416073836386204,5,2
mfcc_2_p90,0.005373889580368996,5,2
mfcc_delta_19_p90,0.005366210360080004,5,2
mfcc_delta_2_mean,0.005362231750041246,5,2
mfcc_delta_11_std,0.005351088475435972,5,2
contrast_1_mean,0.005278958473354578,5,2
zero_crossing_rate_p10,0.005256195552647114,5,2
contrast_4_p10,0.005121295806020498,5,2
rolloff85_std,0.005111897364258766,5,2
mfcc_13_std,0.005097141955047846,5,2
mfcc_delta_10_p10,0.0050298054702579975,5,2
mfcc_17_mean,0.004919031169265509,5,2
mfcc_2_p10,0.004800733644515276,5,2
bandwidth_std,0.004800434224307537,5,2
mfcc_8_std,0.004734272137284279,5,2
mfcc_19_std,0.0046824016608297825,5,2
mfcc_delta_5_p90,0.0045874533243477345,5,2
bandwidth_p10,0.004532072227448225,5,2
mfcc_6_std,0.004517574794590473,5,2
mfcc_18_std,0.004457144998013973,5,2
mfcc_7_p10,0.004374206066131592,5,2
mfcc_11_mean,0.004351088777184486,5,2
flatness_std,0.00431249151006341,5,2
rms_p10,0.06953833997249603,5,3
rms_mean,0.04906058311462402,5,3
mfcc_3_mean,0.04456336796283722,5,3
bandwidth_mean,0.04092423617839813,5,3
rolloff85_p90,0.03384246304631233,5,3
mfcc_10_p90,0.0297558456659317,5,3
mfcc_delta_6_p10,0.02537810057401657,5,3
contrast_5_std,0.01995186135172844,5,3
mfcc_3_p90,0.019742736592888832,5,3
mfcc_6_std,0.01608826033771038,5,3
mfcc_6_mean,0.0160836111754179,5,3
rms_p90,0.01393856666982174,5,3
zero_crossing_rate_std,0.013802568428218365,5,3
mfcc_5_std,0.011421119794249535,5,3
mfcc_6_p10,0.011325889267027378,5,3
mfcc_2_p90,0.011036042124032974,5,3
contrast_2_p10,0.010424339212477207,5,3
mfcc_4_mean,0.010192678309977055,5,3
mfcc_0_p90,0.010087206959724426,5,3
mfcc_delta_5_p90,0.00976155512034893,5,3
bandwidth_p10,0.009746680036187172,5,3
mfcc_14_std,0.00960660632699728,5,3
mfcc_6_p90,0.009464260190725327,5,3
mfcc_17_std,0.009265251457691193,5,3
mfcc_delta_6_std,0.00926408264786005,5,3
zero_crossing_rate_mean,0.008764710277318954,5,3
mfcc_4_p90,0.008333324454724789,5,3
contrast_0_std,0.008037898689508438,5,3
mfcc_3_p10,0.008021542802453041,5,3
zero_crossing_rate_p90,0.007766533177345991,5,3
centroid_p90,0.007677978835999966,5,3
contrast_1_std,0.007584890350699425,5,3
mfcc_0_mean,0.0074021280743181705,5,3
mfcc_delta_4_std,0.006956739351153374,5,3
mfcc_delta_17_p10,0.0069503989070653915,5,3
mfcc_2_p10,0.0065070223063230515,5,3
mfcc_delta_12_p10,0.006449916400015354,5,3
mfcc_4_p10,0.006442429032176733,5,3
mfcc_delta_10_std,0.0061432900838553905,5,3
rolloff85_p10,0.005995878949761391,5,3
mfcc_12_mean,0.0059308926574885845,5,3
mfcc_10_mean,0.005929475650191307,5,3
mfcc_19_std,0.005886068567633629,5,3
contrast_0_p90,0.0058777425438165665,5,3
flatness_p10,0.0057840305380523205,5,3
centroid_std,0.005712505429983139,5,3
mfcc_delta_10_p90,0.005707983393222094,5,3
mfcc_delta_0_std,0.005691530182957649,5,3
rms_std,0.005689910147339106,5,3
spectral_entropy_mean,0.0056265490129590034,5,3
mfcc_9_p10,0.00561875756829977,5,3
mfcc_2_mean,0.005372985266149044,5,3
contrast_4_p10,0.005355562549084425,5,3
mfcc_1_p90,0.005246440880000591,5,3
bandwidth_p90,0.005246116779744625,5,3
mfcc_19_mean,0.005024346522986889,5,3
mfcc_8_p90,0.00498430710285902,5,3
mfcc_5_p10,0.004912676755338907,5,3
mfcc_delta_9_p10,0.004685474559664726,5,3
mfcc_delta_7_std,0.004639538004994392,5,3
flatness_p90,0.2067694216966629,5,4
flatness_mean,0.1004522517323494,5,4
spectral_entropy_p90,0.03658308461308479,5,4
zero_crossing_rate_p90,0.02600965090095997,5,4
mfcc_delta_10_std,0.01839660480618477,5,4
mfcc_4_p10,0.01769908145070076,5,4
bandwidth_p90,0.01500369980931282,5,4
mfcc_8_std,0.014343268238008022,5,4
mfcc_7_std,0.014043940231204033,5,4
mfcc_14_std,0.013936950825154781,5,4
mfcc_15_std,0.013398179784417152,5,4
zero_crossing_rate_mean,0.012601030059158802,5,4
mfcc_4_mean,0.011990384198725224,5,4
mfcc_16_std,0.01065910141915083,5,4
mfcc_delta_1_p90,0.010166828520596027,5,4
mfcc_delta_9_p10,0.00921094324439764,5,4
contrast_0_p90,0.008958526886999607,5,4
centroid_std,0.008534020744264126,5,4
mfcc_delta_8_p10,0.008492916822433472,5,4
mfcc_11_p10,0.008492518216371536,5,4
mfcc_delta_5_p90,0.00796432700008154,5,4
mfcc_delta_16_std,0.00792665220797062,5,4
mfcc_3_p10,0.007773743011057377,5,4
mfcc_5_mean,0.007634321693331003,5,4
contrast_5_p90,0.007612968795001507,5,4
mfcc_9_mean,0.007601016201078892,5,4
mfcc_11_mean,0.0075059086084365845,5,4
rolloff85_p90,0.007202823180705309,5,4
mfcc_delta_0_std,0.006984978914260864,5,4
mfcc_12_p90,0.006767173297703266,5,4
mfcc_0_p10,0.006555120460689068,5,4
contrast_4_mean,0.006304475944489241,5,4
mfcc_9_p90,0.006276777014136314,5,4
mfcc_5_p10,0.005908499471843243,5,4
mfcc_2_mean,0.005829936359077692,5,4
mfcc_delta_6_std,0.005716838873922825,5,4
zero_crossing_rate_std,0.005696066189557314,5,4
mfcc_delta_1_p10,0.005668033380061388,5,4
contrast_1_p90,0.00554009759798646,5,4
rolloff85_std,0.005074826069176197,5,4
mfcc_2_p90,0.00483610900118947,5,4
mfcc_7_p90,0.004830624908208847,5,4
mfcc_delta_6_p90,0.004811652470380068,5,4
mfcc_12_mean,0.004755778703838587,5,4
mfcc_4_p90,0.0047314888797700405,5,4
mfcc_11_std,0.004697192460298538,5,4
mfcc_12_p10,0.0046569895930588245,5,4
spectral_entropy_std,0.004585940390825272,5,4
contrast_0_std,0.004547119140625,5,4
contrast_5_std,0.004489971790462732,5,4
mfcc_5_std,0.004379583988338709,5,4
mfcc_11_p90,0.004358578473329544,5,4
contrast_1_p10,0.004348806571215391,5,4
mfcc_delta_6_mean,0.004229862708598375,5,4
centroid_p10,0.0042269267141819,5,4
contrast_1_mean,0.004156242124736309,5,4
mfcc_1_p90,0.0040541160851716995,5,4
mfcc_6_std,0.004030084237456322,5,4
centroid_p90,0.003990253433585167,5,4
bandwidth_std,0.003921580500900745,5,4
flatness_p90,0.07660786807537079,6,0
mfcc_6_p10,0.06927401572465897,6,0
mfcc_3_mean,0.059410057961940765,6,0
mfcc_6_mean,0.0511375367641449,6,0
mfcc_3_p90,0.025986475870013237,6,0
contrast_0_p90,0.024740636348724365,6,0
bandwidth_p90,0.020680174231529236,6,0
mfcc_4_p10,0.018149057403206825,6,0
mfcc_delta_14_std,0.015475230291485786,6,0
zero_crossing_rate_p90,0.01414478849619627,6,0
mfcc_2_p10,0.012646152637898922,6,0
mfcc_delta_4_p10,0.012278657406568527,6,0
zero_crossing_rate_std,0.011527277529239655,6,0
mfcc_1_p90,0.011308478191494942,6,0
bandwidth_mean,0.011112120002508163,6,0
contrast_4_p10,0.01100070122629404,6,0
mfcc_3_p10,0.010748200118541718,6,0
contrast_1_p10,0.010152125731110573,6,0
mfcc_8_p10,0.00996838603168726,6,0
mfcc_9_mean,0.009458440355956554,6,0
mfcc_5_p10,0.009315655566751957,6,0
zero_crossing_rate_p10,0.0091184601187706,6,0
mfcc_delta_11_p10,0.009093400090932846,6,0
mfcc_14_std,0.00884549506008625,6,0
mfcc_delta_0_std,0.008469839580357075,6,0
mfcc_1_p10,0.008297606371343136,6,0
spectral_entropy_p10,0.008118944242596626,6,0
mfcc_4_mean,0.00752462912350893,6,0
contrast_0_p10,0.007445001043379307,6,0
mfcc_0_std,0.007369461469352245,6,0
rms_p10,0.007323580328375101,6,0
centroid_std,0.007115378975868225,6,0
mfcc_4_p90,0.007110190112143755,6,0
mfcc_10_mean,0.00704242242500186,6,0
mfcc_7_p10,0.006924492307007313,6,0
mfcc_delta_3_p10,0.006843512877821922,6,0
mfcc_9_p90,0.006512148305773735,6,0
flatness_mean,0.006496460642665625,6,0
contrast_4_mean,0.006048144772648811,6,0
mfcc_delta_5_p90,0.0059890118427574635,6,0
mfcc_delta_13_p90,0.005975168664008379,6,0
contrast_1_mean,0.0058906953781843185,6,0
mfcc_delta_4_std,0.005867209751158953,6,0
mfcc_9_p10,0.005764800123870373,6,0
dominant_frequency_ratio,0.00550845917314291,6,0
mfcc_1_mean,0.005374989937990904,6,0
mfcc_delta_2_mean,0.005230075679719448,6,0
mfcc_2_mean,0.005164930131286383,6,0
mfcc_10_p90,0.005158298648893833,6,0
contrast_5_p90,0.004982129670679569,6,0
contrast_4_p90,0.004941484425216913,6,0
mfcc_6_std,0.004930243361741304,6,0
mfcc_9_std,0.004795704502612352,6,0
contrast_2_p10,0.004734714049845934,6,0
mfcc_11_mean,0.004712474998086691,6,0
contrast_0_mean,0.004664707463234663,6,0
mfcc_15_std,0.004647784400731325,6,0
zero_crossing_rate_mean,0.0044155060313642025,6,0
mfcc_delta_4_p90,0.004203076008707285,6,0
mfcc_16_std,0.004171809181571007,6,0
zero_crossing_rate_std,0.12591324746608734,6,1
mfcc_6_p10,0.048297178000211716,6,1
flatness_p90,0.04747360944747925,6,1
mfcc_2_p10,0.030583901330828667,6,1
mfcc_3_mean,0.03023086115717888,6,1
zero_crossing_rate_p90,0.02458585612475872,6,1
spectral_entropy_mean,0.02213871479034424,6,1
mfcc_delta_5_p10,0.017304446548223495,6,1
rms_p10,0.016009531915187836,6,1
mfcc_delta_8_std,0.013920113444328308,6,1
contrast_1_p10,0.013453423045575619,6,1
mfcc_delta_8_p10,0.011405300348997116,6,1
mfcc_7_std,0.010232267901301384,6,1
mfcc_delta_4_mean,0.010060795582830906,6,1
mfcc_delta_3_p10,0.009713944979012012,6,1
contrast_0_p90,0.009701098315417767,6,1
mfcc_3_p10,0.00943527091294527,6,1
spectral_entropy_p10,0.009366492740809917,6,1
flatness_mean,0.00932889711111784,6,1
mfcc_16_std,0.009263822808861732,6,1
mfcc_5_p10,0.00915912538766861,6,1
dominant_frequency_ratio,0.009065253660082817,6,1
mfcc_2_mean,0.008777188137173653,6,1
mfcc_delta_2_p90,0.008539030328392982,6,1
mfcc_4_p10,0.008326023817062378,6,1
contrast_1_mean,0.007977060042321682,6,1
mfcc_0_std,0.007867276668548584,6,1
contrast_1_p90,0.007452644873410463,6,1
rms_mean,0.007258462719619274,6,1
mfcc_16_p10,0.007183410227298737,6,1
mfcc_18_p90,0.007168523967266083,6,1
mfcc_9_mean,0.007034209556877613,6,1
contrast_0_mean,0.007016879040747881,6,1
rolloff85_p90,0.006785156205296516,6,1
mfcc_0_mean,0.006520815193653107,6,1
flatness_p10,0.006471680477261543,6,1
mfcc_delta_14_std,0.006371171213686466,6,1
mfcc_6_mean,0.00606748228892684,6,1
mfcc_12_mean,0.0060457466170191765,6,1
mfcc_delta_4_p10,0.005862678401172161,6,1
mfcc_delta_2_std,0.005782362073659897,6,1
contrast_0_std,0.005674599204212427,6,1
mfcc_9_p10,0.005541704595088959,6,1
mfcc_delta_7_p90,0.0054285540245473385,6,1
bandwidth_mean,0.0053916918113827705,6,1
mfcc_6_std,0.0051229894161224365,6,1
mfcc_delta_11_p10,0.005001031793653965,6,1
mfcc_9_p90,0.004872553050518036,6,1
mfcc_delta_4_std,0.004864990711212158,6,1
mfcc_15_p90,0.00475724320858717,6,1
mfcc_5_mean,0.004738630726933479,6,1
mfcc_7_mean,0.004705875180661678,6,1
bandwidth_p90,0.004585429094731808,6,1
mfcc_delta_13_std,0.004386737011373043,6,1
mfcc_delta_0_p90,0.004330540541559458,6,1
mfcc_2_p90,0.004238233435899019,6,1
mfcc_delta_15_p10,0.003963405266404152,6,1
mfcc_delta_4_p90,0.003938958514481783,6,1
mfcc_0_p10,0.0038176793605089188,6,1
mfcc_14_std,0.0037840958684682846,6,1
mfcc_6_mean,0.19312171638011932,6,2
mfcc_6_p90,0.062992163002491,6,2
mfcc_6_p10,0.053812507539987564,6,2
contrast_0_p90,0.03990351781249046,6,2
zero_crossing_rate_std,0.03936963528394699,6,2
mfcc_delta_11_p10,0.0227824617177248,6,2
contrast_0_p10,0.016765646636486053,6,2
mfcc_10_p10,0.016501588746905327,6,2
mfcc_15_p10,0.014825907535851002,6,2
contrast_0_mean,0.012509039603173733,6,2
spectral_entropy_mean,0.011635121889412403,6,2
mfcc_12_mean,0.011408119462430477,6,2
flatness_p10,0.010279146954417229,6,2
mfcc_1_p90,0.010034780018031597,6,2
bandwidth_p10,0.009640887379646301,6,2
mfcc_1_mean,0.009392893873155117,6,2
mfcc_0_p10,0.009004241786897182,6,2
mfcc_13_std,0.008747312240302563,6,2
rms_mean,0.00799256656318903,6,2
mfcc_11_p90,0.007954314351081848,6,2
mfcc_11_p10,0.007791360840201378,6,2
mfcc_delta_9_p90,0.00761265167966485,6,2
bandwidth_mean,0.0075822314247488976,6,2
mfcc_delta_9_std,0.0072121769189834595,6,2
mfcc_delta_18_std,0.006826725788414478,6,2
mfcc_15_std,0.006592348217964172,6,2
flatness_p90,0.006586558185517788,6,2
contrast_2_p90,0.006580465938895941,6,2
mfcc_delta_5_p90,0.006391294300556183,6,2
mfcc_19_mean,0.006378090940415859,6,2
mfcc_delta_15_p10,0.006202187389135361,6,2
centroid_p90,0.005911028012633324,6,2
mfcc_delta_2_p10,0.005900359712541103,6,2
mfcc_delta_19_std,0.005846228916198015,6,2
mfcc_9_mean,0.005640379618853331,6,2
spectral_entropy_p10,0.005625610705465078,6,2
mfcc_5_p90,0.005616192705929279,6,2
mfcc_11_mean,0.005603501573204994,6,2
contrast_5_p10,0.005366608966141939,6,2
mfcc_16_std,0.004919686820358038,6,2
mfcc_0_p90,0.0048912023194134235,6,2
rms_p90,0.0048752822913229465,6,2
spectral_entropy_p90,0.004855665843933821,6,2
mfcc_delta_17_std,0.004834925755858421,6,2
contrast_5_mean,0.0048111299984157085,6,2
mfcc_3_p90,0.0048014577478170395,6,2
rms_p10,0.004784218966960907,6,2
mfcc_9_p90,0.004702982027083635,6,2
mfcc_delta_18_mean,0.004684289917349815,6,2
mfcc_2_p10,0.004571521654725075,6,2
contrast_1_p90,0.00453803688287735,6,2
mfcc_delta_13_p90,0.004504575859755278,6,2
flatness_mean,0.00435312744230032,6,2
mfcc_delta_10_p10,0.004045321140438318,6,2
mfcc_delta_8_p90,0.003964275121688843,6,2
mfcc_delta_9_p10,0.003947575110942125,6,2
centroid_mean,0.003896185429766774,6,2
contrast_3_mean,0.0038743088953197002,6,2
mfcc_0_std,0.003741750493645668,6,2
dominant_frequency_ratio,0.0037320663686841726,6,2
rms_p10,0.08633150905370712,6,3
bandwidth_mean,0.047781698405742645,6,3
mfcc_6_std,0.038825180381536484,6,3
rms_mean,0.038168665021657944,6,3
mfcc_6_mean,0.03591660410165787,6,3
mfcc_3_mean,0.034470804035663605,6,3
mfcc_10_p90,0.029541410505771637,6,3
contrast_5_std,0.021709363907575607,6,3
mfcc_3_p90,0.02118273451924324,6,3
zero_crossing_rate_mean,0.01746790111064911,6,3
rolloff85_p90,0.014387927949428558,6,3
mfcc_2_p90,0.014360656961798668,6,3
mfcc_4_p90,0.014311742968857288,6,3
zero_crossing_rate_std,0.014243930578231812,6,3
bandwidth_p10,0.01375876646488905,6,3
rms_p90,0.013250325806438923,6,3
mfcc_4_p10,0.011874382384121418,6,3
mfcc_6_p10,0.011239507235586643,6,3
mfcc_0_p90,0.0105434013530612,6,3
mfcc_5_p10,0.010253855027258396,6,3
mfcc_delta_6_p90,0.009915937669575214,6,3
mfcc_17_std,0.009457428008317947,6,3
mfcc_6_p90,0.009256339631974697,6,3
mfcc_12_mean,0.009140627458691597,6,3
mfcc_delta_10_std,0.008909961208701134,6,3
mfcc_0_mean,0.008839440532028675,6,3
contrast_1_std,0.008801380172371864,6,3
contrast_2_p10,0.00872138049453497,6,3
mfcc_3_p10,0.007993059232831001,6,3
mfcc_delta_6_std,0.0077729481272399426,6,3
mfcc_4_mean,0.007613029796630144,6,3
contrast_5_p90,0.007518571801483631,6,3
mfcc_2_mean,0.007485170848667622,6,3
rms_std,0.0073060835711658,6,3
rolloff85_p10,0.007208365947008133,6,3
centroid_std,0.007055915892124176,6,3
spectral_entropy_p10,0.006852629128843546,6,3
mfcc_19_mean,0.006586130708456039,6,3
contrast_0_p90,0.006406470201909542,6,3
mfcc_10_mean,0.006091815419495106,6,3
mfcc_1_p90,0.006062291096895933,6,3
contrast_4_p10,0.00599485682323575,6,3
contrast_5_p10,0.005763861816376448,6,3
mfcc_delta_10_p90,0.005709807388484478,6,3
mfcc_8_p90,0.005676511209458113,6,3
mfcc_16_mean,0.005594396498054266,6,3
bandwidth_p90,0.005539802834391594,6,3
mfcc_delta_13_p90,0.005473015364259481,6,3
mfcc_2_p10,0.005298603791743517,6,3
mfcc_1_mean,0.00528550473973155,6,3
centroid_p90,0.005267038941383362,6,3
mfcc_delta_5_mean,0.005218753591179848,6,3
centroid_mean,0.005184526555240154,6,3
mfcc_3_std,0.00503023574128747,6,3
zero_crossing_rate_p90,0.004927631001919508,6,3
spectral_entropy_mean,0.0048589808866381645,6,3
mfcc_delta_9_mean,0.004704126622527838,6,3
mfcc_delta_0_std,0.0045625451020896435,6,3
mfcc_9_p10,0.004536672029644251,6,3
rolloff85_mean,0.004390005487948656,6,3
flatness_p90,0.1642448753118515,6,4
flatness_mean,0.15649573504924774,6,4
spectral_entropy_p90,0.05266682803630829,6,4
mfcc_delta_6_std,0.026867320761084557,6,4
zero_crossing_rate_p90,0.020119041204452515,6,4
mfcc_8_std,0.018573222681879997,6,4
mfcc_4_p10,0.015884581953287125,6,4
mfcc_3_p10,0.014048275537788868,6,4
rolloff85_p90,0.013369162566959858,6,4
mfcc_delta_9_p10,0.012325442396104336,6,4
bandwidth_p90,0.012317392975091934,6,4
mfcc_4_mean,0.011231073178350925,6,4
mfcc_14_std,0.011025022715330124,6,4
contrast_5_p90,0.010925169102847576,6,4
zero_crossing_rate_mean,0.010590732097625732,6,4
mfcc_delta_1_p90,0.009796669706702232,6,4
mfcc_16_std,0.008422077633440495,6,4
mfcc_5_p10,0.008284790441393852,6,4
centroid_p90,0.008222316391766071,6,4
rms_p10,0.007109746802598238,6,4
mfcc_11_mean,0.007108589634299278,6,4
mfcc_0_p10,0.006986753549426794,6,4
mfcc_11_p10,0.006794133223593235,6,4
rolloff85_std,0.00676902336999774,6,4
contrast_1_mean,0.006567053496837616,6,4
mfcc_7_p90,0.0063226427882909775,6,4
mfcc_delta_16_std,0.006315052043646574,6,4
centroid_std,0.006238589528948069,6,4
contrast_1_p90,0.006166235543787479,6,4
contrast_0_std,0.006059812847524881,6,4
mfcc_9_p90,0.0058396318927407265,6,4
mfcc_6_p10,0.005839381832629442,6,4
rolloff85_p10,0.005644283723086119,6,4
mfcc_delta_0_std,0.005556668620556593,6,4
contrast_0_mean,0.005384401883929968,6,4
mfcc_9_mean,0.005332790780812502,6,4
contrast_1_p10,0.005255092866718769,6,4
mfcc_delta_5_p90,0.0052353255450725555,6,4
contrast_2_p90,0.005220239050686359,6,4
mfcc_9_p10,0.005059709306806326,6,4
spectral_entropy_p10,0.005013852845877409,6,4
mfcc_5_p90,0.004926030524075031,6,4
mfcc_4_p90,0.004889954812824726,6,4
mfcc_12_mean,0.004867491312325001,6,4
mfcc_2_mean,0.004837197717279196,6,4
mfcc_15_std,0.0048049320466816425,6,4
mfcc_delta_11_p90,0.004703231155872345,6,4
mfcc_16_mean,0.004650305025279522,6,4
mfcc_2_p10,0.00464198412373662,6,4
mfcc_delta_13_p90,0.004536491818726063,6,4
contrast_0_p90,0.0043978919275105,6,4
mfcc_5_mean,0.004344578366726637,6,4
mfcc_delta_1_p10,0.0043383375741541386,6,4
mfcc_15_mean,0.00421429006382823,6,4
mfcc_delta_5_mean,0.003978714346885681,6,4
mfcc_5_std,0.003887794679030776,6,4
mfcc_10_p10,0.0038465082179754972,6,4
mfcc_delta_8_p10,0.003809164511039853,6,4
mfcc_0_mean,0.0037543699145317078,6,4
mfcc_delta_8_std,0.003718215273693204,6,4
flatness_p90,0.11684265732765198,7,0
mfcc_6_mean,0.08324246853590012,7,0
flatness_mean,0.050764068961143494,7,0
mfcc_2_p10,0.04100814461708069,7,0
mfcc_5_p90,0.02685604989528656,7,0
rms_p10,0.024416310712695122,7,0
mfcc_3_mean,0.015305256471037865,7,0
mfcc_3_p10,0.015223970636725426,7,0
bandwidth_p90,0.015043520368635654,7,0
zero_crossing_rate_p90,0.014920271001756191,7,0
contrast_1_p10,0.014816002920269966,7,0
mfcc_1_p10,0.014797361567616463,7,0
mfcc_4_p10,0.01305028609931469,7,0
mfcc_2_p90,0.012718364596366882,7,0
contrast_4_p10,0.012384613044559956,7,0
contrast_4_p90,0.012003452517092228,7,0
dominant_frequency_ratio,0.011138932779431343,7,0
contrast_4_mean,0.010646838694810867,7,0
contrast_1_mean,0.010643631219863892,7,0
zero_crossing_rate_std,0.010428346693515778,7,0
mfcc_1_p90,0.010150134563446045,7,0
spectral_entropy_p10,0.00997251458466053,7,0
mfcc_11_p10,0.00971484836190939,7,0
spectral_entropy_p90,0.009306330233812332,7,0
mfcc_9_p90,0.00888802856206894,7,0
contrast_0_p90,0.008835957385599613,7,0
zero_crossing_rate_mean,0.008393329568207264,7,0
mfcc_delta_0_std,0.008326105773448944,7,0
mfcc_2_mean,0.008108466863632202,7,0
mfcc_delta_1_p90,0.007779316511005163,7,0
contrast_0_mean,0.007440569810569286,7,0
mfcc_0_p10,0.007340117823332548,7,0
mfcc_5_mean,0.006616922561079264,7,0
mfcc_1_mean,0.006338597275316715,7,0
mfcc_17_p10,0.006253873463720083,7,0
mfcc_3_p90,0.006215011700987816,7,0
mfcc_delta_0_p10,0.00618060352280736,7,0
mfcc_4_mean,0.006172639317810535,7,0
mfcc_delta_0_p90,0.005890882574021816,7,0
rolloff85_p90,0.0057354457676410675,7,0
mfcc_5_p10,0.0055246432311832905,7,0
mfcc_8_mean,0.005488382652401924,7,0
mfcc_delta_9_p10,0.005486768204718828,7,0
mfcc_4_std,0.005461964290589094,7,0
mfcc_delta_3_p10,0.005378812551498413,7,0
mfcc_delta_14_std,0.0053611029870808125,7,0
mfcc_delta_9_p90,0.005335869733244181,7,0
mfcc_delta_13_p90,0.005137654021382332,7,0
mfcc_7_p90,0.004952794406563044,7,0
mfcc_delta_5_p10,0.004810675512999296,7,0
mfcc_11_mean,0.004756670445203781,7,0
centroid_std,0.004744685720652342,7,0
mfcc_12_p10,0.00471110176295042,7,0
mfcc_0_std,0.004709532950073481,7,0
mfcc_15_std,0.0046362741850316525,7,0
mfcc_9_mean,0.004531646613031626,7,0
mfcc_14_std,0.004135658964514732,7,0
contrast_0_std,0.004094203468412161,7,0
zero_crossing_rate_p10,0.004093697294592857,7,0
mfcc_11_std,0.003952093422412872,7,0
zero_crossing_rate_std,0.10278068482875824,7,1
flatness_p90,0.0937204360961914,7,1
flatness_mean,0.032334331423044205,7,1
mfcc_2_p10,0.026262231171131134,7,1
mfcc_6_p10,0.02410835400223732,7,1
bandwidth_p90,0.01946745440363884,7,1
contrast_1_p10,0.019157178699970245,7,1
mfcc_3_mean,0.01719506084918976,7,1
mfcc_delta_9_p90,0.01492257695645094,7,1
mfcc_4_p10,0.014287253841757774,7,1
rms_p10,0.013456475920975208,7,1
spectral_entropy_p10,0.013161194510757923,7,1
mfcc_2_mean,0.013134087435901165,7,1
mfcc_delta_14_std,0.012857447378337383,7,1
mfcc_7_std,0.011753419414162636,7,1
mfcc_15_std,0.01158869732171297,7,1
contrast_1_p90,0.01152957696467638,7,1
mfcc_7_mean,0.009298919700086117,7,1
mfcc_16_std,0.008947501890361309,7,1
mfcc_5_mean,0.008799110539257526,7,1
zero_crossing_rate_p90,0.008488316088914871,7,1
mfcc_14_std,0.008429888635873795,7,1
zero_crossing_rate_mean,0.008404976688325405,7,1
mfcc_4_mean,0.008138304576277733,7,1
mfcc_delta_8_p90,0.0078181903809309,7,1
rms_mean,0.007724234368652105,7,1
mfcc_delta_5_p10,0.007557102479040623,7,1
dominant_frequency_ratio,0.007544133812189102,7,1
spectral_entropy_mean,0.007502173539251089,7,1
mfcc_5_p10,0.007480061147361994,7,1
mfcc_3_p10,0.0073050144128501415,7,1
contrast_0_p90,0.007297849748283625,7,1
mfcc_1_p10,0.007294258568435907,7,1
mfcc_0_p10,0.007282526232302189,7,1
mfcc_delta_9_std,0.006939204875379801,7,1
mfcc_delta_2_p90,0.006725997198373079,7,1
mfcc_12_p10,0.006702806800603867,7,1
contrast_0_p10,0.0066624898463487625,7,1
mfcc_0_std,0.006505659781396389,7,1
flatness_p10,0.006459029857069254,7,1
bandwidth_p10,0.006384631618857384,7,1
mfcc_4_std,0.006358073092997074,7,1
mfcc_delta_15_std,0.006164959631860256,7,1
mfcc_16_p10,0.006144810933619738,7,1
contrast_4_mean,0.006063918117433786,7,1
contrast_1_mean,0.005746421869844198,7,1
mfcc_6_mean,0.005714361555874348,7,1
mfcc_delta_11_p10,0.00570000521838665,7,1
contrast_0_mean,0.0056345704942941666,7,1
mfcc_delta_3_p90,0.005370269995182753,7,1
mfcc_delta_0_p10,0.005264877341687679,7,1
mfcc_9_p90,0.005053283646702766,7,1
rolloff85_std,0.005045105237513781,7,1
mfcc_delta_4_p10,0.0049583702348172665,7,1
centroid_mean,0.004923483822494745,7,1
mfcc_2_std,0.004766578786075115,7,1
bandwidth_mean,0.004722679033875465,7,1
contrast_4_p10,0.004637205507606268,7,1
rms_p90,0.004471261519938707,7,1
mfcc_1_p90,0.004368998575955629,7,1
mfcc_6_mean,0.15728877484798431,7,2
mfcc_6_p10,0.05824302136898041,7,2
mfcc_6_p90,0.03757699579000473,7,2
zero_crossing_rate_std,0.030525654554367065,7,2
contrast_0_p10,0.028440071269869804,7,2
contrast_0_p90,0.02320646308362484,7,2
contrast_0_mean,0.01770489476621151,7,2
mfcc_18_p90,0.014861504547297955,7,2
rms_p10,0.0137296412140131,7,2
zero_crossing_rate_p10,0.013603882864117622,7,2
contrast_4_mean,0.013125578872859478,7,2
mfcc_0_p10,0.012372595258057117,7,2
mfcc_9_std,0.011591075919568539,7,2
mfcc_delta_6_p10,0.011342995800077915,7,2
spectral_entropy_p10,0.011221463792026043,7,2
mfcc_16_std,0.01030563935637474,7,2
mfcc_8_std,0.009596800431609154,7,2
mfcc_11_p90,0.009431147947907448,7,2
bandwidth_std,0.009191222488880157,7,2
mfcc_11_p10,0.008704235777258873,7,2
mfcc_15_p10,0.008614489808678627,7,2
mfcc_delta_2_p10,0.007988406345248222,7,2
mfcc_delta_5_p90,0.007848580367863178,7,2
mfcc_5_p10,0.00755683658644557,7,2
rolloff85_std,0.007387447636574507,7,2
contrast_4_p10,0.007253400050103664,7,2
mfcc_0_std,0.006972291506826878,7,2
mfcc_delta_9_p90,0.006844271905720234,7,2
contrast_1_p10,0.006824612617492676,7,2
mfcc_11_mean,0.0064879972487688065,7,2
contrast_2_mean,0.006456704344600439,7,2
rms_mean,0.006392349489033222,7,2
mfcc_15_mean,0.006365593522787094,7,2
mfcc_delta_4_p10,0.006225429940968752,7,2
mfcc_delta_6_p90,0.006225166376680136,7,2
mfcc_delta_13_p10,0.006174082867801189,7,2
mfcc_delta_10_p10,0.006070087663829327,7,2
mfcc_delta_15_p90,0.00590480538085103,7,2
flatness_mean,0.0058521400205791,7,2
contrast_2_p90,0.005563507322221994,7,2
mfcc_15_p90,0.0054718200117349625,7,2
bandwidth_p90,0.005460563115775585,7,2
mfcc_4_p90,0.0054323142394423485,7,2
rolloff85_p90,0.005426699761301279,7,2
mfcc_delta_18_std,0.0053503625094890594,7,2
mfcc_delta_6_mean,0.005320973694324493,7,2
mfcc_19_mean,0.005290296860039234,7,2
flatness_p10,0.0052374908700585365,7,2
mfcc_12_p90,0.005140658002346754,7,2
contrast_3_p10,0.005114385392516851,7,2
rms_p90,0.005111939273774624,7,2
mfcc_delta_13_p90,0.005067013204097748,7,2
mfcc_delta_1_std,0.005053950008004904,7,2
mfcc_18_std,0.004941873252391815,7,2
mfcc_delta_1_p90,0.004834370221942663,7,2
mfcc_13_std,0.004809824749827385,7,2
mfcc_1_mean,0.004745793994516134,7,2
mfcc_delta_0_p10,0.004613975062966347,7,2
mfcc_3_mean,0.0045886873267591,7,2
mfcc_4_mean,0.0044582681730389595,7,2
rms_p10,0.06314454227685928,7,3
bandwidth_mean,0.045938290655612946,7,3
rms_mean,0.042214587330818176,7,3
mfcc_3_mean,0.04196428135037422,7,3
zero_crossing_rate_std,0.028065994381904602,7,3
contrast_5_std,0.019558880478143692,7,3
rms_p90,0.018988613039255142,7,3
mfcc_delta_6_p10,0.01874528080224991,7,3
mfcc_3_p90,0.018714245408773422,7,3
contrast_0_std,0.01811394654214382,7,3
mfcc_delta_1_p10,0.018011026084423065,7,3
mfcc_10_p90,0.017964625731110573,7,3
rolloff85_p90,0.017703605815768242,7,3
mfcc_6_mean,0.014575658366084099,7,3
mfcc_delta_6_std,0.01329827681183815,7,3
mfcc_delta_6_p90,0.012892559170722961,7,3
mfcc_6_p10,0.012671020813286304,7,3
mfcc_13_p90,0.011839643120765686,7,3
mfcc_5_std,0.01099342480301857,7,3
mfcc_2_p90,0.010912751778960228,7,3
bandwidth_p10,0.010736570693552494,7,3
mfcc_10_mean,0.01019423920661211,7,3
mfcc_4_mean,0.009632083587348461,7,3
mfcc_4_p90,0.009446303360164165,7,3
mfcc_6_p90,0.009117739275097847,7,3
mfcc_delta_12_p90,0.008989612571895123,7,3
mfcc_delta_10_std,0.008344728499650955,7,3
contrast_4_p90,0.008008155040442944,7,3
mfcc_4_p10,0.007954360917210579,7,3
mfcc_19_mean,0.007874174043536186,7,3
mfcc_14_p90,0.007830045185983181,7,3
rms_std,0.007732850033789873,7,3
zero_crossing_rate_p90,0.007622278295457363,7,3
centroid_mean,0.007564138621091843,7,3
mfcc_17_std,0.007484061177819967,7,3
mfcc_delta_5_p90,0.007443690672516823,7,3
mfcc_0_p90,0.0072514358907938,7,3
spectral_entropy_mean,0.007136741187423468,7,3
mfcc_delta_8_p90,0.007040698081254959,7,3
mfcc_delta_11_p90,0.006997482385486364,7,3
mfcc_8_p90,0.006921214982867241,7,3
mfcc_delta_2_p90,0.006734967697411776,7,3
rolloff85_p10,0.006552623584866524,7,3
contrast_0_p90,0.0064924173057079315,7,3
mfcc_2_p10,0.006414411123842001,7,3
mfcc_12_p10,0.0062584043480455875,7,3
mfcc_5_p10,0.006133969873189926,7,3
mfcc_3_p10,0.00608242629095912,7,3
mfcc_delta_12_std,0.006026037503033876,7,3
contrast_5_p90,0.005996995605528355,7,3
contrast_1_std,0.005953111685812473,7,3
dominant_frequency_ratio,0.005873933434486389,7,3
mfcc_delta_0_std,0.005649229511618614,7,3
mfcc_1_p90,0.005637126509100199,7,3
contrast_2_mean,0.005572833586484194,7,3
rolloff85_std,0.005303113721311092,7,3
mfcc_delta_4_std,0.004912368953227997,7,3
mfcc_delta_15_mean,0.004853254184126854,7,3
contrast_0_mean,0.0047857630997896194,7,3
contrast_2_p10,0.004638083279132843,7,3
flatness_p90,0.23252752423286438,7,4
flatness_mean,0.08380413055419922,7,4
spectral_entropy_p90,0.027245135977864265,7,4
zero_crossing_rate_p90,0.026680542156100273,7,4
mfcc_delta_16_std,0.021535832434892654,7,4
mfcc_delta_6_p10,0.017304332926869392,7,4
mfcc_2_p90,0.017009319737553596,7,4
mfcc_8_std,0.01606106571853161,7,4
mfcc_4_p10,0.015963533893227577,7,4
zero_crossing_rate_mean,0.01567777991294861,7,4
mfcc_delta_5_p90,0.012075741775333881,7,4
bandwidth_p90,0.011767345480620861,7,4
mfcc_11_mean,0.01069701835513115,7,4
mfcc_delta_10_p10,0.010198909789323807,7,4
mfcc_delta_10_std,0.010112270712852478,7,4
rolloff85_std,0.010045260190963745,7,4
mfcc_11_p10,0.008801035583019257,7,4
mfcc_4_mean,0.008768529631197453,7,4
mfcc_14_std,0.008567281998693943,7,4
contrast_5_p90,0.008510121144354343,7,4
mfcc_0_p10,0.008131579495966434,7,4
mfcc_7_p90,0.008041140623390675,7,4
mfcc_delta_9_p10,0.007931229658424854,7,4
mfcc_6_std,0.00791834108531475,7,4
centroid_std,0.007866943255066872,7,4
rolloff85_p90,0.007831989787518978,7,4
mfcc_12_mean,0.007699288427829742,7,4
contrast_0_p90,0.0073654307052493095,7,4
mfcc_16_std,0.007274171337485313,7,4
mfcc_15_std,0.007001091726124287,7,4
mfcc_3_p10,0.006917486432939768,7,4
mfcc_delta_0_std,0.006831236649304628,7,4
mfcc_12_p10,0.006569632329046726,7,4
contrast_5_p10,0.006543583236634731,7,4
contrast_1_mean,0.006149009335786104,7,4
mfcc_delta_1_std,0.006094858981668949,7,4
mfcc_delta_8_p10,0.0056501105427742004,7,4
contrast_1_p10,0.005566420499235392,7,4
mfcc_9_p90,0.0055310605093836784,7,4
mfcc_5_mean,0.005413182079792023,7,4
mfcc_1_p90,0.005327544175088406,7,4
contrast_0_std,0.004991448484361172,7,4
mfcc_7_std,0.0049768658354878426,7,4
zero_crossing_rate_std,0.004941759631037712,7,4
rms_p10,0.004730011336505413,7,4
mfcc_18_mean,0.0043889726512134075,7,4
mfcc_2_p10,0.004388158209621906,7,4
mfcc_delta_8_p90,0.0043861442245543,7,4
mfcc_delta_6_mean,0.004377761390060186,7,4
mfcc_delta_5_p10,0.004298582673072815,7,4
mfcc_13_p90,0.004262947011739016,7,4
contrast_0_mean,0.004236622713506222,7,4
mfcc_6_p10,0.004213232081383467,7,4
centroid_p10,0.00421211076900363,7,4
mfcc_18_p10,0.004106879699975252,7,4
contrast_1_std,0.00401210505515337,7,4
mfcc_delta_1_p10,0.004005481954663992,7,4
mfcc_delta_16_p10,0.003997996915131807,7,4
spectral_entropy_std,0.003954628016799688,7,4
contrast_5_std,0.003929400350898504,7,4
mfcc_3_mean,0.08197039365768433,8,0
flatness_p90,0.06171083077788353,8,0
mfcc_6_p10,0.05171709507703781,8,0
zero_crossing_rate_std,0.05103692412376404,8,0
mfcc_6_mean,0.03835907578468323,8,0
contrast_0_p90,0.026676487177610397,8,0
mfcc_2_p10,0.020746538415551186,8,0
mfcc_3_p90,0.019280247390270233,8,0
mfcc_2_p90,0.01750916615128517,8,0
mfcc_3_p10,0.01531333476305008,8,0
bandwidth_p90,0.013769617304205894,8,0
mfcc_1_p90,0.0124967684969306,8,0
contrast_1_p10,0.012470412999391556,8,0
spectral_entropy_p10,0.011853170581161976,8,0
mfcc_10_std,0.011342507787048817,8,0
mfcc_4_p10,0.010226369835436344,8,0
contrast_0_p10,0.010212267749011517,8,0
mfcc_7_std,0.010144895873963833,8,0
mfcc_5_mean,0.010084671899676323,8,0
mfcc_1_mean,0.00970073789358139,8,0
dominant_frequency_ratio,0.009698710404336452,8,0
contrast_5_p10,0.009112468920648098,8,0
contrast_0_mean,0.009034322574734688,8,0
mfcc_delta_5_std,0.008615327998995781,8,0
mfcc_14_std,0.007993191480636597,8,0
zero_crossing_rate_p90,0.007977727800607681,8,0
flatness_mean,0.0072267367504537106,8,0
mfcc_delta_7_std,0.0071672480553388596,8,0
bandwidth_mean,0.007055305875837803,8,0
mfcc_4_p90,0.007039390038698912,8,0
mfcc_2_mean,0.007019467186182737,8,0
mfcc_18_mean,0.0069252727553248405,8,0
mfcc_0_std,0.006918775383383036,8,0
mfcc_5_p10,0.006776097230613232,8,0
zero_crossing_rate_mean,0.006446460261940956,8,0
contrast_2_p90,0.006427105516195297,8,0
mfcc_delta_5_p10,0.006200969219207764,8,0
mfcc_10_p10,0.006189942359924316,8,0
mfcc_9_p10,0.0060603986494243145,8,0
mfcc_1_p10,0.005919633433222771,8,0
mfcc_delta_15_std,0.005859194323420525,8,0
contrast_4_mean,0.005827456247061491,8,0
contrast_0_std,0.00574923912063241,8,0
mfcc_9_mean,0.005453677382320166,8,0
mfcc_4_std,0.005302518140524626,8,0
mfcc_16_std,0.005206337198615074,8,0
contrast_1_mean,0.005145707633346319,8,0
rms_p10,0.005019162781536579,8,0
contrast_5_std,0.004958753939718008,8,0
centroid_std,0.004922077525407076,8,0
mfcc_delta_14_std,0.0049124546349048615,8,0
mfcc_delta_6_std,0.004846011288464069,8,0
contrast_5_p90,0.004777016583830118,8,0
mfcc_7_p90,0.004733027890324593,8,0
mfcc_delta_3_p10,0.004650197457522154,8,0
mfcc_11_p90,0.004595987033098936,8,0
mfcc_delta_9_std,0.004553517792373896,8,0
mfcc_15_mean,0.004479676019400358,8,0
rolloff85_p90,0.004435626324266195,8,0
rms_mean,0.004385824780911207,8,0
mfcc_3_mean,0.1404474973678589,8,1
zero_crossing_rate_std,0.049276936799287796,8,1
bandwidth_mean,0.03472934663295746,8,1
mfcc_delta_13_p10,0.024458331987261772,8,1
mfcc_7_mean,0.023593079298734665,8,1
contrast_0_p10,0.022390104830265045,8,1
contrast_0_p90,0.020806707441806793,8,1
mfcc_3_p90,0.018050068989396095,8,1
rms_mean,0.016681594774127007,8,1
mfcc_9_mean,0.016241708770394325,8,1
mfcc_6_p10,0.015901515260338783,8,1
mfcc_delta_2_p90,0.014559809118509293,8,1
mfcc_7_p10,0.01437489502131939,8,1
mfcc_4_p90,0.014149541966617107,8,1
contrast_0_mean,0.013547143898904324,8,1
mfcc_3_p10,0.012147187255322933,8,1
mfcc_9_p10,0.011987004429101944,8,1
contrast_4_mean,0.011951275169849396,8,1
mfcc_2_p90,0.011917300522327423,8,1
spectral_entropy_p10,0.01180189847946167,8,1
bandwidth_p10,0.010367904789745808,8,1
mfcc_11_p10,0.010044848546385765,8,1
mfcc_6_p90,0.009932379238307476,8,1
mfcc_10_p90,0.009796906262636185,8,1
bandwidth_p90,0.00957492459565401,8,1
mfcc_13_p10,0.009119932539761066,8,1
mfcc_0_p90,0.009068506769835949,8,1
contrast_1_p10,0.009035039693117142,8,1
mfcc_delta_6_std,0.00882434006780386,8,1
mfcc_11_mean,0.00813974067568779,8,1
mfcc_9_p90,0.007971970364451408,8,1
mfcc_19_p10,0.007727666292339563,8,1
mfcc_delta_7_p10,0.0076434253714978695,8,1
contrast_1_std,0.007157284766435623,8,1
mfcc_2_mean,0.007128615397959948,8,1
zero_crossing_rate_p90,0.0071024042554199696,8,1
mfcc_15_p10,0.007082133088260889,8,1
mfcc_delta_2_p10,0.0070718456991016865,8,1
contrast_4_p10,0.007044677622616291,8,1
mfcc_11_p90,0.006371372379362583,8,1
mfcc_15_std,0.006041668821126223,8,1
contrast_5_p10,0.005993352737277746,8,1
rms_p10,0.0059744189493358135,8,1
contrast_1_p90,0.005623457487672567,8,1
mfcc_14_std,0.005529646761715412,8,1
mfcc_0_mean,0.00550901610404253,8,1
flatness_p10,0.0055068801157176495,8,1
mfcc_12_p10,0.005359478294849396,8,1
mfcc_5_p10,0.005289565306156874,8,1
contrast_2_mean,0.004942829720675945,8,1
mfcc_6_std,0.004663372412323952,8,1
mfcc_delta_7_p90,0.004627191461622715,8,1
rolloff85_p90,0.004614238161593676,8,1
contrast_1_mean,0.004459878895431757,8,1
mfcc_2_p10,0.004434998147189617,8,1
spectral_entropy_std,0.004314666613936424,8,1
mfcc_delta_14_p90,0.004313329234719276,8,1
mfcc_16_p10,0.004256592132151127,8,1
mfcc_delta_7_std,0.0042104399763047695,8,1
rolloff85_std,0.004176595713943243,8,1
mfcc_6_mean,0.1396702229976654,8,2
zero_crossing_rate_std,0.06971681863069534,8,2
mfcc_6_p10,0.0589766651391983,8,2
bandwidth_mean,0.047307562083005905,8,2
mfcc_6_p90,0.03663257881999016,8,2
contrast_0_p10,0.01954670250415802,8,2
contrast_0_p90,0.01873219572007656,8,2
mfcc_3_mean,0.015452276915311813,8,2
rms_p90,0.01389358937740326,8,2
mfcc_1_p90,0.013843883760273457,8,2
contrast_0_mean,0.013319594785571098,8,2
bandwidth_p10,0.012986226007342339,8,2
mfcc_16_std,0.012566085904836655,8,2
contrast_2_p90,0.011843170039355755,8,2
mfcc_7_p10,0.011177202686667442,8,2
mfcc_5_mean,0.00988848228007555,8,2
mfcc_7_mean,0.009568434208631516,8,2
spectral_entropy_p10,0.009144919924438,8,2
rolloff85_mean,0.009045671671628952,8,2
spectral_entropy_mean,0.008144466206431389,8,2
mfcc_delta_0_p10,0.008099264465272427,8,2
rms_p10,0.007652753964066505,8,2
mfcc_10_p90,0.007533220574259758,8,2
mfcc_delta_6_p90,0.007471086923032999,8,2
mfcc_delta_5_mean,0.006881786976009607,8,2
mfcc_0_p10,0.006862121634185314,8,2
rms_mean,0.006854387000203133,8,2
mfcc_delta_18_std,0.006728790234774351,8,2
mfcc_delta_8_std,0.006675433833152056,8,2
flatness_p10,0.0066347261890769005,8,2
contrast_5_p90,0.006314986851066351,8,2
mfcc_delta_9_p90,0.006234216969460249,8,2
flatness_p90,0.00621028384193778,8,2
contrast_1_mean,0.006134439259767532,8,2
rolloff85_p10,0.006020442117005587,8,2
contrast_4_p10,0.0060016135685145855,8,2
mfcc_11_p10,0.005946096032857895,8,2
contrast_2_mean,0.005884728394448757,8,2
mfcc_delta_18_p90,0.0058686803095042706,8,2
mfcc_0_std,0.005612348672002554,8,2
centroid_std,0.005553096998482943,8,2
mfcc_6_std,0.005498068872839212,8,2
mfcc_19_p90,0.005362685304135084,8,2
mfcc_19_std,0.005336603615432978,8,2
mfcc_delta_12_p10,0.0050794160924851894,8,2
mfcc_delta_19_p90,0.004938876256346703,8,2
contrast_4_mean,0.004873271100223064,8,2
mfcc_8_std,0.004801203031092882,8,2
mfcc_4_p10,0.004673405084758997,8,2
mfcc_delta_3_p10,0.004665871150791645,8,2
mfcc_2_p10,0.004653087351471186,8,2
mfcc_5_p90,0.004626444075256586,8,2
contrast_1_p10,0.00458192452788353,8,2
mfcc_delta_6_mean,0.004574624355882406,8,2
mfcc_11_mean,0.0045691286213696,8,2
mfcc_5_p10,0.004432113841176033,8,2
mfcc_4_p90,0.004423509817570448,8,2
mfcc_11_p90,0.004331824369728565,8,2
mfcc_delta_0_p90,0.00427206652238965,8,2
mfcc_delta_15_mean,0.004196984693408012,8,2
rms_p10,0.07273049652576447,8,3
bandwidth_mean,0.04824160039424896,8,3
mfcc_3_mean,0.04193262383341789,8,3
rms_mean,0.0327899195253849,8,3
mfcc_10_p90,0.029869409278035164,8,3
zero_crossing_rate_std,0.028493307530879974,8,3
contrast_5_std,0.02381620928645134,8,3
rms_p90,0.023596864193677902,8,3
mfcc_3_p90,0.022897809743881226,8,3
rolloff85_p90,0.019137194380164146,8,3
contrast_0_std,0.018205203115940094,8,3
mfcc_2_p90,0.017506450414657593,8,3
mfcc_delta_10_std,0.016003092750906944,8,3
mfcc_5_std,0.0155723812058568,8,3
mfcc_delta_6_std,0.014604882337152958,8,3
mfcc_13_p90,0.013502449728548527,8,3
mfcc_6_p90,0.01322532631456852,8,3
mfcc_delta_6_p10,0.013024593703448772,8,3
centroid_p90,0.01270877756178379,8,3
mfcc_4_p10,0.010900137946009636,8,3
mfcc_delta_17_p90,0.010526084341108799,8,3
mfcc_4_mean,0.010190514847636223,8,3
mfcc_4_p90,0.00993875041604042,8,3
mfcc_6_mean,0.009093057364225388,8,3
mfcc_6_p10,0.009091283194720745,8,3
contrast_0_p90,0.008250362239778042,8,3
mfcc_2_p10,0.008117973804473877,8,3
mfcc_0_p90,0.007998447865247726,8,3
mfcc_19_p90,0.007583141792565584,8,3
mfcc_2_mean,0.0073329429142177105,8,3
mfcc_16_p10,0.007146406918764114,8,3
mfcc_10_mean,0.007128770463168621,8,3
zero_crossing_rate_mean,0.007118790876120329,8,3
mfcc_0_mean,0.0070942472666502,8,3
bandwidth_p10,0.006969825364649296,8,3
mfcc_5_p10,0.006690618582069874,8,3
spectral_entropy_mean,0.006659356411546469,8,3
contrast_2_p10,0.006636918056756258,8,3
mfcc_2_std,0.006530594080686569,8,3
mfcc_delta_5_std,0.0063201552256941795,8,3
mfcc_5_mean,0.006263358984142542,8,3
mfcc_delta_1_p10,0.006233307998627424,8,3
mfcc_delta_6_p90,0.006226228550076485,8,3
mfcc_1_p90,0.006127238739281893,8,3
contrast_1_p10,0.006046301685273647,8,3
mfcc_delta_4_p90,0.005983348004519939,8,3
mfcc_9_p10,0.005877553019672632,8,3
zero_crossing_rate_p90,0.0058039287105202675,8,3
mfcc_delta_1_std,0.005765988025814295,8,3
contrast_1_std,0.005621202290058136,8,3
mfcc_19_std,0.005461276043206453,8,3
mfcc_16_mean,0.005455455277115107,8,3
mfcc_14_std,0.005427876021713018,8,3
contrast_5_mean,0.005134654697030783,8,3
mfcc_3_p10,0.004892692435532808,8,3
mfcc_1_mean,0.004542759153991938,8,3
mfcc_17_std,0.004492464940994978,8,3
bandwidth_p90,0.0044742124155163765,8,3
spectral_entropy_p10,0.004472500644624233,8,3
contrast_5_p10,0.004454517737030983,8,3
flatness_p90,0.2002653032541275,8,4
flatness_mean,0.09792938083410263,8,4
spectral_entropy_p90,0.028249599039554596,8,4
zero_crossing_rate_p90,0.02721271850168705,8,4
mfcc_4_p10,0.019769424572587013,8,4
mfcc_8_std,0.016420943662524223,8,4
zero_crossing_rate_mean,0.01613038405776024,8,4
bandwidth_p90,0.014617704786360264,8,4
mfcc_3_p10,0.014158947393298149,8,4
mfcc_delta_5_p90,0.013334918767213821,8,4
mfcc_16_std,0.012333865277469158,8,4
contrast_5_p90,0.012246325612068176,8,4
mfcc_15_std,0.011606838554143906,8,4
rolloff85_p90,0.011314475908875465,8,4
mfcc_delta_0_std,0.010945764370262623,8,4
mfcc_delta_8_std,0.010383537039160728,8,4
mfcc_12_mean,0.009389311075210571,8,4
centroid_std,0.009319893084466457,8,4
mfcc_9_p90,0.009182646870613098,8,4
mfcc_delta_6_p90,0.008898964151740074,8,4
rolloff85_std,0.008443926461040974,8,4
mfcc_0_p10,0.008205181919038296,8,4
mfcc_delta_9_p10,0.00819181464612484,8,4
mfcc_14_std,0.008041632361710072,8,4
contrast_1_p90,0.007916915230453014,8,4
mfcc_11_p10,0.007858950644731522,8,4
contrast_0_std,0.007791031617671251,8,4
mfcc_delta_5_mean,0.007409739773720503,8,4
mfcc_18_p90,0.007391240447759628,8,4
mfcc_delta_5_p10,0.007100214716047049,8,4
contrast_0_mean,0.006902126129716635,8,4
mfcc_4_mean,0.006818355061113834,8,4
spectral_entropy_p10,0.006802237126976252,8,4
mfcc_12_p10,0.0066047185100615025,8,4
mfcc_11_mean,0.006518064998090267,8,4
contrast_1_mean,0.006238412111997604,8,4
mfcc_9_mean,0.0058908588252961636,8,4
mfcc_1_p90,0.005778210703283548,8,4
mfcc_2_p10,0.005427927244454622,8,4
contrast_2_p90,0.005122785456478596,8,4
mfcc_5_mean,0.005105617456138134,8,4
mfcc_7_p90,0.00506974570453167,8,4
zero_crossing_rate_std,0.004945522639900446,8,4
contrast_1_p10,0.004929627291858196,8,4
rolloff85_mean,0.0048924763686954975,8,4
spectral_entropy_std,0.004858173429965973,8,4
mfcc_5_p10,0.004635426681488752,8,4
mfcc_4_std,0.00462891161441803,8,4
mfcc_18_mean,0.004617873579263687,8,4
contrast_0_p10,0.004587062634527683,8,4
rms_p10,0.004580079577863216,8,4
mfcc_4_p90,0.004529797472059727,8,4
mfcc_13_std,0.0045259324833750725,8,4
contrast_0_p90,0.004525891039520502,8,4
mfcc_13_p10,0.004392608068883419,8,4
contrast_5_std,0.004294887650758028,8,4
mfcc_delta_15_std,0.004025861155241728,8,4
mfcc_3_p90,0.003934057895094156,8,4
mfcc_delta_1_std,0.003921495284885168,8,4
mfcc_delta_3_p90,0.0038562447298318148,8,4
flatness_p90,0.10126238316297531,9,0
zero_crossing_rate_std,0.06722921878099442,9,0
mfcc_3_mean,0.047966595739126205,9,0
mfcc_2_p10,0.038741450756788254,9,0
mfcc_6_p10,0.024111779406666756,9,0
flatness_mean,0.02297394722700119,9,0
contrast_1_p10,0.017568031325936317,9,0
zero_crossing_rate_p90,0.015437423251569271,9,0
mfcc_7_mean,0.01495175901800394,9,0
rms_p10,0.013765922747552395,9,0
spectral_entropy_p10,0.01375157106667757,9,0
mfcc_6_mean,0.013347109779715538,9,0
mfcc_delta_15_std,0.012790395878255367,9,0
mfcc_5_mean,0.012597871944308281,9,0
mfcc_4_p10,0.012555195949971676,9,0
zero_crossing_rate_mean,0.012324945069849491,9,0
mfcc_5_p10,0.011603602208197117,9,0
mfcc_3_p10,0.01108639407902956,9,0
mfcc_2_mean,0.010597027838230133,9,0
mfcc_delta_15_p10,0.010433167219161987,9,0
mfcc_2_p90,0.010108419694006443,9,0
mfcc_7_std,0.00951665360480547,9,0
mfcc_delta_0_p90,0.00925463531166315,9,0
mfcc_delta_11_p10,0.008898803032934666,9,0
contrast_0_mean,0.008562378585338593,9,0
mfcc_delta_14_p10,0.00820063054561615,9,0
bandwidth_p90,0.008091486990451813,9,0
contrast_0_std,0.007963769137859344,9,0
contrast_0_p90,0.007945478893816471,9,0
mfcc_12_p10,0.007611909881234169,9,0
mfcc_1_p90,0.007529797963798046,9,0
bandwidth_mean,0.007470227312296629,9,0
contrast_1_mean,0.007455168757587671,9,0
mfcc_1_p10,0.007452290039509535,9,0
mfcc_11_mean,0.00724766543135047,9,0
spectral_entropy_mean,0.006692012306302786,9,0
mfcc_delta_2_std,0.0064914170652627945,9,0
rms_mean,0.006470244377851486,9,0
mfcc_delta_3_p10,0.006021736189723015,9,0
rolloff85_p90,0.005918999668210745,9,0
contrast_0_p10,0.005831300746649504,9,0
mfcc_3_p90,0.005733138415962458,9,0
mfcc_4_mean,0.005700987298041582,9,0
contrast_1_p90,0.005552810616791248,9,0
mfcc_delta_9_p90,0.005545306019484997,9,0
mfcc_14_std,0.0054269772954285145,9,0
contrast_4_p10,0.005374636501073837,9,0
mfcc_12_mean,0.005348954349756241,9,0
mfcc_9_mean,0.005091385450214148,9,0
mfcc_1_mean,0.00503749493509531,9,0
mfcc_16_p10,0.004860128741711378,9,0
contrast_5_p10,0.004826462361961603,9,0
mfcc_delta_14_std,0.004767715930938721,9,0
mfcc_0_p10,0.004643285647034645,9,0
rolloff85_std,0.00462312763556838,9,0
mfcc_16_std,0.0045777237974107265,9,0
flatness_p10,0.004445728845894337,9,0
mfcc_8_mean,0.0043039689771831036,9,0
contrast_4_mean,0.004299154505133629,9,0
mfcc_14_mean,0.004221290349960327,9,0
zero_crossing_rate_std,0.11779334396123886,9,1
flatness_p90,0.05265888199210167,9,1
mfcc_6_p10,0.031463127583265305,9,1
flatness_mean,0.029956435784697533,9,1
mfcc_3_mean,0.024072151631116867,9,1
mfcc_2_p10,0.020207760855555534,9,1
mfcc_delta_9_p90,0.017923228442668915,9,1
contrast_1_p10,0.017269717529416084,9,1
mfcc_delta_8_p90,0.01629449427127838,9,1
bandwidth_p90,0.015262597240507603,9,1
mfcc_delta_10_std,0.01510053314268589,9,1
mfcc_13_p90,0.0143527090549469,9,1
rms_p10,0.014079220592975616,9,1
mfcc_5_p10,0.011483835056424141,9,1
spectral_entropy_p10,0.011020452715456486,9,1
contrast_0_p90,0.010636446066200733,9,1
mfcc_2_mean,0.010601617395877838,9,1
mfcc_delta_6_p90,0.010446750558912754,9,1
zero_crossing_rate_p90,0.010170022957026958,9,1
flatness_p10,0.009916352108120918,9,1
mfcc_3_p10,0.009434890933334827,9,1
mfcc_14_std,0.009131110273301601,9,1
dominant_frequency_ratio,0.009011896327137947,9,1
rms_mean,0.008986853994429111,9,1
contrast_1_mean,0.008725238032639027,9,1
mfcc_6_mean,0.008607815019786358,9,1
mfcc_delta_0_p10,0.008556157350540161,9,1
mfcc_4_p10,0.008422935381531715,9,1
mfcc_0_std,0.008254493586719036,9,1
mfcc_delta_5_p10,0.008038822561502457,9,1
rolloff85_p90,0.008035184815526009,9,1
mfcc_5_mean,0.007997522130608559,9,1
contrast_0_p10,0.007985295727849007,9,1
contrast_0_mean,0.007627059239894152,9,1
contrast_4_p10,0.007450568024069071,9,1
centroid_p10,0.007421110291033983,9,1
mfcc_12_mean,0.007285799831151962,9,1
centroid_std,0.006941274739801884,9,1
mfcc_1_p90,0.00657573202624917,9,1
mfcc_delta_2_p90,0.0064232745207846165,9,1
mfcc_7_mean,0.0062447660602629185,9,1
mfcc_delta_3_p10,0.006036683917045593,9,1
spectral_entropy_mean,0.0059037161991000175,9,1
contrast_4_mean,0.005893948953598738,9,1
mfcc_16_p10,0.005751215852797031,9,1
mfcc_12_p10,0.005748370662331581,9,1
mfcc_7_std,0.0057381680235266685,9,1
mfcc_9_mean,0.005731090437620878,9,1
mfcc_15_std,0.005558294709771872,9,1
mfcc_0_p10,0.005492172669619322,9,1
mfcc_delta_9_std,0.005490961018949747,9,1
rolloff85_p10,0.005293247755616903,9,1
mfcc_16_std,0.005121203605085611,9,1
mfcc_9_p90,0.005082275718450546,9,1
mfcc_delta_14_std,0.0048566218465566635,9,1
zero_crossing_rate_mean,0.004855024162679911,9,1
bandwidth_mean,0.004589765332639217,9,1
mfcc_4_mean,0.004561796318739653,9,1
mfcc_delta_0_p90,0.0044224257580935955,9,1
mfcc_1_p10,0.004296906758099794,9,1
mfcc_6_mean,0.13572022318840027,9,2
mfcc_6_p10,0.09590812027454376,9,2
zero_crossing_rate_std,0.04727499186992645,9,2
mfcc_6_p90,0.02826266549527645,9,2
contrast_0_p10,0.02172752656042576,9,2
contrast_0_p90,0.021392397582530975,9,2
spectral_entropy_p10,0.01710263267159462,9,2
bandwidth_mean,0.014944086782634258,9,2
contrast_2_p90,0.013098977506160736,9,2
mfcc_3_mean,0.011750242672860622,9,2
contrast_2_mean,0.011308296583592892,9,2
rms_p90,0.01058080792427063,9,2
mfcc_18_p90,0.010533621534705162,9,2
mfcc_delta_2_p10,0.010124187916517258,9,2
spectral_entropy_mean,0.010014688596129417,9,2
contrast_4_mean,0.00992943998426199,9,2
mfcc_delta_0_std,0.009389071725308895,9,2
centroid_mean,0.00908633042126894,9,2
mfcc_6_std,0.009006650187075138,9,2
mfcc_2_p10,0.008622951805591583,9,2
rms_mean,0.00828965101391077,9,2
mfcc_15_p90,0.00809287466108799,9,2
mfcc_19_std,0.00786434393376112,9,2
contrast_0_mean,0.007787552196532488,9,2
mfcc_delta_9_p90,0.007775171659886837,9,2
zero_crossing_rate_p10,0.00757373683154583,9,2
mfcc_15_p10,0.007474435027688742,9,2
mfcc_delta_0_p10,0.0069319335743784904,9,2
contrast_1_p10,0.006922837812453508,9,2
mfcc_delta_6_mean,0.006311984732747078,9,2
mfcc_delta_2_p90,0.006244044750928879,9,2
flatness_p10,0.006169784348458052,9,2
contrast_5_mean,0.006160790100693703,9,2
mfcc_5_p10,0.006069149821996689,9,2
rms_p10,0.005905904807150364,9,2
mfcc_delta_5_p90,0.00584807712584734,9,2
mfcc_12_p90,0.005821603816002607,9,2
mfcc_16_std,0.005706958007067442,9,2
mfcc_delta_0_p90,0.005630148109048605,9,2
mfcc_0_std,0.005577477160841227,9,2
contrast_3_p10,0.0055294702760875225,9,2
mfcc_3_std,0.005470840260386467,9,2
mfcc_7_mean,0.005311462562531233,9,2
rolloff85_p10,0.005105793941766024,9,2
flatness_p90,0.005079289432615042,9,2
mfcc_delta_12_std,0.004935850389301777,9,2
mfcc_9_mean,0.004868060350418091,9,2
mfcc_11_p10,0.004721036646515131,9,2
mfcc_11_p90,0.004660132806748152,9,2
mfcc_4_p10,0.0046444423496723175,9,2
centroid_std,0.00463747326284647,9,2
mfcc_12_p10,0.004582370165735483,9,2
mfcc_delta_9_p10,0.004474714398384094,9,2
contrast_1_p90,0.004459157586097717,9,2
mfcc_7_p10,0.004407085012644529,9,2
mfcc_3_p90,0.004404106643050909,9,2
mfcc_5_mean,0.004194286186248064,9,2
mfcc_18_std,0.00416765408590436,9,2
mfcc_delta_4_p10,0.004156976472586393,9,2
bandwidth_p10,0.004155548755079508,9,2
mfcc_3_mean,0.11053716391324997,9,3
rolloff85_p90,0.05322391539812088,9,3
mfcc_3_p10,0.046376824378967285,9,3
rms_p10,0.033224672079086304,9,3
rms_mean,0.030406616628170013,9,3
rolloff85_p10,0.02680431865155697,9,3
contrast_2_p10,0.024285104125738144,9,3
mfcc_3_p90,0.016107361763715744,9,3
mfcc_9_p10,0.015949053689837456,9,3
mfcc_5_mean,0.015114281326532364,9,3
contrast_5_std,0.013567388989031315,9,3
zero_crossing_rate_std,0.013223613612353802,9,3
mfcc_0_mean,0.01249600574374199,9,3
bandwidth_mean,0.011944693513214588,9,3
mfcc_14_std,0.01190718449652195,9,3
mfcc_5_p10,0.01097196713089943,9,3
mfcc_6_p90,0.010968761518597603,9,3
mfcc_delta_13_std,0.010739149525761604,9,3
mfcc_17_p90,0.010510509833693504,9,3
mfcc_delta_4_mean,0.009875708259642124,9,3
contrast_4_p90,0.009647693485021591,9,3
mfcc_delta_10_std,0.009128686971962452,9,3
mfcc_4_p90,0.008965612389147282,9,3
mfcc_delta_12_p10,0.008914432488381863,9,3
mfcc_delta_13_p90,0.008882030844688416,9,3
mfcc_0_p90,0.00850878469645977,9,3
contrast_0_p10,0.00845897477120161,9,3
zero_crossing_rate_p90,0.008107556961476803,9,3
mfcc_0_p10,0.00779153173789382,9,3
mfcc_19_p90,0.007675874046981335,9,3
mfcc_8_p90,0.00765266502276063,9,3
mfcc_delta_0_std,0.00759932491928339,9,3
mfcc_14_p10,0.00755036948248744,9,3
mfcc_17_std,0.007545270025730133,9,3
rolloff85_mean,0.007310348562896252,9,3
mfcc_15_std,0.007101431954652071,9,3
mfcc_delta_6_std,0.007066085934638977,9,3
centroid_std,0.0070515042170882225,9,3
mfcc_4_mean,0.006913498044013977,9,3
contrast_5_mean,0.00688293669372797,9,3
rms_p90,0.006798611953854561,9,3
rms_std,0.006534083280712366,9,3
mfcc_delta_0_p90,0.0063863941468298435,9,3
mfcc_6_mean,0.006381997838616371,9,3
mfcc_delta_7_p90,0.006297020241618156,9,3
mfcc_10_mean,0.006291885394603014,9,3
mfcc_4_p10,0.005899603944271803,9,3
zero_crossing_rate_mean,0.005847746040672064,9,3
mfcc_delta_16_p90,0.005762072280049324,9,3
contrast_0_p90,0.005641657393425703,9,3
mfcc_delta_7_std,0.005521691404283047,9,3
mfcc_delta_14_std,0.0053000240586698055,9,3
bandwidth_p90,0.005175158381462097,9,3
bandwidth_p10,0.005149109289050102,9,3
mfcc_2_mean,0.005033435299992561,9,3
mfcc_15_p10,0.005001142155379057,9,3
mfcc_1_mean,0.0047898064367473125,9,3
mfcc_13_mean,0.0047727786004543304,9,3
mfcc_delta_19_mean,0.004724380560219288,9,3
mfcc_10_p90,0.004605577792972326,9,3
flatness_p90,0.19890914857387543,9,4
flatness_mean,0.10804658383131027,9,4
spectral_entropy_p90,0.06290048360824585,9,4
mfcc_2_p90,0.018628619611263275,9,4
zero_crossing_rate_p90,0.0184285007417202,9,4
mfcc_8_std,0.017418494448065758,9,4
mfcc_4_p10,0.01676984690129757,9,4
zero_crossing_rate_mean,0.014516237191855907,9,4
mfcc_7_std,0.014090925455093384,9,4
rolloff85_p90,0.01129897404462099,9,4
bandwidth_p90,0.010893717408180237,9,4
mfcc_3_p10,0.010435860604047775,9,4
mfcc_12_mean,0.01041316706687212,9,4
mfcc_11_p10,0.010238842107355595,9,4
mfcc_16_std,0.009742451831698418,9,4
mfcc_0_p10,0.009579537436366081,9,4
mfcc_15_std,0.009300855919718742,9,4
mfcc_7_p90,0.008917216211557388,9,4
centroid_std,0.008511090651154518,9,4
mfcc_2_std,0.008104109205305576,9,4
mfcc_delta_9_p10,0.007873360067605972,9,4
mfcc_4_mean,0.0073162224143743515,9,4
mfcc_14_std,0.007157234009355307,9,4
mfcc_delta_16_std,0.007033111993223429,9,4
mfcc_delta_11_mean,0.006992293521761894,9,4
mfcc_5_mean,0.006791206076741219,9,4
contrast_5_std,0.00661442568525672,9,4
mfcc_9_p90,0.006608251482248306,9,4
contrast_0_mean,0.006479830946773291,9,4
mfcc_12_p10,0.006473318673670292,9,4
contrast_0_p90,0.006169886793941259,9,4
rolloff85_std,0.006078380160033703,9,4
mfcc_2_p10,0.006023092661052942,9,4
contrast_5_p90,0.0059517137706279755,9,4
mfcc_3_p90,0.005945995450019836,9,4
mfcc_9_p10,0.005820452701300383,9,4
contrast_1_p90,0.005602484103292227,9,4
mfcc_2_mean,0.0053372858092188835,9,4
contrast_2_p90,0.005317550618201494,9,4
contrast_0_p10,0.005296342074871063,9,4
bandwidth_std,0.0052902535535395145,9,4
mfcc_delta_16_p10,0.005154625046998262,9,4
contrast_1_p10,0.0051491595804691315,9,4
mfcc_delta_9_p90,0.005090222228318453,9,4
mfcc_6_std,0.00505999568849802,9,4
mfcc_1_p90,0.004977688658982515,9,4
mfcc_delta_6_mean,0.00490694772452116,9,4
mfcc_9_mean,0.004802785348147154,9,4
zero_crossing_rate_std,0.0046266005374491215,9,4
mfcc_11_mean,0.004578013904392719,9,4
mfcc_11_p90,0.004539427347481251,9,4
mfcc_4_p90,0.0044802092015743256,9,4
mfcc_delta_8_p10,0.004406668245792389,9,4
mfcc_delta_8_p90,0.004399401601403952,9,4
contrast_0_std,0.00438093114644289,9,4
rms_mean,0.004345300607383251,9,4
rolloff85_p10,0.0041725775226950645,9,4
mfcc_8_mean,0.004164763260632753,9,4
contrast_1_mean,0.004048001021146774,9,4
mfcc_delta_1_p10,0.003998825326561928,9,4
