feature,gain,repeat,fold
dominant_frequency_ratio,0.03209307789802551,0,0
mfcc_12_p90,0.022703854367136955,0,0
mfcc_2_p10,0.02243199571967125,0,0
mfcc_delta_4_p90,0.0219615176320076,0,0
rms_p10,0.0165635384619236,0,0
mfcc_delta_2_std,0.016276808455586433,0,0
mfcc_12_p10,0.015057598240673542,0,0
mfcc_4_p90,0.013857852667570114,0,0
mfcc_delta_0_p90,0.013763884082436562,0,0
mfcc_delta_3_p10,0.013651745393872261,0,0
mfcc_1_p90,0.013195977546274662,0,0
mfcc_delta_11_p90,0.012585264630615711,0,0
mfcc_delta_7_std,0.011726906523108482,0,0
contrast_1_p90,0.011490517295897007,0,0
mfcc_delta_4_p10,0.011414112523198128,0,0
mfcc_delta_3_std,0.010554878041148186,0,0
mfcc_12_mean,0.010417094454169273,0,0
mfcc_delta_13_std,0.009948368184268475,0,0
mfcc_delta_1_std,0.009896102361381054,0,0
contrast_4_mean,0.009259060025215149,0,0
mfcc_delta_15_std,0.009150282479822636,0,0
mfcc_6_mean,0.009020748548209667,0,0
mfcc_1_p10,0.008966551162302494,0,0
mfcc_16_p90,0.008868135511875153,0,0
mfcc_delta_8_p90,0.008729148656129837,0,0
mfcc_1_mean,0.008717798627912998,0,0
flatness_std,0.008544009178876877,0,0
mfcc_5_mean,0.008477694354951382,0,0
mfcc_delta_2_p10,0.008434890769422054,0,0
mfcc_0_p90,0.008425691165030003,0,0
bandwidth_p90,0.008281215094029903,0,0
mfcc_13_mean,0.008230241946876049,0,0
mfcc_7_p10,0.008062673732638359,0,0
contrast_1_mean,0.007949655875563622,0,0
mfcc_12_std,0.00792885571718216,0,0
flatness_p90,0.007651884108781815,0,0
mfcc_9_p90,0.007645774632692337,0,0
mfcc_delta_8_p10,0.007367084734141827,0,0
contrast_3_mean,0.007298395503312349,0,0
bandwidth_mean,0.0072535062208771706,0,0
mfcc_19_p90,0.007197114173322916,0,0
mfcc_delta_8_std,0.007195299956947565,0,0
mfcc_delta_14_mean,0.007087472826242447,0,0
mfcc_delta_12_p10,0.007033111527562141,0,0
mfcc_13_p10,0.0068781739100813866,0,0
mfcc_delta_17_p90,0.006773511879146099,0,0
mfcc_delta_2_p90,0.006734865717589855,0,0
contrast_2_p10,0.0065347496420145035,0,0
mfcc_15_p90,0.006383346393704414,0,0
mfcc_delta_9_std,0.006343035493046045,0,0
mfcc_delta_15_p10,0.006281309295445681,0,0
mfcc_delta_16_p90,0.006264628376811743,0,0
mfcc_delta_1_p90,0.0060907588340342045,0,0
mfcc_0_mean,0.006047159433364868,0,0
mfcc_18_p10,0.006021407432854176,0,0
mfcc_1_std,0.0059922970831394196,0,0
mfcc_delta_15_p90,0.005986258387565613,0,0
contrast_0_p10,0.005909601226449013,0,0
mfcc_8_mean,0.005838104989379644,0,0
rms_mean,0.005835108924657106,0,0
contrast_5_std,0.042139552533626556,0,1
bandwidth_std,0.02633625827729702,0,1
mfcc_8_p10,0.022933702915906906,0,1
mfcc_6_p10,0.020202847197651863,0,1
rolloff85_p10,0.01955716870725155,0,1
rms_mean,0.017357850447297096,0,1
contrast_0_p90,0.01726684346795082,0,1
centroid_p10,0.01704246737062931,0,1
mfcc_delta_8_p10,0.015905292704701424,0,1
contrast_5_p10,0.014280584640800953,0,1
mfcc_15_p10,0.01362259965389967,0,1
mfcc_9_p90,0.012865903787314892,0,1
mfcc_delta_12_p10,0.012741446495056152,0,1
contrast_4_std,0.012397808954119682,0,1
rms_p90,0.01211010105907917,0,1
contrast_1_mean,0.011249629780650139,0,1
mfcc_2_p90,0.010580853559076786,0,1
contrast_0_std,0.010134601034224033,0,1
contrast_0_mean,0.009927338920533657,0,1
mfcc_14_p10,0.009911207482218742,0,1
contrast_2_p10,0.00937594659626484,0,1
mfcc_3_p10,0.009289334528148174,0,1
spectral_entropy_p10,0.009176764637231827,0,1
mfcc_15_std,0.008807566948235035,0,1
flatness_std,0.008336164057254791,0,1
mfcc_delta_3_mean,0.008045744150876999,0,1
contrast_5_mean,0.007848307490348816,0,1
mfcc_3_std,0.007847210392355919,0,1
spectral_entropy_std,0.007820053957402706,0,1
mfcc_delta_15_std,0.007635557558387518,0,1
dominant_frequency_ratio,0.007460401393473148,0,1
mfcc_10_p10,0.007457853294909,0,1
flatness_p90,0.007440841756761074,0,1
spectral_entropy_p90,0.0073621394112706184,0,1
mfcc_1_mean,0.007208090275526047,0,1
rolloff85_p90,0.0072035412304103374,0,1
contrast_1_p10,0.007128325756639242,0,1
mfcc_delta_11_mean,0.007099991664290428,0,1
mfcc_delta_3_p90,0.006946593057364225,0,1
contrast_5_p90,0.006913778372108936,0,1
contrast_1_p90,0.00668205926194787,0,1
mfcc_10_p90,0.006676877848803997,0,1
mfcc_0_p10,0.006648372393101454,0,1
mfcc_delta_3_std,0.006610600743442774,0,1
centroid_std,0.006482572294771671,0,1
mfcc_18_p10,0.006467217113822699,0,1
contrast_0_p10,0.006222993601113558,0,1
contrast_3_mean,0.006113044917583466,0,1
mfcc_delta_8_std,0.005970544181764126,0,1
mfcc_delta_1_p10,0.005867884960025549,0,1
rms_std,0.005814108997583389,0,1
mfcc_4_std,0.005779326893389225,0,1
mfcc_4_p90,0.005717480089515448,0,1
mfcc_delta_4_p10,0.005642498843371868,0,1
mfcc_delta_8_p90,0.0054870727472007275,0,1
mfcc_12_p10,0.005444535985589027,0,1
contrast_2_std,0.005364755168557167,0,1
mfcc_11_p90,0.005352469626814127,0,1
contrast_2_mean,0.005239673890173435,0,1
centroid_p90,0.005160874221473932,0,1
rolloff85_p90,0.05890582874417305,0,2
dominant_frequency_ratio,0.04074876755475998,0,2
centroid_p90,0.028558623045682907,0,2
mfcc_delta_10_std,0.023846669122576714,0,2
mfcc_delta_2_p90,0.019832145422697067,0,2
mfcc_16_p90,0.019674528390169144,0,2
mfcc_6_mean,0.016601575538516045,0,2
dominant_frequency,0.0163896307349205,0,2
mfcc_6_p10,0.015336510725319386,0,2
mfcc_0_mean,0.01440381444990635,0,2
mfcc_delta_3_p10,0.01317006628960371,0,2
mfcc_delta_7_p90,0.012696117162704468,0,2
centroid_mean,0.012653961777687073,0,2
mfcc_13_mean,0.012427950277924538,0,2
mfcc_delta_4_p90,0.012362666428089142,0,2
contrast_1_mean,0.012258770875632763,0,2
mfcc_delta_8_p90,0.011673643253743649,0,2
mfcc_16_mean,0.011238308623433113,0,2
mfcc_6_p90,0.011233381927013397,0,2
bandwidth_p10,0.011005918495357037,0,2
mfcc_delta_4_p10,0.010781977325677872,0,2
mfcc_delta_2_p10,0.010355783626437187,0,2
mfcc_7_mean,0.0099700428545475,0,2
rms_mean,0.009892474859952927,0,2
contrast_0_p10,0.0096290810033679,0,2
bandwidth_p90,0.009566626511514187,0,2
mfcc_5_mean,0.009538868442177773,0,2
zero_crossing_rate_p90,0.00904117152094841,0,2
spectral_entropy_mean,0.008850786834955215,0,2
mfcc_5_p10,0.008712719194591045,0,2
mfcc_1_std,0.008627813309431076,0,2
contrast_4_std,0.008554368279874325,0,2
rms_p90,0.008374287746846676,0,2
mfcc_0_p90,0.00836749467998743,0,2
mfcc_delta_8_p10,0.008227375335991383,0,2
spectral_entropy_p10,0.008091135881841183,0,2
centroid_p10,0.007854820229113102,0,2
mfcc_delta_15_p90,0.00777073111385107,0,2
spectral_entropy_std,0.0077157579362392426,0,2
mfcc_0_p10,0.007673764135688543,0,2
contrast_2_p10,0.007218953687697649,0,2
mfcc_delta_0_p90,0.00714384950697422,0,2
flatness_p10,0.007022570818662643,0,2
mfcc_12_mean,0.006974761839956045,0,2
mfcc_delta_1_p10,0.006908564828336239,0,2
rolloff85_mean,0.0068908450193703175,0,2
mfcc_delta_8_std,0.006853689439594746,0,2
contrast_1_std,0.006798546761274338,0,2
mfcc_19_mean,0.006671189796179533,0,2
mfcc_delta_7_p10,0.006514179520308971,0,2
mfcc_delta_10_p90,0.006337917409837246,0,2
mfcc_delta_1_std,0.006325397174805403,0,2
mfcc_delta_2_std,0.006301779765635729,0,2
contrast_1_p90,0.006104744970798492,0,2
mfcc_15_std,0.006099334452301264,0,2
mfcc_7_p90,0.006067946553230286,0,2
mfcc_13_p90,0.005959568545222282,0,2
rms_p10,0.005866536870598793,0,2
mfcc_4_p10,0.005731936544179916,0,2
mfcc_9_p90,0.005618994124233723,0,2
dominant_frequency,0.04635133594274521,0,3
mfcc_delta_2_p90,0.04541384428739548,0,3
contrast_5_std,0.035734329372644424,0,3
contrast_0_std,0.03458050638437271,0,3
mfcc_delta_11_p10,0.03190365061163902,0,3
rolloff85_p90,0.024429447948932648,0,3
bandwidth_p90,0.024195652455091476,0,3
mfcc_16_mean,0.01737486571073532,0,3
mfcc_delta_10_std,0.016645433381199837,0,3
mfcc_9_p10,0.015140891075134277,0,3
mfcc_18_mean,0.0147846769541502,0,3
mfcc_2_std,0.014420775696635246,0,3
mfcc_14_p10,0.013039002195000648,0,3
mfcc_8_p10,0.012950974516570568,0,3
mfcc_16_p90,0.012535762041807175,0,3
mfcc_12_p10,0.012322630733251572,0,3
mfcc_7_p10,0.01214389968663454,0,3
mfcc_9_p90,0.012093891389667988,0,3
mfcc_11_p90,0.010142301209270954,0,3
centroid_p90,0.010050191543996334,0,3
mfcc_delta_12_p10,0.010041827335953712,0,3
mfcc_6_mean,0.009595012292265892,0,3
mfcc_delta_8_std,0.009518947452306747,0,3
contrast_5_p10,0.00948961079120636,0,3
mfcc_16_p10,0.009354808367788792,0,3
mfcc_delta_2_p10,0.009297309443354607,0,3
mfcc_10_std,0.009213424287736416,0,3
bandwidth_std,0.009123370982706547,0,3
mfcc_10_p10,0.009035490453243256,0,3
mfcc_15_p10,0.008753352798521519,0,3
flatness_p90,0.008527692407369614,0,3
mfcc_3_p10,0.008343812078237534,0,3
mfcc_18_p10,0.008017288520932198,0,3
rms_p10,0.007965578697621822,0,3
mfcc_14_p90,0.007897096686065197,0,3
mfcc_14_mean,0.007830350659787655,0,3
rms_mean,0.0074661243706941605,0,3
mfcc_17_mean,0.0074538299813866615,0,3
zero_crossing_rate_mean,0.007371432613581419,0,3
zero_crossing_rate_std,0.007080916780978441,0,3
mfcc_delta_15_p90,0.00668939808383584,0,3
mfcc_3_mean,0.006670626346021891,0,3
flatness_std,0.0063457973301410675,0,3
mfcc_0_p90,0.006261889822781086,0,3
contrast_5_p90,0.006240973714739084,0,3
mfcc_2_p10,0.005995403043925762,0,3
mfcc_1_p90,0.005862212274223566,0,3
mfcc_1_std,0.005776222329586744,0,3
mfcc_8_std,0.005656783934682608,0,3
mfcc_delta_8_p10,0.005351170897483826,0,3
contrast_5_mean,0.0052915033884346485,0,3
mfcc_delta_17_p90,0.005272392649203539,0,3
mfcc_0_mean,0.005185634829103947,0,3
rolloff85_p10,0.005087448284029961,0,3
bandwidth_mean,0.004938398953527212,0,3
flatness_mean,0.004893166013062,0,3
spectral_entropy_p90,0.004855228587985039,0,3
mfcc_1_mean,0.004836763720959425,0,3
mfcc_6_p10,0.004827807657420635,0,3
mfcc_10_mean,0.004740382079035044,0,3
centroid_p90,0.12698926031589508,0,4
rolloff85_p90,0.07233087718486786,0,4
mfcc_1_p10,0.052691638469696045,0,4
zero_crossing_rate_std,0.02358633652329445,0,4
mfcc_delta_3_std,0.020056629553437233,0,4
mfcc_11_mean,0.01896822080016136,0,4
mfcc_15_mean,0.013438167981803417,0,4
mfcc_delta_5_std,0.01239303033798933,0,4
contrast_1_p10,0.012262129224836826,0,4
mfcc_13_p90,0.011916784569621086,0,4
rms_std,0.011707689613103867,0,4
rms_mean,0.011296775192022324,0,4
centroid_std,0.010829281993210316,0,4
mfcc_delta_3_p10,0.01077311486005783,0,4
mfcc_15_p10,0.010479629039764404,0,4
mfcc_6_p90,0.009894857183098793,0,4
mfcc_6_mean,0.009542453102767467,0,4
mfcc_delta_13_p10,0.009511623531579971,0,4
mfcc_delta_5_p90,0.00922637153416872,0,4
rms_p90,0.009146724827587605,0,4
mfcc_3_p10,0.0089684734120965,0,4
bandwidth_p90,0.00851000752300024,0,4
mfcc_delta_4_mean,0.008180645294487476,0,4
contrast_5_std,0.008022643625736237,0,4
flatness_std,0.007922525517642498,0,4
mfcc_10_mean,0.007888744585216045,0,4
contrast_1_p90,0.007882850244641304,0,4
mfcc_2_p90,0.007785562891513109,0,4
mfcc_8_p90,0.007271282374858856,0,4
mfcc_8_p10,0.007228340022265911,0,4
mfcc_delta_2_std,0.007146674208343029,0,4
mfcc_13_mean,0.007069830317050219,0,4
mfcc_0_p90,0.007013862486928701,0,4
zero_crossing_rate_p10,0.006820963695645332,0,4
mfcc_delta_9_std,0.006540020927786827,0,4
mfcc_17_mean,0.006058026570826769,0,4
mfcc_delta_12_std,0.005971928592771292,0,4
mfcc_delta_2_p10,0.005772931966930628,0,4
mfcc_2_std,0.005719789769500494,0,4
mfcc_10_p90,0.005638001020997763,0,4
contrast_5_mean,0.0054744528606534,0,4
mfcc_0_mean,0.005356431473046541,0,4
mfcc_delta_11_p90,0.005320625379681587,0,4
mfcc_1_p90,0.005278946831822395,0,4
mfcc_18_mean,0.0052040256559848785,0,4
contrast_5_p90,0.005138857755810022,0,4
mfcc_1_mean,0.005110363010317087,0,4
mfcc_delta_0_std,0.004990001674741507,0,4
contrast_2_p90,0.0048898193053901196,0,4
contrast_3_p90,0.004887210205197334,0,4
mfcc_6_std,0.004727165214717388,0,4
mfcc_8_mean,0.004641314037144184,0,4
dominant_frequency_ratio,0.004640713334083557,0,4
flatness_mean,0.004561392590403557,0,4
mfcc_delta_5_p10,0.004532812163233757,0,4
centroid_mean,0.004520975518971682,0,4
spectral_entropy_std,0.00446294853463769,0,4
mfcc_17_p90,0.004387101158499718,0,4
mfcc_4_mean,0.0043832226656377316,0,4
contrast_1_mean,0.004293803125619888,0,4
flatness_p90,0.03651932254433632,1,0
contrast_5_std,0.029824500903487206,1,0
contrast_5_p10,0.028528083115816116,1,0
mfcc_8_p10,0.02269030548632145,1,0
flatness_mean,0.020551778376102448,1,0
mfcc_3_p10,0.019918004050850868,1,0
mfcc_16_mean,0.018993046134710312,1,0
mfcc_1_p90,0.01831679418683052,1,0
dominant_frequency,0.018266690894961357,1,0
bandwidth_p90,0.015525737777352333,1,0
mfcc_delta_8_std,0.014425277709960938,1,0
spectral_entropy_p90,0.014388001523911953,1,0
mfcc_delta_12_p10,0.013987621292471886,1,0
mfcc_9_std,0.01275838352739811,1,0
mfcc_2_mean,0.012627526186406612,1,0
mfcc_delta_7_p10,0.012144708074629307,1,0
mfcc_delta_3_std,0.01195505727082491,1,0
mfcc_delta_8_p10,0.01178206130862236,1,0
contrast_1_p90,0.011410598643124104,1,0
rms_p10,0.01110458467155695,1,0
contrast_1_p10,0.010740965604782104,1,0
rolloff85_p90,0.010518955998122692,1,0
mfcc_delta_3_p10,0.010440710932016373,1,0
mfcc_2_p10,0.010195767506957054,1,0
mfcc_8_mean,0.00979066826403141,1,0
mfcc_delta_10_p90,0.00962947215884924,1,0
contrast_5_p90,0.009494544938206673,1,0
mfcc_2_p90,0.009328950196504593,1,0
mfcc_0_p10,0.009244282729923725,1,0
mfcc_9_p10,0.009171632118523121,1,0
mfcc_delta_2_p90,0.009035088121891022,1,0
mfcc_18_p90,0.008947153575718403,1,0
mfcc_16_p90,0.008792432956397533,1,0
mfcc_delta_18_std,0.008699575439095497,1,0
contrast_2_p10,0.008605791255831718,1,0
rms_mean,0.008447573520243168,1,0
flatness_std,0.008422203361988068,1,0
mfcc_0_p90,0.00823521800339222,1,0
mfcc_delta_18_p10,0.00820428878068924,1,0
contrast_0_p10,0.007965215481817722,1,0
flatness_p10,0.00752131175249815,1,0
mfcc_delta_9_p90,0.0074235531501472,1,0
mfcc_8_p90,0.007265666965395212,1,0
rms_p90,0.0068618846125900745,1,0
mfcc_delta_2_std,0.006773089524358511,1,0
zero_crossing_rate_p10,0.00674564391374588,1,0
mfcc_3_std,0.006654423661530018,1,0
contrast_4_mean,0.006652285344898701,1,0
rolloff85_p10,0.006550233345478773,1,0
mfcc_11_mean,0.006432069931179285,1,0
mfcc_11_p10,0.006389236077666283,1,0
mfcc_9_mean,0.00632329098880291,1,0
contrast_5_mean,0.006235762964934111,1,0
mfcc_6_p90,0.006174302194267511,1,0
mfcc_delta_8_mean,0.006162813398987055,1,0
rolloff85_std,0.006155615672469139,1,0
centroid_mean,0.006027701310813427,1,0
mfcc_2_std,0.0060071623884141445,1,0
dominant_frequency_ratio,0.005997313652187586,1,0
mfcc_delta_3_p90,0.005945686250925064,1,0
flatness_std,0.045979470014572144,1,1
flatness_mean,0.031840719282627106,1,1
dominant_frequency_ratio,0.021865226328372955,1,1
contrast_5_p10,0.02169639989733696,1,1
contrast_1_p10,0.020548082888126373,1,1
contrast_1_p90,0.019678795710206032,1,1
mfcc_3_p10,0.017048122361302376,1,1
dominant_frequency,0.016248319298028946,1,1
mfcc_delta_0_p90,0.01592857576906681,1,1
rolloff85_p90,0.015531104058027267,1,1
mfcc_10_p90,0.014589018188416958,1,1
contrast_1_mean,0.014430932700634003,1,1
flatness_p10,0.013919481076300144,1,1
mfcc_5_mean,0.011891881003975868,1,1
mfcc_delta_10_std,0.011720068752765656,1,1
mfcc_8_p10,0.010519508272409439,1,1
mfcc_7_p90,0.010008701123297215,1,1
rms_p10,0.009858651086688042,1,1
zero_crossing_rate_mean,0.00983479619026184,1,1
mfcc_delta_3_std,0.00970719289034605,1,1
mfcc_delta_8_p10,0.009653379209339619,1,1
bandwidth_p90,0.009592723101377487,1,1
mfcc_8_p90,0.00903646182268858,1,1
mfcc_delta_7_mean,0.008778182789683342,1,1
mfcc_12_mean,0.008767505176365376,1,1
contrast_2_p10,0.008737977594137192,1,1
contrast_5_mean,0.008713191375136375,1,1
centroid_p90,0.008656867779791355,1,1
mfcc_1_mean,0.00860572885721922,1,1
mfcc_delta_12_p90,0.008479010313749313,1,1
mfcc_delta_2_std,0.008433367125689983,1,1
mfcc_18_mean,0.008200520649552345,1,1
mfcc_7_mean,0.007970573380589485,1,1
mfcc_6_p90,0.007933087646961212,1,1
spectral_entropy_p10,0.007755446247756481,1,1
mfcc_13_mean,0.007715296000242233,1,1
mfcc_0_p10,0.007586176972836256,1,1
contrast_0_p90,0.00715844938531518,1,1
mfcc_9_mean,0.0069763376377522945,1,1
rolloff85_mean,0.006971386261284351,1,1
mfcc_delta_11_p10,0.006925725378096104,1,1
mfcc_delta_10_p10,0.006746046245098114,1,1
mfcc_1_p90,0.006730550900101662,1,1
mfcc_delta_0_p10,0.006664736196398735,1,1
mfcc_6_mean,0.006639578379690647,1,1
rms_mean,0.006538825575262308,1,1
rolloff85_p10,0.006371635012328625,1,1
mfcc_delta_8_p90,0.006314955186098814,1,1
contrast_3_p10,0.006308976095169783,1,1
mfcc_3_mean,0.006304363254457712,1,1
contrast_4_std,0.006229095626622438,1,1
mfcc_0_mean,0.006115414667874575,1,1
zero_crossing_rate_p90,0.0060754138976335526,1,1
centroid_mean,0.005902646575123072,1,1
mfcc_9_p90,0.005882234778255224,1,1
spectral_entropy_std,0.005838128738105297,1,1
mfcc_delta_3_p10,0.0057752435095608234,1,1
mfcc_delta_2_p10,0.005620607174932957,1,1
mfcc_11_p90,0.00559318158775568,1,1
mfcc_6_std,0.005528041627258062,1,1
rolloff85_p90,0.05613643676042557,1,2
dominant_frequency_ratio,0.029268646612763405,1,2
mfcc_16_p90,0.02643837407231331,1,2
mfcc_delta_2_p90,0.024163533002138138,1,2
zero_crossing_rate_p10,0.022576019167900085,1,2
centroid_p90,0.021211586892604828,1,2
mfcc_6_mean,0.016657117754220963,1,2
spectral_entropy_mean,0.016114450991153717,1,2
mfcc_delta_8_p10,0.016001427546143532,1,2
dominant_frequency,0.015472709201276302,1,2
contrast_0_p10,0.015419564209878445,1,2
mfcc_delta_10_std,0.015310249291360378,1,2
mfcc_delta_3_p10,0.015090424567461014,1,2
mfcc_delta_7_std,0.01358805038034916,1,2
mfcc_0_mean,0.013092014007270336,1,2
mfcc_delta_8_p90,0.012478245422244072,1,2
bandwidth_p90,0.01201158668845892,1,2
bandwidth_p10,0.011920860037207603,1,2
mfcc_delta_10_p10,0.011247836984694004,1,2
mfcc_1_std,0.011162683367729187,1,2
rms_mean,0.01035888772457838,1,2
zero_crossing_rate_std,0.010302365757524967,1,2
spectral_entropy_p10,0.010276022367179394,1,2
mfcc_5_mean,0.009948375634849072,1,2
centroid_p10,0.009911525063216686,1,2
mfcc_delta_2_std,0.009610393084585667,1,2
mfcc_16_mean,0.009550435468554497,1,2
mfcc_0_p10,0.009095786139369011,1,2
contrast_5_p10,0.008854595944285393,1,2
contrast_0_std,0.00884901825338602,1,2
contrast_3_p10,0.00883361604064703,1,2
mfcc_13_mean,0.008673090487718582,1,2
mfcc_12_mean,0.008666527457535267,1,2
contrast_1_p90,0.00849805399775505,1,2
mfcc_5_p90,0.008230671286582947,1,2
mfcc_delta_0_p10,0.008198902942240238,1,2
contrast_4_std,0.008020538836717606,1,2
mfcc_delta_0_p90,0.007846872322261333,1,2
contrast_3_mean,0.007752005476504564,1,2
mfcc_2_p90,0.007750268559902906,1,2
mfcc_delta_1_std,0.007340211421251297,1,2
mfcc_14_p10,0.006656487472355366,1,2
mfcc_13_p10,0.006572813726961613,1,2
mfcc_delta_0_mean,0.006457302253693342,1,2
mfcc_5_p10,0.0063530816696584225,1,2
rms_std,0.006330941803753376,1,2
mfcc_17_p10,0.0062725176103413105,1,2
mfcc_delta_1_p10,0.006264596711844206,1,2
flatness_p90,0.006167035084217787,1,2
mfcc_delta_8_std,0.00608308520168066,1,2
contrast_1_std,0.006014139391481876,1,2
mfcc_13_p90,0.005929768085479736,1,2
mfcc_delta_7_p90,0.005816640332341194,1,2
mfcc_8_p90,0.005776879843324423,1,2
contrast_1_mean,0.0057625537738204,1,2
rms_p10,0.005596741568297148,1,2
mfcc_0_std,0.00534112798050046,1,2
flatness_p10,0.005300041753798723,1,2
mfcc_2_std,0.00529520632699132,1,2
mfcc_12_p90,0.00525145186111331,1,2
dominant_frequency,0.04112250730395317,1,3
flatness_p90,0.03434613719582558,1,3
rolloff85_p10,0.031305164098739624,1,3
mfcc_18_mean,0.026843255385756493,1,3
mfcc_8_p10,0.02420552261173725,1,3
mfcc_6_p90,0.017246130853891373,1,3
mfcc_8_mean,0.01575428619980812,1,3
centroid_p90,0.014730198308825493,1,3
mfcc_9_p90,0.014546897262334824,1,3
mfcc_9_mean,0.014301417395472527,1,3
contrast_4_p10,0.013877271674573421,1,3
mfcc_9_p10,0.01380810048431158,1,3
contrast_5_std,0.013239757157862186,1,3
mfcc_6_mean,0.01319938525557518,1,3
mfcc_14_p10,0.012779446318745613,1,3
mfcc_delta_1_std,0.012744964100420475,1,3
bandwidth_p90,0.012034296058118343,1,3
mfcc_16_mean,0.011820923537015915,1,3
mfcc_3_mean,0.011296956799924374,1,3
mfcc_6_p10,0.011006088927388191,1,3
contrast_2_p90,0.01068433653563261,1,3
bandwidth_mean,0.010514616034924984,1,3
contrast_2_mean,0.009890963323414326,1,3
mfcc_3_p10,0.009722298942506313,1,3
contrast_3_p90,0.009521666914224625,1,3
rms_p10,0.009288203902542591,1,3
mfcc_10_p10,0.00905274786055088,1,3
mfcc_3_p90,0.008982323110103607,1,3
rolloff85_p90,0.008806150406599045,1,3
centroid_p10,0.008794398047029972,1,3
mfcc_1_p10,0.008701571263372898,1,3
flatness_mean,0.008476157672703266,1,3
mfcc_delta_15_mean,0.0077241999097168446,1,3
flatness_std,0.007532409392297268,1,3
mfcc_14_mean,0.007531211245805025,1,3
mfcc_13_p10,0.00752499233931303,1,3
mfcc_10_mean,0.007398849353194237,1,3
rolloff85_std,0.007175476290285587,1,3
centroid_std,0.006897303741425276,1,3
mfcc_18_std,0.006838808301836252,1,3
contrast_4_mean,0.006832555402070284,1,3
mfcc_15_mean,0.006763007026165724,1,3
centroid_mean,0.00666918745264411,1,3
mfcc_0_p10,0.0064782570116221905,1,3
rms_std,0.006470439024269581,1,3
mfcc_delta_19_p90,0.006462239660322666,1,3
mfcc_7_p90,0.0064428504556417465,1,3
mfcc_11_p90,0.006361912004649639,1,3
mfcc_delta_15_std,0.0063429889269173145,1,3
spectral_entropy_std,0.006237981375306845,1,3
zero_crossing_rate_mean,0.0061757671646773815,1,3
mfcc_delta_8_std,0.006098676938563585,1,3
mfcc_delta_4_std,0.006064204499125481,1,3
rms_p90,0.006039492320269346,1,3
mfcc_0_mean,0.006000344641506672,1,3
dominant_frequency_ratio,0.005984413903206587,1,3
contrast_0_p90,0.005980880465358496,1,3
mfcc_5_mean,0.0057919821701943874,1,3
spectral_entropy_mean,0.005747975781559944,1,3
contrast_0_mean,0.005738167557865381,1,3
flatness_p90,0.06916631758213043,1,4
flatness_mean,0.06705688685178757,1,4
contrast_1_p10,0.03779549151659012,1,4
contrast_1_p90,0.031219525262713432,1,4
contrast_1_mean,0.02248411998152733,1,4
mfcc_delta_2_std,0.01690712757408619,1,4
zero_crossing_rate_p10,0.016359830275177956,1,4
mfcc_5_p90,0.01598483882844448,1,4
contrast_0_p10,0.014822820201516151,1,4
mfcc_delta_7_std,0.013460417278110981,1,4
mfcc_12_std,0.013177388347685337,1,4
mfcc_delta_18_std,0.012687810696661472,1,4
mfcc_1_p90,0.012485538609325886,1,4
mfcc_16_mean,0.012234868481755257,1,4
contrast_3_p90,0.012175199575722218,1,4
mfcc_delta_2_p90,0.011822131462395191,1,4
mfcc_5_mean,0.011660458520054817,1,4
mfcc_delta_9_p90,0.010820218361914158,1,4
mfcc_delta_3_p10,0.01066838763654232,1,4
mfcc_6_p10,0.01008602138608694,1,4
contrast_5_std,0.009890908375382423,1,4
contrast_0_p90,0.00970692653208971,1,4
mfcc_delta_2_p10,0.009096406400203705,1,4
rms_p10,0.008870786055922508,1,4
zero_crossing_rate_mean,0.008835081942379475,1,4
mfcc_1_mean,0.008813802152872086,1,4
mfcc_10_p90,0.008631476201117039,1,4
mfcc_delta_1_p90,0.008628413081169128,1,4
mfcc_3_p90,0.008364229463040829,1,4
mfcc_7_mean,0.008202235214412212,1,4
mfcc_1_p10,0.00805552490055561,1,4
dominant_frequency,0.008039667271077633,1,4
mfcc_6_mean,0.0076792011968791485,1,4
mfcc_delta_1_p10,0.007259912323206663,1,4
mfcc_12_p90,0.00719865970313549,1,4
dominant_frequency_ratio,0.007149629760533571,1,4
mfcc_11_mean,0.007125013042241335,1,4
mfcc_13_p10,0.007029679603874683,1,4
mfcc_18_mean,0.006829735357314348,1,4
bandwidth_p90,0.006823812145739794,1,4
mfcc_4_std,0.0065782517194747925,1,4
mfcc_4_mean,0.006507198326289654,1,4
spectral_entropy_p10,0.006381487473845482,1,4
flatness_p10,0.006360058672726154,1,4
mfcc_0_mean,0.005849945358932018,1,4
contrast_5_mean,0.0058187153190374374,1,4
zero_crossing_rate_std,0.005787132773548365,1,4
mfcc_13_mean,0.005712462123483419,1,4
contrast_5_p10,0.005665105301886797,1,4
mfcc_delta_10_std,0.005633811932057142,1,4
contrast_0_mean,0.005622354336082935,1,4
mfcc_2_p90,0.005581755191087723,1,4
mfcc_8_p90,0.005498809274286032,1,4
centroid_std,0.005485765170305967,1,4
mfcc_16_p90,0.005430870223790407,1,4
mfcc_2_p10,0.005325305741280317,1,4
mfcc_18_p10,0.0051712593995034695,1,4
contrast_2_p90,0.005159320775419474,1,4
contrast_5_p90,0.005077796522527933,1,4
mfcc_14_p10,0.005010887514799833,1,4
dominant_frequency_ratio,0.038805264979600906,2,0
mfcc_delta_8_p90,0.02052214741706848,2,0
mfcc_delta_4_p90,0.017226116731762886,2,0
mfcc_4_p90,0.016087407246232033,2,0
flatness_mean,0.014564965851604939,2,0
mfcc_12_p10,0.014394925907254219,2,0
mfcc_12_p90,0.014170565642416477,2,0
mfcc_delta_1_p10,0.013159177266061306,2,0
mfcc_delta_3_p10,0.012399455532431602,2,0
mfcc_delta_0_p90,0.012293028645217419,2,0
mfcc_delta_2_std,0.012061409652233124,2,0
mfcc_12_mean,0.01100989617407322,2,0
mfcc_16_mean,0.0108970170840621,2,0
bandwidth_std,0.010776923969388008,2,0
contrast_3_mean,0.010694860480725765,2,0
mfcc_delta_8_p10,0.010607202537357807,2,0
rms_p10,0.010349375195801258,2,0
mfcc_1_p90,0.010251524858176708,2,0
mfcc_19_p90,0.010248217731714249,2,0
flatness_std,0.010215673595666885,2,0
mfcc_delta_11_p90,0.009887061081826687,2,0
contrast_1_p90,0.009807947091758251,2,0
mfcc_7_p10,0.009606266394257545,2,0
mfcc_13_p10,0.009540190920233727,2,0
mfcc_9_mean,0.00948155764490366,2,0
mfcc_1_p10,0.009115710854530334,2,0
mfcc_10_p10,0.009030817076563835,2,0
mfcc_4_mean,0.008770606480538845,2,0
mfcc_delta_2_p90,0.008558656089007854,2,0
contrast_5_std,0.008553696796298027,2,0
mfcc_delta_10_p90,0.008418050594627857,2,0
spectral_entropy_p10,0.008292506448924541,2,0
contrast_0_p90,0.007926443591713905,2,0
contrast_1_mean,0.007844488136470318,2,0
mfcc_18_mean,0.007708552293479443,2,0
contrast_0_mean,0.007673487067222595,2,0
mfcc_2_p10,0.0076185292564332485,2,0
mfcc_delta_6_p90,0.0075081405229866505,2,0
mfcc_0_mean,0.007303701248019934,2,0
mfcc_16_p10,0.007143058814108372,2,0
mfcc_8_std,0.0070309448055922985,2,0
dominant_frequency,0.006877774838358164,2,0
mfcc_18_p90,0.006837982218712568,2,0
mfcc_6_mean,0.006769394036382437,2,0
mfcc_delta_6_p10,0.006762465927749872,2,0
mfcc_delta_3_std,0.006651686038821936,2,0
mfcc_1_mean,0.00661821523681283,2,0
mfcc_5_mean,0.006509050726890564,2,0
mfcc_5_p10,0.006348638329654932,2,0
mfcc_delta_9_p10,0.006339997984468937,2,0
mfcc_10_p90,0.006218526978045702,2,0
mfcc_delta_13_p90,0.0061752041801810265,2,0
mfcc_13_mean,0.006088919471949339,2,0
mfcc_9_p10,0.005902555771172047,2,0
mfcc_delta_10_std,0.005844751372933388,2,0
contrast_5_p10,0.005810977891087532,2,0
mfcc_7_mean,0.005753353238105774,2,0
mfcc_delta_12_p10,0.005461114924401045,2,0
bandwidth_p90,0.0053618913516402245,2,0
mfcc_delta_17_p10,0.005351539235562086,2,0
contrast_5_std,0.04026516154408455,2,1
mfcc_6_p10,0.025522878393530846,2,1
bandwidth_std,0.022943779826164246,2,1
rolloff85_p90,0.019306441769003868,2,1
rolloff85_p10,0.01488406490534544,2,1
mfcc_delta_12_p10,0.014624668285250664,2,1
mfcc_6_mean,0.014256895519793034,2,1
mfcc_6_p90,0.013914952985942364,2,1
rms_std,0.0130365751683712,2,1
mfcc_delta_12_mean,0.012910631485283375,2,1
contrast_0_std,0.012318484485149384,2,1
mfcc_2_p90,0.011923893354833126,2,1
contrast_1_mean,0.011109886690974236,2,1
contrast_5_p10,0.011001999489963055,2,1
mfcc_9_p10,0.010961921885609627,2,1
mfcc_5_p90,0.010849002748727798,2,1
mfcc_delta_8_std,0.010601352900266647,2,1
centroid_std,0.01002991572022438,2,1
mfcc_14_p10,0.009765664115548134,2,1
mfcc_8_mean,0.009676150046288967,2,1
contrast_1_p90,0.009499955922365189,2,1
mfcc_4_p90,0.009416039101779461,2,1
dominant_frequency_ratio,0.009353389963507652,2,1
contrast_5_p90,0.009112187661230564,2,1
contrast_4_p10,0.009031351655721664,2,1
mfcc_delta_6_p90,0.008664214983582497,2,1
spectral_entropy_p90,0.008511146530508995,2,1
mfcc_10_p10,0.00849281344562769,2,1
mfcc_delta_10_std,0.008449920453131199,2,1
contrast_1_p10,0.00827809888869524,2,1
flatness_std,0.008207784034311771,2,1
rms_mean,0.00806988775730133,2,1
mfcc_8_p10,0.007960952818393707,2,1
mfcc_10_std,0.00790645182132721,2,1
mfcc_1_p90,0.007825084961950779,2,1
flatness_p90,0.007642034441232681,2,1
mfcc_10_p90,0.007626669947057962,2,1
mfcc_18_p90,0.007553867530077696,2,1
mfcc_delta_18_mean,0.007417276501655579,2,1
contrast_5_mean,0.007351940497756004,2,1
mfcc_delta_11_p10,0.007307842373847961,2,1
mfcc_11_p10,0.007144811563193798,2,1
mfcc_19_p10,0.007117056287825108,2,1
dominant_frequency,0.006904808338731527,2,1
mfcc_delta_3_p10,0.006839556619524956,2,1
mfcc_delta_4_std,0.006816016510128975,2,1
mfcc_delta_15_p10,0.006814431864768267,2,1
mfcc_15_p10,0.006809733342379332,2,1
centroid_mean,0.006795980501919985,2,1
contrast_0_mean,0.006714433431625366,2,1
spectral_entropy_mean,0.0067102559842169285,2,1
mfcc_15_std,0.006051686126738787,2,1
mfcc_delta_9_p90,0.005984379909932613,2,1
mfcc_13_p10,0.005869343876838684,2,1
mfcc_2_std,0.005821010563522577,2,1
bandwidth_p10,0.005722972564399242,2,1
spectral_entropy_p10,0.0056723919697105885,2,1
flatness_p10,0.005656366236507893,2,1
mfcc_delta_15_std,0.0056098937056958675,2,1
mfcc_7_p10,0.005567347630858421,2,1
rolloff85_p90,0.04776208847761154,2,2
centroid_p90,0.03319339081645012,2,2
mfcc_delta_2_p90,0.03311494365334511,2,2
mfcc_16_p90,0.028751153498888016,2,2
mfcc_16_mean,0.026479240506887436,2,2
mfcc_delta_10_p90,0.022377388551831245,2,2
mfcc_delta_3_p10,0.021892033517360687,2,2
dominant_frequency,0.019429650157690048,2,2
mfcc_1_p10,0.01754438690841198,2,2
mfcc_delta_10_std,0.01366477645933628,2,2
contrast_4_std,0.013549357652664185,2,2
dominant_frequency_ratio,0.012964004650712013,2,2
mfcc_12_mean,0.012519150041043758,2,2
mfcc_delta_1_p10,0.01239246129989624,2,2
mfcc_delta_10_p10,0.011793007142841816,2,2
mfcc_delta_0_p90,0.011202153749763966,2,2
contrast_1_mean,0.010809342376887798,2,2
rms_mean,0.010743187740445137,2,2
mfcc_2_p10,0.010579227469861507,2,2
bandwidth_p10,0.010252445936203003,2,2
mfcc_12_p90,0.009762968868017197,2,2
mfcc_5_std,0.009388497099280357,2,2
mfcc_0_p10,0.009067407809197903,2,2
mfcc_0_mean,0.008979040198028088,2,2
mfcc_delta_2_p10,0.008940578438341618,2,2
mfcc_delta_12_std,0.008781937882304192,2,2
rms_std,0.008705922402441502,2,2
mfcc_delta_8_p90,0.008577284403145313,2,2
mfcc_9_p90,0.00856122374534607,2,2
mfcc_delta_8_std,0.008080677129328251,2,2
mfcc_3_p90,0.008078722283244133,2,2
mfcc_13_mean,0.008049530908465385,2,2
mfcc_13_p90,0.0078084710985422134,2,2
mfcc_4_p90,0.007805350702255964,2,2
mfcc_9_mean,0.007758025079965591,2,2
mfcc_delta_9_std,0.007557795848697424,2,2
zero_crossing_rate_mean,0.0074110813438892365,2,2
mfcc_delta_6_p90,0.007383996155112982,2,2
mfcc_delta_1_p90,0.007315534166991711,2,2
spectral_entropy_p10,0.007172944024205208,2,2
mfcc_delta_4_p90,0.007076994515955448,2,2
mfcc_delta_7_p90,0.007053080014884472,2,2
mfcc_2_p90,0.006989678367972374,2,2
flatness_p10,0.0067825824953615665,2,2
mfcc_delta_1_std,0.0065359435975551605,2,2
rms_p90,0.006447946187108755,2,2
flatness_mean,0.006367192137986422,2,2
mfcc_delta_0_std,0.006270863581448793,2,2
contrast_1_p90,0.006252695340663195,2,2
mfcc_7_p10,0.0061630369164049625,2,2
mfcc_10_p10,0.005732021760195494,2,2
mfcc_delta_10_mean,0.005696251057088375,2,2
rolloff85_mean,0.005472513847053051,2,2
mfcc_delta_6_std,0.005414389539510012,2,2
mfcc_5_mean,0.005166991148144007,2,2
mfcc_15_p90,0.004977141972631216,2,2
mfcc_delta_15_p90,0.004930692259222269,2,2
contrast_2_mean,0.004920647945255041,2,2
mfcc_12_p10,0.004884729161858559,2,2
mfcc_delta_0_p10,0.00487458286806941,2,2
flatness_p90,0.05092143639922142,2,3
mfcc_18_mean,0.03834705799818039,2,3
zero_crossing_rate_p90,0.03088097833096981,2,3
centroid_mean,0.025492873042821884,2,3
dominant_frequency,0.02433677762746811,2,3
flatness_mean,0.021974992007017136,2,3
mfcc_6_p90,0.019801519811153412,2,3
centroid_p90,0.017714092507958412,2,3
contrast_4_std,0.01574167050421238,2,3
mfcc_18_p10,0.015216907486319542,2,3
mfcc_1_p10,0.015119390562176704,2,3
mfcc_6_mean,0.014874262735247612,2,3
mfcc_9_p10,0.014471625909209251,2,3
contrast_2_mean,0.01368485763669014,2,3
mfcc_8_p10,0.012563054449856281,2,3
mfcc_0_mean,0.012463513761758804,2,3
contrast_5_std,0.012417804449796677,2,3
mfcc_delta_8_p10,0.011806445196270943,2,3
mfcc_12_p10,0.011746951378881931,2,3
mfcc_2_p10,0.011634008958935738,2,3
mfcc_5_std,0.011609083041548729,2,3
mfcc_17_p10,0.011448990553617477,2,3
spectral_entropy_std,0.010724002495408058,2,3
mfcc_9_mean,0.010575713589787483,2,3
mfcc_10_p90,0.009935141541063786,2,3
mfcc_8_mean,0.009760459885001183,2,3
mfcc_6_p10,0.009626259095966816,2,3
bandwidth_p10,0.009552018716931343,2,3
spectral_entropy_p90,0.009529069997370243,2,3
mfcc_11_mean,0.00935103464871645,2,3
mfcc_16_p10,0.009312205016613007,2,3
mfcc_8_p90,0.008861565962433815,2,3
mfcc_delta_14_std,0.008766403421759605,2,3
mfcc_3_p10,0.008063466288149357,2,3
rolloff85_p90,0.008011624217033386,2,3
mfcc_delta_18_std,0.0079616978764534,2,3
mfcc_3_mean,0.007876531220972538,2,3
mfcc_4_p10,0.00786871463060379,2,3
mfcc_14_p90,0.007601424586027861,2,3
mfcc_2_mean,0.007548133842647076,2,3
contrast_3_p90,0.006903240457177162,2,3
mfcc_10_p10,0.0066848378628492355,2,3
mfcc_delta_15_std,0.0066766757518053055,2,3
mfcc_delta_19_p90,0.006529650185257196,2,3
bandwidth_mean,0.00652115186676383,2,3
mfcc_18_p90,0.006474670488387346,2,3
mfcc_17_std,0.006149542052298784,2,3
mfcc_0_p10,0.006110163871198893,2,3
mfcc_7_mean,0.0059444354847073555,2,3
mfcc_delta_12_p90,0.005930718034505844,2,3
flatness_std,0.005909055471420288,2,3
mfcc_14_p10,0.005902738310396671,2,3
mfcc_delta_17_std,0.005756552331149578,2,3
mfcc_delta_0_p90,0.005730431992560625,2,3
mfcc_5_p10,0.005707696080207825,2,3
mfcc_1_mean,0.005696689244359732,2,3
mfcc_delta_1_std,0.0056712632067501545,2,3
mfcc_4_mean,0.005612280685454607,2,3
mfcc_19_mean,0.0054037729278206825,2,3
contrast_5_mean,0.005364502314478159,2,3
flatness_p90,0.07113031297922134,2,4
contrast_1_p10,0.03464500606060028,2,4
flatness_mean,0.0339190848171711,2,4
mfcc_6_p10,0.030954021960496902,2,4
contrast_1_mean,0.026577604934573174,2,4
mfcc_2_p90,0.022064803168177605,2,4
mfcc_14_p10,0.02116495370864868,2,4
contrast_1_p90,0.018963666632771492,2,4
mfcc_3_p90,0.018424537032842636,2,4
mfcc_1_p90,0.016575604677200317,2,4
mfcc_5_p90,0.01503691729158163,2,4
contrast_2_mean,0.014447050169110298,2,4
spectral_entropy_p10,0.014392097480595112,2,4
spectral_entropy_mean,0.013303490355610847,2,4
mfcc_delta_4_std,0.012358059175312519,2,4
mfcc_8_p10,0.012302360497415066,2,4
mfcc_delta_7_std,0.012232917360961437,2,4
contrast_0_std,0.012083038687705994,2,4
mfcc_delta_2_std,0.010352968238294125,2,4
mfcc_8_mean,0.009728338569402695,2,4
contrast_3_p90,0.009145677089691162,2,4
mfcc_4_p90,0.009034521877765656,2,4
mfcc_3_p10,0.008784600533545017,2,4
mfcc_6_p90,0.008671635761857033,2,4
mfcc_delta_18_std,0.008661876432597637,2,4
mfcc_0_mean,0.008571574464440346,2,4
mfcc_2_mean,0.0082815270870924,2,4
mfcc_1_mean,0.008250021375715733,2,4
mfcc_12_mean,0.007777164224535227,2,4
mfcc_delta_6_p10,0.007720450405031443,2,4
contrast_5_std,0.007224517408758402,2,4
bandwidth_p10,0.007097782101482153,2,4
rms_p10,0.007013463880866766,2,4
mfcc_delta_2_mean,0.0067978957667946815,2,4
mfcc_delta_3_p10,0.0067815338261425495,2,4
contrast_0_p10,0.006756927352398634,2,4
mfcc_delta_2_p90,0.006473048124462366,2,4
zero_crossing_rate_mean,0.0064382911659777164,2,4
centroid_mean,0.006427367217838764,2,4
centroid_p10,0.006422069389373064,2,4
rms_mean,0.006312569137662649,2,4
mfcc_2_std,0.006292219273746014,2,4
mfcc_10_p90,0.006174363195896149,2,4
zero_crossing_rate_std,0.006003457587212324,2,4
dominant_frequency,0.005928731989115477,2,4
mfcc_delta_2_p10,0.005909874569624662,2,4
mfcc_7_std,0.005887843668460846,2,4
mfcc_0_p10,0.005842186510562897,2,4
mfcc_3_std,0.0058026621118187904,2,4
mfcc_delta_0_p90,0.005478734616190195,2,4
mfcc_13_p10,0.0054761068895459175,2,4
mfcc_4_mean,0.005395529326051474,2,4
rolloff85_p90,0.005380684044212103,2,4
contrast_0_p90,0.00519335363060236,2,4
mfcc_5_mean,0.005176885519176722,2,4
flatness_p10,0.005138545297086239,2,4
mfcc_4_std,0.005123985465615988,2,4
rms_p90,0.0050840433686971664,2,4
mfcc_delta_17_p10,0.005080217495560646,2,4
mfcc_3_mean,0.005073391366750002,2,4
flatness_p90,0.03779229521751404,3,0
contrast_5_std,0.03775922209024429,3,0
mfcc_3_p10,0.026091210544109344,3,0
dominant_frequency,0.02230226993560791,3,0
contrast_0_std,0.01955449767410755,3,0
mfcc_15_p10,0.01891159825026989,3,0
rms_p10,0.015271564014256,3,0
mfcc_delta_2_p90,0.014985359273850918,3,0
rolloff85_p90,0.014501065947115421,3,0
mfcc_2_p10,0.013891080394387245,3,0
mfcc_9_mean,0.013662926852703094,3,0
contrast_1_p10,0.013510163873434067,3,0
mfcc_7_p10,0.013406396843492985,3,0
mfcc_1_p10,0.01270879153162241,3,0
flatness_p10,0.012276886962354183,3,0
mfcc_2_mean,0.011868980713188648,3,0
rolloff85_mean,0.011774949729442596,3,0
mfcc_delta_15_p10,0.01125001534819603,3,0
mfcc_16_p90,0.011065274477005005,3,0
mfcc_18_mean,0.0109871756285429,3,0
mfcc_delta_4_std,0.0109676793217659,3,0
mfcc_2_std,0.010525580495595932,3,0
mfcc_delta_8_p90,0.010506853461265564,3,0
mfcc_1_mean,0.01038773637264967,3,0
mfcc_6_p90,0.010363909415900707,3,0
mfcc_8_p10,0.01020282506942749,3,0
flatness_mean,0.009668877348303795,3,0
mfcc_delta_18_p90,0.009049729444086552,3,0
mfcc_delta_2_std,0.008849036879837513,3,0
flatness_std,0.008741590194404125,3,0
mfcc_1_p90,0.008622560650110245,3,0
mfcc_delta_2_p10,0.008378366939723492,3,0
contrast_1_mean,0.008173052221536636,3,0
mfcc_6_mean,0.007977544330060482,3,0
mfcc_delta_3_std,0.007947437465190887,3,0
contrast_3_mean,0.007790680043399334,3,0
contrast_2_mean,0.0075772227719426155,3,0
mfcc_16_mean,0.007312806323170662,3,0
spectral_entropy_p90,0.0072195627726614475,3,0
contrast_1_p90,0.007160905748605728,3,0
mfcc_15_std,0.00701920734718442,3,0
mfcc_9_p90,0.006952585186809301,3,0
mfcc_delta_3_p10,0.0069340490736067295,3,0
mfcc_delta_16_std,0.00687654921784997,3,0
mfcc_delta_8_mean,0.006800944916903973,3,0
mfcc_10_mean,0.006525746081024408,3,0
mfcc_8_p90,0.006487544160336256,3,0
mfcc_delta_10_std,0.0063802385702729225,3,0
rms_std,0.006290951743721962,3,0
mfcc_6_p10,0.006219607312232256,3,0
mfcc_delta_10_p90,0.0060732183046638966,3,0
mfcc_delta_15_p90,0.005938299931585789,3,0
mfcc_18_std,0.00582926208153367,3,0
zero_crossing_rate_p90,0.005820604972541332,3,0
bandwidth_mean,0.0057845511473715305,3,0
mfcc_14_p90,0.005771109368652105,3,0
rms_mean,0.0055151269771158695,3,0
mfcc_3_p90,0.00545919593423605,3,0
mfcc_4_p90,0.005355110391974449,3,0
mfcc_delta_15_std,0.005313470494002104,3,0
flatness_std,0.04819954186677933,3,1
mfcc_12_mean,0.02872391603887081,3,1
dominant_frequency_ratio,0.02211173251271248,3,1
dominant_frequency,0.021311456337571144,3,1
contrast_1_p90,0.01917310245335102,3,1
contrast_1_p10,0.01724947802722454,3,1
mfcc_3_p10,0.01688164472579956,3,1
mfcc_delta_8_p10,0.016679495573043823,3,1
contrast_4_std,0.015784263610839844,3,1
flatness_p10,0.015485821291804314,3,1
mfcc_delta_0_p90,0.015239019878208637,3,1
rolloff85_p90,0.015160288661718369,3,1
contrast_5_p10,0.015083352103829384,3,1
contrast_1_mean,0.014964019879698753,3,1
spectral_entropy_p10,0.013378601521253586,3,1
mfcc_delta_2_p10,0.01265665888786316,3,1
mfcc_10_p90,0.012381008826196194,3,1
contrast_2_p10,0.012244915589690208,3,1
mfcc_3_mean,0.012181496247649193,3,1
mfcc_7_p90,0.011706758290529251,3,1
contrast_0_p10,0.011130169034004211,3,1
mfcc_delta_8_p90,0.011038902215659618,3,1
mfcc_delta_3_std,0.010975205339491367,3,1
mfcc_5_mean,0.010782763361930847,3,1
centroid_p90,0.010461563244462013,3,1
mfcc_5_p90,0.010421553626656532,3,1
mfcc_6_mean,0.01038127951323986,3,1
mfcc_8_p90,0.009858724661171436,3,1
rms_p10,0.009571339003741741,3,1
mfcc_9_mean,0.009376307018101215,3,1
mfcc_7_mean,0.008976534940302372,3,1
mfcc_4_p90,0.008773225359618664,3,1
mfcc_8_p10,0.008368960581719875,3,1
zero_crossing_rate_mean,0.008344557136297226,3,1
mfcc_1_p90,0.00819840095937252,3,1
mfcc_6_std,0.008189811371266842,3,1
contrast_5_mean,0.00817661639302969,3,1
mfcc_17_p90,0.007916366681456566,3,1
mfcc_delta_2_std,0.007767589762806892,3,1
mfcc_delta_8_std,0.007520424667745829,3,1
flatness_mean,0.00738859735429287,3,1
mfcc_10_mean,0.007292530033737421,3,1
mfcc_16_p10,0.007133081089705229,3,1
rms_mean,0.00702974246814847,3,1
contrast_0_p90,0.006866042502224445,3,1
mfcc_17_p10,0.006792902015149593,3,1
mfcc_12_p90,0.006463298574090004,3,1
mfcc_6_p90,0.006456549745053053,3,1
mfcc_1_mean,0.006423326209187508,3,1
contrast_0_mean,0.006046898663043976,3,1
rolloff85_p10,0.006017282139509916,3,1
bandwidth_p90,0.0059339688159525394,3,1
zero_crossing_rate_std,0.0058730486780405045,3,1
mfcc_delta_0_p10,0.005771582014858723,3,1
mfcc_0_p10,0.005680383183062077,3,1
mfcc_delta_1_mean,0.005663140676915646,3,1
mfcc_delta_2_p90,0.00558421341702342,3,1
mfcc_8_std,0.005533345974981785,3,1
mfcc_13_mean,0.005507393274456263,3,1
contrast_3_p10,0.0055022817105054855,3,1
mfcc_delta_2_p90,0.03927158564329147,3,2
rolloff85_p90,0.023092398419976234,3,2
contrast_3_p10,0.022691600024700165,3,2
mfcc_delta_3_p10,0.021835030987858772,3,2
dominant_frequency,0.02108946442604065,3,2
mfcc_5_mean,0.020190482959151268,3,2
mfcc_16_p90,0.01750083453953266,3,2
mfcc_delta_2_p10,0.01748693734407425,3,2
bandwidth_p90,0.01670936495065689,3,2
mfcc_delta_1_p10,0.016152696684002876,3,2
mfcc_12_p90,0.014904838055372238,3,2
bandwidth_p10,0.014420315623283386,3,2
flatness_mean,0.014181346632540226,3,2
contrast_5_p10,0.012655535712838173,3,2
contrast_2_p10,0.012416484765708447,3,2
mfcc_16_mean,0.012388167902827263,3,2
flatness_p90,0.01190882083028555,3,2
mfcc_delta_1_mean,0.011719384230673313,3,2
contrast_5_std,0.01141805574297905,3,2
centroid_p10,0.011185375042259693,3,2
mfcc_1_p10,0.010996026918292046,3,2
centroid_p90,0.010918311774730682,3,2
mfcc_6_mean,0.01086257491260767,3,2
mfcc_4_p90,0.010829423554241657,3,2
mfcc_5_p90,0.01067775022238493,3,2
mfcc_delta_4_p90,0.010360118933022022,3,2
mfcc_delta_10_std,0.010203423909842968,3,2
mfcc_1_std,0.010059882886707783,3,2
contrast_1_p90,0.009304596111178398,3,2
mfcc_19_mean,0.009046320803463459,3,2
mfcc_delta_3_p90,0.008343108929693699,3,2
mfcc_delta_0_p90,0.00805749837309122,3,2
mfcc_9_p90,0.008000971749424934,3,2
mfcc_2_p10,0.007725291419774294,3,2
mfcc_6_p90,0.007535529788583517,3,2
contrast_0_p90,0.007415000814944506,3,2
flatness_std,0.0073301647789776325,3,2
mfcc_19_p90,0.00722251832485199,3,2
mfcc_delta_7_std,0.00720464950427413,3,2
mfcc_4_mean,0.007013007532805204,3,2
mfcc_11_std,0.006871016230434179,3,2
contrast_0_p10,0.006836360786110163,3,2
mfcc_7_std,0.00669479463249445,3,2
mfcc_delta_1_std,0.006577378138899803,3,2
flatness_p10,0.006553004030138254,3,2
mfcc_18_p10,0.006489426828920841,3,2
mfcc_delta_13_p90,0.0062209079042077065,3,2
centroid_mean,0.005932136904448271,3,2
mfcc_delta_2_std,0.0058413101360201836,3,2
mfcc_6_p10,0.005831876304000616,3,2
contrast_1_mean,0.005763441324234009,3,2
mfcc_2_p90,0.005684611853212118,3,2
spectral_entropy_p10,0.0056648943573236465,3,2
contrast_4_std,0.005625697318464518,3,2
mfcc_delta_15_std,0.005587892606854439,3,2
bandwidth_mean,0.005487163085490465,3,2
rms_p10,0.0054661487229168415,3,2
mfcc_delta_7_p90,0.005282597150653601,3,2
mfcc_delta_1_p90,0.005282551981508732,3,2
mfcc_6_std,0.005157730542123318,3,2
flatness_p90,0.08521951735019684,3,3
mfcc_18_mean,0.044546566903591156,3,3
mfcc_1_mean,0.03245275467634201,3,3
flatness_mean,0.031213734298944473,3,3
mfcc_8_p10,0.02529584988951683,3,3
mfcc_10_p10,0.024612190201878548,3,3
mfcc_6_p10,0.02323065511882305,3,3
centroid_p90,0.0197148397564888,3,3
contrast_5_std,0.01798383519053459,3,3
mfcc_8_mean,0.01738988794386387,3,3
rolloff85_p90,0.016794078052043915,3,3
mfcc_10_p90,0.016559451818466187,3,3
bandwidth_mean,0.015509345568716526,3,3
mfcc_6_mean,0.013029446825385094,3,3
contrast_4_std,0.012716211378574371,3,3
mfcc_0_mean,0.012602623552083969,3,3
mfcc_18_p10,0.012282148003578186,3,3
mfcc_delta_19_p90,0.012061216868460178,3,3
mfcc_delta_12_std,0.012008015997707844,3,3
mfcc_8_p90,0.011223684065043926,3,3
mfcc_10_mean,0.010891737416386604,3,3
mfcc_delta_8_mean,0.010243602097034454,3,3
mfcc_2_mean,0.00919297244399786,3,3
mfcc_7_p10,0.009058915078639984,3,3
flatness_std,0.008986391127109528,3,3
mfcc_2_p10,0.008541172370314598,3,3
mfcc_7_p90,0.008536617271602154,3,3
rms_mean,0.008504324592649937,3,3
mfcc_2_p90,0.00836305320262909,3,3
mfcc_1_p10,0.008229587227106094,3,3
mfcc_5_p10,0.00803777202963829,3,3
mfcc_15_mean,0.00790072325617075,3,3
mfcc_delta_2_p90,0.007524594664573669,3,3
rms_p10,0.00741989491507411,3,3
mfcc_18_p90,0.007401337847113609,3,3
mfcc_13_mean,0.007165786810219288,3,3
mfcc_delta_15_p90,0.006745239719748497,3,3
zero_crossing_rate_p90,0.006595900282263756,3,3
centroid_mean,0.0065408251248300076,3,3
mfcc_8_std,0.006390246096998453,3,3
mfcc_9_p90,0.006377730052918196,3,3
zero_crossing_rate_std,0.006321558728814125,3,3
mfcc_0_p90,0.006257918663322926,3,3
mfcc_0_std,0.006222804542630911,3,3
mfcc_4_mean,0.006198989227414131,3,3
mfcc_0_p10,0.006188353057950735,3,3
mfcc_5_mean,0.006168382242321968,3,3
bandwidth_p10,0.0058800941333174706,3,3
mfcc_16_std,0.0057512796483933926,3,3
mfcc_delta_2_std,0.005719847045838833,3,3
mfcc_2_std,0.005630479659885168,3,3
centroid_std,0.005244950298219919,3,3
mfcc_5_p90,0.0052140820771455765,3,3
mfcc_12_p10,0.0051705120131373405,3,3
mfcc_3_mean,0.0051561566069722176,3,3
spectral_entropy_p90,0.00514119490981102,3,3
spectral_entropy_mean,0.005088535603135824,3,3
zero_crossing_rate_mean,0.004954277537763119,3,3
contrast_3_p10,0.004875946324318647,3,3
mfcc_17_mean,0.004864939488470554,3,3
flatness_mean,0.056442271918058395,3,4
flatness_p90,0.04879464581608772,3,4
contrast_1_p10,0.0364224798977375,3,4
mfcc_15_std,0.027401035651564598,3,4
mfcc_6_p10,0.026617875322699547,3,4
centroid_p10,0.020612366497516632,3,4
mfcc_6_mean,0.01825343817472458,3,4
contrast_1_mean,0.017362574115395546,3,4
mfcc_delta_2_std,0.015018695034086704,3,4
spectral_entropy_p10,0.013689721003174782,3,4
dominant_frequency_ratio,0.01329411193728447,3,4
contrast_1_p90,0.012399560771882534,3,4
mfcc_6_p90,0.011656333692371845,3,4
zero_crossing_rate_mean,0.01150172483175993,3,4
spectral_entropy_mean,0.01142805814743042,3,4
spectral_entropy_p90,0.011002774350345135,3,4
mfcc_5_mean,0.010937459766864777,3,4
mfcc_1_p90,0.010298469103872776,3,4
mfcc_0_mean,0.010226678103208542,3,4
mfcc_2_p90,0.00998352374881506,3,4
mfcc_5_p90,0.00938622746616602,3,4
mfcc_8_mean,0.009222744964063168,3,4
mfcc_delta_7_std,0.009201391600072384,3,4
mfcc_15_p90,0.009100108407437801,3,4
mfcc_8_p10,0.00909928884357214,3,4
flatness_p10,0.0089016268029809,3,4
mfcc_delta_0_p10,0.008634182624518871,3,4
contrast_3_p10,0.008553355932235718,3,4
zero_crossing_rate_std,0.008371703326702118,3,4
contrast_5_std,0.008092775009572506,3,4
centroid_std,0.007709477096796036,3,4
mfcc_10_p90,0.007703735027462244,3,4
mfcc_4_mean,0.0075301616452634335,3,4
mfcc_6_std,0.007099519018083811,3,4
mfcc_delta_3_p10,0.00689671840518713,3,4
mfcc_17_std,0.006846601143479347,3,4
mfcc_2_mean,0.006828573532402515,3,4
rolloff85_p90,0.006585258990526199,3,4
contrast_3_p90,0.006569100543856621,3,4
mfcc_3_p90,0.0064834957011044025,3,4
mfcc_13_p10,0.006443717982620001,3,4
centroid_mean,0.006369754206389189,3,4
mfcc_delta_6_p90,0.006317021790891886,3,4
mfcc_3_p10,0.006315448321402073,3,4
mfcc_2_std,0.006272547412663698,3,4
mfcc_delta_4_std,0.006027501076459885,3,4
contrast_0_p10,0.006026933901011944,3,4
spectral_entropy_std,0.005982766859233379,3,4
mfcc_delta_0_p90,0.005888314452022314,3,4
mfcc_delta_2_p90,0.0058001563884317875,3,4
contrast_5_p10,0.005791838746517897,3,4
mfcc_1_p10,0.0057517471723258495,3,4
mfcc_8_p90,0.0057512265630066395,3,4
contrast_4_mean,0.005688720848411322,3,4
contrast_0_p90,0.005511398892849684,3,4
contrast_0_std,0.005484450608491898,3,4
zero_crossing_rate_p10,0.005468130577355623,3,4
mfcc_12_std,0.005460795015096664,3,4
mfcc_18_p90,0.005360397510230541,3,4
zero_crossing_rate_p90,0.005353638436645269,3,4
dominant_frequency_ratio,0.041221316903829575,4,0
mfcc_delta_8_p90,0.02804405242204666,4,0
mfcc_delta_2_p90,0.025677528232336044,4,0
mfcc_delta_4_p90,0.017773402854800224,4,0
mfcc_delta_0_p90,0.016351493075489998,4,0
mfcc_9_p90,0.015876049175858498,4,0
mfcc_delta_3_std,0.015874188393354416,4,0
mfcc_delta_10_std,0.014653827995061874,4,0
spectral_entropy_mean,0.014346376992762089,4,0
mfcc_delta_1_p10,0.012991451658308506,4,0
mfcc_delta_3_p10,0.012946424074470997,4,0
contrast_1_p10,0.012349648401141167,4,0
spectral_entropy_p10,0.010847548022866249,4,0
mfcc_delta_2_p10,0.01037979032844305,4,0
mfcc_0_p90,0.009894980117678642,4,0
mfcc_delta_1_std,0.00977405533194542,4,0
mfcc_7_p90,0.009561566635966301,4,0
flatness_std,0.009518446400761604,4,0
contrast_5_p10,0.009475712664425373,4,0
mfcc_0_mean,0.009439856745302677,4,0
mfcc_2_p10,0.009334603324532509,4,0
spectral_entropy_p90,0.009274126961827278,4,0
mfcc_5_p10,0.008891994133591652,4,0
contrast_4_mean,0.008831415325403214,4,0
mfcc_6_p90,0.008631706237792969,4,0
contrast_1_p90,0.008578508161008358,4,0
mfcc_15_p10,0.00846907589584589,4,0
rolloff85_p90,0.008327079936861992,4,0
mfcc_1_mean,0.008261963725090027,4,0
mfcc_2_std,0.008245413191616535,4,0
contrast_5_std,0.008227002806961536,4,0
mfcc_3_mean,0.00822514295578003,4,0
mfcc_delta_8_std,0.007971550337970257,4,0
contrast_0_p10,0.007692291401326656,4,0
mfcc_16_p90,0.007600159849971533,4,0
contrast_0_mean,0.00757361575961113,4,0
mfcc_delta_12_p90,0.007400483824312687,4,0
bandwidth_std,0.007342910394072533,4,0
flatness_p90,0.007339229341596365,4,0
mfcc_delta_8_p10,0.007309956941753626,4,0
contrast_4_p90,0.00713797751814127,4,0
mfcc_9_mean,0.007089522201567888,4,0
mfcc_delta_11_p10,0.006952253635972738,4,0
mfcc_11_p90,0.0068033491261303425,4,0
mfcc_19_p90,0.006789966020733118,4,0
mfcc_13_p10,0.006783660966902971,4,0
mfcc_delta_3_p90,0.006706859450787306,4,0
mfcc_13_mean,0.006690535694360733,4,0
contrast_2_p90,0.006407813169062138,4,0
rolloff85_std,0.0061951251700520515,4,0
mfcc_delta_13_p10,0.006154774222522974,4,0
mfcc_10_p90,0.006093116011470556,4,0
mfcc_8_mean,0.006066762842237949,4,0
contrast_2_p10,0.006060014944523573,4,0
mfcc_delta_4_p10,0.006041171029210091,4,0
rms_mean,0.005934219341725111,4,0
mfcc_5_p90,0.005865441169589758,4,0
mfcc_delta_9_p10,0.005805814638733864,4,0
mfcc_delta_13_std,0.005804512184113264,4,0
contrast_5_mean,0.005692497361451387,4,0
flatness_std,0.04578573629260063,4,1
contrast_1_mean,0.023805024102330208,4,1
contrast_1_p90,0.022621672600507736,4,1
dominant_frequency,0.021184759214520454,4,1
mfcc_delta_12_p90,0.020418686792254448,4,1
rolloff85_mean,0.0173946525901556,4,1
dominant_frequency_ratio,0.01655394770205021,4,1
mfcc_7_p90,0.015394017100334167,4,1
mfcc_7_mean,0.015198414213955402,4,1
mfcc_17_p10,0.014918369241058826,4,1
mfcc_6_p10,0.01483894046396017,4,1
flatness_mean,0.01450948417186737,4,1
spectral_entropy_std,0.014305287040770054,4,1
mfcc_12_mean,0.014169402420520782,4,1
mfcc_12_p90,0.012743919156491756,4,1
rolloff85_p10,0.012541539035737514,4,1
centroid_p10,0.011941896751523018,4,1
bandwidth_p90,0.011878855526447296,4,1
mfcc_delta_2_p90,0.011452867649495602,4,1
mfcc_delta_0_p90,0.011093558743596077,4,1
mfcc_delta_15_std,0.01102516520768404,4,1
mfcc_delta_0_p10,0.010797502472996712,4,1
mfcc_1_p90,0.010586382821202278,4,1
mfcc_0_p10,0.009643473662436008,4,1
mfcc_6_mean,0.009398280642926693,4,1
mfcc_10_p90,0.009237433783710003,4,1
spectral_entropy_p10,0.009214452467858791,4,1
mfcc_3_p90,0.008973976597189903,4,1
mfcc_3_p10,0.00864972174167633,4,1
mfcc_0_std,0.008538656868040562,4,1
mfcc_6_std,0.008395673707127571,4,1
contrast_0_p10,0.008388113230466843,4,1
mfcc_12_p10,0.007970930077135563,4,1
mfcc_delta_14_std,0.007906315848231316,4,1
mfcc_16_p90,0.007704104762524366,4,1
mfcc_5_p10,0.007594073656946421,4,1
mfcc_18_p10,0.007539260201156139,4,1
mfcc_11_p90,0.007359026465564966,4,1
mfcc_9_mean,0.007314260583370924,4,1
mfcc_delta_2_p10,0.007300901226699352,4,1
flatness_p10,0.007238070946186781,4,1
mfcc_delta_10_p90,0.007010074332356453,4,1
mfcc_5_mean,0.006947655696421862,4,1
flatness_p90,0.006920334883034229,4,1
mfcc_3_mean,0.006880412809550762,4,1
mfcc_0_p90,0.006762093864381313,4,1
mfcc_4_mean,0.0065714530646800995,4,1
mfcc_delta_3_std,0.006470042746514082,4,1
zero_crossing_rate_p90,0.006349693052470684,4,1
mfcc_13_mean,0.006321446970105171,4,1
mfcc_delta_8_p10,0.006211013533174992,4,1
mfcc_10_mean,0.006120787467807531,4,1
mfcc_delta_6_mean,0.0060938880778849125,4,1
contrast_3_mean,0.006059336010366678,4,1
mfcc_9_p90,0.005860127042979002,4,1
mfcc_delta_4_p90,0.005714531522244215,4,1
rms_p10,0.005621502175927162,4,1
mfcc_delta_11_p10,0.00560096837580204,4,1
bandwidth_mean,0.00552265252918005,4,1
mfcc_1_mean,0.005402707494795322,4,1
mfcc_16_mean,0.04752218723297119,4,2
mfcc_delta_3_p10,0.036316633224487305,4,2
mfcc_16_p90,0.027529647573828697,4,2
mfcc_delta_2_p10,0.022019917145371437,4,2
mfcc_delta_2_std,0.021959781646728516,4,2
flatness_p90,0.02084585838019848,4,2
mfcc_17_p90,0.020324325188994408,4,2
contrast_3_p10,0.02018173597753048,4,2
mfcc_delta_10_p90,0.01926165260374546,4,2
mfcc_2_p90,0.017890332266688347,4,2
mfcc_7_p90,0.015950193628668785,4,2
mfcc_delta_10_p10,0.015251921489834785,4,2
dominant_frequency,0.014969725161790848,4,2
mfcc_12_p90,0.014592424966394901,4,2
contrast_1_p90,0.014247029088437557,4,2
mfcc_delta_2_p90,0.013999118469655514,4,2
mfcc_delta_1_p10,0.012739953584969044,4,2
rolloff85_p90,0.01272120513021946,4,2
flatness_std,0.012281062081456184,4,2
mfcc_5_mean,0.012036178261041641,4,2
mfcc_10_p10,0.011608261615037918,4,2
centroid_p90,0.011327539570629597,4,2
mfcc_8_mean,0.01080247014760971,4,2
mfcc_9_mean,0.010589233599603176,4,2
mfcc_5_p90,0.01021556369960308,4,2
mfcc_delta_11_p90,0.009965847246348858,4,2
mfcc_2_std,0.00949244573712349,4,2
centroid_std,0.009326290339231491,4,2
mfcc_9_p90,0.00920622143894434,4,2
mfcc_2_p10,0.008725500665605068,4,2
mfcc_delta_6_p90,0.008556755259633064,4,2
mfcc_delta_12_mean,0.008544414304196835,4,2
mfcc_delta_11_std,0.008423580788075924,4,2
mfcc_delta_8_std,0.007895885966718197,4,2
spectral_entropy_p90,0.007870839908719063,4,2
contrast_0_p10,0.007738383021205664,4,2
mfcc_8_p10,0.00770675390958786,4,2
mfcc_delta_10_std,0.00747764902189374,4,2
centroid_p10,0.007325044367462397,4,2
mfcc_13_p90,0.0068033235147595406,4,2
centroid_mean,0.006773003842681646,4,2
mfcc_1_mean,0.006453998852521181,4,2
mfcc_delta_19_p90,0.006427933927625418,4,2
mfcc_16_p10,0.006355165038257837,4,2
mfcc_delta_15_std,0.006207556929439306,4,2
mfcc_12_mean,0.006166189908981323,4,2
mfcc_delta_8_p10,0.006058803293853998,4,2
mfcc_delta_15_p90,0.005971705075353384,4,2
dominant_frequency_ratio,0.005901251919567585,4,2
mfcc_18_p10,0.005849780049175024,4,2
mfcc_delta_0_std,0.005838159937411547,4,2
mfcc_11_p90,0.00578424334526062,4,2
mfcc_delta_0_p90,0.005465832073241472,4,2
mfcc_3_mean,0.005443785339593887,4,2
contrast_4_std,0.005338412243872881,4,2
zero_crossing_rate_p90,0.005295102018862963,4,2
mfcc_0_p10,0.005134835373610258,4,2
mfcc_4_mean,0.0051232860423624516,4,2
contrast_1_p10,0.005064978264272213,4,2
mfcc_delta_1_std,0.004986216779798269,4,2
centroid_mean,0.07851435244083405,4,3
mfcc_18_mean,0.04074731096625328,4,3
flatness_p90,0.03878915309906006,4,3
mfcc_12_p10,0.031198376789689064,4,3
centroid_p90,0.027942879125475883,4,3
flatness_mean,0.027796495705842972,4,3
dominant_frequency,0.025505295023322105,4,3
mfcc_8_p10,0.020171817392110825,4,3
mfcc_8_mean,0.019509632140398026,4,3
bandwidth_mean,0.019483288750052452,4,3
mfcc_6_mean,0.014011680148541927,4,3
mfcc_0_mean,0.013414470478892326,4,3
rolloff85_p10,0.013377859257161617,4,3
contrast_5_std,0.01298001129180193,4,3
zero_crossing_rate_p90,0.012938621453940868,4,3
mfcc_18_p10,0.012649799697101116,4,3
mfcc_9_mean,0.012493603862822056,4,3
mfcc_15_mean,0.011742662638425827,4,3
mfcc_9_p90,0.011150889098644257,4,3
mfcc_17_p10,0.010713455267250538,4,3
mfcc_9_p10,0.009722569026052952,4,3
spectral_entropy_std,0.0094660809263587,4,3
mfcc_1_p10,0.00919878389686346,4,3
zero_crossing_rate_p10,0.009140930138528347,4,3
mfcc_delta_19_p90,0.009025835432112217,4,3
rolloff85_mean,0.0089389244094491,4,3
mfcc_4_mean,0.008877257816493511,4,3
mfcc_11_p90,0.008761121891438961,4,3
mfcc_delta_8_p10,0.008353404700756073,4,3
rolloff85_p90,0.008335325866937637,4,3
bandwidth_p10,0.008331666700541973,4,3
mfcc_7_p10,0.00829178374260664,4,3
mfcc_10_p90,0.008150501176714897,4,3
mfcc_14_p90,0.008101781830191612,4,3
mfcc_3_mean,0.007840840145945549,4,3
bandwidth_p90,0.007834351621568203,4,3
mfcc_delta_16_mean,0.007599205709993839,4,3
mfcc_10_p10,0.007542501203715801,4,3
mfcc_delta_1_std,0.007407566998153925,4,3
mfcc_8_p90,0.007281921803951263,4,3
mfcc_2_mean,0.007116751745343208,4,3
contrast_4_std,0.0068315500393509865,4,3
mfcc_delta_15_std,0.006732780020684004,4,3
mfcc_1_mean,0.006563193630427122,4,3
mfcc_2_p90,0.00619492819532752,4,3
mfcc_6_p90,0.006045909598469734,4,3
zero_crossing_rate_std,0.005944345146417618,4,3
contrast_5_p10,0.005898918956518173,4,3
zero_crossing_rate_mean,0.00573793426156044,4,3
mfcc_delta_8_std,0.005717867985367775,4,3
spectral_entropy_p90,0.005691779311746359,4,3
mfcc_5_p10,0.005440501496195793,4,3
mfcc_14_std,0.0052496036514639854,4,3
contrast_2_mean,0.005113454069942236,4,3
mfcc_0_p10,0.005110549740493298,4,3
contrast_0_p90,0.004986084997653961,4,3
mfcc_6_p10,0.004831001628190279,4,3
dominant_frequency_ratio,0.004658921156078577,4,3
contrast_5_mean,0.004651050549000502,4,3
mfcc_delta_13_p90,0.0045474315993487835,4,3
flatness_mean,0.07156188786029816,4,4
flatness_p90,0.057838983833789825,4,4
contrast_1_p10,0.0348682627081871,4,4
mfcc_5_p10,0.029432261362671852,4,4
contrast_1_mean,0.024773009121418,4,4
mfcc_4_p90,0.023553822189569473,4,4
mfcc_delta_13_std,0.01902354136109352,4,4
spectral_entropy_p10,0.0189034566283226,4,4
mfcc_6_p10,0.017476355656981468,4,4
mfcc_delta_2_std,0.01729973778128624,4,4
contrast_3_p90,0.016815871000289917,4,4
contrast_0_p10,0.01425997819751501,4,4
mfcc_2_mean,0.013482702895998955,4,4
zero_crossing_rate_p10,0.012145616114139557,4,4
mfcc_1_p90,0.011856777593493462,4,4
contrast_1_p90,0.011176533065736294,4,4
mfcc_5_p90,0.011029989458620548,4,4
mfcc_2_p10,0.010832139290869236,4,4
mfcc_3_p90,0.010488830506801605,4,4
mfcc_5_mean,0.010340552777051926,4,4
mfcc_13_p90,0.010035524144768715,4,4
bandwidth_p90,0.009989605285227299,4,4
mfcc_12_mean,0.009977268055081367,4,4
mfcc_delta_9_mean,0.00966678187251091,4,4
mfcc_12_p90,0.009335760958492756,4,4
mfcc_delta_7_std,0.009259957820177078,4,4
mfcc_delta_2_p90,0.009064941667020321,4,4
mfcc_delta_1_p10,0.008952278643846512,4,4
contrast_4_std,0.008823093958199024,4,4
spectral_entropy_mean,0.008685561828315258,4,4
rolloff85_p10,0.008393511176109314,4,4
zero_crossing_rate_std,0.008002526126801968,4,4
mfcc_delta_12_p90,0.007860755547881126,4,4
mfcc_3_mean,0.00724790059030056,4,4
mfcc_6_mean,0.007169858552515507,4,4
mfcc_delta_2_p10,0.0071105374954640865,4,4
mfcc_2_p90,0.006992747075855732,4,4
contrast_0_p90,0.006633265409618616,4,4
contrast_5_std,0.0065024662762880325,4,4
contrast_5_p10,0.006300671957433224,4,4
mfcc_12_std,0.006296201609075069,4,4
rms_p10,0.006124603096395731,4,4
mfcc_delta_3_p10,0.005974553059786558,4,4
zero_crossing_rate_mean,0.005973967257887125,4,4
mfcc_11_p10,0.0059377532452344894,4,4
mfcc_1_mean,0.005921929143369198,4,4
mfcc_4_mean,0.005835670977830887,4,4
centroid_p90,0.005738724023103714,4,4
mfcc_3_std,0.00569583335891366,4,4
mfcc_13_p10,0.005454837344586849,4,4
mfcc_0_mean,0.005301486235111952,4,4
mfcc_delta_4_p10,0.005195995327085257,4,4
mfcc_delta_14_std,0.00509250583127141,4,4
contrast_0_mean,0.005011653993278742,4,4
mfcc_16_mean,0.004982946906238794,4,4
mfcc_delta_15_mean,0.004898319486528635,4,4
flatness_p10,0.004893195349723101,4,4
mfcc_6_p90,0.004884453024715185,4,4
contrast_2_p10,0.004865133203566074,4,4
zero_crossing_rate_p90,0.004771154373884201,4,4
dominant_frequency_ratio,0.031178317964076996,5,0
mfcc_delta_8_p90,0.026517247781157494,5,0
mfcc_delta_8_p10,0.021905282512307167,5,0
bandwidth_std,0.02067452110350132,5,0
mfcc_4_mean,0.01646718755364418,5,0
mfcc_delta_8_std,0.015072867274284363,5,0
flatness_std,0.014393510296940804,5,0
mfcc_delta_2_p90,0.013528911396861076,5,0
mfcc_4_p90,0.012777666561305523,5,0
mfcc_delta_4_p90,0.012716506607830524,5,0
mfcc_delta_1_p10,0.01222853735089302,5,0
contrast_1_p90,0.011694676242768764,5,0
contrast_5_std,0.011391080915927887,5,0
mfcc_5_mean,0.011276050470769405,5,0
mfcc_delta_6_std,0.010780991055071354,5,0
mfcc_delta_3_p10,0.010747518390417099,5,0
spectral_entropy_p10,0.010429835878312588,5,0
mfcc_12_p10,0.010282088071107864,5,0
mfcc_delta_0_p90,0.009414676576852798,5,0
contrast_1_mean,0.009304785169661045,5,0
mfcc_15_mean,0.009064792655408382,5,0
mfcc_6_p90,0.0087852468714118,5,0
zero_crossing_rate_std,0.008579312823712826,5,0
mfcc_19_p90,0.008459632284939289,5,0
mfcc_9_mean,0.00842754915356636,5,0
contrast_0_mean,0.007582963909953833,5,0
mfcc_10_mean,0.0075598955154418945,5,0
contrast_2_p10,0.007481892593204975,5,0
mfcc_11_p90,0.007293465547263622,5,0
bandwidth_p90,0.007245949935168028,5,0
contrast_4_std,0.007186468690633774,5,0
mfcc_2_std,0.0071752374060451984,5,0
mfcc_19_p10,0.007081661839038134,5,0
mfcc_5_p90,0.0068907649256289005,5,0
mfcc_delta_15_p10,0.006855107843875885,5,0
contrast_5_p10,0.006770096253603697,5,0
mfcc_delta_11_std,0.006752217188477516,5,0
mfcc_1_std,0.006679529324173927,5,0
centroid_p90,0.006568793207406998,5,0
mfcc_10_p90,0.006480887066572905,5,0
rms_p10,0.006405418738722801,5,0
mfcc_2_p10,0.0063703954219818115,5,0
mfcc_4_p10,0.006370020564645529,5,0
contrast_0_p10,0.006254564039409161,5,0
mfcc_delta_2_std,0.006143095437437296,5,0
rms_std,0.0060904864221811295,5,0
mfcc_13_p10,0.005905339028686285,5,0
mfcc_16_p90,0.005800799001008272,5,0
mfcc_delta_1_p90,0.005792499054223299,5,0
mfcc_0_mean,0.005785600747913122,5,0
mfcc_delta_6_p10,0.005733598954975605,5,0
zero_crossing_rate_mean,0.0056319404393434525,5,0
mfcc_delta_17_p10,0.005542044993489981,5,0
mfcc_16_mean,0.005529219284653664,5,0
mfcc_14_std,0.005488965194672346,5,0
mfcc_delta_3_p90,0.005481767002493143,5,0
mfcc_delta_5_p10,0.005459070671349764,5,0
rms_mean,0.005419842898845673,5,0
mfcc_9_p90,0.005407781805843115,5,0
mfcc_delta_6_p90,0.0053544496186077595,5,0
flatness_std,0.0474429652094841,5,1
contrast_1_p90,0.02721557766199112,5,1
dominant_frequency_ratio,0.022493606433272362,5,1
flatness_mean,0.020877396687865257,5,1
mfcc_delta_0_p90,0.018458619713783264,5,1
rolloff85_p90,0.016938598826527596,5,1
mfcc_10_p90,0.01680160127580166,5,1
contrast_1_p10,0.016653211787343025,5,1
contrast_0_mean,0.0159323550760746,5,1
flatness_p10,0.015784597024321556,5,1
mfcc_3_p10,0.0154902758076787,5,1
dominant_frequency,0.015131695196032524,5,1
mfcc_9_p90,0.014388520270586014,5,1
mfcc_7_p90,0.014016394503414631,5,1
mfcc_6_p90,0.013226846233010292,5,1
mfcc_delta_2_std,0.013056342490017414,5,1
mfcc_delta_3_std,0.012721128761768341,5,1
contrast_1_mean,0.012269409373402596,5,1
mfcc_9_mean,0.012201949022710323,5,1
mfcc_5_mean,0.011281771585345268,5,1
mfcc_6_mean,0.01044198777526617,5,1
centroid_p90,0.010044974274933338,5,1
spectral_entropy_p10,0.01002571452409029,5,1
mfcc_8_p90,0.009933346882462502,5,1
mfcc_0_p10,0.009912615641951561,5,1
bandwidth_mean,0.009505338966846466,5,1
contrast_5_p10,0.009440479800105095,5,1
zero_crossing_rate_mean,0.008921773172914982,5,1
mfcc_3_mean,0.008907079696655273,5,1
rolloff85_p10,0.00871227029711008,5,1
mfcc_delta_8_p90,0.008677971549332142,5,1
mfcc_delta_15_std,0.00853946153074503,5,1
centroid_p10,0.008503817021846771,5,1
rms_p10,0.008491446264088154,5,1
mfcc_1_p90,0.008338594809174538,5,1
flatness_p90,0.0083321463316679,5,1
contrast_5_mean,0.007774823810905218,5,1
contrast_2_mean,0.007478631567209959,5,1
mfcc_18_p10,0.007205209229141474,5,1
contrast_0_p90,0.006994323804974556,5,1
mfcc_13_mean,0.006963219493627548,5,1
mfcc_4_mean,0.006872367113828659,5,1
centroid_mean,0.006616287864744663,5,1
rms_mean,0.006449238862842321,5,1
mfcc_5_p90,0.006406075321137905,5,1
mfcc_15_mean,0.006215947680175304,5,1
mfcc_3_p90,0.006010496057569981,5,1
mfcc_12_mean,0.005860911216586828,5,1
mfcc_7_mean,0.0057208724319934845,5,1
contrast_4_std,0.005718510132282972,5,1
mfcc_8_p10,0.0056734466925263405,5,1
mfcc_18_p90,0.005497833248227835,5,1
mfcc_delta_0_p10,0.005363630596548319,5,1
mfcc_11_p90,0.005355790723115206,5,1
mfcc_delta_2_p10,0.005348830483853817,5,1
mfcc_4_p10,0.005335631780326366,5,1
mfcc_12_p10,0.005293636117130518,5,1
mfcc_delta_13_p90,0.005293304566293955,5,1
zero_crossing_rate_p10,0.005203539971262217,5,1
mfcc_delta_8_p10,0.0050429534167051315,5,1
rolloff85_p90,0.04752586781978607,5,2
centroid_p90,0.04420089349150658,5,2
centroid_mean,0.03306759148836136,5,2
dominant_frequency,0.020161153748631477,5,2
spectral_entropy_mean,0.01992145925760269,5,2
dominant_frequency_ratio,0.019294949248433113,5,2
contrast_0_p10,0.018280701711773872,5,2
mfcc_10_p10,0.01812685839831829,5,2
rolloff85_std,0.017978746443986893,5,2
mfcc_delta_3_std,0.016468508169054985,5,2
mfcc_1_p10,0.016113530844449997,5,2
mfcc_delta_10_std,0.016054708510637283,5,2
mfcc_delta_9_p10,0.015923449769616127,5,2
mfcc_8_p10,0.014784330502152443,5,2
mfcc_16_p90,0.014498863369226456,5,2
flatness_std,0.014026862569153309,5,2
mfcc_delta_2_p90,0.013854147866368294,5,2
flatness_mean,0.013791016303002834,5,2
contrast_5_std,0.013260498642921448,5,2
mfcc_delta_2_p10,0.012941471301019192,5,2
mfcc_16_mean,0.012701711617410183,5,2
mfcc_8_p90,0.011378917843103409,5,2
mfcc_delta_5_p10,0.010776959359645844,5,2
mfcc_delta_10_p10,0.010586959309875965,5,2
mfcc_5_mean,0.01048994716256857,5,2
mfcc_delta_8_p90,0.010149015113711357,5,2
mfcc_0_p90,0.009911958128213882,5,2
mfcc_delta_8_std,0.009149233810603619,5,2
spectral_entropy_p90,0.008949973620474339,5,2
mfcc_delta_5_p90,0.008750231936573982,5,2
mfcc_8_std,0.008071587421000004,5,2
contrast_0_mean,0.007875753566622734,5,2
mfcc_delta_0_p90,0.007662575226277113,5,2
mfcc_5_p90,0.007405399344861507,5,2
mfcc_delta_4_std,0.007177818566560745,5,2
contrast_2_mean,0.007158009801059961,5,2
bandwidth_p90,0.007085892837494612,5,2
mfcc_delta_1_p90,0.006895584054291248,5,2
rms_p90,0.00680563086643815,5,2
contrast_3_mean,0.006666311528533697,5,2
mfcc_11_p90,0.006656215991824865,5,2
mfcc_delta_9_std,0.006648505572229624,5,2
mfcc_0_mean,0.0066208615899086,5,2
mfcc_2_p10,0.00646668067201972,5,2
mfcc_2_p90,0.006415995303541422,5,2
rms_std,0.006205447018146515,5,2
spectral_entropy_p10,0.006102288141846657,5,2
mfcc_1_std,0.006003162823617458,5,2
mfcc_0_p10,0.005932205356657505,5,2
rms_mean,0.005919859744608402,5,2
mfcc_7_std,0.005896508693695068,5,2
mfcc_delta_15_p90,0.005806783679872751,5,2
mfcc_15_p10,0.005786852911114693,5,2
contrast_0_std,0.005729116033762693,5,2
contrast_3_p90,0.005680801812559366,5,2
mfcc_delta_1_std,0.005635748151689768,5,2
mfcc_7_p10,0.005623981822282076,5,2
mfcc_delta_11_std,0.0055892812088131905,5,2
mfcc_5_p10,0.005571880843490362,5,2
mfcc_delta_3_p10,0.005565574858337641,5,2
flatness_p90,0.06170245632529259,5,3
dominant_frequency,0.046506911516189575,5,3
mfcc_18_mean,0.04450191184878349,5,3
mfcc_8_p10,0.038076259195804596,5,3
flatness_mean,0.022046267986297607,5,3
mfcc_10_p90,0.021044952794909477,5,3
centroid_p90,0.018167603760957718,5,3
mfcc_12_p10,0.01764855720102787,5,3
contrast_5_std,0.01650182344019413,5,3
mfcc_1_mean,0.013967144303023815,5,3
contrast_0_mean,0.013831349089741707,5,3
mfcc_18_p90,0.01366947777569294,5,3
contrast_2_p10,0.01351774763315916,5,3
mfcc_0_p10,0.012858718633651733,5,3
zero_crossing_rate_std,0.0128053342923522,5,3
mfcc_8_mean,0.012666525319218636,5,3
mfcc_delta_19_p90,0.01173780020326376,5,3
mfcc_8_p90,0.01155118364840746,5,3
mfcc_9_mean,0.011383219622075558,5,3
mfcc_15_mean,0.011274092830717564,5,3
mfcc_10_mean,0.011265549808740616,5,3
mfcc_18_p10,0.010965370573103428,5,3
mfcc_17_p10,0.010799545794725418,5,3
mfcc_3_mean,0.009859812445938587,5,3
mfcc_16_p10,0.009830320253968239,5,3
mfcc_4_mean,0.009309237822890282,5,3
mfcc_2_p10,0.00896038394421339,5,3
contrast_0_p90,0.008939690887928009,5,3
mfcc_6_mean,0.008518137037754059,5,3
mfcc_2_mean,0.008463740348815918,5,3
contrast_3_p10,0.00844920426607132,5,3
rolloff85_p10,0.008387531153857708,5,3
mfcc_9_p10,0.008377672173082829,5,3
contrast_4_std,0.008071543648838997,5,3
mfcc_1_p10,0.007929487153887749,5,3
mfcc_0_mean,0.007621359545737505,5,3
contrast_2_mean,0.007341863587498665,5,3
mfcc_6_p10,0.007199361454695463,5,3
mfcc_7_std,0.0066965362057089806,5,3
mfcc_14_mean,0.006558699533343315,5,3
mfcc_delta_13_p10,0.006387196481227875,5,3
mfcc_delta_2_std,0.006312646437436342,5,3
rolloff85_p90,0.006206096149981022,5,3
zero_crossing_rate_p90,0.006147392559796572,5,3
mfcc_delta_1_std,0.005831334739923477,5,3
rms_p10,0.005704112350940704,5,3
mfcc_3_p90,0.005477336701005697,5,3
mfcc_delta_8_std,0.005469392519444227,5,3
mfcc_7_p10,0.005443400703370571,5,3
mfcc_delta_5_mean,0.0053619262762367725,5,3
mfcc_5_p10,0.00535170640796423,5,3
contrast_3_mean,0.005204310175031424,5,3
contrast_5_p90,0.005143763031810522,5,3
mfcc_0_p90,0.005078862886875868,5,3
mfcc_delta_18_std,0.005031909793615341,5,3
centroid_p10,0.00477677583694458,5,3
rms_mean,0.00473236758261919,5,3
mfcc_4_p90,0.004731447901576757,5,3
mfcc_delta_2_p90,0.00466678524389863,5,3
mfcc_delta_2_mean,0.0046591307036578655,5,3
flatness_mean,0.0847313180565834,5,4
flatness_p90,0.056491512805223465,5,4
contrast_1_p10,0.03840048611164093,5,4
mfcc_5_mean,0.029395565390586853,5,4
mfcc_delta_2_std,0.023581795394420624,5,4
contrast_1_mean,0.02228093519806862,5,4
contrast_0_p10,0.020665796473622322,5,4
contrast_1_p90,0.017511259764432907,5,4
mfcc_4_p90,0.01739460416138172,5,4
mfcc_4_mean,0.014854054898023605,5,4
mfcc_6_mean,0.013869108632206917,5,4
mfcc_5_p90,0.013568845577538013,5,4
mfcc_10_p90,0.013206662610173225,5,4
spectral_entropy_p90,0.011531933210790157,5,4
mfcc_11_mean,0.011349497362971306,5,4
mfcc_delta_2_p90,0.011328928172588348,5,4
mfcc_6_p90,0.010539249517023563,5,4
mfcc_1_p90,0.010138369165360928,5,4
contrast_3_p90,0.009966886602342129,5,4
mfcc_delta_11_p10,0.009596235118806362,5,4
mfcc_delta_7_std,0.00922512635588646,5,4
mfcc_3_p90,0.009180126711726189,5,4
mfcc_12_std,0.008889995515346527,5,4
zero_crossing_rate_std,0.008870914578437805,5,4
contrast_5_std,0.008689014241099358,5,4
mfcc_delta_1_p10,0.008641127496957779,5,4
mfcc_16_mean,0.008301549591124058,5,4
mfcc_16_p90,0.008179496973752975,5,4
mfcc_2_mean,0.007908870466053486,5,4
flatness_p10,0.007893912494182587,5,4
zero_crossing_rate_mean,0.0078053781762719154,5,4
mfcc_8_mean,0.007503908593207598,5,4
mfcc_1_mean,0.007344365585595369,5,4
contrast_5_p10,0.007337106391787529,5,4
rms_p10,0.006820878479629755,5,4
mfcc_delta_4_std,0.006806822959333658,5,4
mfcc_9_p10,0.006706567015498877,5,4
rolloff85_p10,0.006643906235694885,5,4
mfcc_12_p90,0.006508171558380127,5,4
mfcc_5_p10,0.0061170547269284725,5,4
mfcc_delta_1_std,0.006084628868848085,5,4
mfcc_4_std,0.005950475111603737,5,4
mfcc_delta_19_p90,0.005936379078775644,5,4
centroid_p90,0.005790409166365862,5,4
dominant_frequency_ratio,0.005739531479775906,5,4
zero_crossing_rate_p10,0.005630889907479286,5,4
mfcc_8_p10,0.005507230758666992,5,4
mfcc_13_mean,0.005460150074213743,5,4
contrast_5_mean,0.005327997729182243,5,4
mfcc_delta_8_std,0.005277635063976049,5,4
rms_std,0.005271734204143286,5,4
mfcc_14_p10,0.005160844884812832,5,4
rms_p90,0.005159190855920315,5,4
mfcc_19_mean,0.005115178879350424,5,4
mfcc_0_mean,0.005049203988164663,5,4
mfcc_13_p10,0.004919594153761864,5,4
mfcc_delta_0_p90,0.00488398177549243,5,4
dominant_frequency,0.004860408138483763,5,4
mfcc_18_mean,0.004841538146138191,5,4
spectral_entropy_p10,0.004815605003386736,5,4
dominant_frequency_ratio,0.03411278501152992,6,0
zero_crossing_rate_p10,0.021564457565546036,6,0
mfcc_delta_1_p90,0.018814031034708023,6,0
contrast_5_p10,0.01834389939904213,6,0
contrast_1_p10,0.017789330333471298,6,0
mfcc_delta_8_p90,0.014964916743338108,6,0
mfcc_delta_6_p10,0.01486662495881319,6,0
mfcc_3_std,0.014667198993265629,6,0
mfcc_4_p90,0.01429397240281105,6,0
mfcc_delta_4_p90,0.013960032723844051,6,0
contrast_1_mean,0.013277779333293438,6,0
mfcc_delta_8_p10,0.01281307265162468,6,0
mfcc_1_p90,0.012569925747811794,6,0
mfcc_delta_0_p90,0.012520729564130306,6,0
mfcc_4_mean,0.01154117938131094,6,0
rms_mean,0.011356452479958534,6,0
mfcc_7_p10,0.011083207093179226,6,0
mfcc_delta_3_p10,0.010528403334319592,6,0
mfcc_1_p10,0.010337498039007187,6,0
contrast_5_std,0.010056920349597931,6,0
mfcc_19_p90,0.009917945601046085,6,0
mfcc_delta_1_p10,0.009642778895795345,6,0
mfcc_9_mean,0.009485895745456219,6,0
contrast_0_p90,0.009181506000459194,6,0
mfcc_5_mean,0.009040994569659233,6,0
mfcc_15_mean,0.00902408454567194,6,0
mfcc_delta_2_p90,0.008987237699329853,6,0
mfcc_12_mean,0.008614425547420979,6,0
mfcc_2_std,0.008487562648952007,6,0
flatness_p10,0.008457937277853489,6,0
mfcc_7_mean,0.008290332742035389,6,0
mfcc_0_mean,0.008246644400060177,6,0
mfcc_3_p10,0.00820731371641159,6,0
contrast_1_p90,0.007890792563557625,6,0
mfcc_1_mean,0.007717877626419067,6,0
flatness_std,0.007689300458878279,6,0
spectral_entropy_p10,0.007585084997117519,6,0
mfcc_5_p90,0.0075210207141935825,6,0
mfcc_delta_6_p90,0.007491126190871,6,0
mfcc_delta_15_p90,0.0073942821472883224,6,0
mfcc_delta_8_std,0.007387026213109493,6,0
mfcc_delta_2_std,0.00737596582621336,6,0
mfcc_12_p10,0.007310895714908838,6,0
mfcc_2_p10,0.007194517180323601,6,0
mfcc_0_p10,0.007165763061493635,6,0
mfcc_delta_16_p90,0.007099475245922804,6,0
mfcc_delta_10_std,0.007076232228428125,6,0
mfcc_16_p90,0.006999423261731863,6,0
mfcc_12_p90,0.006998658645898104,6,0
mfcc_16_mean,0.0067724562250077724,6,0
mfcc_delta_17_mean,0.006659636739641428,6,0
bandwidth_mean,0.006654240190982819,6,0
mfcc_9_std,0.006570672616362572,6,0
mfcc_17_p90,0.006298730615526438,6,0
mfcc_19_p10,0.006248080171644688,6,0
contrast_0_p10,0.006183187011629343,6,0
mfcc_delta_17_std,0.006069586146622896,6,0
mfcc_delta_11_p90,0.00597355654463172,6,0
contrast_3_p90,0.005905677564442158,6,0
rolloff85_p10,0.0058852313086390495,6,0
contrast_5_std,0.04345593973994255,6,1
contrast_5_p10,0.02827470935881138,6,1
mfcc_8_p10,0.027276000007987022,6,1
bandwidth_std,0.018622325733304024,6,1
mfcc_6_mean,0.017020998522639275,6,1
rms_mean,0.014394814148545265,6,1
rms_p10,0.012915142811834812,6,1
mfcc_2_p90,0.012257630005478859,6,1
mfcc_delta_2_p90,0.012122473679482937,6,1
flatness_mean,0.012027214281260967,6,1
contrast_1_p10,0.011921369470655918,6,1
mfcc_6_p10,0.011645661666989326,6,1
mfcc_delta_8_std,0.011470100842416286,6,1
mfcc_8_mean,0.011393159627914429,6,1
mfcc_6_p90,0.011146698147058487,6,1
spectral_entropy_p10,0.010421198792755604,6,1
mfcc_delta_2_std,0.010311329737305641,6,1
mfcc_7_p90,0.010222853161394596,6,1
mfcc_5_p90,0.009922456927597523,6,1
contrast_5_mean,0.009890345856547356,6,1
rolloff85_mean,0.00981542095541954,6,1
flatness_p90,0.009585869498550892,6,1
contrast_1_mean,0.009565300308167934,6,1
mfcc_3_p10,0.009385522454977036,6,1
contrast_2_mean,0.00883215107023716,6,1
contrast_1_p90,0.008592164143919945,6,1
mfcc_14_p90,0.008467261679470539,6,1
mfcc_delta_1_p10,0.008394512347877026,6,1
mfcc_delta_3_std,0.008288510143756866,6,1
mfcc_9_p90,0.008265695534646511,6,1
mfcc_delta_13_p10,0.008131875656545162,6,1
mfcc_5_p10,0.008129461668431759,6,1
flatness_std,0.0080868536606431,6,1
mfcc_delta_16_p90,0.007956566289067268,6,1
zero_crossing_rate_std,0.007870858535170555,6,1
zero_crossing_rate_p10,0.0074565475806593895,6,1
centroid_std,0.007357678841799498,6,1
mfcc_3_p90,0.007334416266530752,6,1
mfcc_delta_10_std,0.007235867902636528,6,1
mfcc_delta_12_p10,0.0070942179299890995,6,1
mfcc_1_p10,0.007024378981441259,6,1
mfcc_delta_7_p90,0.006971363909542561,6,1
mfcc_19_p10,0.0067157750017941,6,1
mfcc_delta_15_std,0.006710524670779705,6,1
mfcc_1_std,0.006640860810875893,6,1
mfcc_delta_3_p10,0.0066160294227302074,6,1
centroid_p90,0.006463319528847933,6,1
mfcc_8_p90,0.006446334067732096,6,1
dominant_frequency,0.00638378132134676,6,1
mfcc_delta_9_std,0.0062464261427521706,6,1
mfcc_10_mean,0.006070273462682962,6,1
mfcc_4_p10,0.005881946533918381,6,1
mfcc_15_mean,0.005845105741173029,6,1
mfcc_11_p10,0.005721176043152809,6,1
contrast_0_p90,0.005720747634768486,6,1
contrast_4_std,0.005702488124370575,6,1
mfcc_delta_18_p90,0.005672114435583353,6,1
mfcc_delta_12_p90,0.005603136029094458,6,1
rolloff85_p90,0.005513382609933615,6,1
mfcc_0_mean,0.005404790863394737,6,1
rolloff85_p90,0.05163850635290146,6,2
centroid_p90,0.036119624972343445,6,2
dominant_frequency_ratio,0.036099545657634735,6,2
mfcc_16_p90,0.0326668806374073,6,2
mfcc_delta_3_p10,0.03079129382967949,6,2
mfcc_16_mean,0.020191136747598648,6,2
mfcc_delta_10_std,0.01763312518596649,6,2
mfcc_2_p90,0.015022429637610912,6,2
spectral_entropy_mean,0.013830943033099174,6,2
mfcc_0_mean,0.01357530802488327,6,2
mfcc_delta_8_p10,0.013181149028241634,6,2
mfcc_delta_8_std,0.012612818740308285,6,2
mfcc_delta_10_p10,0.011549768038094044,6,2
mfcc_delta_4_p90,0.011427388526499271,6,2
mfcc_delta_2_p90,0.010944114066660404,6,2
mfcc_8_p10,0.010641749948263168,6,2
mfcc_5_p90,0.010594503954052925,6,2
mfcc_9_mean,0.010416559875011444,6,2
spectral_entropy_p10,0.010407262481749058,6,2
mfcc_delta_8_p90,0.0101553313434124,6,2
mfcc_13_mean,0.010012706741690636,6,2
rms_mean,0.009948025457561016,6,2
bandwidth_mean,0.009882214479148388,6,2
contrast_2_p10,0.009645585902035236,6,2
dominant_frequency,0.009533239528536797,6,2
mfcc_0_p10,0.009428662247955799,6,2
centroid_mean,0.008759518153965473,6,2
mfcc_delta_10_p90,0.008748444728553295,6,2
contrast_4_mean,0.008698062971234322,6,2
mfcc_delta_0_p90,0.00852939859032631,6,2
flatness_std,0.00825271476060152,6,2
mfcc_delta_6_p10,0.00824821088463068,6,2
mfcc_delta_1_std,0.008210109546780586,6,2
mfcc_15_p90,0.008192040957510471,6,2
mfcc_delta_2_std,0.008191914297640324,6,2
contrast_0_p10,0.007659357041120529,6,2
rms_p10,0.0075731435790658,6,2
mfcc_13_p10,0.00741887092590332,6,2
mfcc_5_mean,0.007378874346613884,6,2
rolloff85_mean,0.007280141115188599,6,2
contrast_1_p90,0.007011686451733112,6,2
mfcc_delta_3_std,0.006845337804406881,6,2
contrast_4_std,0.00680322851985693,6,2
mfcc_delta_1_p10,0.006581506691873074,6,2
mfcc_12_mean,0.006478934548795223,6,2
mfcc_19_p90,0.006398397497832775,6,2
mfcc_delta_0_std,0.006013358477503061,6,2
mfcc_9_p90,0.005979327484965324,6,2
mfcc_10_p90,0.005893779452890158,6,2
contrast_5_p10,0.005771950352936983,6,2
mfcc_6_mean,0.005722280591726303,6,2
mfcc_1_mean,0.005704664625227451,6,2
mfcc_10_p10,0.005700150039047003,6,2
mfcc_7_p90,0.005650516599416733,6,2
rolloff85_p10,0.005545752122998238,6,2
rms_p90,0.005279235076159239,6,2
contrast_5_std,0.0052620102651417255,6,2
contrast_1_mean,0.005216227378696203,6,2
bandwidth_p90,0.005205957219004631,6,2
mfcc_6_p90,0.005137002095580101,6,2
dominant_frequency,0.09319687634706497,6,3
mfcc_14_p90,0.035415321588516235,6,3
mfcc_delta_2_p90,0.033902090042829514,6,3
flatness_mean,0.029895467683672905,6,3
flatness_p90,0.028690656647086143,6,3
mfcc_14_p10,0.02403363399207592,6,3
mfcc_6_p90,0.019479934126138687,6,3
mfcc_10_p90,0.018099909648299217,6,3
mfcc_17_p10,0.018035776913166046,6,3
mfcc_18_p90,0.015609747730195522,6,3
mfcc_2_mean,0.014916975051164627,6,3
contrast_5_std,0.013592645525932312,6,3
mfcc_18_p10,0.012470505200326443,6,3
mfcc_delta_1_mean,0.012223982252180576,6,3
mfcc_18_mean,0.012222960591316223,6,3
mfcc_12_std,0.011390261352062225,6,3
contrast_5_mean,0.011247396469116211,6,3
mfcc_12_mean,0.009664265438914299,6,3
mfcc_3_p10,0.009579175151884556,6,3
mfcc_15_mean,0.009513786062598228,6,3
mfcc_3_mean,0.009285815060138702,6,3
contrast_4_p90,0.00918907206505537,6,3
centroid_p90,0.008852053433656693,6,3
mfcc_7_p90,0.008656642399728298,6,3
contrast_5_p90,0.008505435660481453,6,3
zero_crossing_rate_mean,0.00849499087780714,6,3
mfcc_delta_9_p90,0.008206188678741455,6,3
mfcc_5_p90,0.008204527199268341,6,3
mfcc_delta_8_p90,0.008185732178390026,6,3
mfcc_2_p10,0.008174990303814411,6,3
mfcc_9_p90,0.00806728657335043,6,3
mfcc_8_p10,0.0080531882122159,6,3
contrast_1_mean,0.008013754151761532,6,3
mfcc_delta_2_p10,0.007382895797491074,6,3
bandwidth_mean,0.0070154196582734585,6,3
mfcc_delta_2_std,0.006986766122281551,6,3
mfcc_4_mean,0.006826250348240137,6,3
mfcc_3_p90,0.006819580681622028,6,3
centroid_std,0.006812728010118008,6,3
mfcc_delta_12_p10,0.006620104890316725,6,3
zero_crossing_rate_p10,0.0063979350961744785,6,3
contrast_4_mean,0.006360860075801611,6,3
contrast_4_std,0.006344614550471306,6,3
mfcc_4_p10,0.006212980020791292,6,3
contrast_1_p10,0.0061250003054738045,6,3
zero_crossing_rate_p90,0.0059884050861001015,6,3
flatness_p10,0.005985174793750048,6,3
mfcc_6_mean,0.0057965489104390144,6,3
spectral_entropy_p90,0.005739815533161163,6,3
mfcc_1_p10,0.0056697288528084755,6,3
mfcc_0_mean,0.005465484689921141,6,3
mfcc_delta_13_mean,0.005421300418674946,6,3
mfcc_8_std,0.005369930062443018,6,3
contrast_0_std,0.005361565854400396,6,3
bandwidth_std,0.00534470472484827,6,3
mfcc_10_mean,0.005326936021447182,6,3
mfcc_15_std,0.005240267608314753,6,3
rolloff85_p10,0.005042613483965397,6,3
mfcc_delta_8_std,0.004963082727044821,6,3
mfcc_4_p90,0.0049391454085707664,6,3
flatness_p90,0.05121053010225296,6,4
flatness_mean,0.03788053244352341,6,4
contrast_1_mean,0.035199567675590515,6,4
contrast_0_std,0.02707737870514393,6,4
contrast_1_p10,0.02236848883330822,6,4
contrast_1_p90,0.01968054659664631,6,4
centroid_p10,0.018291639164090157,6,4
rolloff85_p90,0.01642889901995659,6,4
mfcc_14_p10,0.016350463032722473,6,4
mfcc_15_mean,0.01567576825618744,6,4
centroid_p90,0.015067283064126968,6,4
mfcc_6_mean,0.014409767463803291,6,4
mfcc_6_p90,0.012106649577617645,6,4
dominant_frequency_ratio,0.012085179798305035,6,4
spectral_entropy_mean,0.011919514276087284,6,4
contrast_3_p10,0.01189910527318716,6,4
mfcc_delta_2_std,0.011834993958473206,6,4
mfcc_0_mean,0.01011063065379858,6,4
mfcc_delta_9_p10,0.009843855164945126,6,4
mfcc_delta_15_std,0.009725223295390606,6,4
mfcc_delta_4_p10,0.009674773551523685,6,4
rms_mean,0.009642019867897034,6,4
mfcc_15_p10,0.009421695955097675,6,4
mfcc_1_p90,0.009359534829854965,6,4
contrast_5_std,0.008125398308038712,6,4
mfcc_15_p90,0.00796442199498415,6,4
mfcc_delta_18_p10,0.00789234321564436,6,4
zero_crossing_rate_std,0.007739237975329161,6,4
mfcc_15_std,0.007648584432899952,6,4
mfcc_delta_2_p90,0.007511160336434841,6,4
mfcc_16_p90,0.007473180536180735,6,4
mfcc_17_mean,0.007413260638713837,6,4
mfcc_3_std,0.007286007050424814,6,4
mfcc_7_std,0.007250661961734295,6,4
mfcc_delta_1_p10,0.007174106780439615,6,4
mfcc_delta_6_p10,0.00717165507376194,6,4
mfcc_13_p10,0.0070153167471289635,6,4
spectral_entropy_p10,0.006932967342436314,6,4
mfcc_delta_6_p90,0.006833440624177456,6,4
mfcc_4_mean,0.006797881331294775,6,4
mfcc_3_p90,0.006776071153581142,6,4
mfcc_5_mean,0.006767665967345238,6,4
mfcc_delta_2_mean,0.00663298275321722,6,4
contrast_2_mean,0.006623219698667526,6,4
mfcc_19_mean,0.006583953741937876,6,4
mfcc_delta_3_p10,0.006580614950507879,6,4
mfcc_18_mean,0.006459492724388838,6,4
mfcc_2_p90,0.00641996506601572,6,4
mfcc_13_mean,0.006351121701300144,6,4
mfcc_5_p90,0.006206942722201347,6,4
mfcc_delta_4_p90,0.006125969346612692,6,4
flatness_p10,0.006027751602232456,6,4
mfcc_4_std,0.005832627881318331,6,4
mfcc_7_mean,0.005562662612646818,6,4
mfcc_8_p90,0.005562266334891319,6,4
centroid_mean,0.005481210071593523,6,4
rolloff85_p10,0.005400237627327442,6,4
mfcc_2_std,0.005350227002054453,6,4
rms_p10,0.00530926464125514,6,4
contrast_3_p90,0.005289282184094191,6,4
bandwidth_std,0.03931783512234688,7,0
dominant_frequency_ratio,0.03411637991666794,7,0
mfcc_delta_0_p10,0.017425522208213806,7,0
mfcc_delta_0_p90,0.016616065055131912,7,0
mfcc_delta_8_p10,0.015481655485928059,7,0
mfcc_4_p90,0.014872684143483639,7,0
rolloff85_mean,0.014537696726620197,7,0
mfcc_delta_8_std,0.013386930339038372,7,0
mfcc_delta_8_p90,0.013229993171989918,7,0
contrast_5_std,0.012845003046095371,7,0
mfcc_12_p90,0.012712759897112846,7,0
mfcc_delta_4_p90,0.012673118151724339,7,0
mfcc_12_p10,0.012217727489769459,7,0
mfcc_5_mean,0.011767970398068428,7,0
mfcc_delta_2_p90,0.01143362931907177,7,0
mfcc_delta_3_p10,0.010770969092845917,7,0
mfcc_19_p90,0.010375321842730045,7,0
mfcc_delta_6_p10,0.010129540227353573,7,0
spectral_entropy_p10,0.009819750674068928,7,0
contrast_1_p90,0.00968853384256363,7,0
bandwidth_p90,0.009622568264603615,7,0
mfcc_13_p10,0.008704321458935738,7,0
flatness_std,0.008665836416184902,7,0
contrast_0_p10,0.008477612398564816,7,0
contrast_1_mean,0.008117725141346455,7,0
contrast_4_mean,0.008040471002459526,7,0
rms_p10,0.007705243304371834,7,0
mfcc_delta_2_std,0.007549922913312912,7,0
mfcc_3_p90,0.007480937521904707,7,0
mfcc_6_mean,0.00727224163711071,7,0
contrast_5_p10,0.007230845745652914,7,0
mfcc_0_mean,0.0071355984546244144,7,0
mfcc_7_mean,0.006903571542352438,7,0
mfcc_delta_4_std,0.006901000160723925,7,0
flatness_p90,0.006893347017467022,7,0
zero_crossing_rate_p90,0.006769237574189901,7,0
contrast_2_p10,0.006744777783751488,7,0
mfcc_delta_10_std,0.0066948821768164635,7,0
mfcc_8_mean,0.006639277562499046,7,0
mfcc_5_p90,0.006612301338464022,7,0
bandwidth_p10,0.006541668437421322,7,0
contrast_5_p90,0.0065223840065300465,7,0
mfcc_1_p90,0.006512087769806385,7,0
mfcc_4_mean,0.006457136012613773,7,0
mfcc_7_p10,0.006418327800929546,7,0
mfcc_delta_11_p10,0.0063440678641200066,7,0
mfcc_delta_15_std,0.0063018519431352615,7,0
mfcc_1_p10,0.006155586335808039,7,0
mfcc_delta_15_p10,0.006029217503964901,7,0
contrast_1_p10,0.005768757779151201,7,0
mfcc_delta_12_p90,0.005768321454524994,7,0
mfcc_5_p10,0.005721967667341232,7,0
mfcc_delta_3_std,0.005705308634787798,7,0
contrast_4_std,0.005618792958557606,7,0
contrast_2_mean,0.00556830782443285,7,0
mfcc_2_std,0.005555806681513786,7,0
bandwidth_mean,0.005493790376931429,7,0
mfcc_delta_11_p90,0.00545081589370966,7,0
mfcc_11_p10,0.005322695709764957,7,0
mfcc_0_p90,0.00521472841501236,7,0
flatness_std,0.042206183075904846,7,1
contrast_1_p90,0.03129836916923523,7,1
dominant_frequency,0.02610752359032631,7,1
rolloff85_p90,0.025570876896381378,7,1
mfcc_5_p10,0.022736435756087303,7,1
contrast_5_mean,0.018750891089439392,7,1
dominant_frequency_ratio,0.017368502914905548,7,1
mfcc_delta_10_p10,0.01723378337919712,7,1
mfcc_8_p10,0.015188608318567276,7,1
mfcc_6_p10,0.013749710284173489,7,1
contrast_5_p10,0.013605164363980293,7,1
spectral_entropy_p90,0.013322657905519009,7,1
mfcc_delta_2_std,0.01241036131978035,7,1
mfcc_9_mean,0.012396513484418392,7,1
flatness_mean,0.0123918317258358,7,1
zero_crossing_rate_mean,0.012256059795618057,7,1
mfcc_1_mean,0.0117323137819767,7,1
contrast_4_std,0.011030412279069424,7,1
mfcc_8_p90,0.010833530686795712,7,1
mfcc_8_mean,0.010728196240961552,7,1
contrast_1_p10,0.010504128411412239,7,1
mfcc_0_p10,0.010144917294383049,7,1
mfcc_0_std,0.010099019855260849,7,1
mfcc_18_p10,0.009756568819284439,7,1
mfcc_delta_3_p10,0.009461241774260998,7,1
mfcc_10_p90,0.009433808736503124,7,1
mfcc_9_p10,0.009425735101103783,7,1
rms_p10,0.009224584326148033,7,1
contrast_3_mean,0.008920715190470219,7,1
centroid_p10,0.008749556727707386,7,1
mfcc_12_mean,0.00871080718934536,7,1
mfcc_delta_11_p10,0.0086777713149786,7,1
mfcc_delta_4_p90,0.008670122362673283,7,1
mfcc_delta_3_p90,0.008473346009850502,7,1
flatness_p10,0.008389905095100403,7,1
spectral_entropy_p10,0.00812454428523779,7,1
contrast_1_mean,0.00781832542270422,7,1
mfcc_delta_8_p90,0.00748896598815918,7,1
mfcc_delta_4_std,0.007183211389929056,7,1
mfcc_delta_15_std,0.006894898600876331,7,1
mfcc_16_p90,0.006605017930269241,7,1
mfcc_3_std,0.006552780047059059,7,1
mfcc_delta_8_std,0.006378501188009977,7,1
mfcc_1_p90,0.006248089484870434,7,1
rms_mean,0.006245774682611227,7,1
contrast_0_p90,0.006119676399976015,7,1
mfcc_16_p10,0.0060712904669344425,7,1
mfcc_2_mean,0.005961170420050621,7,1
mfcc_4_p90,0.005876599345356226,7,1
mfcc_11_p10,0.005806417670100927,7,1
mfcc_17_mean,0.005652492865920067,7,1
rms_std,0.005466639529913664,7,1
mfcc_13_p90,0.005409763660281897,7,1
centroid_mean,0.0054054115898907185,7,1
mfcc_0_mean,0.005313929636031389,7,1
mfcc_12_p90,0.005267674569040537,7,1
mfcc_0_p90,0.005154420156031847,7,1
mfcc_13_mean,0.005144167225807905,7,1
mfcc_delta_6_p10,0.005137397907674313,7,1
mfcc_delta_11_std,0.005119923036545515,7,1
rolloff85_p90,0.05787685886025429,7,2
centroid_p10,0.03553453087806702,7,2
mfcc_16_p90,0.03209345415234566,7,2
centroid_p90,0.027654282748699188,7,2
mfcc_15_p90,0.021977238357067108,7,2
zero_crossing_rate_mean,0.018327755853533745,7,2
mfcc_6_mean,0.017582152038812637,7,2
mfcc_5_p10,0.015815768390893936,7,2
mfcc_delta_3_p10,0.01450722012668848,7,2
mfcc_delta_2_p90,0.01443365216255188,7,2
mfcc_delta_10_std,0.013872177340090275,7,2
dominant_frequency_ratio,0.013349778018891811,7,2
mfcc_4_p10,0.012610514648258686,7,2
contrast_3_p10,0.012606242671608925,7,2
mfcc_delta_4_p90,0.012558048591017723,7,2
mfcc_0_mean,0.012239565141499043,7,2
contrast_2_p10,0.012023594230413437,7,2
mfcc_8_mean,0.011492031626403332,7,2
mfcc_delta_1_p10,0.010792932473123074,7,2
mfcc_delta_1_p90,0.010637925937771797,7,2
mfcc_4_p90,0.01063181459903717,7,2
mfcc_16_mean,0.010569850914180279,7,2
mfcc_7_mean,0.010409641079604626,7,2
spectral_entropy_p90,0.009610559791326523,7,2
mfcc_delta_15_std,0.009359176270663738,7,2
mfcc_0_p10,0.009345661848783493,7,2
mfcc_delta_8_p10,0.00919127557426691,7,2
contrast_1_mean,0.008889839053153992,7,2
mfcc_delta_10_p10,0.008646444417536259,7,2
mfcc_5_p90,0.00811243150383234,7,2
mfcc_13_p10,0.007940677925944328,7,2
mfcc_1_std,0.00789258349686861,7,2
mfcc_12_mean,0.0077960132621228695,7,2
mfcc_4_mean,0.007666108664125204,7,2
mfcc_8_p90,0.007603733334690332,7,2
mfcc_delta_8_p90,0.007482457906007767,7,2
mfcc_19_std,0.00736834155395627,7,2
flatness_std,0.007343200035393238,7,2
mfcc_delta_0_p90,0.007331014145165682,7,2
mfcc_17_p90,0.00725067313760519,7,2
mfcc_2_p90,0.0069976914674043655,7,2
mfcc_9_p10,0.006987364497035742,7,2
dominant_frequency,0.006980483420193195,7,2
flatness_p10,0.006943176966160536,7,2
flatness_mean,0.006865026894956827,7,2
contrast_1_p90,0.006701677106320858,7,2
rms_std,0.006680977996438742,7,2
mfcc_delta_6_mean,0.006619026884436607,7,2
mfcc_19_mean,0.00661279633641243,7,2
mfcc_13_mean,0.006505873054265976,7,2
contrast_1_std,0.006398772820830345,7,2
contrast_0_mean,0.006269514560699463,7,2
mfcc_delta_13_std,0.006223921198397875,7,2
mfcc_delta_1_std,0.006086487323045731,7,2
mfcc_delta_5_p90,0.006077224388718605,7,2
mfcc_1_p10,0.005850506480783224,7,2
mfcc_0_std,0.00577201321721077,7,2
mfcc_delta_2_p10,0.005726413801312447,7,2
mfcc_delta_7_p90,0.005532269831746817,7,2
spectral_entropy_mean,0.005449292715638876,7,2
flatness_mean,0.046491656452417374,7,3
flatness_p90,0.04317730665206909,7,3
dominant_frequency,0.03134362772107124,7,3
mfcc_4_p90,0.03083832561969757,7,3
mfcc_10_p90,0.02936519682407379,7,3
contrast_5_std,0.02389661967754364,7,3
mfcc_delta_2_p90,0.02336931973695755,7,3
mfcc_11_p90,0.02095222845673561,7,3
mfcc_8_p10,0.020536810159683228,7,3
mfcc_10_mean,0.015790041536092758,7,3
mfcc_0_p10,0.015116741880774498,7,3
mfcc_4_p10,0.014939512126147747,7,3
mfcc_18_p10,0.013305767439305782,7,3
mfcc_8_mean,0.011171471327543259,7,3
flatness_std,0.010893478989601135,7,3
centroid_std,0.01044798456132412,7,3
mfcc_15_p90,0.010300780646502972,7,3
mfcc_18_p90,0.010281135328114033,7,3
bandwidth_std,0.010006818920373917,7,3
mfcc_18_mean,0.009524645283818245,7,3
mfcc_14_p90,0.009387976489961147,7,3
mfcc_16_mean,0.009026864543557167,7,3
contrast_3_p10,0.008987839333713055,7,3
mfcc_delta_12_p10,0.008686374872922897,7,3
bandwidth_p10,0.008487323299050331,7,3
contrast_1_mean,0.008311250247061253,7,3
mfcc_2_mean,0.008291411213576794,7,3
contrast_0_std,0.00815595407038927,7,3
mfcc_delta_2_p10,0.008041025139391422,7,3
contrast_4_mean,0.007432159036397934,7,3
mfcc_2_p10,0.007263640407472849,7,3
centroid_p90,0.007062514312565327,7,3
mfcc_3_mean,0.00688892649486661,7,3
mfcc_delta_19_p90,0.0068476093001663685,7,3
mfcc_12_mean,0.006803777068853378,7,3
mfcc_1_p10,0.006795485969632864,7,3
mfcc_6_mean,0.006637626327574253,7,3
mfcc_delta_12_std,0.006578462198376656,7,3
mfcc_14_p10,0.006524655036628246,7,3
mfcc_17_mean,0.006482400000095367,7,3
mfcc_9_mean,0.006254924461245537,7,3
mfcc_1_mean,0.006162523757666349,7,3
mfcc_6_p10,0.0061333756893873215,7,3
mfcc_delta_2_mean,0.00607207091525197,7,3
mfcc_2_std,0.00589130399748683,7,3
mfcc_6_p90,0.005876708310097456,7,3
mfcc_3_p90,0.005848845932632685,7,3
mfcc_delta_5_p90,0.005807068664580584,7,3
mfcc_5_std,0.005766313057392836,7,3
mfcc_delta_5_p10,0.005763718858361244,7,3
mfcc_7_p90,0.0057456111535429955,7,3
contrast_0_mean,0.005733751226216555,7,3
mfcc_delta_3_p10,0.005709770601242781,7,3
mfcc_13_p90,0.0056734103709459305,7,3
mfcc_12_std,0.005671724211424589,7,3
mfcc_15_std,0.005667009856551886,7,3
contrast_1_p10,0.005614124704152346,7,3
zero_crossing_rate_p90,0.005540310405194759,7,3
contrast_5_p90,0.005195064470171928,7,3
mfcc_4_mean,0.005185653455555439,7,3
flatness_p90,0.06170292943716049,7,4
flatness_mean,0.06129436194896698,7,4
contrast_1_p90,0.04315410554409027,7,4
contrast_1_p10,0.031422656029462814,7,4
centroid_p90,0.020445026457309723,7,4
contrast_1_mean,0.020415939390659332,7,4
mfcc_6_p90,0.01883002556860447,7,4
mfcc_delta_6_p10,0.01799631305038929,7,4
contrast_0_std,0.015063273720443249,7,4
mfcc_5_mean,0.012559031136333942,7,4
mfcc_6_mean,0.012371289543807507,7,4
mfcc_6_p10,0.012333748862147331,7,4
spectral_entropy_mean,0.012323139235377312,7,4
mfcc_1_p90,0.012095347046852112,7,4
mfcc_delta_7_std,0.011632650159299374,7,4
mfcc_5_p90,0.01084566954523325,7,4
mfcc_2_p90,0.010356327518820763,7,4
mfcc_8_p10,0.00979202426970005,7,4
mfcc_4_mean,0.009436264634132385,7,4
mfcc_delta_1_std,0.009271462447941303,7,4
rms_p10,0.00913090817630291,7,4
contrast_5_std,0.009116670116782188,7,4
centroid_p10,0.008999901823699474,7,4
contrast_3_p90,0.008598503656685352,7,4
mfcc_0_mean,0.008582265116274357,7,4
mfcc_18_mean,0.008565369062125683,7,4
bandwidth_p90,0.008561449125409126,7,4
spectral_entropy_p90,0.008194772526621819,7,4
mfcc_7_p10,0.008025226183235645,7,4
contrast_5_p10,0.007894312962889671,7,4
rms_mean,0.007798275910317898,7,4
mfcc_delta_12_p90,0.007393601816147566,7,4
mfcc_delta_0_p90,0.0073160226456820965,7,4
flatness_p10,0.007299280725419521,7,4
mfcc_delta_2_std,0.007187297567725182,7,4
zero_crossing_rate_p90,0.007130992598831654,7,4
mfcc_delta_11_p10,0.007102614268660545,7,4
mfcc_3_mean,0.00701669929549098,7,4
zero_crossing_rate_mean,0.006884096655994654,7,4
mfcc_2_std,0.006779363378882408,7,4
rolloff85_p90,0.006740969605743885,7,4
contrast_0_p90,0.00665481761097908,7,4
mfcc_1_mean,0.006641451735049486,7,4
dominant_frequency_ratio,0.0066277040168643,7,4
spectral_entropy_p10,0.006521233357489109,7,4
mfcc_8_std,0.0064031402580440044,7,4
mfcc_8_mean,0.006244534160941839,7,4
mfcc_0_p90,0.0058607859537005424,7,4
mfcc_delta_2_mean,0.005858761724084616,7,4
mfcc_16_p10,0.00575343007221818,7,4
mfcc_delta_5_p10,0.005550673231482506,7,4
rms_p90,0.00551605224609375,7,4
mfcc_delta_3_p10,0.005481119733303785,7,4
mfcc_19_mean,0.005356304347515106,7,4
mfcc_delta_4_p10,0.005221810657531023,7,4
centroid_std,0.005147190764546394,7,4
mfcc_8_p90,0.0051384372636675835,7,4
bandwidth_mean,0.005137838888913393,7,4
contrast_0_p10,0.005117145832628012,7,4
mfcc_7_std,0.005072997882962227,7,4
dominant_frequency_ratio,0.038506876677274704,8,0
mfcc_delta_8_p90,0.0245505440980196,8,0
mfcc_delta_8_p10,0.0237857848405838,8,0
bandwidth_std,0.023169752210378647,8,0
spectral_entropy_p10,0.022865504026412964,8,0
mfcc_delta_8_std,0.019818250089883804,8,0
mfcc_delta_0_p90,0.016905393451452255,8,0
centroid_p90,0.013406206853687763,8,0
rolloff85_p90,0.013259508647024632,8,0
contrast_1_mean,0.012915155850350857,8,0
contrast_5_std,0.011705774813890457,8,0
mfcc_delta_10_std,0.011528994888067245,8,0
contrast_4_std,0.011100709438323975,8,0
mfcc_delta_6_std,0.010375765152275562,8,0
mfcc_13_p10,0.010032773949205875,8,0
mfcc_1_mean,0.00998908281326294,8,0
rms_std,0.009965860284864902,8,0
mfcc_delta_2_p90,0.009889679960906506,8,0
mfcc_11_p90,0.009540321305394173,8,0
mfcc_delta_2_p10,0.009477631188929081,8,0
spectral_entropy_mean,0.009415736421942711,8,0
bandwidth_p10,0.009321927092969418,8,0
mfcc_5_mean,0.009275699034333229,8,0
mfcc_delta_3_p10,0.009218947030603886,8,0
mfcc_0_mean,0.009048804640769958,8,0
contrast_1_p90,0.008852962404489517,8,0
flatness_p90,0.008835161104798317,8,0
mfcc_delta_2_std,0.00876507069915533,8,0
mfcc_delta_4_p90,0.008748801425099373,8,0
flatness_p10,0.008740746416151524,8,0
contrast_0_p10,0.008635470643639565,8,0
contrast_2_p10,0.008377168327569962,8,0
mfcc_19_p10,0.008148306049406528,8,0
mfcc_8_std,0.008107333444058895,8,0
mfcc_10_p90,0.008059294894337654,8,0
mfcc_5_p90,0.007779833860695362,8,0
mfcc_delta_13_p10,0.007464518304914236,8,0
mfcc_0_p90,0.00743860611692071,8,0
mfcc_19_p90,0.007375397719442844,8,0
mfcc_delta_11_std,0.007293937262147665,8,0
mfcc_9_p10,0.007138377986848354,8,0
mfcc_7_mean,0.006986597087234259,8,0
mfcc_delta_6_p90,0.006967086810618639,8,0
mfcc_delta_3_p90,0.006813370622694492,8,0
mfcc_delta_15_mean,0.0066651273518800735,8,0
mfcc_0_p10,0.00646352581679821,8,0
mfcc_2_mean,0.00643968814983964,8,0
rms_p10,0.006418525241315365,8,0
mfcc_1_p90,0.006398867350071669,8,0
contrast_1_std,0.006337389349937439,8,0
mfcc_3_p90,0.006333284545689821,8,0
contrast_1_p10,0.005920827854424715,8,0
contrast_2_p90,0.005916689056903124,8,0
bandwidth_mean,0.005904478952288628,8,0
mfcc_delta_13_p90,0.005808689631521702,8,0
spectral_entropy_p90,0.005736170336604118,8,0
mfcc_delta_11_mean,0.005728850606828928,8,0
flatness_std,0.005600178614258766,8,0
mfcc_2_p10,0.005556123796850443,8,0
mfcc_5_p10,0.005543472710996866,8,0
dominant_frequency,0.09507941454648972,8,1
bandwidth_p90,0.03921376168727875,8,1
mfcc_delta_2_p90,0.02997710555791855,8,1
flatness_std,0.01920141465961933,8,1
mfcc_delta_13_p90,0.018652720376849174,8,1
contrast_1_p10,0.017720334231853485,8,1
contrast_1_p90,0.01689462922513485,8,1
contrast_1_mean,0.014963358640670776,8,1
flatness_p10,0.01322147436439991,8,1
contrast_3_p10,0.01267765462398529,8,1
mfcc_delta_3_p10,0.011476486921310425,8,1
spectral_entropy_std,0.011469271965324879,8,1
mfcc_3_p90,0.011056246235966682,8,1
mfcc_delta_8_p10,0.010678094811737537,8,1
contrast_5_p10,0.010490858927369118,8,1
flatness_p90,0.010106082074344158,8,1
mfcc_delta_2_std,0.009905536659061909,8,1
mfcc_4_p90,0.009591960348188877,8,1
mfcc_7_mean,0.009578334167599678,8,1
mfcc_18_mean,0.009542626328766346,8,1
spectral_entropy_p10,0.009411120787262917,8,1
contrast_3_mean,0.009389051236212254,8,1
mfcc_delta_0_p90,0.009244333021342754,8,1
mfcc_1_p90,0.009115273132920265,8,1
contrast_0_p90,0.008727611042559147,8,1
mfcc_17_p90,0.008561386726796627,8,1
mfcc_0_p10,0.008521010167896748,8,1
bandwidth_mean,0.008260243572294712,8,1
mfcc_delta_17_p10,0.008067319169640541,8,1
mfcc_16_p90,0.008062117733061314,8,1
mfcc_0_std,0.007916353642940521,8,1
mfcc_delta_2_p10,0.007901353761553764,8,1
mfcc_3_mean,0.007836923934519291,8,1
dominant_frequency_ratio,0.007814740762114525,8,1
mfcc_5_p10,0.0076231276616454124,8,1
mfcc_7_p10,0.006741995923221111,8,1
mfcc_delta_7_mean,0.006697081960737705,8,1
contrast_2_mean,0.006613467819988728,8,1
mfcc_19_mean,0.006600717548280954,8,1
mfcc_delta_11_p10,0.006550174206495285,8,1
centroid_std,0.006252275314182043,8,1
mfcc_0_mean,0.006082399748265743,8,1
mfcc_delta_3_p90,0.0060017225332558155,8,1
mfcc_delta_10_p90,0.005922988522797823,8,1
mfcc_delta_1_std,0.005921595264226198,8,1
mfcc_delta_0_p10,0.005907041486352682,8,1
rms_p10,0.00588687788695097,8,1
zero_crossing_rate_mean,0.0058708651922643185,8,1
contrast_0_p10,0.00582257192581892,8,1
spectral_entropy_p90,0.005713197868317366,8,1
contrast_5_mean,0.005676236469298601,8,1
rolloff85_p10,0.005574284121394157,8,1
mfcc_5_mean,0.005449256859719753,8,1
mfcc_delta_15_std,0.0053947060368955135,8,1
mfcc_15_p10,0.005305190104991198,8,1
mfcc_7_p90,0.00527977803722024,8,1
mfcc_12_mean,0.005174767225980759,8,1
centroid_mean,0.005142393056303263,8,1
zero_crossing_rate_p10,0.005031086504459381,8,1
mfcc_4_mean,0.004948400426656008,8,1
rolloff85_p90,0.05589935928583145,8,2
centroid_p90,0.04207765311002731,8,2
mfcc_delta_2_p90,0.02995404414832592,8,2
mfcc_16_p90,0.026132015511393547,8,2
mfcc_delta_3_p10,0.02482541836798191,8,2
contrast_3_p10,0.02347608096897602,8,2
mfcc_16_mean,0.0225087720900774,8,2
mfcc_delta_10_std,0.016302982345223427,8,2
mfcc_5_p90,0.016048485413193703,8,2
mfcc_delta_3_std,0.013774036429822445,8,2
mfcc_11_p10,0.013447675853967667,8,2
mfcc_12_p90,0.012867510318756104,8,2
mfcc_13_p90,0.012750878930091858,8,2
contrast_4_std,0.011953029781579971,8,2
centroid_mean,0.011840347200632095,8,2
dominant_frequency_ratio,0.01129226852208376,8,2
rms_p90,0.011232264339923859,8,2
mfcc_12_mean,0.010727695189416409,8,2
contrast_1_p90,0.010593953542411327,8,2
spectral_entropy_p10,0.010357541032135487,8,2
mfcc_2_p90,0.01029058825224638,8,2
mfcc_0_mean,0.01020563393831253,8,2
contrast_5_p10,0.009752411395311356,8,2
mfcc_7_p90,0.009359991177916527,8,2
mfcc_13_mean,0.009063332341611385,8,2
contrast_1_std,0.008995580486953259,8,2
mfcc_17_p10,0.008861742913722992,8,2
mfcc_17_p90,0.008204211480915546,8,2
mfcc_delta_0_p90,0.007875514216721058,8,2
mfcc_5_p10,0.007851140573620796,8,2
flatness_std,0.007809041999280453,8,2
mfcc_9_p90,0.00766634289175272,8,2
mfcc_delta_1_p10,0.00749898562207818,8,2
mfcc_delta_8_std,0.0074228993616998196,8,2
mfcc_delta_5_std,0.007252332754433155,8,2
mfcc_4_p90,0.007180088199675083,8,2
rolloff85_p10,0.007155984174460173,8,2
contrast_3_mean,0.007139135617762804,8,2
mfcc_delta_1_p90,0.007044218480587006,8,2
contrast_2_mean,0.007006743457168341,8,2
mfcc_5_mean,0.0069768233224749565,8,2
mfcc_18_p10,0.006895275786519051,8,2
zero_crossing_rate_std,0.006893623154610395,8,2
mfcc_delta_4_p90,0.0067848642356693745,8,2
rolloff85_mean,0.006735492497682571,8,2
contrast_1_mean,0.006658472586423159,8,2
mfcc_delta_8_p90,0.006608380936086178,8,2
mfcc_16_p10,0.006601022090762854,8,2
mfcc_2_std,0.0065495287999510765,8,2
rms_mean,0.006498057395219803,8,2
contrast_0_mean,0.0064926752820611,8,2
mfcc_1_mean,0.00647840416058898,8,2
mfcc_delta_2_std,0.00631550420075655,8,2
mfcc_1_p10,0.006123505998402834,8,2
mfcc_delta_10_p90,0.006094593089073896,8,2
mfcc_3_mean,0.006008123513311148,8,2
mfcc_19_mean,0.005967840552330017,8,2
mfcc_10_p90,0.005632556974887848,8,2
spectral_entropy_p90,0.00549514964222908,8,2
mfcc_9_mean,0.005487605929374695,8,2
dominant_frequency,0.06815951317548752,8,3
flatness_p90,0.0370662659406662,8,3
mfcc_8_p10,0.031698983162641525,8,3
mfcc_6_p90,0.03062954917550087,8,3
mfcc_18_p90,0.02696980908513069,8,3
mfcc_18_mean,0.01940266042947769,8,3
mfcc_8_mean,0.017228692770004272,8,3
mfcc_6_mean,0.01673276163637638,8,3
contrast_4_p10,0.01499542873352766,8,3
mfcc_9_p10,0.014534661546349525,8,3
contrast_5_std,0.014440902508795261,8,3
mfcc_6_p10,0.01431575883179903,8,3
centroid_mean,0.013291575945913792,8,3
bandwidth_mean,0.012116629630327225,8,3
mfcc_15_p10,0.010590123943984509,8,3
mfcc_2_p10,0.010449291206896305,8,3
contrast_0_p90,0.010227208957076073,8,3
mfcc_9_p90,0.010028588585555553,8,3
mfcc_delta_8_std,0.009655734524130821,8,3
mfcc_1_mean,0.009616071358323097,8,3
contrast_0_std,0.009529893286526203,8,3
zero_crossing_rate_std,0.00927787832915783,8,3
contrast_4_std,0.0091829439625144,8,3
mfcc_16_mean,0.009040508419275284,8,3
mfcc_delta_14_p10,0.009021478705108166,8,3
flatness_std,0.008423061110079288,8,3
mfcc_3_p10,0.00834600254893303,8,3
mfcc_delta_18_std,0.008325323462486267,8,3
mfcc_17_p10,0.008325237780809402,8,3
mfcc_18_p10,0.00824300292879343,8,3
mfcc_16_p10,0.008100557141005993,8,3
mfcc_delta_1_std,0.007999008521437645,8,3
rolloff85_p90,0.007962933741509914,8,3
mfcc_4_mean,0.007834112271666527,8,3
mfcc_9_mean,0.007804903667420149,8,3
mfcc_13_mean,0.007722911424934864,8,3
rms_p10,0.007536313030868769,8,3
mfcc_17_mean,0.007492917124181986,8,3
mfcc_12_p10,0.007382899522781372,8,3
mfcc_3_p90,0.00726470910012722,8,3
mfcc_0_mean,0.007254917640239,8,3
contrast_3_mean,0.007202622480690479,8,3
centroid_p90,0.007030312903225422,8,3
mfcc_10_p90,0.006955599877983332,8,3
mfcc_10_p10,0.006703774910420179,8,3
mfcc_3_mean,0.006540039088577032,8,3
mfcc_14_p90,0.006477776449173689,8,3
mfcc_1_p10,0.006106033455580473,8,3
spectral_entropy_p10,0.006041996646672487,8,3
contrast_4_mean,0.005850296001881361,8,3
mfcc_14_p10,0.005788515321910381,8,3
rolloff85_std,0.005712065380066633,8,3
zero_crossing_rate_mean,0.005538922268897295,8,3
contrast_3_p10,0.0055121746845543385,8,3
mfcc_11_mean,0.0055108508095145226,8,3
mfcc_8_p90,0.005492557305842638,8,3
zero_crossing_rate_p10,0.005438690073788166,8,3
mfcc_delta_14_std,0.005410791374742985,8,3
contrast_0_p10,0.005059604998677969,8,3
mfcc_delta_8_p10,0.0050537907518446445,8,3
flatness_p90,0.06459326297044754,8,4
flatness_mean,0.06257389485836029,8,4
mfcc_11_mean,0.03840898722410202,8,4
contrast_1_p10,0.030109377577900887,8,4
mfcc_5_mean,0.019348397850990295,8,4
mfcc_delta_2_p90,0.017855023965239525,8,4
mfcc_delta_2_std,0.01748787797987461,8,4
contrast_1_mean,0.017478497698903084,8,4
mfcc_5_p10,0.015808243304491043,8,4
contrast_0_p10,0.015272055752575397,8,4
mfcc_3_p90,0.013982811942696571,8,4
contrast_1_p90,0.0138986986130476,8,4
mfcc_delta_4_std,0.011771585792303085,8,4
contrast_5_std,0.011620898731052876,8,4
mfcc_7_mean,0.010719344951212406,8,4
zero_crossing_rate_mean,0.010289964266121387,8,4
mfcc_6_std,0.010065710172057152,8,4
mfcc_1_p90,0.010064505971968174,8,4
zero_crossing_rate_p10,0.009777482599020004,8,4
mfcc_2_p90,0.009553276002407074,8,4
mfcc_6_p10,0.009081223048269749,8,4
dominant_frequency,0.009027054533362389,8,4
mfcc_6_p90,0.008942612446844578,8,4
centroid_std,0.008664705790579319,8,4
rms_p10,0.008543619886040688,8,4
mfcc_8_std,0.008205273188650608,8,4
mfcc_delta_7_std,0.008136370219290257,8,4
contrast_3_p90,0.007936122827231884,8,4
mfcc_5_p90,0.007772665936499834,8,4
mfcc_12_p90,0.007654685992747545,8,4
mfcc_delta_1_p10,0.007649615872651339,8,4
contrast_4_mean,0.00743719981983304,8,4
mfcc_1_mean,0.007404128555208445,8,4
mfcc_delta_3_p10,0.007246996276080608,8,4
mfcc_delta_9_p90,0.007176677696406841,8,4
rolloff85_p10,0.006851913873106241,8,4
mfcc_1_std,0.0066802650690078735,8,4
rolloff85_p90,0.0063872989267110825,8,4
mfcc_delta_9_mean,0.006324731279164553,8,4
contrast_0_std,0.006258173380047083,8,4
centroid_p90,0.006192728877067566,8,4
rms_std,0.006179993040859699,8,4
spectral_entropy_p90,0.006170685403048992,8,4
mfcc_delta_18_std,0.006151570938527584,8,4
contrast_5_mean,0.006049005780369043,8,4
mfcc_delta_12_p90,0.006037173792719841,8,4
contrast_0_p90,0.005971664097160101,8,4
mfcc_18_mean,0.005938977934420109,8,4
mfcc_8_p90,0.0056669884361326694,8,4
dominant_frequency_ratio,0.005613804794847965,8,4
mfcc_8_mean,0.005597532261162996,8,4
flatness_p10,0.00559384748339653,8,4
contrast_4_p10,0.005562230013310909,8,4
mfcc_4_std,0.0054534366354346275,8,4
mfcc_2_mean,0.005406868644058704,8,4
centroid_mean,0.005324064753949642,8,4
mfcc_delta_13_mean,0.005261644721031189,8,4
mfcc_13_mean,0.00518582109361887,8,4
contrast_5_p90,0.00517308060079813,8,4
mfcc_delta_16_std,0.0051115998066961765,8,4
dominant_frequency_ratio,0.04068206623196602,9,0
mfcc_delta_8_p90,0.027627982199192047,9,0
mfcc_delta_4_p90,0.01946268044412136,9,0
contrast_0_p10,0.017104648053646088,9,0
flatness_p90,0.015864256769418716,9,0
mfcc_9_mean,0.01568773202598095,9,0
mfcc_delta_8_std,0.01487781759351492,9,0
mfcc_delta_2_p90,0.014757705852389336,9,0
mfcc_delta_10_std,0.01467753667384386,9,0
centroid_p90,0.014020830392837524,9,0
spectral_entropy_mean,0.013629676774144173,9,0
mfcc_1_p90,0.013603009283542633,9,0
contrast_1_p10,0.012891282327473164,9,0
mfcc_delta_8_p10,0.012473310343921185,9,0
mfcc_delta_6_p10,0.012317915447056293,9,0
mfcc_delta_12_std,0.012015570886433125,9,0
mfcc_delta_0_p90,0.011445020325481892,9,0
mfcc_0_mean,0.010774870403110981,9,0
mfcc_11_p90,0.01053506601601839,9,0
mfcc_14_std,0.010284367017447948,9,0
mfcc_13_p10,0.009962053969502449,9,0
mfcc_0_p10,0.009680239483714104,9,0
mfcc_delta_10_p10,0.00943985115736723,9,0
mfcc_delta_11_p90,0.009433186613023281,9,0
spectral_entropy_p10,0.009232898242771626,9,0
contrast_1_mean,0.009002764709293842,9,0
flatness_p10,0.008893928490579128,9,0
contrast_0_std,0.00888526439666748,9,0
mfcc_19_p90,0.00876681599766016,9,0
contrast_3_p10,0.008577064611017704,9,0
contrast_5_std,0.008485297672450542,9,0
mfcc_11_p10,0.008393610827624798,9,0
mfcc_9_p10,0.008242194540798664,9,0
mfcc_delta_19_p10,0.008166187442839146,9,0
mfcc_10_std,0.008061436004936695,9,0
rolloff85_mean,0.008032433688640594,9,0
rms_p10,0.007944646291434765,9,0
contrast_5_p10,0.00792135763913393,9,0
mfcc_1_p10,0.007907395251095295,9,0
contrast_1_p90,0.007887562736868858,9,0
mfcc_3_p10,0.007520278450101614,9,0
spectral_entropy_p90,0.0073949191719293594,9,0
mfcc_1_mean,0.007358378730714321,9,0
contrast_0_mean,0.0073318518698215485,9,0
mfcc_delta_15_p90,0.0072219581343233585,9,0
zero_crossing_rate_p10,0.006869906093925238,9,0
mfcc_4_std,0.006709365639835596,9,0
mfcc_9_std,0.006703043822199106,9,0
mfcc_6_mean,0.006621661130338907,9,0
mfcc_delta_2_std,0.006399610545486212,9,0
mfcc_delta_4_p10,0.006306256167590618,9,0
mfcc_delta_15_mean,0.006302365567535162,9,0
contrast_2_p10,0.0062303608283400536,9,0
mfcc_delta_6_p90,0.006082537118345499,9,0
mfcc_19_std,0.005932566709816456,9,0
mfcc_19_p10,0.00589745631441474,9,0
mfcc_18_mean,0.0057763513177633286,9,0
centroid_mean,0.005699676461517811,9,0
centroid_p10,0.005694263614714146,9,0
bandwidth_mean,0.005677821114659309,9,0
contrast_5_std,0.04080413281917572,9,1
contrast_5_p10,0.03216264396905899,9,1
flatness_p90,0.025324245914816856,9,1
bandwidth_std,0.02217390015721321,9,1
mfcc_15_std,0.014052201062440872,9,1
spectral_entropy_p10,0.013873930089175701,9,1
mfcc_2_p90,0.013790790922939777,9,1
mfcc_delta_15_p10,0.012608922086656094,9,1
contrast_1_p10,0.012537892907857895,9,1
mfcc_15_p10,0.012115925550460815,9,1
contrast_1_mean,0.011088425293564796,9,1
flatness_mean,0.011060398072004318,9,1
mfcc_4_mean,0.01067777443677187,9,1
mfcc_delta_11_p90,0.010499403811991215,9,1
mfcc_6_p10,0.010403096675872803,9,1
mfcc_delta_10_p10,0.010348864831030369,9,1
contrast_5_mean,0.009719318710267544,9,1
mfcc_6_p90,0.009587443433701992,9,1
mfcc_delta_16_std,0.009325110353529453,9,1
mfcc_14_p10,0.009322496131062508,9,1
mfcc_10_p10,0.009182849898934364,9,1
rms_mean,0.009141773916780949,9,1
contrast_0_p90,0.009115483611822128,9,1
mfcc_delta_3_std,0.009066766127943993,9,1
mfcc_delta_15_std,0.008671528659760952,9,1
mfcc_1_p90,0.008574893698096275,9,1
contrast_1_p90,0.00829598680138588,9,1
mfcc_3_p10,0.008171284571290016,9,1
mfcc_delta_16_p90,0.007819374091923237,9,1
contrast_0_mean,0.007675417698919773,9,1
mfcc_delta_12_p90,0.007553298957645893,9,1
mfcc_6_mean,0.007305785082280636,9,1
contrast_0_std,0.007248596753925085,9,1
contrast_2_mean,0.007110083010047674,9,1
mfcc_delta_9_std,0.00707101309671998,9,1
mfcc_9_p90,0.007020893506705761,9,1
mfcc_16_std,0.006824744865298271,9,1
mfcc_delta_12_p10,0.006815450266003609,9,1
mfcc_delta_6_mean,0.0065777115523815155,9,1
dominant_frequency,0.006541432347148657,9,1
mfcc_delta_13_p10,0.006373791489750147,9,1
mfcc_delta_1_p10,0.006287874188274145,9,1
zero_crossing_rate_std,0.006187531631439924,9,1
spectral_entropy_mean,0.005965465679764748,9,1
mfcc_delta_8_std,0.005964163690805435,9,1
mfcc_5_mean,0.005593277048319578,9,1
mfcc_delta_16_p10,0.00558910146355629,9,1
mfcc_15_mean,0.005550321191549301,9,1
mfcc_3_std,0.0055449181236326694,9,1
mfcc_delta_2_std,0.005499536171555519,9,1
mfcc_14_mean,0.005481055472046137,9,1
mfcc_delta_10_p90,0.005423430353403091,9,1
mfcc_16_p90,0.005376074928790331,9,1
mfcc_delta_3_p10,0.005313667934387922,9,1
zero_crossing_rate_mean,0.005311142653226852,9,1
mfcc_delta_7_mean,0.0052956510335206985,9,1
mfcc_delta_2_p90,0.005239063873887062,9,1
bandwidth_mean,0.005163042806088924,9,1
mfcc_11_p90,0.005113713908940554,9,1
mfcc_delta_7_p90,0.005108749493956566,9,1
mfcc_delta_2_p90,0.04156041890382767,9,2
rolloff85_p90,0.031965650618076324,9,2
mfcc_16_p90,0.02417770028114319,9,2
centroid_p90,0.02316778153181076,9,2
rolloff85_p10,0.02007194235920906,9,2
dominant_frequency,0.01931844651699066,9,2
mfcc_delta_2_p10,0.017838288098573685,9,2
mfcc_4_p90,0.016431625932455063,9,2
flatness_mean,0.014787770807743073,9,2
mfcc_5_mean,0.014508464373648167,9,2
mfcc_6_p90,0.01444079540669918,9,2
mfcc_delta_12_p90,0.01405850239098072,9,2
mfcc_4_p10,0.012976756319403648,9,2
mfcc_delta_3_p10,0.012815524823963642,9,2
mfcc_6_mean,0.012506555765867233,9,2
contrast_1_mean,0.011900853365659714,9,2
mfcc_15_p90,0.01166971679776907,9,2
mfcc_1_std,0.011584547348320484,9,2
mfcc_delta_1_std,0.011095469817519188,9,2
mfcc_19_p90,0.011035742238163948,9,2
rolloff85_mean,0.010118355974555016,9,2
contrast_3_p10,0.00963295716792345,9,2
centroid_p10,0.009176675230264664,9,2
zero_crossing_rate_std,0.009105726145207882,9,2
mfcc_delta_0_p90,0.009076607413589954,9,2
mfcc_delta_10_p10,0.009015880525112152,9,2
mfcc_delta_10_std,0.00880057830363512,9,2
mfcc_delta_7_std,0.008771348744630814,9,2
mfcc_delta_1_p10,0.008722230792045593,9,2
mfcc_12_mean,0.008587753400206566,9,2
mfcc_6_p10,0.008479967713356018,9,2
mfcc_delta_15_std,0.008385695517063141,9,2
mfcc_7_p90,0.008253520354628563,9,2
mfcc_7_mean,0.008106205612421036,9,2
mfcc_16_mean,0.007728287950158119,9,2
mfcc_delta_8_p90,0.007573496550321579,9,2
mfcc_delta_7_p10,0.007517178077250719,9,2
spectral_entropy_p90,0.00749495392665267,9,2
mfcc_delta_19_std,0.007466262672096491,9,2
zero_crossing_rate_mean,0.00708977272734046,9,2
rms_mean,0.006974506191909313,9,2
contrast_1_p90,0.006921663414686918,9,2
contrast_5_std,0.006841078866273165,9,2
mfcc_2_p90,0.006764765828847885,9,2
mfcc_15_mean,0.0066583179868757725,9,2
mfcc_8_p90,0.006657698191702366,9,2
mfcc_delta_3_p90,0.006589260417968035,9,2
mfcc_delta_1_p90,0.006589023396372795,9,2
mfcc_18_p90,0.0065627372823655605,9,2
dominant_frequency_ratio,0.006542711053043604,9,2
mfcc_17_mean,0.00651045236736536,9,2
mfcc_1_mean,0.006466547027230263,9,2
mfcc_13_mean,0.006306916940957308,9,2
flatness_p10,0.006116386502981186,9,2
mfcc_15_p10,0.006109701469540596,9,2
mfcc_8_mean,0.006042949855327606,9,2
mfcc_12_p90,0.0059823463670909405,9,2
mfcc_9_p10,0.005953832529485226,9,2
centroid_mean,0.005667947232723236,9,2
mfcc_11_std,0.005570949520915747,9,2
spectral_entropy_p10,0.036808472126722336,9,3
zero_crossing_rate_std,0.033066097646951675,9,3
mfcc_2_p90,0.029896782711148262,9,3
contrast_5_std,0.02923770062625408,9,3
rms_mean,0.028969282284379005,9,3
mfcc_10_p90,0.027811629697680473,9,3
mfcc_delta_12_p90,0.016749540343880653,9,3
contrast_1_p10,0.016437087208032608,9,3
contrast_0_p10,0.015763569623231888,9,3
mfcc_0_p90,0.015513689257204533,9,3
mfcc_5_p90,0.015372865833342075,9,3
mfcc_10_mean,0.013781396672129631,9,3
spectral_entropy_std,0.013555735349655151,9,3
contrast_5_p10,0.012844291515648365,9,3
mfcc_14_p90,0.012460721656680107,9,3
mfcc_11_p90,0.012213345617055893,9,3
mfcc_delta_1_p10,0.010914023965597153,9,3
mfcc_14_p10,0.010912830010056496,9,3
bandwidth_p90,0.010801933705806732,9,3
mfcc_delta_2_p90,0.010553589090704918,9,3
rms_p10,0.010310128331184387,9,3
mfcc_delta_9_std,0.01005332637578249,9,3
mfcc_12_p90,0.009761132299900055,9,3
mfcc_delta_2_std,0.009291689842939377,9,3
mfcc_7_p90,0.008953161537647247,9,3
contrast_5_mean,0.008828314021229744,9,3
bandwidth_p10,0.008690807968378067,9,3
mfcc_delta_3_p90,0.008632508106529713,9,3
mfcc_delta_1_mean,0.008605715818703175,9,3
mfcc_13_p90,0.008058103732764721,9,3
zero_crossing_rate_p10,0.00799845065921545,9,3
spectral_entropy_mean,0.007949025370180607,9,3
contrast_0_p90,0.007870753295719624,9,3
mfcc_0_p10,0.00773167610168457,9,3
rolloff85_mean,0.007601139135658741,9,3
mfcc_8_p10,0.007270010653883219,9,3
mfcc_3_p10,0.0072226859629154205,9,3
dominant_frequency,0.007077218499034643,9,3
mfcc_1_p10,0.00702695595100522,9,3
flatness_p10,0.006932604592293501,9,3
mfcc_delta_0_std,0.006662535946816206,9,3
contrast_0_mean,0.006612805649638176,9,3
spectral_entropy_p90,0.006451928522437811,9,3
bandwidth_std,0.006397223100066185,9,3
mfcc_1_std,0.006339701823890209,9,3
bandwidth_mean,0.006320202257484198,9,3
mfcc_14_mean,0.006241506896913052,9,3
centroid_p90,0.006130083929747343,9,3
mfcc_delta_15_std,0.006083246320486069,9,3
mfcc_4_p90,0.006024285219609737,9,3
mfcc_1_mean,0.005918092094361782,9,3
mfcc_9_mean,0.005888188257813454,9,3
mfcc_0_mean,0.005860478617250919,9,3
flatness_std,0.005732464604079723,9,3
zero_crossing_rate_p90,0.005673193372786045,9,3
mfcc_delta_3_std,0.0055910749360919,9,3
mfcc_2_p10,0.005333879496902227,9,3
mfcc_3_mean,0.005284337792545557,9,3
mfcc_delta_10_p90,0.005134837701916695,9,3
mfcc_5_mean,0.005068677477538586,9,3
flatness_p90,0.08870802074670792,9,4
contrast_1_p90,0.04092429205775261,9,4
flatness_mean,0.03830748423933983,9,4
contrast_1_p10,0.024197421967983246,9,4
contrast_0_std,0.020647240802645683,9,4
mfcc_11_mean,0.020231865346431732,9,4
mfcc_6_p90,0.01969986781477928,9,4
bandwidth_p10,0.016677573323249817,9,4
mfcc_5_mean,0.01600881852209568,9,4
rolloff85_p90,0.015332539565861225,9,4
spectral_entropy_p90,0.014490467496216297,9,4
mfcc_4_mean,0.013876130804419518,9,4
mfcc_7_std,0.013852606527507305,9,4
mfcc_6_mean,0.013576682657003403,9,4
mfcc_delta_2_std,0.013477773405611515,9,4
spectral_entropy_p10,0.01200699433684349,9,4
spectral_entropy_mean,0.01154983602464199,9,4
centroid_p90,0.011232329532504082,9,4
contrast_5_std,0.010946418158710003,9,4
mfcc_4_p10,0.010363969951868057,9,4
mfcc_5_p90,0.010324254631996155,9,4
mfcc_3_p90,0.010280382819473743,9,4
mfcc_3_mean,0.010223712772130966,9,4
contrast_3_p10,0.009992302395403385,9,4
mfcc_3_std,0.00972793623805046,9,4
centroid_mean,0.00964435376226902,9,4
mfcc_8_mean,0.009272031486034393,9,4
contrast_1_mean,0.009176301769912243,9,4
mfcc_0_mean,0.008875374682247639,9,4
mfcc_11_p10,0.00867279153317213,9,4
mfcc_delta_3_p10,0.008134542964398861,9,4
mfcc_6_p10,0.008076443336904049,9,4
dominant_frequency_ratio,0.00800511334091425,9,4
mfcc_4_p90,0.008000959642231464,9,4
zero_crossing_rate_p90,0.007954188622534275,9,4
mfcc_delta_7_std,0.007842916063964367,9,4
mfcc_10_p90,0.0076497276313602924,9,4
rolloff85_p10,0.007255672477185726,9,4
mfcc_2_mean,0.007224366534501314,9,4
contrast_4_mean,0.00714530237019062,9,4
mfcc_3_p10,0.006920842919498682,9,4
mfcc_0_std,0.006743366364389658,9,4
mfcc_delta_13_mean,0.006636479869484901,9,4
mfcc_delta_0_std,0.0065146684646606445,9,4
mfcc_delta_2_mean,0.006470253225415945,9,4
centroid_std,0.006441356148570776,9,4
contrast_0_p10,0.006416898686438799,9,4
contrast_4_p10,0.00640087341889739,9,4
mfcc_17_std,0.006082058418542147,9,4
flatness_p10,0.00608105817809701,9,4
zero_crossing_rate_std,0.005850582849234343,9,4
mfcc_4_std,0.005660203751176596,9,4
mfcc_delta_2_p10,0.005499277263879776,9,4
flatness_std,0.005436211824417114,9,4
contrast_0_p90,0.005365396849811077,9,4
zero_crossing_rate_mean,0.0052740490064024925,9,4
rms_mean,0.005255744792521,9,4
mfcc_1_mean,0.0050293439999222755,9,4
mfcc_8_p90,0.005011770874261856,9,4
mfcc_0_p10,0.005007870960980654,9,4
