feature,gain,repeat,fold
mfcc_2_p90,0.11144043505191803,0,0
mfcc_2_mean,0.06482686847448349,0,0
mfcc_2_p10,0.02064814604818821,0,0
rolloff85_mean,0.018042264506220818,0,0
contrast_3_p10,0.017660845071077347,0,0
contrast_3_mean,0.017629893496632576,0,0
bandwidth_mean,0.014742573723196983,0,0
contrast_0_mean,0.014277482405304909,0,0
rms_p10,0.01390248816460371,0,0
mfcc_1_mean,0.01352769136428833,0,0
mfcc_delta_3_p90,0.011456465348601341,0,0
mfcc_8_std,0.011375145055353642,0,0
bandwidth_p90,0.010768220759928226,0,0
contrast_0_p90,0.010521112941205502,0,0
mfcc_delta_15_std,0.010276074521243572,0,0
dominant_frequency,0.010169291868805885,0,0
spectral_entropy_p10,0.010094312950968742,0,0
centroid_p10,0.008871794678270817,0,0
mfcc_6_p90,0.008825400844216347,0,0
bandwidth_p10,0.008510320447385311,0,0
mfcc_17_mean,0.008423035964369774,0,0
mfcc_0_std,0.008333195932209492,0,0
mfcc_1_p10,0.007787657435983419,0,0
mfcc_3_mean,0.007736914791166782,0,0
mfcc_4_mean,0.007672889623790979,0,0
contrast_5_mean,0.007599966134876013,0,0
mfcc_3_p90,0.007498147897422314,0,0
mfcc_0_p10,0.006922926288098097,0,0
mfcc_18_p10,0.006697675678879023,0,0
mfcc_7_std,0.006625395268201828,0,0
mfcc_6_p10,0.0064474293030798435,0,0
flatness_p10,0.006414731033146381,0,0
contrast_3_p90,0.006221764255315065,0,0
mfcc_delta_8_std,0.006089626345783472,0,0
contrast_1_mean,0.005901220254600048,0,0
contrast_4_p90,0.005825227126479149,0,0
mfcc_17_p90,0.005457822699099779,0,0
mfcc_10_p90,0.005244181025773287,0,0
rolloff85_p10,0.005189485847949982,0,0
mfcc_delta_7_p90,0.005116689950227737,0,0
mfcc_6_mean,0.005029314663261175,0,0
mfcc_3_p10,0.004932759329676628,0,0
mfcc_6_std,0.004903110675513744,0,0
mfcc_delta_17_std,0.0048802862875163555,0,0
mfcc_9_p90,0.004764806479215622,0,0
mfcc_4_p10,0.0046945963986217976,0,0
contrast_2_std,0.00469142897054553,0,0
spectral_entropy_p90,0.004690002184361219,0,0
mfcc_delta_9_p10,0.004655714612454176,0,0
mfcc_delta_16_std,0.0045953295193612576,0,0
spectral_entropy_mean,0.004571668338030577,0,0
flatness_p90,0.004539484158158302,0,0
zero_crossing_rate_p10,0.004528912249952555,0,0
mfcc_8_p10,0.0044360714964568615,0,0
mfcc_13_p10,0.004403466358780861,0,0
dominant_frequency_ratio,0.004271426238119602,0,0
mfcc_2_std,0.0042459298856556416,0,0
mfcc_5_mean,0.004151309374719858,0,0
contrast_1_p90,0.0041491021402180195,0,0
mfcc_delta_4_p10,0.004097338765859604,0,0
mfcc_2_mean,0.1255289763212204,0,1
mfcc_2_p90,0.10021860897541046,0,1
mfcc_2_p10,0.02732844278216362,0,1
contrast_3_p10,0.024186410009860992,0,1
flatness_std,0.018922148272395134,0,1
rms_p90,0.013324156403541565,0,1
bandwidth_mean,0.01226730179041624,0,1
contrast_3_mean,0.012188895605504513,0,1
mfcc_3_mean,0.011124782264232635,0,1
rms_mean,0.010625996626913548,0,1
flatness_p90,0.010616711340844631,0,1
spectral_entropy_p10,0.010075400583446026,0,1
rms_p10,0.00944733340293169,0,1
mfcc_18_p10,0.008224190212786198,0,1
spectral_entropy_mean,0.007846873253583908,0,1
mfcc_7_std,0.007404437754303217,0,1
contrast_0_mean,0.006952707190066576,0,1
dominant_frequency_ratio,0.006871952675282955,0,1
mfcc_15_mean,0.006538402754813433,0,1
mfcc_6_p90,0.0062114461325109005,0,1
mfcc_11_mean,0.006062610540539026,0,1
mfcc_delta_4_std,0.00590999610722065,0,1
mfcc_0_p10,0.005887889303267002,0,1
mfcc_0_mean,0.005797341000288725,0,1
mfcc_17_p90,0.005709357094019651,0,1
mfcc_8_std,0.005616900511085987,0,1
mfcc_6_p10,0.0055829850025475025,0,1
mfcc_18_p90,0.005467538256198168,0,1
mfcc_4_p10,0.005465072114020586,0,1
mfcc_19_p90,0.005306649953126907,0,1
mfcc_17_mean,0.0052029131911695,0,1
mfcc_delta_8_std,0.004740496631711721,0,1
rolloff85_mean,0.004690519534051418,0,1
mfcc_3_p90,0.004545961041003466,0,1
bandwidth_p90,0.004457061644643545,0,1
contrast_0_p90,0.0044497232884168625,0,1
mfcc_8_p10,0.004404882900416851,0,1
mfcc_delta_3_p90,0.004392202012240887,0,1
contrast_4_p90,0.004387744702398777,0,1
mfcc_5_p90,0.00429496867582202,0,1
mfcc_0_p90,0.004245699383318424,0,1
mfcc_delta_0_p90,0.004193500615656376,0,1
mfcc_delta_8_p90,0.004184940364211798,0,1
mfcc_10_p10,0.004181687254458666,0,1
mfcc_delta_9_std,0.004151194356381893,0,1
contrast_5_p10,0.004041140899062157,0,1
rolloff85_p90,0.003970986697822809,0,1
centroid_p10,0.00396762927994132,0,1
centroid_mean,0.003945895470678806,0,1
mfcc_1_p10,0.0039406027644872665,0,1
mfcc_delta_14_p90,0.003905949182808399,0,1
mfcc_delta_3_std,0.0038802798371762037,0,1
rolloff85_p10,0.003864280181005597,0,1
mfcc_4_mean,0.00385983451269567,0,1
mfcc_13_p90,0.0038468525744974613,0,1
mfcc_5_mean,0.00382822728715837,0,1
mfcc_1_p90,0.003827510867267847,0,1
mfcc_9_mean,0.0038203177973628044,0,1
contrast_1_p90,0.0037910304963588715,0,1
mfcc_17_std,0.0037757568061351776,0,1
mfcc_2_p90,0.18580442667007446,0,2
mfcc_2_mean,0.06076696142554283,0,2
mfcc_2_p10,0.025833265855908394,0,2
mfcc_4_mean,0.025634432211518288,0,2
flatness_p10,0.021700838580727577,0,2
rms_mean,0.014414037577807903,0,2
centroid_p10,0.013398637063801289,0,2
mfcc_4_p10,0.012452680617570877,0,2
bandwidth_p90,0.01234287116676569,0,2
bandwidth_mean,0.01096339337527752,0,2
mfcc_19_p10,0.00896156020462513,0,2
dominant_frequency_ratio,0.008661932311952114,0,2
rms_p90,0.008526035584509373,0,2
flatness_mean,0.008448845706880093,0,2
mfcc_3_mean,0.008131700567901134,0,2
mfcc_0_std,0.007914812304079533,0,2
rms_p10,0.007548030000180006,0,2
mfcc_18_p10,0.007436670362949371,0,2
mfcc_10_p90,0.007434139493852854,0,2
mfcc_8_std,0.006728596985340118,0,2
mfcc_6_mean,0.0066533759236335754,0,2
mfcc_3_p90,0.00648352550342679,0,2
mfcc_7_p10,0.006161085329949856,0,2
mfcc_delta_17_p90,0.006130519323050976,0,2
rolloff85_p10,0.005804572720080614,0,2
contrast_5_p10,0.0056707109324634075,0,2
flatness_p90,0.005623817443847656,0,2
rolloff85_mean,0.005425915587693453,0,2
mfcc_1_std,0.005247796885669231,0,2
mfcc_delta_7_p90,0.005092042498290539,0,2
contrast_3_p10,0.004925594665110111,0,2
mfcc_0_p10,0.004901302047073841,0,2
zero_crossing_rate_std,0.004768727347254753,0,2
mfcc_15_mean,0.004768606275320053,0,2
mfcc_1_p10,0.0047443220391869545,0,2
mfcc_delta_9_p90,0.004719025455415249,0,2
mfcc_7_mean,0.004603418987244368,0,2
mfcc_delta_17_p10,0.004585503600537777,0,2
mfcc_0_p90,0.004475577734410763,0,2
mfcc_7_p90,0.004337889142334461,0,2
mfcc_1_p90,0.0042267004027962685,0,2
mfcc_5_mean,0.00422460213303566,0,2
contrast_0_mean,0.004220608156174421,0,2
mfcc_delta_15_p90,0.004220064263790846,0,2
mfcc_16_mean,0.00421297550201416,0,2
mfcc_1_mean,0.004174527712166309,0,2
mfcc_11_p10,0.00405557407066226,0,2
contrast_0_p90,0.004002186469733715,0,2
spectral_entropy_std,0.0039597502909600735,0,2
mfcc_delta_8_p10,0.003908063750714064,0,2
mfcc_4_std,0.0038455375470221043,0,2
mfcc_13_mean,0.003819834440946579,0,2
mfcc_delta_11_std,0.0038118059746921062,0,2
mfcc_16_p90,0.0038018866907805204,0,2
mfcc_8_mean,0.003779847174882889,0,2
mfcc_delta_19_std,0.003709594951942563,0,2
mfcc_15_p90,0.003694267012178898,0,2
mfcc_0_mean,0.003683269489556551,0,2
mfcc_15_p10,0.003644525771960616,0,2
mfcc_13_p10,0.003639129688963294,0,2
mfcc_2_mean,0.14202861487865448,0,3
mfcc_2_p10,0.05042057856917381,0,3
mfcc_2_p90,0.048259444534778595,0,3
contrast_3_p10,0.017368044704198837,0,3
flatness_std,0.014045009389519691,0,3
mfcc_4_p10,0.013895070180296898,0,3
bandwidth_mean,0.012687336653470993,0,3
contrast_3_mean,0.012536555528640747,0,3
dominant_frequency_ratio,0.011004873551428318,0,3
bandwidth_p90,0.010681239888072014,0,3
bandwidth_p10,0.009683091193437576,0,3
flatness_p10,0.009360256604850292,0,3
mfcc_8_std,0.008442231453955173,0,3
mfcc_1_std,0.00835794024169445,0,3
rms_p90,0.008128084242343903,0,3
rms_std,0.007270866073668003,0,3
mfcc_7_mean,0.007134153973311186,0,3
mfcc_0_std,0.007078276947140694,0,3
mfcc_13_p90,0.006841712631285191,0,3
spectral_entropy_std,0.006742020137608051,0,3
mfcc_18_p10,0.006733939051628113,0,3
mfcc_10_p90,0.006558388005942106,0,3
mfcc_delta_17_p90,0.006546455901116133,0,3
mfcc_4_mean,0.006531146354973316,0,3
mfcc_7_p10,0.0061858887784183025,0,3
mfcc_3_p90,0.006173009518533945,0,3
mfcc_17_mean,0.006113131530582905,0,3
contrast_5_p10,0.006096680648624897,0,3
contrast_1_mean,0.005744527094066143,0,3
mfcc_7_std,0.005725471768528223,0,3
contrast_4_std,0.005712440237402916,0,3
contrast_0_p90,0.005658670328557491,0,3
mfcc_1_p10,0.005603348836302757,0,3
mfcc_15_mean,0.0055512976832687855,0,3
mfcc_6_p90,0.005468304734677076,0,3
mfcc_13_mean,0.005387230310589075,0,3
contrast_5_mean,0.0053308336064219475,0,3
contrast_0_mean,0.005317896604537964,0,3
mfcc_delta_7_p90,0.005272052716463804,0,3
mfcc_9_p10,0.005231006070971489,0,3
mfcc_delta_17_std,0.005039162002503872,0,3
mfcc_0_mean,0.004993641283363104,0,3
centroid_p90,0.004959805402904749,0,3
zero_crossing_rate_mean,0.004917760379612446,0,3
dominant_frequency,0.004852617159485817,0,3
rolloff85_mean,0.0048494781367480755,0,3
rms_p10,0.004820873029530048,0,3
mfcc_6_p10,0.004679786041378975,0,3
mfcc_1_p90,0.004620359744876623,0,3
mfcc_15_p10,0.004584109876304865,0,3
spectral_entropy_p10,0.004386566113680601,0,3
mfcc_11_mean,0.0043719056993722916,0,3
mfcc_delta_14_std,0.0043358346447348595,0,3
mfcc_6_mean,0.004315041471272707,0,3
centroid_p10,0.004302705638110638,0,3
mfcc_6_std,0.0041402229107916355,0,3
mfcc_18_mean,0.004128891974687576,0,3
mfcc_16_std,0.004125362262129784,0,3
mfcc_delta_8_p10,0.004043511115014553,0,3
mfcc_1_mean,0.004017861559987068,0,3
contrast_3_mean,0.07568381726741791,0,4
mfcc_2_p90,0.057816218584775925,0,4
contrast_3_p10,0.03812035545706749,0,4
mfcc_2_mean,0.024574123322963715,0,4
bandwidth_p90,0.018916914239525795,0,4
rms_p10,0.015875307843089104,0,4
mfcc_4_p10,0.013169350102543831,0,4
bandwidth_mean,0.012410965748131275,0,4
rms_mean,0.009981242939829826,0,4
rolloff85_mean,0.009556081146001816,0,4
mfcc_0_p10,0.00949898175895214,0,4
mfcc_1_mean,0.009478465653955936,0,4
mfcc_3_p10,0.009333321824669838,0,4
mfcc_0_mean,0.009120230562984943,0,4
contrast_5_mean,0.008860415779054165,0,4
bandwidth_p10,0.008386555127799511,0,4
spectral_entropy_p10,0.008168227970600128,0,4
mfcc_delta_15_std,0.0077850548550486565,0,4
mfcc_0_std,0.0076121119782328606,0,4
dominant_frequency_ratio,0.007592081092298031,0,4
mfcc_delta_18_p90,0.007533319294452667,0,4
mfcc_6_p90,0.00724956626072526,0,4
spectral_entropy_p90,0.0072154635563492775,0,4
mfcc_delta_3_p90,0.007175180595368147,0,4
centroid_p10,0.00710549158975482,0,4
mfcc_delta_7_p90,0.007018206175416708,0,4
contrast_5_p10,0.006776328198611736,0,4
mfcc_7_std,0.00672631710767746,0,4
spectral_entropy_mean,0.0066807810217142105,0,4
contrast_1_p90,0.0064856866374611855,0,4
mfcc_1_p10,0.006443615071475506,0,4
mfcc_3_mean,0.006375855766236782,0,4
mfcc_delta_17_p90,0.006363612599670887,0,4
mfcc_18_p10,0.006353606469929218,0,4
flatness_std,0.006335118319839239,0,4
mfcc_8_std,0.006147768348455429,0,4
mfcc_17_mean,0.006058627273887396,0,4
rms_p90,0.006016472354531288,0,4
mfcc_4_mean,0.0059076473116874695,0,4
centroid_p90,0.005848162341862917,0,4
mfcc_3_p90,0.005820103455334902,0,4
mfcc_6_p10,0.00568167632445693,0,4
mfcc_delta_17_p10,0.00556340254843235,0,4
zero_crossing_rate_std,0.005471645854413509,0,4
flatness_mean,0.005438962019979954,0,4
mfcc_5_p10,0.005409200210124254,0,4
mfcc_delta_19_p90,0.005330654326826334,0,4
rolloff85_p90,0.005330400541424751,0,4
contrast_2_mean,0.005202026106417179,0,4
mfcc_delta_14_p90,0.005168070085346699,0,4
contrast_1_mean,0.005126207135617733,0,4
mfcc_11_p90,0.005069551058113575,0,4
mfcc_19_p90,0.0050584618002176285,0,4
mfcc_delta_15_p10,0.005057893227785826,0,4
mfcc_6_std,0.005027580540627241,0,4
flatness_p10,0.0050033037550747395,0,4
mfcc_delta_3_p10,0.004974150098860264,0,4
rms_std,0.004879333078861237,0,4
mfcc_0_p90,0.00485809613019228,0,4
mfcc_13_p10,0.0048394822515547276,0,4
mfcc_2_mean,0.10622101277112961,1,0
mfcc_2_p90,0.09493567049503326,1,0
mfcc_2_p10,0.04061951860785484,1,0
contrast_3_p10,0.017385663464665413,1,0
contrast_3_mean,0.01644568331539631,1,0
bandwidth_p10,0.010424906387925148,1,0
mfcc_1_std,0.00900533888489008,1,0
mfcc_delta_3_p10,0.008660567924380302,1,0
mfcc_7_p10,0.008495209738612175,1,0
bandwidth_mean,0.008441749960184097,1,0
spectral_entropy_mean,0.008075576275587082,1,0
mfcc_0_std,0.00777637492865324,1,0
contrast_1_mean,0.0077047389931976795,1,0
contrast_4_p90,0.007573223672807217,1,0
flatness_p10,0.007365118712186813,1,0
contrast_0_p90,0.007279924117028713,1,0
bandwidth_p90,0.00699604069814086,1,0
mfcc_19_p90,0.006273371633142233,1,0
mfcc_6_mean,0.006254596170037985,1,0
mfcc_18_p10,0.006204615347087383,1,0
mfcc_16_p90,0.00586506025865674,1,0
mfcc_17_mean,0.005863706115633249,1,0
contrast_0_mean,0.005810053087770939,1,0
mfcc_8_std,0.005752161610871553,1,0
centroid_p90,0.005733892787247896,1,0
mfcc_delta_3_p90,0.00568505609408021,1,0
dominant_frequency_ratio,0.005680266302078962,1,0
mfcc_16_p10,0.005647954531013966,1,0
mfcc_delta_14_std,0.005526885390281677,1,0
mfcc_13_p90,0.005449699703603983,1,0
mfcc_16_mean,0.005382478702813387,1,0
mfcc_10_p90,0.005320340860635042,1,0
mfcc_4_mean,0.005300574470311403,1,0
mfcc_8_p90,0.005292581394314766,1,0
mfcc_18_std,0.005226799752563238,1,0
mfcc_delta_6_p90,0.005176580511033535,1,0
mfcc_13_mean,0.00514640100300312,1,0
mfcc_1_p10,0.005006603896617889,1,0
mfcc_delta_12_std,0.004962635226547718,1,0
mfcc_0_p10,0.004955741576850414,1,0
mfcc_delta_17_p10,0.0049318778328597546,1,0
mfcc_delta_2_std,0.0048913536593317986,1,0
contrast_4_std,0.004731652792543173,1,0
rolloff85_mean,0.004683261271566153,1,0
flatness_std,0.004623688291758299,1,0
mfcc_delta_9_std,0.004603839945048094,1,0
zero_crossing_rate_p90,0.004602023866027594,1,0
mfcc_10_p10,0.0045782420784235,1,0
mfcc_1_p90,0.0045037642121315,1,0
contrast_2_std,0.004498478025197983,1,0
mfcc_14_p90,0.00447302358224988,1,0
rms_p10,0.004471880849450827,1,0
rolloff85_std,0.00445816945284605,1,0
mfcc_7_std,0.004441475961357355,1,0
mfcc_delta_8_std,0.004359244368970394,1,0
rms_mean,0.0043427599593997,1,0
mfcc_delta_7_p90,0.004259523469954729,1,0
mfcc_10_mean,0.004253438673913479,1,0
mfcc_delta_17_mean,0.00424216641113162,1,0
mfcc_6_std,0.004231072962284088,1,0
mfcc_2_p90,0.12220122665166855,1,1
mfcc_2_mean,0.10328186303377151,1,1
contrast_0_mean,0.04291403666138649,1,1
contrast_3_p10,0.020507754758000374,1,1
flatness_std,0.018923163414001465,1,1
contrast_0_p90,0.017480971291661263,1,1
rms_mean,0.01535097323358059,1,1
rms_p90,0.011540228500962257,1,1
contrast_3_mean,0.010966995730996132,1,1
rms_p10,0.010363860055804253,1,1
bandwidth_mean,0.009932444430887699,1,1
spectral_entropy_p10,0.009202108718454838,1,1
mfcc_6_p90,0.009081240743398666,1,1
mfcc_3_mean,0.008732405491173267,1,1
spectral_entropy_mean,0.008107026107609272,1,1
mfcc_18_p10,0.007955995388329029,1,1
mfcc_4_mean,0.007853888906538486,1,1
mfcc_8_std,0.007359551265835762,1,1
dominant_frequency_ratio,0.0071137286722660065,1,1
mfcc_2_p10,0.006951683200895786,1,1
mfcc_0_mean,0.006736063864082098,1,1
mfcc_delta_3_p90,0.006259769666939974,1,1
mfcc_4_p10,0.006108066067099571,1,1
mfcc_18_p90,0.006015104241669178,1,1
flatness_p90,0.005615651607513428,1,1
mfcc_17_p90,0.005477418657392263,1,1
centroid_p10,0.00539056770503521,1,1
mfcc_13_p10,0.005335316527634859,1,1
contrast_5_p10,0.005190793424844742,1,1
mfcc_7_std,0.005190777592360973,1,1
mfcc_3_p90,0.00515333004295826,1,1
contrast_1_p10,0.00514996238052845,1,1
zero_crossing_rate_mean,0.005145585630089045,1,1
mfcc_delta_10_std,0.005127361044287682,1,1
mfcc_18_mean,0.005090693477541208,1,1
mfcc_15_mean,0.005020840093493462,1,1
mfcc_delta_17_p90,0.004787731915712357,1,1
mfcc_17_mean,0.0047799996100366116,1,1
mfcc_19_p90,0.004749692045152187,1,1
mfcc_6_p10,0.0046248105354607105,1,1
mfcc_delta_9_std,0.0046222275123000145,1,1
mfcc_delta_8_std,0.00457244785502553,1,1
mfcc_5_p90,0.004429931286722422,1,1
rms_std,0.004291711375117302,1,1
zero_crossing_rate_p90,0.004244571086019278,1,1
bandwidth_p90,0.004204983823001385,1,1
mfcc_0_p90,0.004202712327241898,1,1
rolloff85_p90,0.004128715954720974,1,1
mfcc_17_p10,0.004017731174826622,1,1
mfcc_6_std,0.0039821807295084,1,1
centroid_mean,0.003958611749112606,1,1
mfcc_delta_8_p90,0.003911278210580349,1,1
contrast_4_mean,0.003856315277516842,1,1
mfcc_8_mean,0.003853706642985344,1,1
mfcc_14_p10,0.0038476334884762764,1,1
mfcc_1_p90,0.003830408211797476,1,1
mfcc_delta_3_std,0.003777905134484172,1,1
rolloff85_mean,0.0037696550134569407,1,1
mfcc_delta_0_std,0.0037087081000208855,1,1
mfcc_9_p90,0.0036891428753733635,1,1
mfcc_2_p90,0.18617361783981323,1,2
mfcc_2_mean,0.07212954014539719,1,2
mfcc_2_p10,0.036321744322776794,1,2
flatness_p10,0.02188117615878582,1,2
mfcc_4_mean,0.021112192422151566,1,2
mfcc_4_p10,0.011708901263773441,1,2
centroid_p10,0.011159468442201614,1,2
rms_mean,0.00939702894538641,1,2
mfcc_18_p10,0.008876216597855091,1,2
flatness_mean,0.00866038165986538,1,2
mfcc_3_mean,0.008590088225901127,1,2
mfcc_19_p10,0.008100814186036587,1,2
rms_p10,0.00796996895223856,1,2
rms_p90,0.007316927891224623,1,2
flatness_std,0.0067297243513166904,1,2
mfcc_7_mean,0.006531929597258568,1,2
bandwidth_mean,0.006228338927030563,1,2
mfcc_3_p90,0.006225008517503738,1,2
mfcc_delta_9_p90,0.006002713460475206,1,2
mfcc_0_p10,0.005986545234918594,1,2
rolloff85_mean,0.005956349428743124,1,2
flatness_p90,0.005948313046246767,1,2
mfcc_0_std,0.005834671203047037,1,2
mfcc_6_p10,0.0057533434592187405,1,2
mfcc_16_p90,0.005687767174094915,1,2
mfcc_5_std,0.005591916851699352,1,2
contrast_4_p90,0.0054197912104427814,1,2
contrast_3_mean,0.005396371241658926,1,2
contrast_0_p10,0.005384065210819244,1,2
mfcc_11_std,0.005374374333769083,1,2
mfcc_15_p10,0.005336643662303686,1,2
centroid_mean,0.005298457108438015,1,2
contrast_0_mean,0.005289821419864893,1,2
dominant_frequency,0.005238443147391081,1,2
mfcc_0_p90,0.0051863472908735275,1,2
mfcc_delta_3_p10,0.005175159778445959,1,2
contrast_5_p10,0.005070802289992571,1,2
rolloff85_p90,0.005048820748925209,1,2
mfcc_delta_8_std,0.0050345235504209995,1,2
mfcc_10_p90,0.0049844710156321526,1,2
spectral_entropy_std,0.004942687693983316,1,2
mfcc_8_std,0.004921265412122011,1,2
mfcc_delta_17_p90,0.004902966320514679,1,2
mfcc_delta_14_p10,0.004697693977504969,1,2
mfcc_6_mean,0.004677877761423588,1,2
mfcc_delta_15_p90,0.004629781469702721,1,2
mfcc_8_mean,0.004587690811604261,1,2
mfcc_5_mean,0.004570429679006338,1,2
rolloff85_p10,0.004470079205930233,1,2
mfcc_10_p10,0.004432335030287504,1,2
mfcc_delta_7_p90,0.0044254520907998085,1,2
mfcc_delta_11_std,0.0044247861951589584,1,2
mfcc_15_mean,0.004238857887685299,1,2
contrast_4_p10,0.0041300635784864426,1,2
mfcc_11_mean,0.004068110603839159,1,2
mfcc_1_p10,0.004006299655884504,1,2
mfcc_0_mean,0.0038970746099948883,1,2
bandwidth_p90,0.003892620326951146,1,2
mfcc_1_std,0.003877290990203619,1,2
mfcc_6_p90,0.0038650650531053543,1,2
mfcc_2_mean,0.14267794787883759,1,3
mfcc_2_p90,0.05895344913005829,1,3
mfcc_2_p10,0.04501982778310776,1,3
contrast_3_mean,0.018403004854917526,1,3
mfcc_4_p10,0.014556930400431156,1,3
bandwidth_p10,0.014070081524550915,1,3
rms_p90,0.01361375767737627,1,3
bandwidth_p90,0.012958016246557236,1,3
contrast_3_p10,0.012489045970141888,1,3
flatness_std,0.011742130853235722,1,3
bandwidth_mean,0.009899202734231949,1,3
rms_p10,0.009347960352897644,1,3
centroid_p10,0.008601931855082512,1,3
mfcc_4_mean,0.008435881696641445,1,3
mfcc_8_std,0.007944396696984768,1,3
mfcc_1_std,0.007882367819547653,1,3
mfcc_3_p90,0.0077582718804478645,1,3
mfcc_delta_17_p90,0.006919760722666979,1,3
mfcc_6_p90,0.0068908981047570705,1,3
spectral_entropy_std,0.006639313418418169,1,3
mfcc_19_p90,0.006485177669674158,1,3
mfcc_18_p10,0.006295156665146351,1,3
mfcc_0_std,0.006294656079262495,1,3
contrast_4_std,0.006227822974324226,1,3
mfcc_7_mean,0.005886823870241642,1,3
mfcc_0_mean,0.005846858024597168,1,3
mfcc_delta_7_p90,0.0057051400654017925,1,3
mfcc_15_mean,0.005558028817176819,1,3
mfcc_3_mean,0.005315542221069336,1,3
mfcc_7_p10,0.00524874497205019,1,3
mfcc_7_std,0.005155330523848534,1,3
mfcc_10_p90,0.005022937897592783,1,3
rolloff85_p90,0.004952163901180029,1,3
mfcc_16_p90,0.0048702494241297245,1,3
mfcc_1_p10,0.004866539500653744,1,3
flatness_p10,0.004798527806997299,1,3
mfcc_delta_2_p10,0.004789914004504681,1,3
mfcc_14_p10,0.004766990430653095,1,3
contrast_0_mean,0.0047648013569414616,1,3
centroid_std,0.004697161726653576,1,3
mfcc_6_std,0.0046950955875217915,1,3
flatness_p90,0.004650900140404701,1,3
mfcc_1_mean,0.004624741151928902,1,3
contrast_4_p90,0.004580202512443066,1,3
rolloff85_mean,0.004574785009026527,1,3
mfcc_delta_8_std,0.004514937289059162,1,3
mfcc_delta_1_p10,0.004504667595028877,1,3
mfcc_18_p90,0.004500688053667545,1,3
spectral_entropy_p10,0.004486600402742624,1,3
mfcc_17_mean,0.004475041758269072,1,3
spectral_entropy_mean,0.00444779172539711,1,3
mfcc_10_p10,0.004414132796227932,1,3
mfcc_13_p90,0.004410919267684221,1,3
mfcc_8_p90,0.004371644463390112,1,3
mfcc_delta_17_p10,0.00433732382953167,1,3
mfcc_13_mean,0.004274746403098106,1,3
mfcc_delta_17_std,0.004264430142939091,1,3
mfcc_6_p10,0.004215022549033165,1,3
contrast_5_p10,0.004212423227727413,1,3
contrast_0_p90,0.004172383341938257,1,3
contrast_3_mean,0.06793411821126938,1,4
contrast_3_p10,0.06313523650169373,1,4
mfcc_2_p90,0.05279475450515747,1,4
mfcc_2_mean,0.03902329504489899,1,4
bandwidth_mean,0.027087228372693062,1,4
bandwidth_p90,0.017252126708626747,1,4
bandwidth_p10,0.013716792687773705,1,4
contrast_5_mean,0.011946461163461208,1,4
mfcc_0_std,0.011115603148937225,1,4
rolloff85_mean,0.01039790641516447,1,4
mfcc_14_std,0.010371619835495949,1,4
contrast_3_p90,0.009824274107813835,1,4
spectral_entropy_p10,0.00943775475025177,1,4
rms_p10,0.009308785200119019,1,4
centroid_p10,0.009104850701987743,1,4
mfcc_7_std,0.008744998835027218,1,4
mfcc_0_mean,0.008738448843359947,1,4
mfcc_1_mean,0.008422624319791794,1,4
mfcc_3_mean,0.008413800038397312,1,4
mfcc_17_mean,0.008314350619912148,1,4
mfcc_1_std,0.00812240969389677,1,4
mfcc_delta_15_std,0.007943296805024147,1,4
spectral_entropy_mean,0.007580231409519911,1,4
mfcc_8_std,0.007394804153591394,1,4
mfcc_6_p10,0.007121936418116093,1,4
contrast_5_p10,0.007105541881173849,1,4
mfcc_19_p90,0.006948539987206459,1,4
contrast_0_p10,0.006680435035377741,1,4
mfcc_delta_17_p90,0.006656226702034473,1,4
mfcc_3_p90,0.006539417430758476,1,4
mfcc_18_p10,0.006524003576487303,1,4
mfcc_delta_19_p90,0.006490007508546114,1,4
contrast_1_mean,0.006412132643163204,1,4
mfcc_4_mean,0.006383069325238466,1,4
contrast_0_p90,0.006083796266466379,1,4
flatness_std,0.005940187722444534,1,4
mfcc_delta_8_std,0.0057698823511600494,1,4
zero_crossing_rate_mean,0.005692877806723118,1,4
spectral_entropy_p90,0.005576810799539089,1,4
mfcc_delta_4_p10,0.005513541400432587,1,4
mfcc_0_p10,0.0053785415366292,1,4
mfcc_delta_11_p90,0.0053198388777673244,1,4
rolloff85_p90,0.005309958942234516,1,4
mfcc_1_p10,0.005307849496603012,1,4
mfcc_delta_7_p90,0.0051859039813280106,1,4
mfcc_17_p90,0.005184892565011978,1,4
mfcc_12_mean,0.005162754561752081,1,4
mfcc_11_p90,0.005106290336698294,1,4
mfcc_3_p10,0.0049962690100073814,1,4
mfcc_delta_3_p90,0.004980723839253187,1,4
mfcc_0_p90,0.004968214314430952,1,4
dominant_frequency,0.0049417875707149506,1,4
mfcc_5_mean,0.004920079372823238,1,4
mfcc_delta_3_p10,0.004857922438532114,1,4
mfcc_delta_15_p10,0.0048285177908837795,1,4
spectral_entropy_std,0.004559971392154694,1,4
mfcc_17_std,0.004422527737915516,1,4
centroid_mean,0.004352737683802843,1,4
contrast_1_p90,0.004348525777459145,1,4
mfcc_9_std,0.004330134484916925,1,4
mfcc_2_mean,0.09334604442119598,2,0
mfcc_2_p90,0.07331991195678711,2,0
mfcc_2_p10,0.025449156761169434,2,0
contrast_3_mean,0.020904114469885826,2,0
contrast_3_p10,0.017677543684840202,2,0
bandwidth_p90,0.010543165728449821,2,0
rms_mean,0.009668595157563686,2,0
mfcc_1_std,0.009133453480899334,2,0
bandwidth_mean,0.008957006968557835,2,0
contrast_4_p90,0.008287252858281136,2,0
mfcc_6_p90,0.008181678131222725,2,0
mfcc_0_std,0.008175225928425789,2,0
bandwidth_p10,0.008050131611526012,2,0
rms_p10,0.007300097029656172,2,0
mfcc_1_p10,0.006912055425345898,2,0
mfcc_delta_7_p90,0.0066088526509702206,2,0
mfcc_13_p90,0.00641139131039381,2,0
mfcc_18_std,0.006403945852071047,2,0
flatness_p90,0.0061570582911372185,2,0
mfcc_17_p90,0.006132478825747967,2,0
contrast_0_mean,0.0061270189471542835,2,0
mfcc_16_mean,0.00611474784091115,2,0
mfcc_5_mean,0.0060086483135819435,2,0
zero_crossing_rate_p10,0.005994172766804695,2,0
mfcc_11_mean,0.005912126041948795,2,0
mfcc_18_p10,0.0059050763957202435,2,0
zero_crossing_rate_std,0.005854036193341017,2,0
spectral_entropy_std,0.005822184029966593,2,0
mfcc_15_mean,0.005737981293350458,2,0
mfcc_18_p90,0.005727770272642374,2,0
mfcc_8_std,0.0056123388931155205,2,0
mfcc_7_std,0.005607527680695057,2,0
contrast_4_p10,0.00555369583889842,2,0
mfcc_4_mean,0.005506029352545738,2,0
centroid_p10,0.005472210701555014,2,0
mfcc_delta_0_std,0.005468423943966627,2,0
mfcc_17_mean,0.005415658000856638,2,0
centroid_std,0.005337329115718603,2,0
mfcc_13_std,0.005335651803761721,2,0
mfcc_delta_17_p10,0.005297284107655287,2,0
flatness_p10,0.005265893414616585,2,0
mfcc_6_mean,0.005180640146136284,2,0
mfcc_12_p90,0.005063099320977926,2,0
mfcc_delta_12_p10,0.005055369809269905,2,0
mfcc_delta_5_p90,0.005027132574468851,2,0
mfcc_7_p90,0.005024213343858719,2,0
mfcc_4_p10,0.004997617565095425,2,0
contrast_0_p90,0.004954266361892223,2,0
flatness_std,0.004947399254888296,2,0
mfcc_19_p90,0.004911421332508326,2,0
contrast_1_p90,0.004827335476875305,2,0
mfcc_7_p10,0.0047576348297297955,2,0
spectral_entropy_mean,0.004756791051477194,2,0
mfcc_0_mean,0.004683018196374178,2,0
mfcc_delta_0_p10,0.004654276184737682,2,0
mfcc_16_p90,0.004644681699573994,2,0
mfcc_delta_8_std,0.004619704093784094,2,0
mfcc_delta_2_std,0.004593932069838047,2,0
mfcc_3_p10,0.004578191787004471,2,0
mfcc_6_std,0.004578122403472662,2,0
contrast_0_mean,0.09467139095067978,2,1
mfcc_2_p90,0.09163821488618851,2,1
mfcc_2_mean,0.08555704355239868,2,1
contrast_3_p10,0.02073967084288597,2,1
flatness_std,0.015606365166604519,2,1
bandwidth_mean,0.013867756351828575,2,1
rms_p90,0.012366149574518204,2,1
rms_p10,0.011814870871603489,2,1
contrast_3_mean,0.01152426190674305,2,1
rms_mean,0.01094086468219757,2,1
mfcc_3_mean,0.009964242577552795,2,1
mfcc_6_p90,0.009860632009804249,2,1
mfcc_8_std,0.00947814341634512,2,1
mfcc_4_mean,0.008070776239037514,2,1
spectral_entropy_mean,0.007529531139880419,2,1
spectral_entropy_p10,0.007365558296442032,2,1
mfcc_18_p10,0.007023274432867765,2,1
mfcc_7_std,0.006746890489012003,2,1
bandwidth_p90,0.006669776048511267,2,1
mfcc_4_p10,0.006593798287212849,2,1
flatness_p90,0.006403252948075533,2,1
bandwidth_p10,0.006264950148761272,2,1
mfcc_19_p90,0.0061760819517076015,2,1
mfcc_3_p90,0.0060609630309045315,2,1
mfcc_7_mean,0.005673564504832029,2,1
mfcc_delta_17_p90,0.0056594363413751125,2,1
mfcc_18_mean,0.005518891382962465,2,1
mfcc_7_p90,0.005362064577639103,2,1
mfcc_delta_12_std,0.005354016553610563,2,1
mfcc_17_mean,0.005343429744243622,2,1
mfcc_17_p90,0.0053207422606647015,2,1
centroid_p10,0.005281031131744385,2,1
mfcc_1_p90,0.0052006663754582405,2,1
mfcc_8_p10,0.005114897154271603,2,1
mfcc_11_mean,0.005041263997554779,2,1
mfcc_15_mean,0.004967805463820696,2,1
flatness_p10,0.004844292998313904,2,1
mfcc_delta_14_p90,0.004673385992646217,2,1
mfcc_1_p10,0.004631843417882919,2,1
rolloff85_mean,0.0045143417082726955,2,1
mfcc_6_p10,0.004466136451810598,2,1
mfcc_2_p10,0.00440590362995863,2,1
rolloff85_p10,0.0043825083412230015,2,1
rolloff85_p90,0.004361421335488558,2,1
contrast_5_p10,0.004258184228092432,2,1
mfcc_17_std,0.0042502861469984055,2,1
mfcc_5_p90,0.004173197317868471,2,1
centroid_p90,0.004169663414359093,2,1
mfcc_14_std,0.004162031691521406,2,1
mfcc_0_p90,0.004157147835940123,2,1
mfcc_14_p10,0.003971410915255547,2,1
mfcc_delta_8_p90,0.0039559537544846535,2,1
mfcc_0_p10,0.0039507304318249226,2,1
mfcc_delta_4_std,0.003940244670957327,2,1
mfcc_13_p90,0.003875964554026723,2,1
rms_std,0.0038586631417274475,2,1
mfcc_15_std,0.0038430497515946627,2,1
contrast_1_mean,0.003783673280850053,2,1
mfcc_delta_11_std,0.003775655524805188,2,1
mfcc_delta_4_p90,0.0037540681660175323,2,1
mfcc_2_p90,0.17567001283168793,2,2
mfcc_2_mean,0.08161427825689316,2,2
mfcc_2_p10,0.03288035839796066,2,2
mfcc_4_mean,0.025502363219857216,2,2
flatness_p10,0.02057592011988163,2,2
bandwidth_p90,0.014065555296838284,2,2
centroid_p10,0.013190541416406631,2,2
mfcc_4_p10,0.01315193623304367,2,2
rms_p90,0.01143608707934618,2,2
rms_std,0.009410995990037918,2,2
mfcc_0_std,0.009216872975230217,2,2
flatness_mean,0.009125357493758202,2,2
mfcc_7_mean,0.008801430463790894,2,2
dominant_frequency_ratio,0.008097726851701736,2,2
mfcc_3_mean,0.007614589296281338,2,2
mfcc_18_p10,0.007387286052107811,2,2
bandwidth_mean,0.007358359172940254,2,2
rms_mean,0.007179060485213995,2,2
contrast_3_p10,0.007136609870940447,2,2
mfcc_5_mean,0.006641580257564783,2,2
mfcc_19_p10,0.006630981806665659,2,2
mfcc_delta_17_p90,0.006568005308508873,2,2
rms_p10,0.006225639022886753,2,2
mfcc_10_p90,0.00616792868822813,2,2
mfcc_3_p90,0.005848478525876999,2,2
contrast_5_p10,0.005586831830441952,2,2
mfcc_7_p10,0.005408833734691143,2,2
mfcc_8_std,0.005287670996040106,2,2
mfcc_15_mean,0.00523801427334547,2,2
mfcc_1_std,0.005147475749254227,2,2
rolloff85_p10,0.00510986614972353,2,2
spectral_entropy_mean,0.005064323544502258,2,2
mfcc_delta_1_p90,0.004992553498595953,2,2
mfcc_6_mean,0.004932830575853586,2,2
mfcc_16_mean,0.004903900437057018,2,2
rolloff85_mean,0.0048978496342897415,2,2
mfcc_0_p90,0.004880861379206181,2,2
mfcc_delta_7_p90,0.004741025157272816,2,2
mfcc_18_p90,0.0044325655326247215,2,2
contrast_0_p90,0.004359934013336897,2,2
mfcc_delta_17_p10,0.004289695061743259,2,2
mfcc_17_std,0.0041302707977592945,2,2
flatness_p90,0.004113811068236828,2,2
mfcc_6_p10,0.004092088434845209,2,2
spectral_entropy_p90,0.004080490674823523,2,2
rolloff85_p90,0.003850890789180994,2,2
mfcc_delta_8_std,0.0038438483607023954,2,2
contrast_0_mean,0.003806856693699956,2,2
spectral_entropy_std,0.003765696194022894,2,2
mfcc_16_p90,0.0037133251316845417,2,2
mfcc_1_p90,0.003695413004606962,2,2
mfcc_delta_14_p10,0.003694433020427823,2,2
mfcc_1_mean,0.0036535218823701143,2,2
mfcc_delta_1_p10,0.003567544976249337,2,2
mfcc_delta_11_p10,0.003540373407304287,2,2
mfcc_10_p10,0.0035003244411200285,2,2
mfcc_14_p90,0.0034623024985194206,2,2
mfcc_delta_4_mean,0.0034066468942910433,2,2
flatness_std,0.003388333832845092,2,2
mfcc_8_mean,0.003378066932782531,2,2
mfcc_2_mean,0.16878053545951843,2,3
mfcc_2_p10,0.06678936630487442,2,3
mfcc_2_p90,0.04647397994995117,2,3
contrast_3_p10,0.020177435129880905,2,3
rms_p90,0.020011261105537415,2,3
mfcc_4_p10,0.017323680222034454,2,3
bandwidth_p10,0.012292570434510708,2,3
mfcc_15_mean,0.010084906592965126,2,3
flatness_std,0.009860336780548096,2,3
contrast_3_mean,0.00935334526002407,2,3
mfcc_3_p90,0.009013061411678791,2,3
mfcc_0_std,0.00895022414624691,2,3
bandwidth_mean,0.008888013660907745,2,3
mfcc_8_std,0.00807017832994461,2,3
mfcc_18_p10,0.007727930787950754,2,3
bandwidth_p90,0.007695572916418314,2,3
contrast_0_p90,0.0072714947164058685,2,3
rms_p10,0.007115351036190987,2,3
mfcc_19_p90,0.006798756308853626,2,3
spectral_entropy_std,0.0066467998549342155,2,3
mfcc_delta_17_p90,0.006476049777120352,2,3
contrast_0_mean,0.006183098070323467,2,3
dominant_frequency_ratio,0.0061483001336455345,2,3
spectral_entropy_mean,0.006117816083133221,2,3
mfcc_15_p10,0.0060059381648898125,2,3
mfcc_1_p10,0.0059480429627001286,2,3
mfcc_4_mean,0.005872474983334541,2,3
mfcc_6_mean,0.005777724552899599,2,3
mfcc_delta_7_p90,0.005524222739040852,2,3
contrast_5_p10,0.0054639363661408424,2,3
mfcc_18_p90,0.005385395605117083,2,3
mfcc_10_p90,0.004950024653226137,2,3
rms_mean,0.004932983312755823,2,3
mfcc_6_p10,0.0049027251079678535,2,3
mfcc_0_mean,0.004890457261353731,2,3
contrast_4_std,0.004875920247286558,2,3
mfcc_9_p10,0.004845259245485067,2,3
mfcc_7_std,0.004838960245251656,2,3
mfcc_3_mean,0.004815141204744577,2,3
flatness_p10,0.004797809757292271,2,3
spectral_entropy_p10,0.004682363010942936,2,3
mfcc_1_p90,0.004669388756155968,2,3
mfcc_delta_12_std,0.004578203894197941,2,3
contrast_4_p90,0.004575454164296389,2,3
mfcc_18_std,0.004555533640086651,2,3
mfcc_delta_17_std,0.004487556405365467,2,3
mfcc_17_mean,0.004381765145808458,2,3
mfcc_7_p10,0.004347044508904219,2,3
mfcc_1_std,0.004344830755144358,2,3
mfcc_10_p10,0.004278887994587421,2,3
mfcc_delta_3_p10,0.004204990342259407,2,3
mfcc_delta_15_std,0.004194154404103756,2,3
mfcc_16_p90,0.004077537916600704,2,3
mfcc_17_std,0.003922772128134966,2,3
mfcc_delta_7_p10,0.003919375594705343,2,3
mfcc_1_mean,0.003901722375303507,2,3
mfcc_delta_0_p10,0.0038302838802337646,2,3
mfcc_delta_2_p10,0.0037656305357813835,2,3
mfcc_13_p10,0.0037467442452907562,2,3
mfcc_delta_17_p10,0.0037268928717821836,2,3
contrast_3_mean,0.08261281251907349,2,4
mfcc_2_p90,0.06442087143659592,2,4
contrast_3_p10,0.04137348756194115,2,4
mfcc_2_mean,0.03174208104610443,2,4
bandwidth_p90,0.022445961833000183,2,4
bandwidth_mean,0.02188911847770214,2,4
contrast_5_mean,0.01572137139737606,2,4
mfcc_0_std,0.014011844992637634,2,4
rms_p10,0.01120057888329029,2,4
spectral_entropy_mean,0.010527890175580978,2,4
centroid_p10,0.010496142320334911,2,4
rolloff85_mean,0.009683365002274513,2,4
mfcc_1_mean,0.009442140348255634,2,4
mfcc_delta_15_std,0.008688396774232388,2,4
mfcc_7_std,0.008164742961525917,2,4
spectral_entropy_p10,0.007863170467317104,2,4
dominant_frequency_ratio,0.0075201615691185,2,4
mfcc_delta_3_p90,0.007518003694713116,2,4
mfcc_3_mean,0.007316537667065859,2,4
mfcc_0_p10,0.006956505589187145,2,4
mfcc_17_mean,0.0068460488691926,2,4
zero_crossing_rate_mean,0.006709759123623371,2,4
mfcc_1_std,0.006586758885532618,2,4
mfcc_delta_14_p10,0.0064442954026162624,2,4
mfcc_6_p10,0.006410119589418173,2,4
spectral_entropy_p90,0.0063903736881911755,2,4
mfcc_8_std,0.0063371057622134686,2,4
mfcc_18_p10,0.006311455741524696,2,4
rms_p90,0.006296943873167038,2,4
contrast_1_mean,0.006233529653400183,2,4
contrast_5_p10,0.006080362945795059,2,4
mfcc_19_p90,0.0060289166867733,2,4
mfcc_0_mean,0.0060093337669968605,2,4
mfcc_delta_17_p10,0.005997791886329651,2,4
mfcc_3_p10,0.005826317239552736,2,4
mfcc_delta_7_p90,0.00570432934910059,2,4
mfcc_12_mean,0.005695368628948927,2,4
mfcc_4_mean,0.005595995578914881,2,4
mfcc_delta_17_p90,0.005569469183683395,2,4
mfcc_delta_15_p10,0.005524803418666124,2,4
flatness_p10,0.005454424303025007,2,4
mfcc_delta_15_mean,0.0053760516457259655,2,4
mfcc_1_p10,0.0053513143211603165,2,4
mfcc_3_p90,0.005344082601368427,2,4
mfcc_delta_9_std,0.00530005618929863,2,4
flatness_std,0.005296694114804268,2,4
mfcc_8_p10,0.005250254645943642,2,4
mfcc_6_mean,0.0050685531459748745,2,4
mfcc_18_mean,0.005052363965660334,2,4
centroid_mean,0.005048051942139864,2,4
bandwidth_p10,0.0050285751931369305,2,4
mfcc_6_p90,0.0049984026700258255,2,4
contrast_1_p90,0.004889640025794506,2,4
mfcc_6_std,0.0047655669040977955,2,4
contrast_0_p10,0.004713673144578934,2,4
spectral_entropy_std,0.00460015656426549,2,4
mfcc_13_mean,0.004435471724718809,2,4
zero_crossing_rate_p90,0.004384633153676987,2,4
mfcc_delta_8_std,0.004359410610049963,2,4
mfcc_11_mean,0.004347865004092455,2,4
mfcc_2_mean,0.10932722687721252,3,0
mfcc_2_p90,0.07087720930576324,3,0
mfcc_2_p10,0.039152514189481735,3,0
contrast_3_p10,0.02453344687819481,3,0
contrast_3_mean,0.013104270212352276,3,0
mfcc_0_std,0.012719462625682354,3,0
bandwidth_p10,0.01106844563037157,3,0
mfcc_1_std,0.010832126252353191,3,0
bandwidth_mean,0.009316248819231987,3,0
contrast_4_p90,0.008707115426659584,3,0
mfcc_13_p90,0.008639632724225521,3,0
contrast_1_mean,0.008606396615505219,3,0
bandwidth_p90,0.0084206098690629,3,0
contrast_2_mean,0.007448294665664434,3,0
zero_crossing_rate_std,0.007280397228896618,3,0
mfcc_18_p10,0.007149382494390011,3,0
mfcc_10_mean,0.007105504162609577,3,0
dominant_frequency_ratio,0.007034003734588623,3,0
mfcc_8_std,0.006987879052758217,3,0
rms_std,0.006472662556916475,3,0
mfcc_delta_3_p90,0.006394094321876764,3,0
mfcc_6_mean,0.0063490294851362705,3,0
mfcc_1_p90,0.0060814847238361835,3,0
spectral_entropy_mean,0.005974266678094864,3,0
mfcc_18_p90,0.005958080291748047,3,0
mfcc_16_p90,0.005878707394003868,3,0
mfcc_delta_11_p10,0.0057646785862743855,3,0
mfcc_delta_11_std,0.005652809515595436,3,0
mfcc_19_p90,0.005435422994196415,3,0
mfcc_4_mean,0.005333991255611181,3,0
mfcc_3_p10,0.005330301821231842,3,0
centroid_p90,0.005282097961753607,3,0
mfcc_delta_17_p90,0.005259825382381678,3,0
mfcc_17_mean,0.005095025058835745,3,0
flatness_p90,0.005018468480557203,3,0
contrast_0_mean,0.004920446779578924,3,0
contrast_5_p10,0.004817209206521511,3,0
contrast_5_mean,0.0048032342456281185,3,0
mfcc_delta_7_p90,0.004797571338713169,3,0
flatness_p10,0.004710917826741934,3,0
rms_p10,0.004706701263785362,3,0
mfcc_4_p10,0.004655206575989723,3,0
mfcc_5_std,0.004646858666092157,3,0
contrast_0_p90,0.004633596632629633,3,0
mfcc_1_p10,0.0046158768236637115,3,0
mfcc_7_p10,0.00460409140214324,3,0
mfcc_14_p10,0.004587698262184858,3,0
mfcc_3_p90,0.004551460035145283,3,0
rolloff85_std,0.004546469543129206,3,0
mfcc_16_mean,0.004442446865141392,3,0
mfcc_11_mean,0.004402183461934328,3,0
mfcc_delta_15_p90,0.004369980189949274,3,0
contrast_2_p10,0.004369792528450489,3,0
contrast_4_std,0.0043349056504666805,3,0
mfcc_delta_17_p10,0.004286857787519693,3,0
rolloff85_p90,0.004277964122593403,3,0
mfcc_delta_8_std,0.004258343484252691,3,0
mfcc_delta_8_p90,0.00418038759380579,3,0
mfcc_8_mean,0.004130955319851637,3,0
mfcc_5_p10,0.004111637827008963,3,0
mfcc_2_mean,0.12157674133777618,3,1
mfcc_2_p90,0.10163195431232452,3,1
contrast_3_p10,0.02310025505721569,3,1
mfcc_2_p10,0.021435244008898735,3,1
flatness_std,0.020584242418408394,3,1
rms_mean,0.02027314528822899,3,1
bandwidth_mean,0.015063580125570297,3,1
flatness_p90,0.013404900208115578,3,1
contrast_3_mean,0.012830632738769054,3,1
mfcc_7_mean,0.012542846612632275,3,1
mfcc_3_mean,0.010886088013648987,3,1
rms_p10,0.010439622215926647,3,1
mfcc_17_mean,0.00908264797180891,3,1
mfcc_4_p10,0.008574984036386013,3,1
bandwidth_p90,0.008510745130479336,3,1
spectral_entropy_p10,0.008065177127718925,3,1
mfcc_18_p10,0.007865633815526962,3,1
spectral_entropy_mean,0.0077244010753929615,3,1
rms_p90,0.0074309068731963634,3,1
bandwidth_p10,0.006797265261411667,3,1
mfcc_8_std,0.006698109675198793,3,1
mfcc_15_mean,0.0065252045169472694,3,1
rolloff85_p90,0.006257457658648491,3,1
mfcc_17_p90,0.006067435722798109,3,1
mfcc_6_p10,0.005929992534220219,3,1
mfcc_17_std,0.005920025520026684,3,1
mfcc_6_mean,0.005799833685159683,3,1
mfcc_6_p90,0.0057032788172364235,3,1
mfcc_7_std,0.005581706762313843,3,1
mfcc_0_p90,0.005359821021556854,3,1
mfcc_8_p10,0.005354781169444323,3,1
mfcc_0_mean,0.005325129255652428,3,1
rolloff85_mean,0.005256298463791609,3,1
mfcc_13_p10,0.005207142326980829,3,1
contrast_5_p10,0.00491786003112793,3,1
mfcc_delta_8_std,0.004823413677513599,3,1
contrast_1_p90,0.004761478863656521,3,1
mfcc_delta_3_p90,0.004678731318563223,3,1
mfcc_18_p90,0.004571845289319754,3,1
mfcc_delta_17_p90,0.004478374030441046,3,1
mfcc_10_p10,0.004449387080967426,3,1
mfcc_19_p10,0.004384627565741539,3,1
mfcc_3_p90,0.004270306788384914,3,1
mfcc_15_std,0.004269836936146021,3,1
mfcc_19_p90,0.004224549513310194,3,1
mfcc_delta_17_p10,0.004212707281112671,3,1
zero_crossing_rate_mean,0.004186701029539108,3,1
zero_crossing_rate_std,0.004143180325627327,3,1
mfcc_5_mean,0.004122981335967779,3,1
mfcc_delta_13_std,0.004091229289770126,3,1
mfcc_1_p10,0.004003177862614393,3,1
mfcc_11_std,0.003955223597586155,3,1
mfcc_5_p90,0.0039214794524014,3,1
mfcc_18_mean,0.0038765915669500828,3,1
contrast_0_mean,0.003866259241476655,3,1
rolloff85_p10,0.003830758621916175,3,1
mfcc_19_std,0.003760098945349455,3,1
mfcc_14_mean,0.003732480574399233,3,1
mfcc_4_mean,0.0037225307896733284,3,1
mfcc_14_p10,0.0036716158501803875,3,1
mfcc_2_p90,0.19076299667358398,3,2
mfcc_2_mean,0.08704429119825363,3,2
mfcc_2_p10,0.0311351977288723,3,2
mfcc_4_mean,0.02641424536705017,3,2
flatness_p10,0.019400332123041153,3,2
rms_mean,0.013831627555191517,3,2
mfcc_4_p10,0.013001767918467522,3,2
dominant_frequency_ratio,0.01227856706827879,3,2
centroid_p10,0.011126280762255192,3,2
mfcc_18_p10,0.009863770566880703,3,2
contrast_3_p10,0.00928142573684454,3,2
mfcc_0_std,0.009019625373184681,3,2
flatness_mean,0.008341774344444275,3,2
mfcc_7_mean,0.00829846877604723,3,2
mfcc_3_mean,0.0070222774520516396,3,2
rms_p10,0.00681210495531559,3,2
bandwidth_p90,0.006679900456219912,3,2
bandwidth_mean,0.006670544855296612,3,2
mfcc_8_std,0.006393563933670521,3,2
mfcc_10_p90,0.006260788533836603,3,2
mfcc_15_mean,0.006139098200947046,3,2
contrast_5_p10,0.005879587959498167,3,2
rms_p90,0.005851080175489187,3,2
rolloff85_mean,0.005728437099605799,3,2
mfcc_3_p90,0.005602840334177017,3,2
mfcc_delta_9_p90,0.0054035247303545475,3,2
mfcc_delta_15_std,0.005373403895646334,3,2
mfcc_delta_7_p90,0.005315246060490608,3,2
contrast_0_mean,0.005289741791784763,3,2
mfcc_delta_17_p90,0.0052178893238306046,3,2
mfcc_0_p90,0.005176566541194916,3,2
flatness_p90,0.005153719335794449,3,2
mfcc_19_p10,0.004978993907570839,3,2
contrast_3_mean,0.00496521033346653,3,2
centroid_p90,0.004819841124117374,3,2
rms_std,0.004786151926964521,3,2
mfcc_13_mean,0.004487426485866308,3,2
mfcc_0_mean,0.004303979687392712,3,2
mfcc_delta_13_std,0.004297653213143349,3,2
spectral_entropy_p90,0.004275856539607048,3,2
flatness_std,0.004237808287143707,3,2
mfcc_delta_8_std,0.004183938726782799,3,2
mfcc_delta_17_std,0.004154697060585022,3,2
spectral_entropy_std,0.003961614798754454,3,2
rolloff85_p90,0.0039016101509332657,3,2
rolloff85_p10,0.0038246132899075747,3,2
mfcc_1_p90,0.003820725018158555,3,2
mfcc_11_mean,0.0037740112747997046,3,2
mfcc_17_std,0.0037031457759439945,3,2
mfcc_16_mean,0.0036539286375045776,3,2
contrast_0_p90,0.0036412535700947046,3,2
mfcc_delta_11_std,0.0036380465608090162,3,2
zero_crossing_rate_std,0.003592102322727442,3,2
mfcc_11_std,0.003572162240743637,3,2
mfcc_16_p90,0.003570969682186842,3,2
mfcc_delta_1_p10,0.0035281111486256123,3,2
mfcc_12_p10,0.0035031898878514767,3,2
mfcc_8_p90,0.0034958331380039454,3,2
mfcc_delta_17_p10,0.0034557506442070007,3,2
mfcc_3_p10,0.003422165522351861,3,2
mfcc_2_mean,0.1371077299118042,3,3
mfcc_2_p10,0.04570463299751282,3,3
mfcc_2_p90,0.039491865783929825,3,3
mfcc_4_mean,0.01914944499731064,3,3
contrast_3_p10,0.015575139783322811,3,3
mfcc_4_p10,0.015047096647322178,3,3
rms_p90,0.014378702268004417,3,3
contrast_3_mean,0.014278228394687176,3,3
dominant_frequency_ratio,0.013531479053199291,3,3
bandwidth_p90,0.012316875159740448,3,3
bandwidth_p10,0.011971565894782543,3,3
bandwidth_mean,0.01095881499350071,3,3
flatness_std,0.010950008407235146,3,3
spectral_entropy_mean,0.009120458737015724,3,3
flatness_p10,0.008962656371295452,3,3
mfcc_15_mean,0.008531169034540653,3,3
mfcc_1_std,0.008501545526087284,3,3
mfcc_3_p90,0.007851118221879005,3,3
contrast_4_p90,0.00778421713039279,3,3
mfcc_delta_17_p90,0.00768045149743557,3,3
spectral_entropy_std,0.00766083924099803,3,3
rms_std,0.007350306026637554,3,3
rms_mean,0.00694467406719923,3,3
mfcc_19_p90,0.006775496993213892,3,3
mfcc_5_mean,0.0063811237923800945,3,3
mfcc_0_std,0.006316141225397587,3,3
rms_p10,0.006145417224615812,3,3
mfcc_18_p10,0.006097594276070595,3,3
mfcc_15_p10,0.0059762257151305676,3,3
mfcc_delta_15_std,0.005940654315054417,3,3
mfcc_10_p90,0.00589019525796175,3,3
mfcc_delta_7_p90,0.005829638335853815,3,3
mfcc_8_std,0.005608954466879368,3,3
mfcc_1_p10,0.005472647491842508,3,3
mfcc_7_std,0.005452777724713087,3,3
mfcc_delta_17_p10,0.005148313473910093,3,3
centroid_p90,0.004950950853526592,3,3
mfcc_3_mean,0.004884560126811266,3,3
spectral_entropy_p90,0.00486754160374403,3,3
rolloff85_p90,0.00479587446898222,3,3
mfcc_7_p10,0.004747994244098663,3,3
mfcc_7_mean,0.004741122014820576,3,3
contrast_4_std,0.004679991398006678,3,3
mfcc_delta_16_p10,0.00467657158151269,3,3
mfcc_delta_17_std,0.004660977516323328,3,3
mfcc_delta_9_p10,0.004555067978799343,3,3
contrast_0_p90,0.0045446911826729774,3,3
mfcc_delta_10_std,0.004535838961601257,3,3
mfcc_6_p10,0.004494123626500368,3,3
mfcc_5_std,0.004490552935749292,3,3
mfcc_17_mean,0.0044679781422019005,3,3
mfcc_13_p90,0.004452430177479982,3,3
flatness_p90,0.004319794476032257,3,3
mfcc_6_mean,0.004302405286580324,3,3
mfcc_0_mean,0.004275371320545673,3,3
mfcc_delta_0_p10,0.004238560795783997,3,3
mfcc_10_p10,0.0041736154817044735,3,3
contrast_0_mean,0.004162587691098452,3,3
centroid_p10,0.0041190809570252895,3,3
zero_crossing_rate_p90,0.004074524622410536,3,3
contrast_3_mean,0.08022277802228928,3,4
mfcc_2_p90,0.06221083179116249,3,4
mfcc_2_mean,0.04173501953482628,3,4
contrast_3_p10,0.028637826442718506,3,4
bandwidth_p90,0.027633139863610268,3,4
contrast_5_mean,0.0165996290743351,3,4
mfcc_0_std,0.014871425926685333,3,4
bandwidth_mean,0.013215724378824234,3,4
rms_p10,0.011896517127752304,3,4
mfcc_17_mean,0.009911459870636463,3,4
spectral_entropy_mean,0.009907081723213196,3,4
mfcc_1_mean,0.009193575009703636,3,4
rolloff85_mean,0.008990473113954067,3,4
rms_p90,0.008686485700309277,3,4
mfcc_delta_15_std,0.008423557505011559,3,4
mfcc_3_p10,0.008318962529301643,3,4
spectral_entropy_p90,0.007738261483609676,3,4
mfcc_8_std,0.007576086558401585,3,4
spectral_entropy_p10,0.0075624845921993256,3,4
mfcc_4_p10,0.007456807419657707,3,4
mfcc_7_std,0.007258553523570299,3,4
mfcc_19_p90,0.00720908073708415,3,4
mfcc_0_mean,0.00714675011113286,3,4
mfcc_3_mean,0.007017400581389666,3,4
mfcc_delta_3_p90,0.006996496114879847,3,4
centroid_p10,0.006805045064538717,3,4
mfcc_4_mean,0.0067511070519685745,3,4
mfcc_18_p10,0.006519177462905645,3,4
mfcc_delta_15_p10,0.006402583327144384,3,4
zero_crossing_rate_p90,0.00621801195666194,3,4
bandwidth_p10,0.0060533322393894196,3,4
mfcc_3_p90,0.005885375197976828,3,4
contrast_1_mean,0.005846028216183186,3,4
contrast_5_p10,0.005776835605502129,3,4
mfcc_12_mean,0.005719413049519062,3,4
mfcc_1_std,0.005689679179340601,3,4
flatness_p10,0.005645869765430689,3,4
mfcc_18_mean,0.005571810528635979,3,4
mfcc_11_p90,0.005558996926993132,3,4
mfcc_delta_9_std,0.005519925616681576,3,4
mfcc_delta_17_p90,0.005461101420223713,3,4
mfcc_6_p90,0.005461068823933601,3,4
mfcc_10_std,0.005439390894025564,3,4
zero_crossing_rate_mean,0.005303376354277134,3,4
mfcc_delta_15_mean,0.005215416196733713,3,4
mfcc_6_p10,0.005112647078931332,3,4
mfcc_12_p10,0.005095947068184614,3,4
mfcc_13_mean,0.004882110748440027,3,4
contrast_1_p90,0.004805023316293955,3,4
mfcc_11_std,0.004797129426151514,3,4
mfcc_delta_7_p90,0.004746365826576948,3,4
mfcc_1_p10,0.004705360159277916,3,4
mfcc_delta_4_p10,0.004653847776353359,3,4
mfcc_delta_14_p10,0.004651602823287249,3,4
mfcc_14_p90,0.004607376642525196,3,4
mfcc_16_p90,0.004604260437190533,3,4
mfcc_10_p90,0.004568316508084536,3,4
mfcc_0_p90,0.004564883187413216,3,4
contrast_0_mean,0.004557447973638773,3,4
rms_std,0.004535049665719271,3,4
mfcc_2_mean,0.09750596433877945,4,0
mfcc_2_p90,0.08245601505041122,4,0
mfcc_2_p10,0.032565146684646606,4,0
contrast_3_p10,0.021814150735735893,4,0
bandwidth_p10,0.014006269164383411,4,0
bandwidth_mean,0.011114928871393204,4,0
bandwidth_p90,0.010207908228039742,4,0
mfcc_1_std,0.009435302577912807,4,0
contrast_4_p90,0.008450738154351711,4,0
contrast_3_mean,0.008191247470676899,4,0
mfcc_19_p90,0.00721783610060811,4,0
dominant_frequency_ratio,0.00716035533696413,4,0
mfcc_8_std,0.0070726303383708,4,0
mfcc_0_std,0.006975187920033932,4,0
mfcc_delta_7_p90,0.006481664255261421,4,0
mfcc_16_p90,0.006431925110518932,4,0
mfcc_19_mean,0.006126500200480223,4,0
mfcc_delta_3_p10,0.00608425447717309,4,0
contrast_0_mean,0.005992296617478132,4,0
mfcc_17_mean,0.005988672375679016,4,0
mfcc_10_p10,0.005792642943561077,4,0
mfcc_11_mean,0.00578319514170289,4,0
mfcc_18_std,0.005752378609031439,4,0
mfcc_8_p90,0.005735201295465231,4,0
mfcc_delta_3_p90,0.005596055183559656,4,0
mfcc_6_mean,0.005585243459790945,4,0
contrast_1_mean,0.0054478426463902,4,0
mfcc_1_p10,0.005432825535535812,4,0
mfcc_delta_12_p90,0.0053747426718473434,4,0
mfcc_6_p10,0.005366825964301825,4,0
mfcc_delta_17_p10,0.0053458865731954575,4,0
mfcc_delta_17_p90,0.005314016714692116,4,0
mfcc_18_p10,0.005288145504891872,4,0
mfcc_16_mean,0.005263408645987511,4,0
rms_p10,0.005252066534012556,4,0
mfcc_13_p90,0.005191673990339041,4,0
spectral_entropy_p90,0.005126201082020998,4,0
mfcc_10_mean,0.005124202463775873,4,0
mfcc_3_p90,0.005120209418237209,4,0
mfcc_11_p90,0.005088223144412041,4,0
mfcc_15_mean,0.005086939781904221,4,0
contrast_5_mean,0.005056837573647499,4,0
mfcc_11_std,0.005015883594751358,4,0
mfcc_9_mean,0.004985860548913479,4,0
mfcc_delta_9_std,0.004984345752745867,4,0
mfcc_13_mean,0.0049687959253787994,4,0
spectral_entropy_mean,0.004957740660756826,4,0
spectral_entropy_p10,0.004952632822096348,4,0
contrast_0_p90,0.004808196797966957,4,0
contrast_2_std,0.004797383677214384,4,0
mfcc_4_p90,0.004731222987174988,4,0
mfcc_18_mean,0.0047311135567724705,4,0
mfcc_6_std,0.004621120635420084,4,0
mfcc_delta_1_p90,0.004594658501446247,4,0
contrast_2_p10,0.00459189573302865,4,0
centroid_p90,0.004538161214441061,4,0
mfcc_4_mean,0.0045081679709255695,4,0
mfcc_9_p10,0.004482402931898832,4,0
mfcc_delta_4_p10,0.004456749185919762,4,0
mfcc_17_p90,0.004431883804500103,4,0
mfcc_2_mean,0.10893050581216812,4,1
mfcc_2_p90,0.08899391442537308,4,1
flatness_std,0.0239702258259058,4,1
mfcc_2_p10,0.0235636867582798,4,1
contrast_3_p10,0.020398512482643127,4,1
bandwidth_mean,0.015486287884414196,4,1
flatness_p90,0.013468815013766289,4,1
rms_p90,0.01297206711024046,4,1
mfcc_8_std,0.012778908014297485,4,1
contrast_3_mean,0.011382361873984337,4,1
mfcc_3_mean,0.01019217073917389,4,1
spectral_entropy_mean,0.010165968909859657,4,1
rms_mean,0.009918643161654472,4,1
rms_p10,0.0097036799415946,4,1
spectral_entropy_p10,0.008838096633553505,4,1
mfcc_7_std,0.008699696511030197,4,1
mfcc_7_mean,0.008677400648593903,4,1
mfcc_4_mean,0.008357934653759003,4,1
bandwidth_p10,0.008172494359314442,4,1
mfcc_18_p10,0.007793806493282318,4,1
centroid_p10,0.006815810687839985,4,1
mfcc_0_p10,0.0065972222946584225,4,1
rolloff85_p90,0.0065766796469688416,4,1
contrast_0_p90,0.00651830667629838,4,1
mfcc_6_p90,0.006279046181589365,4,1
mfcc_6_std,0.006142657715827227,4,1
mfcc_0_mean,0.0060806116089224815,4,1
mfcc_15_mean,0.005952971056103706,4,1
mfcc_18_p90,0.005784034729003906,4,1
mfcc_19_p90,0.00570639967918396,4,1
zero_crossing_rate_mean,0.005650072358548641,4,1
mfcc_1_p10,0.005472410935908556,4,1
mfcc_17_p90,0.005350412335246801,4,1
mfcc_delta_3_p90,0.005300482269376516,4,1
mfcc_17_mean,0.00513039156794548,4,1
mfcc_6_p10,0.004980497993528843,4,1
mfcc_4_p10,0.004913935903459787,4,1
flatness_p10,0.004872241523116827,4,1
mfcc_delta_17_p90,0.004859469830989838,4,1
dominant_frequency_ratio,0.00484415702521801,4,1
bandwidth_p90,0.0048164925538003445,4,1
contrast_1_mean,0.0048079900443553925,4,1
rolloff85_mean,0.004766243509948254,4,1
centroid_p90,0.004707780200988054,4,1
mfcc_0_p90,0.004683136008679867,4,1
mfcc_delta_10_std,0.0046756635420024395,4,1
contrast_4_mean,0.004673692397773266,4,1
mfcc_10_p10,0.004660822916775942,4,1
contrast_5_p10,0.004479988478124142,4,1
mfcc_17_std,0.004449660424143076,4,1
rolloff85_p10,0.0043464405462145805,4,1
mfcc_5_p90,0.0041893539018929005,4,1
mfcc_3_p90,0.00412225304171443,4,1
centroid_mean,0.004056291189044714,4,1
mfcc_delta_3_std,0.00405470235273242,4,1
mfcc_18_mean,0.004014943260699511,4,1
contrast_4_p90,0.004004038870334625,4,1
mfcc_14_p10,0.003994623199105263,4,1
mfcc_delta_12_std,0.003983210306614637,4,1
mfcc_9_p90,0.00398252671584487,4,1
mfcc_2_p90,0.21097248792648315,4,2
mfcc_2_mean,0.0670340359210968,4,2
mfcc_2_p10,0.03604352846741676,4,2
mfcc_4_mean,0.026320649310946465,4,2
flatness_p10,0.019707681611180305,4,2
centroid_p10,0.016275206580758095,4,2
mfcc_4_p10,0.014881741255521774,4,2
rms_p90,0.0145733542740345,4,2
rms_mean,0.012621046975255013,4,2
mfcc_18_p10,0.009984000585973263,4,2
mfcc_0_std,0.009948193095624447,4,2
contrast_0_mean,0.00865558534860611,4,2
contrast_3_p10,0.008548439480364323,4,2
mfcc_3_mean,0.00789964571595192,4,2
flatness_mean,0.007661259733140469,4,2
rms_p10,0.007173702586442232,4,2
mfcc_7_mean,0.007133519742637873,4,2
bandwidth_p90,0.006791788153350353,4,2
mfcc_8_std,0.006613967940211296,4,2
mfcc_10_p90,0.006119110621511936,4,2
bandwidth_mean,0.005997206550091505,4,2
mfcc_15_mean,0.0057065775617957115,4,2
mfcc_16_p90,0.005702835973352194,4,2
mfcc_3_p90,0.005600091069936752,4,2
mfcc_19_p10,0.005563963204622269,4,2
mfcc_delta_17_p90,0.005204884801059961,4,2
rolloff85_mean,0.005013806279748678,4,2
mfcc_1_p10,0.004928617738187313,4,2
mfcc_delta_9_p90,0.0048206038773059845,4,2
mfcc_14_std,0.004790357314050198,4,2
contrast_5_p10,0.004681110847741365,4,2
mfcc_15_std,0.004651706665754318,4,2
rolloff85_p90,0.004618796519935131,4,2
mfcc_delta_7_p90,0.004550780635327101,4,2
mfcc_8_p90,0.004547255113720894,4,2
mfcc_15_p90,0.004545513540506363,4,2
mfcc_0_p90,0.004510792903602123,4,2
centroid_mean,0.004493444226682186,4,2
contrast_0_p90,0.004481081385165453,4,2
centroid_p90,0.004285143688321114,4,2
mfcc_delta_14_p10,0.004253088496625423,4,2
mfcc_delta_17_p10,0.004243841860443354,4,2
rolloff85_p10,0.00418286444619298,4,2
mfcc_16_p10,0.00416151387616992,4,2
rms_std,0.004151080269366503,4,2
mfcc_delta_16_p10,0.004136995412409306,4,2
mfcc_6_mean,0.003963022027164698,4,2
mfcc_7_p10,0.00394177483394742,4,2
flatness_std,0.003936906345188618,4,2
mfcc_13_p10,0.003884900826960802,4,2
mfcc_7_std,0.00387678318656981,4,2
mfcc_16_mean,0.0037812432274222374,4,2
mfcc_14_p90,0.0037331602070480585,4,2
mfcc_1_p90,0.003718582447618246,4,2
mfcc_11_std,0.003695538267493248,4,2
mfcc_delta_15_p90,0.0036885293666273355,4,2
mfcc_delta_2_p10,0.0035742884501814842,4,2
mfcc_1_mean,0.0035434637684375048,4,2
mfcc_delta_16_std,0.0035103722475469112,4,2
mfcc_8_mean,0.003486079163849354,4,2
mfcc_2_mean,0.15246367454528809,4,3
mfcc_2_p10,0.06016843765974045,4,3
mfcc_2_p90,0.03682601824402809,4,3
contrast_3_p10,0.017952153459191322,4,3
rms_p90,0.01767508126795292,4,3
mfcc_4_p10,0.01373237930238247,4,3
contrast_3_mean,0.013002661056816578,4,3
spectral_entropy_mean,0.01209394820034504,4,3
flatness_std,0.011104010045528412,4,3
bandwidth_p10,0.010909727774560452,4,3
mfcc_8_std,0.010579152964055538,4,3
bandwidth_p90,0.010508968494832516,4,3
mfcc_7_mean,0.009741239249706268,4,3
bandwidth_mean,0.009202321991324425,4,3
contrast_5_mean,0.00788295641541481,4,3
mfcc_3_p90,0.007769376039505005,4,3
mfcc_4_mean,0.00756479986011982,4,3
mfcc_1_std,0.007501218933612108,4,3
dominant_frequency_ratio,0.007391119375824928,4,3
mfcc_17_mean,0.00730232335627079,4,3
rms_std,0.00718912947922945,4,3
mfcc_19_p90,0.007177263963967562,4,3
mfcc_0_std,0.007141927722841501,4,3
mfcc_7_p10,0.007117902394384146,4,3
mfcc_15_p10,0.007071353495121002,4,3
mfcc_7_std,0.006440888624638319,4,3
mfcc_10_p90,0.006311585661023855,4,3
contrast_0_p90,0.006303925532847643,4,3
mfcc_18_p10,0.006290187127888203,4,3
spectral_entropy_p10,0.006136810407042503,4,3
mfcc_15_mean,0.006119003053754568,4,3
rms_p10,0.006117294076830149,4,3
mfcc_delta_17_p90,0.006110490765422583,4,3
spectral_entropy_std,0.005999014712870121,4,3
mfcc_delta_7_p90,0.005601866170763969,4,3
centroid_p10,0.005445846822112799,4,3
mfcc_6_p90,0.005332257132977247,4,3
mfcc_delta_17_p10,0.005282933823764324,4,3
mfcc_3_mean,0.005202143918722868,4,3
mfcc_13_p90,0.005154478829354048,4,3
mfcc_6_mean,0.0049552093259990215,4,3
contrast_4_p90,0.004948754794895649,4,3
flatness_p10,0.004923733416944742,4,3
mfcc_6_std,0.004909731913357973,4,3
contrast_4_std,0.004826655145734549,4,3
mfcc_9_p10,0.004786973353475332,4,3
contrast_1_mean,0.004622321575880051,4,3
contrast_0_mean,0.004418372176587582,4,3
mfcc_1_p10,0.004398062359541655,4,3
mfcc_14_p10,0.004389344248920679,4,3
mfcc_6_p10,0.004323951900005341,4,3
rolloff85_mean,0.004269834142178297,4,3
mfcc_1_p90,0.004261380527168512,4,3
mfcc_1_mean,0.004178095143288374,4,3
mfcc_delta_3_p10,0.004153080750256777,4,3
rms_mean,0.004137740470468998,4,3
rolloff85_p90,0.004125027917325497,4,3
contrast_5_p10,0.004072988405823708,4,3
mfcc_5_mean,0.004001637455075979,4,3
mfcc_delta_2_std,0.003980439621955156,4,3
contrast_3_mean,0.08555789291858673,4,4
mfcc_2_p90,0.05990520119667053,4,4
mfcc_2_mean,0.05564933270215988,4,4
contrast_3_p10,0.03501351922750473,4,4
bandwidth_mean,0.02221495285630226,4,4
bandwidth_p90,0.022156324237585068,4,4
mfcc_0_std,0.012984554283320904,4,4
contrast_5_mean,0.012705869972705841,4,4
rms_p10,0.010676097124814987,4,4
mfcc_3_mean,0.010481595993041992,4,4
mfcc_7_std,0.009908312000334263,4,4
bandwidth_p10,0.009701154194772243,4,4
mfcc_4_p10,0.009201905690133572,4,4
dominant_frequency_ratio,0.009106479585170746,4,4
mfcc_delta_15_std,0.00896593276411295,4,4
spectral_entropy_p10,0.008024625480175018,4,4
spectral_entropy_p90,0.007968501187860966,4,4
mfcc_delta_14_p10,0.007937563583254814,4,4
mfcc_8_std,0.007777607999742031,4,4
rolloff85_mean,0.007485510781407356,4,4
centroid_p10,0.0072118965908885,4,4
mfcc_17_mean,0.007069302722811699,4,4
spectral_entropy_mean,0.006939196493476629,4,4
mfcc_1_std,0.006742759607732296,4,4
mfcc_delta_3_p90,0.006659399252384901,4,4
mfcc_18_p10,0.006411823444068432,4,4
mfcc_1_mean,0.006409996654838324,4,4
mfcc_12_mean,0.006273810286074877,4,4
mfcc_delta_17_p90,0.006231276784092188,4,4
flatness_p10,0.006049999501556158,4,4
mfcc_delta_15_p10,0.006038215011358261,4,4
mfcc_17_p90,0.005954630672931671,4,4
mfcc_19_p90,0.005881743971258402,4,4
contrast_1_mean,0.005785212852060795,4,4
mfcc_8_mean,0.005488947499543428,4,4
mfcc_0_mean,0.005455524194985628,4,4
mfcc_4_mean,0.005245882086455822,4,4
rolloff85_p90,0.00518779968842864,4,4
mfcc_3_p90,0.005143819842487574,4,4
mfcc_11_mean,0.005063062533736229,4,4
mfcc_6_p10,0.004993844777345657,4,4
centroid_mean,0.004977051634341478,4,4
mfcc_delta_9_std,0.004857481457293034,4,4
contrast_1_p90,0.004814493004232645,4,4
mfcc_6_mean,0.0047545600682497025,4,4
mfcc_delta_4_p10,0.004742482677102089,4,4
mfcc_9_std,0.004653648938983679,4,4
mfcc_delta_19_p90,0.004623059649020433,4,4
mfcc_14_std,0.004611804615706205,4,4
contrast_5_p10,0.0045543392188847065,4,4
mfcc_delta_3_std,0.004511004779487848,4,4
spectral_entropy_std,0.004497366026043892,4,4
zero_crossing_rate_p10,0.004446954932063818,4,4
mfcc_3_p10,0.004442031495273113,4,4
mfcc_11_p90,0.004434854257851839,4,4
flatness_p90,0.004431175999343395,4,4
mfcc_delta_0_std,0.004352788906544447,4,4
mfcc_6_p90,0.00434765825048089,4,4
mfcc_delta_4_p90,0.00431653019040823,4,4
rms_p90,0.004222163464874029,4,4
mfcc_2_p90,0.10241839289665222,5,0
mfcc_2_mean,0.05180853605270386,5,0
mfcc_2_p10,0.024147039279341698,5,0
contrast_3_mean,0.018937988206744194,5,0
contrast_3_p10,0.0179432425647974,5,0
rolloff85_mean,0.013257735408842564,5,0
rms_p10,0.013005509041249752,5,0
contrast_0_mean,0.011950221844017506,5,0
bandwidth_mean,0.011766801588237286,5,0
contrast_0_p90,0.011625141836702824,5,0
mfcc_delta_3_p90,0.011041800491511822,5,0
mfcc_1_mean,0.01089685969054699,5,0
mfcc_8_std,0.010466274805366993,5,0
flatness_mean,0.008918722160160542,5,0
spectral_entropy_mean,0.008621776476502419,5,0
mfcc_4_p10,0.008430187590420246,5,0
mfcc_3_mean,0.008195762522518635,5,0
zero_crossing_rate_p10,0.007846462540328503,5,0
bandwidth_p90,0.007455887272953987,5,0
contrast_5_mean,0.0072975726798176765,5,0
mfcc_19_p90,0.007129490841180086,5,0
centroid_p10,0.006917160470038652,5,0
mfcc_1_std,0.006862661801278591,5,0
spectral_entropy_p90,0.006813756190240383,5,0
mfcc_3_p90,0.006800454575568438,5,0
mfcc_10_p10,0.0065248324535787106,5,0
contrast_5_p10,0.006507845129817724,5,0
mfcc_18_p10,0.006446473766118288,5,0
mfcc_1_p10,0.006359271239489317,5,0
bandwidth_p10,0.0063446154817938805,5,0
mfcc_4_mean,0.00627340329810977,5,0
mfcc_6_p10,0.006268790457397699,5,0
spectral_entropy_p10,0.006250760052353144,5,0
mfcc_delta_15_p90,0.006086480803787708,5,0
rolloff85_std,0.00604068161919713,5,0
mfcc_6_mean,0.005976301617920399,5,0
mfcc_delta_15_std,0.005918233189731836,5,0
mfcc_17_mean,0.005867552477866411,5,0
contrast_1_mean,0.0058136857114732265,5,0
mfcc_5_mean,0.005584403872489929,5,0
mfcc_7_std,0.0055217258632183075,5,0
mfcc_delta_16_p10,0.0055026100017130375,5,0
mfcc_delta_18_std,0.005299803800880909,5,0
mfcc_17_std,0.0052912067621946335,5,0
mfcc_delta_4_std,0.0052793859504163265,5,0
mfcc_15_mean,0.005150805693119764,5,0
mfcc_10_p90,0.005122865550220013,5,0
contrast_1_p90,0.0051093571819365025,5,0
rms_mean,0.005056458991020918,5,0
rolloff85_p90,0.005010396707803011,5,0
mfcc_delta_15_p10,0.004976112395524979,5,0
mfcc_12_mean,0.004908496048301458,5,0
mfcc_10_std,0.004900825675576925,5,0
mfcc_18_std,0.004843331873416901,5,0
mfcc_delta_1_p90,0.00481449393555522,5,0
mfcc_16_mean,0.004792684223502874,5,0
contrast_4_p90,0.004781045950949192,5,0
mfcc_delta_8_std,0.004719254095107317,5,0
mfcc_19_mean,0.004606629256159067,5,0
zero_crossing_rate_std,0.004590857308357954,5,0
mfcc_2_mean,0.11530495434999466,5,1
mfcc_2_p90,0.09291108697652817,5,1
mfcc_2_p10,0.024848081171512604,5,1
contrast_3_p10,0.023385917767882347,5,1
flatness_std,0.01954617165029049,5,1
rms_mean,0.01718970760703087,5,1
contrast_3_mean,0.016989467665553093,5,1
rms_p90,0.014492974616587162,5,1
spectral_entropy_p10,0.012593996711075306,5,1
bandwidth_mean,0.011259258724749088,5,1
flatness_p90,0.009759202599525452,5,1
mfcc_8_std,0.009750165976583958,5,1
mfcc_3_mean,0.009723515249788761,5,1
mfcc_4_mean,0.008836662396788597,5,1
centroid_p10,0.008622242137789726,5,1
contrast_0_p90,0.00845093559473753,5,1
rms_p10,0.008448587730526924,5,1
mfcc_6_p90,0.008374239318072796,5,1
mfcc_4_p10,0.008364830166101456,5,1
mfcc_18_p10,0.007881407625973225,5,1
mfcc_0_p10,0.007129344157874584,5,1
dominant_frequency_ratio,0.0066282195039093494,5,1
mfcc_delta_8_std,0.005971454083919525,5,1
mfcc_11_p90,0.005773440003395081,5,1
mfcc_1_p10,0.005702862050384283,5,1
mfcc_15_mean,0.005698800552636385,5,1
rolloff85_mean,0.005688848439604044,5,1
mfcc_1_p90,0.005379148293286562,5,1
mfcc_0_mean,0.0053030080161988735,5,1
mfcc_6_p10,0.005278016906231642,5,1
mfcc_18_p90,0.005187375470995903,5,1
mfcc_17_p90,0.005105672404170036,5,1
mfcc_11_mean,0.005051793530583382,5,1
mfcc_delta_3_p90,0.005010685417801142,5,1
mfcc_delta_8_p90,0.004867467097938061,5,1
mfcc_5_p90,0.004855350591242313,5,1
spectral_entropy_mean,0.004813408013433218,5,1
rms_std,0.0047735366970300674,5,1
mfcc_delta_17_p90,0.0047641778364777565,5,1
mfcc_19_p90,0.004745542071759701,5,1
flatness_p10,0.004721782170236111,5,1
mfcc_17_mean,0.0046444726176559925,5,1
mfcc_delta_12_std,0.004576890729367733,5,1
mfcc_10_p10,0.0045613315887749195,5,1
mfcc_0_p90,0.004500487353652716,5,1
mfcc_17_std,0.004477295093238354,5,1
centroid_mean,0.0043477402068674564,5,1
contrast_5_p10,0.004303831607103348,5,1
contrast_4_mean,0.004297564271837473,5,1
mfcc_8_mean,0.004134516231715679,5,1
mfcc_7_std,0.00410398468375206,5,1
mfcc_19_std,0.004084843676537275,5,1
mfcc_5_mean,0.00402549933642149,5,1
mfcc_delta_17_std,0.003953495062887669,5,1
zero_crossing_rate_p90,0.0038424187805503607,5,1
mfcc_delta_3_std,0.003814357565715909,5,1
mfcc_delta_11_std,0.0038099102675914764,5,1
contrast_5_mean,0.0037079928442835808,5,1
mfcc_6_std,0.0036779996007680893,5,1
bandwidth_p90,0.003661609720438719,5,1
mfcc_2_p90,0.18948891758918762,5,2
mfcc_2_mean,0.053454358130693436,5,2
mfcc_2_p10,0.028877366334199905,5,2
flatness_p10,0.021422522142529488,5,2
mfcc_4_mean,0.020511165261268616,5,2
rms_mean,0.013612407259643078,5,2
bandwidth_p90,0.012499872595071793,5,2
mfcc_4_p10,0.011680138297379017,5,2
mfcc_0_std,0.01134465541690588,5,2
flatness_mean,0.01010641735047102,5,2
mfcc_7_mean,0.009019795805215836,5,2
rms_p90,0.008808083832263947,5,2
centroid_p10,0.008397873491048813,5,2
bandwidth_mean,0.008240561932325363,5,2
mfcc_18_p10,0.007904027588665485,5,2
mfcc_19_p10,0.007857832126319408,5,2
mfcc_3_mean,0.007813863456249237,5,2
rms_p10,0.007583673112094402,5,2
mfcc_3_p90,0.007333025336265564,5,2
mfcc_8_std,0.006948834750801325,5,2
mfcc_6_mean,0.006469677668064833,5,2
mfcc_0_p10,0.006097330246120691,5,2
mfcc_delta_17_p90,0.005966016557067633,5,2
mfcc_0_mean,0.0058479527942836285,5,2
mfcc_1_p10,0.005773861892521381,5,2
mfcc_18_p90,0.0055305324494838715,5,2
rolloff85_mean,0.005403598770499229,5,2
centroid_p90,0.005362257361412048,5,2
mfcc_delta_18_std,0.0053032017312943935,5,2
contrast_3_p10,0.005228679161518812,5,2
dominant_frequency_ratio,0.00508043821901083,5,2
mfcc_delta_7_p90,0.005052412394434214,5,2
mfcc_10_p10,0.0050493343733251095,5,2
mfcc_10_p90,0.0050276052206754684,5,2
mfcc_delta_9_p90,0.004868752788752317,5,2
mfcc_7_p10,0.004848592448979616,5,2
contrast_0_mean,0.004811054561287165,5,2
mfcc_16_p90,0.004630614072084427,5,2
mfcc_delta_16_std,0.004564780741930008,5,2
mfcc_delta_19_std,0.004397159907966852,5,2
mfcc_15_mean,0.004319174215197563,5,2
rolloff85_p10,0.004250890575349331,5,2
spectral_entropy_std,0.004207342863082886,5,2
mfcc_0_p90,0.00415992783382535,5,2
mfcc_delta_14_p10,0.004121438134461641,5,2
rolloff85_p90,0.004120795521885157,5,2
contrast_5_p10,0.004118087235838175,5,2
flatness_p90,0.0040522972121834755,5,2
mfcc_17_std,0.004040042869746685,5,2
mfcc_13_mean,0.0039695571176707745,5,2
centroid_mean,0.003966454416513443,5,2
mfcc_delta_17_p10,0.0039558070711791515,5,2
mfcc_8_mean,0.0037845929618924856,5,2
mfcc_delta_8_std,0.0037746995221823454,5,2
mfcc_14_p90,0.003706200746819377,5,2
mfcc_delta_15_std,0.0036908418405801058,5,2
mfcc_5_p10,0.003671665210276842,5,2
mfcc_delta_4_p10,0.003653789171949029,5,2
mfcc_3_std,0.0036128913052380085,5,2
mfcc_1_p90,0.0035468274727463722,5,2
mfcc_2_mean,0.14774471521377563,5,3
mfcc_2_p10,0.07077527791261673,5,3
mfcc_2_p90,0.042890675365924835,5,3
contrast_3_p10,0.015284270979464054,5,3
contrast_3_mean,0.014417441561818123,5,3
bandwidth_p10,0.011431264691054821,5,3
bandwidth_p90,0.0107036754488945,5,3
bandwidth_mean,0.010061794891953468,5,3
flatness_std,0.010040001012384892,5,3
contrast_0_p90,0.01001189649105072,5,3
mfcc_4_p10,0.009313988499343395,5,3
mfcc_1_std,0.008142232894897461,5,3
mfcc_8_std,0.00812673382461071,5,3
mfcc_7_p10,0.0077111488208174706,5,3
dominant_frequency_ratio,0.0069303386844694614,5,3
mfcc_0_std,0.006780032999813557,5,3
mfcc_7_std,0.006778673268854618,5,3
spectral_entropy_mean,0.006749999243766069,5,3
mfcc_4_mean,0.006692119874060154,5,3
rms_p90,0.006517996080219746,5,3
mfcc_18_p10,0.006421451922506094,5,3
flatness_p10,0.006389141082763672,5,3
mfcc_delta_14_std,0.006336729042232037,5,3
mfcc_3_p90,0.006075585260987282,5,3
contrast_5_mean,0.0058796158991754055,5,3
spectral_entropy_std,0.005745820235460997,5,3
contrast_1_mean,0.005698676221072674,5,3
mfcc_19_p90,0.00569020165130496,5,3
mfcc_10_p90,0.005651114042848349,5,3
mfcc_17_mean,0.005635241977870464,5,3
flatness_p90,0.005596516188234091,5,3
mfcc_7_mean,0.005485214293003082,5,3
mfcc_6_mean,0.0052632219158113,5,3
centroid_p10,0.005158120300620794,5,3
mfcc_delta_17_std,0.005155476741492748,5,3
mfcc_1_p10,0.005071435123682022,5,3
mfcc_15_mean,0.005049615167081356,5,3
rolloff85_std,0.004972320515662432,5,3
mfcc_3_mean,0.004950967151671648,5,3
mfcc_delta_17_p10,0.004923506639897823,5,3
mfcc_1_p90,0.004908984526991844,5,3
contrast_4_std,0.004776280373334885,5,3
mfcc_delta_17_p90,0.004742405377328396,5,3
mfcc_9_p10,0.004703061655163765,5,3
mfcc_delta_7_p90,0.004578962456434965,5,3
zero_crossing_rate_mean,0.004566183779388666,5,3
dominant_frequency,0.004557551816105843,5,3
mfcc_17_p90,0.004498400259763002,5,3
zero_crossing_rate_std,0.004486307501792908,5,3
mfcc_16_std,0.0044534956105053425,5,3
mfcc_delta_10_std,0.004448459483683109,5,3
mfcc_delta_5_p90,0.0044197626411914825,5,3
mfcc_10_p10,0.004386180080473423,5,3
rms_p10,0.004373867530375719,5,3
mfcc_delta_8_p90,0.004350041970610619,5,3
mfcc_delta_6_std,0.004339669831097126,5,3
rolloff85_p10,0.004290205892175436,5,3
mfcc_6_p90,0.004162122029811144,5,3
mfcc_15_p10,0.004151100292801857,5,3
mfcc_6_p10,0.004129049368202686,5,3
mfcc_2_p90,0.05877554789185524,5,4
contrast_3_p10,0.05693190172314644,5,4
mfcc_2_mean,0.04161279648542404,5,4
contrast_3_mean,0.03771445155143738,5,4
bandwidth_mean,0.018683049827814102,5,4
rms_p10,0.016761519014835358,5,4
mfcc_1_mean,0.012097480706870556,5,4
spectral_entropy_p90,0.011638171039521694,5,4
rms_mean,0.010774745605885983,5,4
mfcc_delta_15_p10,0.010002469643950462,5,4
contrast_5_mean,0.009766502305865288,5,4
flatness_p90,0.009515439160168171,5,4
mfcc_4_p10,0.009461143054068089,5,4
centroid_p10,0.00938256736844778,5,4
rolloff85_mean,0.009290317073464394,5,4
bandwidth_p90,0.00890978705137968,5,4
mfcc_3_mean,0.008457298390567303,5,4
mfcc_3_p10,0.0076353116892278194,5,4
flatness_std,0.007530487608164549,5,4
dominant_frequency_ratio,0.00753047876060009,5,4
contrast_2_p90,0.007354706525802612,5,4
mfcc_delta_7_p90,0.007238925434648991,5,4
mfcc_7_std,0.007157087791711092,5,4
mfcc_6_p10,0.007076403591781855,5,4
mfcc_19_p90,0.00706219207495451,5,4
flatness_mean,0.006936203688383102,5,4
mfcc_8_p10,0.006838815752416849,5,4
mfcc_1_p10,0.006576783023774624,5,4
mfcc_17_std,0.006568113341927528,5,4
mfcc_6_p90,0.006469350308179855,5,4
mfcc_8_std,0.006356912199407816,5,4
spectral_entropy_p10,0.006198136135935783,5,4
mfcc_18_p10,0.00619796896353364,5,4
contrast_5_p10,0.006171830929815769,5,4
mfcc_delta_15_std,0.00611020578071475,5,4
mfcc_4_mean,0.006073247641324997,5,4
mfcc_delta_17_p10,0.006009862292557955,5,4
rolloff85_p90,0.005985125433653593,5,4
mfcc_delta_17_p90,0.005944120232015848,5,4
mfcc_12_mean,0.005820038728415966,5,4
contrast_2_p10,0.0057166386395692825,5,4
flatness_p10,0.005702516529709101,5,4
rolloff85_p10,0.005668394733220339,5,4
contrast_1_mean,0.00561186671257019,5,4
mfcc_5_p10,0.005594789516180754,5,4
mfcc_17_p90,0.005578238051384687,5,4
spectral_entropy_mean,0.005520425271242857,5,4
bandwidth_p10,0.0054753730073571205,5,4
mfcc_3_p90,0.005427020136266947,5,4
mfcc_delta_3_std,0.005274063907563686,5,4
mfcc_9_p10,0.0052296011708676815,5,4
mfcc_13_p10,0.005205870606005192,5,4
mfcc_delta_4_p10,0.005198484752327204,5,4
mfcc_delta_15_mean,0.005172140430659056,5,4
mfcc_6_mean,0.005081059876829386,5,4
mfcc_17_mean,0.0050210729241371155,5,4
mfcc_5_mean,0.004987973719835281,5,4
spectral_entropy_std,0.00497448118403554,5,4
mfcc_delta_17_mean,0.004891956690698862,5,4
mfcc_0_p10,0.004702840466052294,5,4
mfcc_2_mean,0.09477785229682922,6,0
mfcc_2_p90,0.058351390063762665,6,0
mfcc_2_p10,0.04667866602540016,6,0
contrast_3_p10,0.011958190239965916,6,0
contrast_3_mean,0.011827319860458374,6,0
mfcc_1_std,0.010918185114860535,6,0
bandwidth_p90,0.010221707634627819,6,0
bandwidth_p10,0.00924094021320343,6,0
rolloff85_std,0.008431526832282543,6,0
contrast_4_p90,0.008202902972698212,6,0
rms_mean,0.008181028999388218,6,0
bandwidth_mean,0.0078110662288963795,6,0
rms_p10,0.007594304159283638,6,0
mfcc_delta_17_p10,0.007453543599694967,6,0
mfcc_delta_17_p90,0.0071717784740030766,6,0
mfcc_13_std,0.007075274363160133,6,0
contrast_0_p90,0.006701791193336248,6,0
contrast_1_std,0.006684061139822006,6,0
mfcc_7_mean,0.006652659736573696,6,0
contrast_0_mean,0.006479700095951557,6,0
mfcc_17_mean,0.006433091126382351,6,0
rolloff85_p10,0.0063600242137908936,6,0
mfcc_3_mean,0.006317683961242437,6,0
dominant_frequency_ratio,0.00627121701836586,6,0
mfcc_7_p10,0.006189236883074045,6,0
mfcc_8_std,0.006187656428664923,6,0
mfcc_18_p10,0.006160098128020763,6,0
mfcc_16_p90,0.006113770417869091,6,0
mfcc_delta_7_p90,0.0060825468972325325,6,0
mfcc_17_std,0.00603824807330966,6,0
mfcc_3_p90,0.00596980843693018,6,0
centroid_p10,0.00591187784448266,6,0
mfcc_1_p10,0.005878249183297157,6,0
mfcc_delta_8_std,0.005763106048107147,6,0
mfcc_0_std,0.0057347435504198074,6,0
mfcc_delta_10_std,0.005689174402505159,6,0
mfcc_delta_11_std,0.005657742265611887,6,0
spectral_entropy_mean,0.00541166914626956,6,0
mfcc_16_p10,0.005407677032053471,6,0
mfcc_delta_6_p90,0.005391793325543404,6,0
mfcc_6_std,0.005391767248511314,6,0
mfcc_delta_2_std,0.005381752271205187,6,0
mfcc_13_mean,0.0052845231257379055,6,0
mfcc_6_mean,0.005257478449493647,6,0
mfcc_6_p10,0.0051670134998857975,6,0
mfcc_4_mean,0.005065501667559147,6,0
mfcc_4_p90,0.0050554051995277405,6,0
mfcc_4_p10,0.005004430189728737,6,0
mfcc_13_p90,0.004960879683494568,6,0
mfcc_12_std,0.004918181803077459,6,0
zero_crossing_rate_mean,0.0049118963070213795,6,0
contrast_4_std,0.004736743401736021,6,0
mfcc_delta_18_std,0.004710559267550707,6,0
contrast_5_p10,0.004657946992665529,6,0
mfcc_delta_3_p90,0.004630252718925476,6,0
mfcc_5_std,0.004611915443092585,6,0
mfcc_delta_1_mean,0.004549823701381683,6,0
contrast_2_p10,0.004522981122136116,6,0
mfcc_10_p10,0.004506402183324099,6,0
mfcc_delta_7_p10,0.004486197605729103,6,0
mfcc_2_mean,0.11710092425346375,6,1
mfcc_2_p90,0.09844917804002762,6,1
bandwidth_mean,0.021039441227912903,6,1
mfcc_2_p10,0.01932333968579769,6,1
flatness_std,0.018777260556817055,6,1
rms_p90,0.01861008256673813,6,1
contrast_3_p10,0.01699163019657135,6,1
contrast_3_mean,0.016251351684331894,6,1
rms_mean,0.013743479736149311,6,1
mfcc_4_p10,0.012428869493305683,6,1
mfcc_6_p90,0.009122943505644798,6,1
spectral_entropy_p10,0.008360672742128372,6,1
mfcc_3_mean,0.007718415465205908,6,1
mfcc_7_std,0.007687001954764128,6,1
mfcc_7_mean,0.007566611748188734,6,1
mfcc_18_p10,0.007497818674892187,6,1
bandwidth_p90,0.006603746209293604,6,1
rms_p10,0.006412392947822809,6,1
mfcc_17_std,0.006368510890752077,6,1
mfcc_17_p90,0.006356860511004925,6,1
mfcc_17_mean,0.006006148178130388,6,1
mfcc_0_p10,0.00594570254907012,6,1
mfcc_1_std,0.005827490705996752,6,1
mfcc_6_p10,0.00578825268894434,6,1
mfcc_19_p90,0.005776811856776476,6,1
mfcc_8_std,0.005506847519427538,6,1
rms_std,0.005475207231938839,6,1
spectral_entropy_mean,0.005397176835685968,6,1
mfcc_8_p10,0.005385609343647957,6,1
mfcc_4_mean,0.005378043744713068,6,1
mfcc_18_p90,0.005322246812283993,6,1
mfcc_delta_3_p90,0.005217231810092926,6,1
contrast_4_std,0.005124412477016449,6,1
mfcc_14_p10,0.005080658011138439,6,1
mfcc_15_mean,0.004857180640101433,6,1
mfcc_0_p90,0.004770160652697086,6,1
flatness_mean,0.0047158170491456985,6,1
contrast_4_p10,0.004669065121561289,6,1
mfcc_5_p90,0.004582144785672426,6,1
contrast_4_p90,0.004546219948679209,6,1
mfcc_5_mean,0.004529420752078295,6,1
mfcc_5_std,0.004519120790064335,6,1
mfcc_13_p10,0.004513000603765249,6,1
mfcc_delta_3_std,0.004355902783572674,6,1
rolloff85_p90,0.0043533556163311005,6,1
mfcc_0_mean,0.004342991393059492,6,1
mfcc_delta_14_p10,0.004241796676069498,6,1
contrast_5_p10,0.004241366870701313,6,1
contrast_4_mean,0.004162100609391928,6,1
mfcc_3_p90,0.004160621669143438,6,1
mfcc_delta_14_p90,0.004149340093135834,6,1
contrast_1_mean,0.004060939885675907,6,1
mfcc_18_mean,0.004013191908597946,6,1
mfcc_delta_17_p90,0.004003065638244152,6,1
mfcc_6_mean,0.003994149621576071,6,1
mfcc_2_std,0.003992089070379734,6,1
mfcc_delta_8_std,0.003982711583375931,6,1
zero_crossing_rate_std,0.0038202116265892982,6,1
mfcc_delta_7_std,0.003784042550250888,6,1
mfcc_delta_4_p90,0.003775551915168762,6,1
mfcc_2_p90,0.21071095764636993,6,2
mfcc_2_mean,0.10104048997163773,6,2
mfcc_4_mean,0.027729619294404984,6,2
mfcc_2_p10,0.018089761957526207,6,2
flatness_p10,0.01437506452202797,6,2
mfcc_4_p10,0.014201655983924866,6,2
rms_mean,0.010698333382606506,6,2
contrast_3_p10,0.009910749271512032,6,2
mfcc_0_std,0.009368343278765678,6,2
centroid_p10,0.00899188220500946,6,2
mfcc_18_p10,0.00860436912626028,6,2
flatness_mean,0.008538526482880116,6,2
mfcc_8_std,0.007870304398238659,6,2
bandwidth_mean,0.007693016901612282,6,2
mfcc_3_mean,0.007590994238853455,6,2
bandwidth_p90,0.0074376799166202545,6,2
mfcc_7_mean,0.00732741504907608,6,2
contrast_0_p90,0.007108356803655624,6,2
mfcc_3_p90,0.006660022772848606,6,2
rms_std,0.006380787584930658,6,2
contrast_3_mean,0.00620316993445158,6,2
contrast_5_p10,0.005891907494515181,6,2
mfcc_delta_17_p90,0.00582875544205308,6,2
mfcc_delta_13_std,0.005632068961858749,6,2
rms_p10,0.0055586607195436954,6,2
spectral_entropy_p90,0.005394602194428444,6,2
mfcc_0_p90,0.005385781172662973,6,2
spectral_entropy_mean,0.005152164958417416,6,2
rolloff85_p10,0.005026520229876041,6,2
rolloff85_p90,0.004971686284989119,6,2
mfcc_12_p10,0.004849228076636791,6,2
flatness_p90,0.004790735896676779,6,2
contrast_0_mean,0.0047669014893472195,6,2
mfcc_delta_8_std,0.004711040761321783,6,2
mfcc_6_mean,0.004628120455890894,6,2
mfcc_4_p90,0.004624505992978811,6,2
rms_p90,0.004599782172590494,6,2
mfcc_delta_17_p10,0.004546617157757282,6,2
rolloff85_mean,0.0044753472320735455,6,2
mfcc_delta_7_p90,0.004417059011757374,6,2
mfcc_14_p10,0.004273334052413702,6,2
flatness_std,0.004221613518893719,6,2
spectral_entropy_std,0.0040664044208824635,6,2
mfcc_delta_15_std,0.0039888103492558,6,2
mfcc_delta_9_p90,0.003817446529865265,6,2
mfcc_10_p10,0.0037550744600594044,6,2
dominant_frequency_ratio,0.003739589126780629,6,2
mfcc_delta_19_std,0.0037127742543816566,6,2
mfcc_15_mean,0.0037057839799672365,6,2
mfcc_13_mean,0.003672802820801735,6,2
mfcc_17_std,0.00366884283721447,6,2
mfcc_1_p90,0.003658130532130599,6,2
mfcc_15_p10,0.003576923394575715,6,2
mfcc_18_p90,0.003567008301615715,6,2
mfcc_delta_16_std,0.003566050436347723,6,2
contrast_1_p10,0.0034800812136381865,6,2
mfcc_16_p10,0.003472610143944621,6,2
mfcc_delta_4_std,0.0034707114100456238,6,2
mfcc_delta_2_p10,0.0034435961861163378,6,2
centroid_p90,0.0034235469065606594,6,2
mfcc_2_mean,0.11974520981311798,6,3
mfcc_2_p90,0.09980257600545883,6,3
mfcc_2_p10,0.023025335744023323,6,3
contrast_3_mean,0.02250426635146141,6,3
contrast_3_p10,0.02221493609249592,6,3
rms_p10,0.015596101991832256,6,3
mfcc_8_std,0.01428566500544548,6,3
centroid_p10,0.01415215153247118,6,3
bandwidth_mean,0.014111506752669811,6,3
bandwidth_p90,0.013322836719453335,6,3
mfcc_7_std,0.013075927272439003,6,3
mfcc_10_p90,0.011151979677379131,6,3
mfcc_0_std,0.01098288968205452,6,3
spectral_entropy_p10,0.010485731065273285,6,3
contrast_5_mean,0.010355784557759762,6,3
mfcc_4_p10,0.009724991396069527,6,3
contrast_5_p10,0.009660733863711357,6,3
mfcc_1_mean,0.0090863648802042,6,3
mfcc_3_mean,0.008791306056082249,6,3
rolloff85_mean,0.008380111306905746,6,3
mfcc_delta_15_std,0.008272115141153336,6,3
mfcc_18_p10,0.007468461990356445,6,3
dominant_frequency,0.007356415037065744,6,3
mfcc_4_mean,0.006703075021505356,6,3
mfcc_1_p10,0.006671112962067127,6,3
spectral_entropy_p90,0.006427752785384655,6,3
mfcc_delta_15_p10,0.006289096549153328,6,3
zero_crossing_rate_mean,0.006112534087151289,6,3
contrast_1_mean,0.0058981794863939285,6,3
mfcc_11_mean,0.005773995537310839,6,3
mfcc_delta_17_p10,0.00575136998668313,6,3
mfcc_3_p90,0.005681005772203207,6,3
mfcc_19_p90,0.005601608660072088,6,3
mfcc_4_p90,0.005529728718101978,6,3
mfcc_6_p10,0.005488126538693905,6,3
mfcc_17_mean,0.005447762086987495,6,3
contrast_1_p90,0.005423999857157469,6,3
mfcc_7_p10,0.005414868239313364,6,3
mfcc_11_p90,0.005255477502942085,6,3
spectral_entropy_mean,0.005225338973104954,6,3
mfcc_3_p10,0.0050589824095368385,6,3
contrast_0_p90,0.005047952756285667,6,3
spectral_entropy_std,0.005020091310143471,6,3
mfcc_12_mean,0.004966895096004009,6,3
zero_crossing_rate_p10,0.00492685055360198,6,3
mfcc_delta_16_std,0.004890412092208862,6,3
mfcc_delta_9_p90,0.004769334569573402,6,3
mfcc_delta_9_std,0.004711888264864683,6,3
mfcc_delta_3_std,0.004681803286075592,6,3
dominant_frequency_ratio,0.0046645523980259895,6,3
mfcc_6_p90,0.004657328128814697,6,3
rolloff85_p10,0.004408125765621662,6,3
rolloff85_p90,0.004282564390450716,6,3
mfcc_12_p10,0.004275183193385601,6,3
mfcc_13_p10,0.004252545535564423,6,3
mfcc_delta_7_p90,0.004233969375491142,6,3
mfcc_delta_16_p10,0.0042144255712628365,6,3
contrast_4_mean,0.00418901490047574,6,3
mfcc_delta_17_p90,0.0040442789904773235,6,3
mfcc_delta_15_mean,0.0040268609300255775,6,3
mfcc_2_mean,0.10364606976509094,6,4
mfcc_2_p90,0.08967574685811996,6,4
contrast_3_p10,0.0227067694067955,6,4
contrast_3_mean,0.017217343673110008,6,4
mfcc_2_p10,0.012353084981441498,6,4
bandwidth_mean,0.01175962295383215,6,4
bandwidth_p90,0.01113160327076912,6,4
mfcc_7_p10,0.010637212544679642,6,4
bandwidth_p10,0.009648197330534458,6,4
mfcc_16_p90,0.009645044803619385,6,4
mfcc_15_std,0.009144073352217674,6,4
rms_p90,0.008959252387285233,6,4
rms_mean,0.008521630428731441,6,4
mfcc_delta_17_p90,0.008467852137982845,6,4
flatness_std,0.008308390155434608,6,4
spectral_entropy_mean,0.007992505095899105,6,4
rolloff85_p90,0.007252571173012257,6,4
mfcc_13_std,0.007120758760720491,6,4
mfcc_17_mean,0.0070618316531181335,6,4
rms_p10,0.006923288572579622,6,4
mfcc_19_p90,0.006866600830107927,6,4
mfcc_delta_17_std,0.006584877148270607,6,4
centroid_p90,0.006292806938290596,6,4
mfcc_4_mean,0.006216316483914852,6,4
contrast_4_p90,0.00617900351062417,6,4
mfcc_6_mean,0.006087683141231537,6,4
mfcc_delta_17_p10,0.005992053542286158,6,4
mfcc_1_std,0.005910233594477177,6,4
mfcc_delta_0_p10,0.005733727943152189,6,4
mfcc_3_p10,0.005677123554050922,6,4
mfcc_delta_9_std,0.005644972901791334,6,4
mfcc_16_mean,0.005625086836516857,6,4
contrast_0_p90,0.005605851765722036,6,4
mfcc_delta_7_p90,0.005486589390784502,6,4
contrast_1_mean,0.00546365138143301,6,4
mfcc_8_p90,0.005428075324743986,6,4
mfcc_13_p90,0.005420037545263767,6,4
mfcc_delta_3_p10,0.005407159682363272,6,4
mfcc_5_mean,0.005396646447479725,6,4
mfcc_3_p90,0.00538979284465313,6,4
mfcc_18_p10,0.005351562052965164,6,4
contrast_1_p10,0.00512557802721858,6,4
flatness_p90,0.005032779183238745,6,4
mfcc_delta_1_mean,0.0049332245253026485,6,4
mfcc_14_p10,0.0049303085543215275,6,4
mfcc_7_std,0.004927379544824362,6,4
mfcc_13_mean,0.0048873149789869785,6,4
mfcc_16_std,0.004855366889387369,6,4
mfcc_9_std,0.0048483991995453835,6,4
mfcc_4_p10,0.004759036935865879,6,4
dominant_frequency_ratio,0.0046899025328457355,6,4
mfcc_16_p10,0.00467325933277607,6,4
mfcc_delta_5_p90,0.0046666390262544155,6,4
mfcc_10_p90,0.004624505527317524,6,4
mfcc_8_std,0.004552317783236504,6,4
contrast_4_std,0.004459640011191368,6,4
mfcc_17_std,0.004451152868568897,6,4
mfcc_6_p90,0.004389315377920866,6,4
mfcc_13_p10,0.004321871791034937,6,4
mfcc_1_p10,0.004316444508731365,6,4
mfcc_2_p90,0.12163934111595154,7,0
mfcc_2_mean,0.054510559886693954,7,0
mfcc_2_p10,0.018920697271823883,7,0
mfcc_1_mean,0.014705311506986618,7,0
rms_p10,0.014424395747482777,7,0
bandwidth_mean,0.013260059989988804,7,0
rolloff85_mean,0.013030032627284527,7,0
contrast_3_mean,0.01255792286247015,7,0
contrast_0_mean,0.011735322885215282,7,0
mfcc_delta_3_p90,0.011687313206493855,7,0
mfcc_8_std,0.010091712698340416,7,0
rms_mean,0.00888263899832964,7,0
mfcc_3_p90,0.00835290178656578,7,0
mfcc_3_mean,0.008080883882939816,7,0
mfcc_4_p10,0.00801416952162981,7,0
bandwidth_p10,0.007957885973155499,7,0
centroid_p10,0.007832363247871399,7,0
contrast_5_mean,0.00769083434715867,7,0
contrast_1_mean,0.007646629586815834,7,0
mfcc_delta_15_std,0.007330865599215031,7,0
mfcc_1_std,0.007135001942515373,7,0
contrast_5_p10,0.00710785249248147,7,0
contrast_0_p90,0.006892169825732708,7,0
contrast_3_p10,0.006644901353865862,7,0
mfcc_delta_15_mean,0.006631508003920317,7,0
bandwidth_p90,0.006568825338035822,7,0
mfcc_4_mean,0.0065663959830999374,7,0
flatness_p90,0.006455072667449713,7,0
flatness_std,0.006441956385970116,7,0
rolloff85_p90,0.006334403995424509,7,0
mfcc_delta_4_p90,0.006261750590056181,7,0
mfcc_18_std,0.006200379692018032,7,0
mfcc_7_std,0.0060945129953324795,7,0
mfcc_6_p90,0.005970414727926254,7,0
mfcc_1_p10,0.0059358770959079266,7,0
spectral_entropy_mean,0.005852633621543646,7,0
mfcc_delta_17_p10,0.005823057610541582,7,0
mfcc_17_mean,0.005810270085930824,7,0
mfcc_delta_7_p90,0.005755169317126274,7,0
mfcc_delta_5_p90,0.005752420984208584,7,0
contrast_1_p90,0.005743761081248522,7,0
mfcc_18_p10,0.005711334757506847,7,0
mfcc_6_p10,0.005688582547008991,7,0
spectral_entropy_p90,0.005687514320015907,7,0
mfcc_18_p90,0.005685959476977587,7,0
mfcc_8_p10,0.005645580589771271,7,0
mfcc_0_std,0.005632288288325071,7,0
rolloff85_p10,0.005598454736173153,7,0
spectral_entropy_p10,0.005458006635308266,7,0
mfcc_13_std,0.005441172048449516,7,0
mfcc_6_mean,0.005319364834576845,7,0
mfcc_10_mean,0.005243510007858276,7,0
rms_p90,0.005211620591580868,7,0
mfcc_10_std,0.005201536696404219,7,0
contrast_4_p90,0.005187449511140585,7,0
contrast_2_std,0.005182946566492319,7,0
mfcc_15_mean,0.004920101258903742,7,0
mfcc_delta_15_p10,0.0048740035854279995,7,0
mfcc_delta_17_p90,0.004829345736652613,7,0
mfcc_13_p10,0.004737766459584236,7,0
mfcc_2_p90,0.11961251497268677,7,1
mfcc_2_mean,0.06934365630149841,7,1
contrast_3_p10,0.025426100939512253,7,1
mfcc_2_p10,0.024040795862674713,7,1
bandwidth_mean,0.016990019008517265,7,1
mfcc_8_std,0.016349835321307182,7,1
flatness_std,0.014492153190076351,7,1
spectral_entropy_p10,0.013150736689567566,7,1
contrast_3_mean,0.011674178764224052,7,1
mfcc_7_std,0.011175877414643764,7,1
mfcc_3_mean,0.00905828457325697,7,1
rms_p90,0.008999241515994072,7,1
mfcc_18_p10,0.00878208503127098,7,1
bandwidth_p90,0.007937508635222912,7,1
bandwidth_p10,0.00778407696634531,7,1
mfcc_6_p90,0.00771390600129962,7,1
flatness_p90,0.00757611682638526,7,1
rms_mean,0.007499466650187969,7,1
zero_crossing_rate_mean,0.00720973638817668,7,1
mfcc_0_p10,0.006735823582857847,7,1
mfcc_6_p10,0.006540519651025534,7,1
mfcc_0_mean,0.006231742911040783,7,1
contrast_0_mean,0.006146973464637995,7,1
mfcc_15_mean,0.006005051080137491,7,1
mfcc_3_p90,0.006000240333378315,7,1
mfcc_delta_17_p90,0.005996102932840586,7,1
mfcc_4_p10,0.005898537579923868,7,1
zero_crossing_rate_p90,0.005844008177518845,7,1
dominant_frequency_ratio,0.005827335175126791,7,1
mfcc_7_mean,0.005764930509030819,7,1
spectral_entropy_mean,0.005566290579736233,7,1
rms_p10,0.005555762443691492,7,1
mfcc_8_p10,0.005430208519101143,7,1
mfcc_17_mean,0.005320826079696417,7,1
contrast_4_p90,0.005287839099764824,7,1
contrast_0_p90,0.005189422983676195,7,1
centroid_p10,0.005152722354978323,7,1
rms_std,0.0051404996775090694,7,1
mfcc_18_p90,0.005046140402555466,7,1
mfcc_5_p90,0.004984733182936907,7,1
mfcc_17_p90,0.004956210497766733,7,1
mfcc_13_p10,0.004802968353033066,7,1
mfcc_0_p90,0.004757274873554707,7,1
mfcc_delta_8_std,0.00474154856055975,7,1
contrast_1_mean,0.0047074309550225735,7,1
mfcc_19_p90,0.004698541015386581,7,1
rolloff85_mean,0.0046157315373420715,7,1
mfcc_17_std,0.004553165286779404,7,1
mfcc_14_p10,0.004549343604594469,7,1
mfcc_delta_3_std,0.004525914788246155,7,1
mfcc_delta_17_p10,0.004383389372378588,7,1
centroid_p90,0.00436529191210866,7,1
mfcc_13_std,0.00423025619238615,7,1
contrast_5_p10,0.004224859643727541,7,1
mfcc_8_mean,0.004201563075184822,7,1
mfcc_7_p90,0.004187785554677248,7,1
mfcc_7_p10,0.004186068195849657,7,1
mfcc_delta_13_std,0.0041370633989572525,7,1
mfcc_1_p10,0.004127944819629192,7,1
contrast_4_mean,0.004118775483220816,7,1
mfcc_2_p90,0.20744428038597107,7,2
mfcc_2_mean,0.08845049142837524,7,2
mfcc_2_p10,0.03192449361085892,7,2
mfcc_4_mean,0.022461336106061935,7,2
mfcc_4_p10,0.013114135712385178,7,2
flatness_p10,0.011985786259174347,7,2
rms_mean,0.011316782794892788,7,2
centroid_p10,0.011312445625662804,7,2
mfcc_4_p90,0.010952695272862911,7,2
rms_p90,0.010936284437775612,7,2
mfcc_18_p10,0.01003977656364441,7,2
mfcc_3_mean,0.008296958170831203,7,2
contrast_3_p10,0.007791475858539343,7,2
mfcc_0_std,0.007023293524980545,7,2
mfcc_3_p90,0.007002630271017551,7,2
flatness_std,0.00689274538308382,7,2
mfcc_6_mean,0.006793771404772997,7,2
contrast_5_p10,0.0065298667177557945,7,2
contrast_0_p90,0.006468556355684996,7,2
flatness_mean,0.006066519767045975,7,2
rms_std,0.005924868397414684,7,2
spectral_entropy_std,0.005807710345834494,7,2
mfcc_15_p90,0.005755212157964706,7,2
mfcc_8_std,0.0057213869877159595,7,2
centroid_p90,0.005665600299835205,7,2
mfcc_delta_9_p90,0.005308280698955059,7,2
mfcc_7_mean,0.005255669355392456,7,2
mfcc_15_std,0.005144773982465267,7,2
mfcc_delta_8_std,0.005138847976922989,7,2
contrast_3_mean,0.005120402202010155,7,2
rolloff85_mean,0.0047542559914290905,7,2
mfcc_19_p10,0.004739654250442982,7,2
mfcc_1_std,0.004726453218609095,7,2
mfcc_16_mean,0.004652226343750954,7,2
bandwidth_mean,0.004462738987058401,7,2
zero_crossing_rate_p10,0.0043723443523049355,7,2
bandwidth_p90,0.004349479451775551,7,2
mfcc_15_mean,0.0043312618508934975,7,2
mfcc_0_p90,0.004324218258261681,7,2
mfcc_14_std,0.004304542671889067,7,2
rolloff85_p10,0.004279745277017355,7,2
mfcc_16_p10,0.004277171101421118,7,2
mfcc_5_std,0.0042543369345366955,7,2
rolloff85_p90,0.004240041133016348,7,2
mfcc_delta_7_p90,0.004223177209496498,7,2
rms_p10,0.00413511274382472,7,2
mfcc_3_p10,0.004039226099848747,7,2
mfcc_delta_16_std,0.003887350205332041,7,2
mfcc_10_std,0.0038338969461619854,7,2
contrast_4_p90,0.003810557071119547,7,2
mfcc_1_p10,0.0037964843213558197,7,2
mfcc_1_p90,0.003755431855097413,7,2
mfcc_delta_13_p90,0.0037425062619149685,7,2
mfcc_7_p10,0.0037035075947642326,7,2
mfcc_delta_8_p90,0.0037022684700787067,7,2
mfcc_delta_17_p90,0.0036965706385672092,7,2
centroid_mean,0.0036655778530985117,7,2
mfcc_delta_0_p90,0.003636574139818549,7,2
mfcc_11_mean,0.003613873850554228,7,2
mfcc_10_p10,0.003601010423153639,7,2
mfcc_2_mean,0.0913790836930275,7,3
mfcc_2_p90,0.09074966609477997,7,3
contrast_3_mean,0.019853686913847923,7,3
bandwidth_mean,0.01847432181239128,7,3
contrast_3_p10,0.01638934761285782,7,3
mfcc_2_p10,0.016329476609826088,7,3
bandwidth_p90,0.015111147426068783,7,3
mfcc_0_std,0.013596040196716785,7,3
mfcc_8_std,0.013365708291530609,7,3
rms_p10,0.013034428469836712,7,3
mfcc_4_p10,0.012190006673336029,7,3
mfcc_1_mean,0.012052991427481174,7,3
contrast_5_mean,0.01107860915362835,7,3
mfcc_3_p10,0.009534251876175404,7,3
mfcc_10_p90,0.009458261542022228,7,3
rolloff85_mean,0.009126998484134674,7,3
mfcc_9_p90,0.009005424566566944,7,3
mfcc_7_std,0.00848101731389761,7,3
mfcc_5_p10,0.008405531756579876,7,3
mfcc_1_p10,0.008378254249691963,7,3
contrast_0_p90,0.008364399895071983,7,3
rms_mean,0.008357825689017773,7,3
flatness_p10,0.007600928656756878,7,3
spectral_entropy_p90,0.007399917114526033,7,3
mfcc_3_mean,0.0072634778916835785,7,3
mfcc_3_p90,0.007169241085648537,7,3
centroid_p10,0.007027161307632923,7,3
mfcc_18_p10,0.006933150812983513,7,3
contrast_5_p10,0.00693147350102663,7,3
mfcc_delta_15_p10,0.006702583283185959,7,3
mfcc_14_std,0.006577586755156517,7,3
rolloff85_p10,0.0062027969397604465,7,3
contrast_1_mean,0.006156980525702238,7,3
mfcc_12_mean,0.006070868112146854,7,3
contrast_2_p90,0.00602288031950593,7,3
mfcc_19_p90,0.006011121906340122,7,3
mfcc_18_mean,0.005999675020575523,7,3
mfcc_delta_15_std,0.005960286594927311,7,3
mfcc_6_p90,0.005544454324990511,7,3
mfcc_18_std,0.005543315317481756,7,3
flatness_std,0.005366374738514423,7,3
mfcc_6_p10,0.005295328795909882,7,3
mfcc_delta_9_p90,0.0052421516738832,7,3
mfcc_11_p90,0.005191011354327202,7,3
mfcc_delta_14_p10,0.005170519929379225,7,3
zero_crossing_rate_mean,0.005117637105286121,7,3
rolloff85_p90,0.005098795983940363,7,3
zero_crossing_rate_p10,0.005057893693447113,7,3
mfcc_delta_17_p10,0.0050457436591386795,7,3
mfcc_delta_9_std,0.00498023210093379,7,3
dominant_frequency_ratio,0.004973534028977156,7,3
mfcc_19_p10,0.004955376032739878,7,3
mfcc_17_mean,0.004789130296558142,7,3
contrast_1_p90,0.004656991921365261,7,3
mfcc_7_p10,0.004650045186281204,7,3
mfcc_14_p90,0.004612232092767954,7,3
bandwidth_p10,0.004600157029926777,7,3
mfcc_delta_15_mean,0.004578948020935059,7,3
spectral_entropy_mean,0.004343706648796797,7,3
mfcc_delta_7_p90,0.004332359880208969,7,3
mfcc_2_mean,0.09681544452905655,7,4
mfcc_2_p90,0.08950681984424591,7,4
mfcc_2_p10,0.03111530840396881,7,4
contrast_3_p10,0.022496920078992844,7,4
rms_mean,0.012458608485758305,7,4
bandwidth_p90,0.011459436267614365,7,4
rms_p90,0.010730215348303318,7,4
bandwidth_mean,0.010412088595330715,7,4
mfcc_1_std,0.009527383372187614,7,4
mfcc_15_std,0.009299607947468758,7,4
bandwidth_p10,0.009272873401641846,7,4
flatness_p90,0.00895668938755989,7,4
flatness_std,0.008286098949611187,7,4
contrast_3_mean,0.008256307803094387,7,4
mfcc_4_mean,0.007974459789693356,7,4
mfcc_16_p90,0.007565515115857124,7,4
mfcc_16_mean,0.006891461554914713,7,4
mfcc_delta_17_p90,0.006867710035294294,7,4
mfcc_6_mean,0.00686732167378068,7,4
centroid_p90,0.006786241661757231,7,4
mfcc_delta_0_p10,0.006753072142601013,7,4
contrast_1_p10,0.006279937457293272,7,4
mfcc_3_p10,0.006273654755204916,7,4
rms_p10,0.006186205428093672,7,4
spectral_entropy_mean,0.006177176721394062,7,4
mfcc_3_p90,0.0061310529708862305,7,4
mfcc_7_std,0.006060013081878424,7,4
mfcc_7_mean,0.006021595094352961,7,4
mfcc_8_p90,0.006001893896609545,7,4
dominant_frequency_ratio,0.005747384391725063,7,4
mfcc_delta_17_p10,0.005718962289392948,7,4
mfcc_15_mean,0.005678193643689156,7,4
mfcc_delta_7_p90,0.0054805707186460495,7,4
rolloff85_p90,0.005459286738187075,7,4
mfcc_11_p10,0.005324201192706823,7,4
mfcc_4_p10,0.005276791285723448,7,4
mfcc_delta_17_std,0.005226123612374067,7,4
mfcc_18_p10,0.005217928905040026,7,4
mfcc_delta_1_p90,0.00507144583389163,7,4
mfcc_delta_9_std,0.004995145369321108,7,4
mfcc_delta_3_p10,0.00498870387673378,7,4
mfcc_6_p10,0.004949118010699749,7,4
mfcc_13_mean,0.004876241087913513,7,4
mfcc_14_p10,0.004803311079740524,7,4
contrast_1_mean,0.00478427205234766,7,4
mfcc_13_p10,0.004692020360380411,7,4
mfcc_17_mean,0.004675775300711393,7,4
mfcc_1_mean,0.004664694890379906,7,4
mfcc_13_p90,0.004653878044337034,7,4
centroid_mean,0.004615530837327242,7,4
mfcc_10_p10,0.00451679527759552,7,4
mfcc_8_std,0.004516460932791233,7,4
mfcc_5_p90,0.0044709728099405766,7,4
mfcc_19_p90,0.004460453987121582,7,4
mfcc_delta_11_std,0.004460322204977274,7,4
mfcc_12_std,0.004426918923854828,7,4
mfcc_17_std,0.004424592480063438,7,4
flatness_p10,0.004422927740961313,7,4
spectral_entropy_std,0.0044088964350521564,7,4
rms_std,0.004375213757157326,7,4
mfcc_2_mean,0.08289974182844162,8,0
mfcc_2_p90,0.07867731153964996,8,0
mfcc_2_p10,0.028238242492079735,8,0
contrast_3_p10,0.016019361093640327,8,0
bandwidth_mean,0.014453179202973843,8,0
contrast_3_mean,0.01276364829391241,8,0
rms_mean,0.012287545949220657,8,0
bandwidth_p90,0.010602597147226334,8,0
mfcc_18_p90,0.010284237563610077,8,0
bandwidth_p10,0.009870056062936783,8,0
flatness_p90,0.009505177848041058,8,0
mfcc_1_std,0.009468545205891132,8,0
mfcc_13_p90,0.008892713114619255,8,0
contrast_0_p90,0.008379897102713585,8,0
contrast_4_p90,0.007929989136755466,8,0
spectral_entropy_mean,0.00790298543870449,8,0
rms_std,0.007483599707484245,8,0
mfcc_0_std,0.006720853503793478,8,0
mfcc_16_p10,0.006601207423955202,8,0
mfcc_18_std,0.00654942262917757,8,0
dominant_frequency_ratio,0.006487363018095493,8,0
mfcc_8_std,0.006475155241787434,8,0
mfcc_17_mean,0.006270010489970446,8,0
mfcc_delta_3_p90,0.0062533169984817505,8,0
rms_p10,0.00604986259713769,8,0
mfcc_10_mean,0.006005674134939909,8,0
mfcc_delta_7_p90,0.00583868520334363,8,0
mfcc_18_p10,0.00581783102825284,8,0
mfcc_delta_17_p90,0.005705653689801693,8,0
rolloff85_p90,0.005510436836630106,8,0
centroid_mean,0.005484475754201412,8,0
mfcc_6_mean,0.005468192510306835,8,0
zero_crossing_rate_p90,0.005423212889581919,8,0
centroid_p90,0.005382558796554804,8,0
mfcc_16_mean,0.005366725847125053,8,0
mfcc_delta_17_p10,0.005366673693060875,8,0
mfcc_8_mean,0.005348414182662964,8,0
contrast_1_p90,0.005229866597801447,8,0
rolloff85_std,0.005154969170689583,8,0
mfcc_7_std,0.005135304294526577,8,0
mfcc_15_mean,0.005112177226692438,8,0
mfcc_12_std,0.005094345659017563,8,0
mfcc_delta_9_std,0.0050626229494810104,8,0
mfcc_15_p90,0.0050008464604616165,8,0
mfcc_4_mean,0.004995075985789299,8,0
contrast_0_mean,0.004986172076314688,8,0
mfcc_16_p90,0.004954592790454626,8,0
mfcc_delta_2_std,0.00493665412068367,8,0
contrast_4_std,0.00481280405074358,8,0
mfcc_19_p90,0.004778510890901089,8,0
mfcc_3_p90,0.004759513307362795,8,0
mfcc_10_p90,0.0047364505007863045,8,0
mfcc_3_p10,0.004732890985906124,8,0
mfcc_1_p10,0.0047116209752857685,8,0
mfcc_4_p10,0.004568401724100113,8,0
centroid_std,0.004549715667963028,8,0
mfcc_10_p10,0.004539339803159237,8,0
contrast_5_mean,0.004537754226475954,8,0
mfcc_11_std,0.004463790915906429,8,0
contrast_4_mean,0.004456286318600178,8,0
mfcc_2_mean,0.10007327049970627,8,1
contrast_0_mean,0.0964374989271164,8,1
mfcc_2_p90,0.08914826065301895,8,1
contrast_3_p10,0.02104705572128296,8,1
flatness_std,0.017616165801882744,8,1
contrast_3_mean,0.01224196795374155,8,1
rms_p10,0.011009964160621166,8,1
bandwidth_mean,0.010736132971942425,8,1
rms_p90,0.010198445990681648,8,1
dominant_frequency_ratio,0.009741626679897308,8,1
mfcc_8_std,0.009363395161926746,8,1
mfcc_4_mean,0.009129814803600311,8,1
mfcc_3_mean,0.008923373185098171,8,1
contrast_0_p90,0.008852580562233925,8,1
rms_mean,0.008552774786949158,8,1
mfcc_4_p10,0.008540784940123558,8,1
spectral_entropy_p10,0.007890704087913036,8,1
mfcc_6_p90,0.0077332910150289536,8,1
mfcc_0_p10,0.0070336670614778996,8,1
mfcc_18_p10,0.006863338407129049,8,1
mfcc_6_p10,0.0068067568354308605,8,1
mfcc_6_std,0.006608135532587767,8,1
mfcc_6_mean,0.006349349394440651,8,1
contrast_5_p10,0.006291968747973442,8,1
mfcc_7_std,0.006162559147924185,8,1
spectral_entropy_mean,0.005683763884007931,8,1
bandwidth_p90,0.005520890932530165,8,1
mfcc_17_p90,0.005256235599517822,8,1
mfcc_15_mean,0.005158392712473869,8,1
mfcc_17_mean,0.005097116809338331,8,1
mfcc_7_mean,0.005027327686548233,8,1
mfcc_5_p90,0.005019869655370712,8,1
rolloff85_mean,0.004952929448336363,8,1
mfcc_0_mean,0.004909748211503029,8,1
mfcc_2_p10,0.004699678625911474,8,1
mfcc_delta_3_p90,0.004585587419569492,8,1
mfcc_17_std,0.004402064252644777,8,1
rolloff85_p90,0.0043944017961621284,8,1
mfcc_delta_13_p10,0.004366645123809576,8,1
zero_crossing_rate_mean,0.004329123068600893,8,1
centroid_p10,0.004292105324566364,8,1
mfcc_19_p90,0.004260771442204714,8,1
mfcc_delta_17_p90,0.0042347353883087635,8,1
contrast_4_std,0.004218773450702429,8,1
mfcc_delta_15_std,0.0041673555970191956,8,1
flatness_mean,0.004081150516867638,8,1
mfcc_delta_9_p10,0.004068863578140736,8,1
mfcc_delta_8_p90,0.00400892598554492,8,1
mfcc_8_p10,0.0039832498878240585,8,1
mfcc_11_p90,0.003931537736207247,8,1
rolloff85_p10,0.00390728609636426,8,1
mfcc_3_p90,0.0038808572571724653,8,1
contrast_4_mean,0.0038599183317273855,8,1
mfcc_13_p10,0.0038384483195841312,8,1
mfcc_8_p90,0.00380056444555521,8,1
mfcc_4_p90,0.0037174818571656942,8,1
mfcc_0_p90,0.0036953564267605543,8,1
mfcc_16_p10,0.003691484685987234,8,1
mfcc_18_p90,0.0036903508007526398,8,1
mfcc_delta_9_std,0.003684691386297345,8,1
mfcc_2_p90,0.20640283823013306,8,2
mfcc_2_mean,0.06422550976276398,8,2
mfcc_4_mean,0.024271052330732346,8,2
flatness_p10,0.022725693881511688,8,2
mfcc_2_p10,0.02041073516011238,8,2
centroid_p10,0.011594726704061031,8,2
rms_mean,0.009482914581894875,8,2
flatness_mean,0.009172617457807064,8,2
mfcc_7_mean,0.008739570155739784,8,2
mfcc_10_p90,0.008258547633886337,8,2
mfcc_4_p10,0.007630037609487772,8,2
mfcc_3_mean,0.007491780910640955,8,2
mfcc_8_std,0.007252309937030077,8,2
rms_p10,0.007247064262628555,8,2
mfcc_4_p90,0.007064209785312414,8,2
rolloff85_mean,0.00700900936499238,8,2
mfcc_18_p10,0.007005040533840656,8,2
mfcc_6_mean,0.006872494705021381,8,2
dominant_frequency_ratio,0.006761297583580017,8,2
mfcc_0_std,0.006396053824573755,8,2
contrast_0_p10,0.006131683476269245,8,2
mfcc_15_std,0.006013588979840279,8,2
flatness_std,0.006012440659105778,8,2
flatness_p90,0.005969003774225712,8,2
mfcc_3_p90,0.0059136594645679,8,2
mfcc_15_p90,0.005895180162042379,8,2
centroid_p90,0.00569887412711978,8,2
mfcc_delta_9_p90,0.005698740016669035,8,2
mfcc_delta_17_p90,0.0056900810450315475,8,2
contrast_5_p10,0.0056896149180829525,8,2
mfcc_19_p10,0.0055579571053385735,8,2
contrast_4_p90,0.005534666124731302,8,2
mfcc_7_p10,0.005407818127423525,8,2
mfcc_11_std,0.005227737128734589,8,2
mfcc_0_mean,0.005169945303350687,8,2
mfcc_16_p90,0.005042377859354019,8,2
mfcc_delta_7_p90,0.004966604523360729,8,2
mfcc_delta_15_std,0.004959310404956341,8,2
contrast_3_p10,0.004758145194500685,8,2
mfcc_8_mean,0.004738140385597944,8,2
rms_std,0.004668499808758497,8,2
mfcc_0_p90,0.004648064263164997,8,2
bandwidth_p90,0.004604279529303312,8,2
mfcc_17_std,0.004507055971771479,8,2
mfcc_delta_11_std,0.004486504942178726,8,2
spectral_entropy_std,0.004381743259727955,8,2
mfcc_delta_19_std,0.004293687175959349,8,2
mfcc_delta_9_p10,0.004279494285583496,8,2
mfcc_19_mean,0.004213299136608839,8,2
bandwidth_p10,0.004188756458461285,8,2
mfcc_6_p10,0.004062420688569546,8,2
contrast_5_mean,0.00405981345102191,8,2
mfcc_delta_16_std,0.0040556457825005054,8,2
mfcc_delta_17_p10,0.0040276143699884415,8,2
bandwidth_mean,0.0039693620055913925,8,2
spectral_entropy_mean,0.003956609405577183,8,2
mfcc_delta_8_std,0.003952708560973406,8,2
centroid_mean,0.003944829106330872,8,2
contrast_0_p90,0.003916847053915262,8,2
mfcc_delta_15_p10,0.003887619124725461,8,2
mfcc_2_mean,0.13805387914180756,8,3
mfcc_2_p10,0.06784717738628387,8,3
mfcc_2_p90,0.03251936659216881,8,3
contrast_3_p10,0.021784208714962006,8,3
rms_p90,0.015773437917232513,8,3
mfcc_4_p10,0.014859321527183056,8,3
contrast_3_mean,0.01459340751171112,8,3
bandwidth_p10,0.013161876238882542,8,3
bandwidth_mean,0.011946883983910084,8,3
bandwidth_p90,0.011193705722689629,8,3
flatness_std,0.010506872087717056,8,3
mfcc_8_std,0.009163033217191696,8,3
mfcc_1_std,0.008927452377974987,8,3
contrast_0_mean,0.008572835475206375,8,3
mfcc_3_p90,0.007591149769723415,8,3
mfcc_19_p90,0.0073023512959480286,8,3
mfcc_15_mean,0.00730133755132556,8,3
contrast_5_mean,0.007061537820845842,8,3
contrast_1_mean,0.006881895009428263,8,3
spectral_entropy_std,0.006669049151241779,8,3
centroid_p90,0.0065330443903803825,8,3
mfcc_7_mean,0.006522804964333773,8,3
rms_p10,0.006411397363990545,8,3
flatness_p10,0.0063929432071745396,8,3
mfcc_0_std,0.006362879648804665,8,3
spectral_entropy_mean,0.006280991714447737,8,3
contrast_4_std,0.006257249973714352,8,3
dominant_frequency_ratio,0.006162210833281279,8,3
spectral_entropy_p10,0.006151074077934027,8,3
mfcc_5_mean,0.0060797869227826595,8,3
mfcc_delta_17_p10,0.005973292514681816,8,3
mfcc_18_p10,0.005966797471046448,8,3
mfcc_7_std,0.005942238960415125,8,3
contrast_5_p10,0.005903983488678932,8,3
mfcc_7_p10,0.0056206644512712955,8,3
zero_crossing_rate_mean,0.00547518627718091,8,3
mfcc_10_p90,0.0054305726662278175,8,3
rolloff85_p90,0.005428486503660679,8,3
mfcc_6_mean,0.005184553097933531,8,3
mfcc_delta_17_std,0.004920470993965864,8,3
mfcc_delta_7_p90,0.004896641708910465,8,3
mfcc_17_mean,0.004767644684761763,8,3
mfcc_5_p90,0.0047444747760891914,8,3
mfcc_18_std,0.004432462155818939,8,3
mfcc_1_p10,0.004400883801281452,8,3
flatness_p90,0.004362042527645826,8,3
mfcc_4_mean,0.004359028302133083,8,3
mfcc_14_p10,0.004336507525295019,8,3
zero_crossing_rate_p90,0.004328863229602575,8,3
rms_mean,0.004270483739674091,8,3
mfcc_13_p10,0.004255130887031555,8,3
mfcc_6_p90,0.004254885949194431,8,3
mfcc_delta_17_p90,0.004253217950463295,8,3
mfcc_6_p10,0.004213838372379541,8,3
mfcc_delta_16_p10,0.004128679167479277,8,3
centroid_mean,0.0040885028429329395,8,3
mfcc_8_p90,0.004057846963405609,8,3
mfcc_13_mean,0.004029795527458191,8,3
mfcc_4_p90,0.004016208462417126,8,3
contrast_4_mean,0.0039718314073979855,8,3
contrast_3_mean,0.07240679860115051,8,4
mfcc_2_p90,0.0712546557188034,8,4
mfcc_2_mean,0.049683183431625366,8,4
contrast_3_p10,0.03562074899673462,8,4
bandwidth_p90,0.02424406260251999,8,4
bandwidth_mean,0.02412308193743229,8,4
rms_p10,0.013957256451249123,8,4
mfcc_1_mean,0.012863554060459137,8,4
mfcc_4_p10,0.011995328590273857,8,4
spectral_entropy_mean,0.010359051637351513,8,4
mfcc_3_p10,0.009901763871312141,8,4
flatness_std,0.009781213477253914,8,4
spectral_entropy_p90,0.009018813259899616,8,4
mfcc_3_mean,0.008471076376736164,8,4
mfcc_7_std,0.008170531131327152,8,4
rolloff85_mean,0.007528799120336771,8,4
mfcc_delta_15_std,0.007387461606413126,8,4
mfcc_8_std,0.007305549923330545,8,4
centroid_p10,0.0072843292728066444,8,4
contrast_5_mean,0.007239355240017176,8,4
mfcc_4_mean,0.007147961761802435,8,4
mfcc_0_mean,0.007070677820593119,8,4
flatness_p10,0.007045389153063297,8,4
mfcc_12_std,0.006826026365160942,8,4
spectral_entropy_p10,0.006693575065582991,8,4
mfcc_0_std,0.006654285825788975,8,4
mfcc_17_mean,0.006620957516133785,8,4
mfcc_18_p10,0.006565287243574858,8,4
contrast_1_mean,0.006488623097538948,8,4
contrast_1_p90,0.006246075499802828,8,4
mfcc_delta_3_p90,0.006097085308283567,8,4
mfcc_delta_10_p10,0.006000932306051254,8,4
mfcc_6_mean,0.005978603847324848,8,4
rolloff85_p90,0.005931994412094355,8,4
mfcc_3_p90,0.005719022825360298,8,4
contrast_0_mean,0.005679751746356487,8,4
mfcc_delta_15_p10,0.00559785682708025,8,4
bandwidth_p10,0.005557121243327856,8,4
contrast_0_p10,0.005540085956454277,8,4
mfcc_delta_14_p10,0.005539615638554096,8,4
mfcc_delta_7_p90,0.005534772761166096,8,4
contrast_5_p10,0.005317586474120617,8,4
mfcc_12_mean,0.005296648945659399,8,4
mfcc_19_p90,0.005292111542075872,8,4
mfcc_delta_15_mean,0.005257858894765377,8,4
mfcc_6_p10,0.0051205940544605255,8,4
mfcc_1_std,0.004951324313879013,8,4
mfcc_delta_17_p90,0.004884263500571251,8,4
mfcc_12_p10,0.004883076064288616,8,4
mfcc_delta_9_std,0.004736856557428837,8,4
mfcc_delta_17_p10,0.004674650263041258,8,4
mfcc_18_std,0.0046532112173736095,8,4
mfcc_delta_8_p90,0.004621667321771383,8,4
mfcc_17_p90,0.004594852682203054,8,4
mfcc_1_p10,0.004506413824856281,8,4
mfcc_13_p10,0.004450509324669838,8,4
spectral_entropy_std,0.004434692673385143,8,4
mfcc_5_p10,0.004430372733622789,8,4
mfcc_11_mean,0.004403356928378344,8,4
mfcc_delta_17_mean,0.004378424026072025,8,4
mfcc_2_p90,0.10332213342189789,9,0
mfcc_2_mean,0.06874445825815201,9,0
mfcc_2_p10,0.027778249233961105,9,0
contrast_3_mean,0.02126339264214039,9,0
rolloff85_mean,0.017515581101179123,9,0
contrast_0_mean,0.016657762229442596,9,0
contrast_3_p10,0.013231176882982254,9,0
rms_p10,0.012847304344177246,9,0
mfcc_delta_3_p90,0.012090674601495266,9,0
mfcc_1_mean,0.0115109384059906,9,0
bandwidth_mean,0.01093425415456295,9,0
bandwidth_p10,0.0102830920368433,9,0
mfcc_8_std,0.009789349511265755,9,0
mfcc_7_std,0.00875688623636961,9,0
bandwidth_p90,0.00869722943753004,9,0
contrast_0_p90,0.008644428104162216,9,0
mfcc_4_mean,0.008474566973745823,9,0
flatness_mean,0.00832800567150116,9,0
mfcc_4_p10,0.008325161412358284,9,0
mfcc_delta_15_p10,0.007842538878321648,9,0
mfcc_3_mean,0.007438229396939278,9,0
spectral_entropy_p10,0.007415357977151871,9,0
contrast_3_p90,0.007332981564104557,9,0
mfcc_3_p90,0.007326938211917877,9,0
mfcc_1_std,0.007250028196722269,9,0
mfcc_18_p10,0.007133541628718376,9,0
centroid_p10,0.0066778166219592094,9,0
contrast_1_mean,0.006677357014268637,9,0
mfcc_0_p10,0.006419368088245392,9,0
spectral_entropy_p90,0.006206451915204525,9,0
rolloff85_std,0.006162720732390881,9,0
mfcc_6_p90,0.006156213581562042,9,0
mfcc_3_p10,0.006080298218876123,9,0
spectral_entropy_mean,0.005998603533953428,9,0
mfcc_delta_9_p10,0.0059671406634151936,9,0
mfcc_17_p90,0.0057363566011190414,9,0
mfcc_16_std,0.00553746847435832,9,0
mfcc_7_mean,0.005509130656719208,9,0
contrast_5_p10,0.0054846266284585,9,0
rolloff85_p10,0.0053761620074510574,9,0
mfcc_delta_17_p10,0.005350829102098942,9,0
zero_crossing_rate_mean,0.005231231916695833,9,0
mfcc_0_std,0.005139797925949097,9,0
mfcc_delta_1_p10,0.005137048661708832,9,0
mfcc_14_p90,0.004957216791808605,9,0
mfcc_delta_7_p90,0.004933319520205259,9,0
mfcc_1_p10,0.004862919449806213,9,0
contrast_2_std,0.004661150276660919,9,0
mfcc_17_mean,0.004643937572836876,9,0
mfcc_15_mean,0.004599102307111025,9,0
mfcc_delta_4_p10,0.00459276232868433,9,0
mfcc_12_mean,0.004545830190181732,9,0
contrast_4_p90,0.004538693465292454,9,0
mfcc_delta_15_std,0.004520791117101908,9,0
mfcc_17_std,0.004493748303502798,9,0
contrast_1_p90,0.004479968920350075,9,0
mfcc_delta_17_p90,0.00447072321549058,9,0
mfcc_14_std,0.004467375110834837,9,0
mfcc_6_p10,0.004460304044187069,9,0
mfcc_8_p10,0.004434786271303892,9,0
mfcc_2_mean,0.11074797064065933,9,1
mfcc_2_p90,0.0944882482290268,9,1
contrast_0_mean,0.06088656187057495,9,1
contrast_3_p10,0.02494281902909279,9,1
flatness_std,0.01972128264605999,9,1
rms_p90,0.01741291768848896,9,1
contrast_0_p90,0.015199913643300533,9,1
rms_mean,0.013117529451847076,9,1
contrast_3_mean,0.012307167053222656,9,1
mfcc_4_mean,0.011325088329613209,9,1
bandwidth_mean,0.01049820613116026,9,1
mfcc_3_mean,0.009399155154824257,9,1
mfcc_8_std,0.00928623229265213,9,1
spectral_entropy_p10,0.007978190667927265,9,1
rms_p10,0.007893056608736515,9,1
mfcc_18_p10,0.007525196298956871,9,1
mfcc_2_p10,0.0071857101283967495,9,1
bandwidth_p90,0.007175484672188759,9,1
mfcc_6_p90,0.006803213618695736,9,1
mfcc_6_p10,0.006215397268533707,9,1
mfcc_17_p90,0.00611128332093358,9,1
centroid_p10,0.006047758739441633,9,1
mfcc_7_mean,0.005795835983008146,9,1
rolloff85_p90,0.005765222944319248,9,1
mfcc_15_mean,0.005608908832073212,9,1
mfcc_1_p10,0.005589739885181189,9,1
mfcc_13_p10,0.005548627581447363,9,1
mfcc_4_p10,0.005389288533478975,9,1
mfcc_7_std,0.005332759115844965,9,1
flatness_p90,0.005254233255982399,9,1
mfcc_0_p90,0.005223906598985195,9,1
zero_crossing_rate_std,0.005223829764872789,9,1
rolloff85_mean,0.00492127938196063,9,1
mfcc_delta_17_p90,0.004854796454310417,9,1
mfcc_13_mean,0.004774489905685186,9,1
bandwidth_p10,0.004759049508720636,9,1
mfcc_0_mean,0.004702627658843994,9,1
mfcc_5_p90,0.004667892586439848,9,1
mfcc_8_mean,0.004570840857923031,9,1
contrast_5_p90,0.004547464661300182,9,1
mfcc_10_std,0.004482425283640623,9,1
rms_std,0.0044003501534461975,9,1
dominant_frequency_ratio,0.004376348573714495,9,1
mfcc_19_p90,0.004349671769887209,9,1
mfcc_delta_8_std,0.004341364838182926,9,1
mfcc_6_std,0.004340486600995064,9,1
flatness_mean,0.00432483060285449,9,1
mfcc_delta_0_p90,0.004266402218490839,9,1
mfcc_17_std,0.004216898698359728,9,1
rolloff85_p10,0.004168138839304447,9,1
mfcc_16_p10,0.0041331141255795956,9,1
mfcc_8_p10,0.00412351731210947,9,1
mfcc_delta_3_p90,0.004003647714853287,9,1
mfcc_3_p90,0.003931651823222637,9,1
mfcc_0_p10,0.003858565352857113,9,1
mfcc_delta_10_p10,0.003771763062104583,9,1
mfcc_15_p90,0.003754256758838892,9,1
centroid_p90,0.0037254130002111197,9,1
mfcc_3_p10,0.0036717087496072054,9,1
contrast_4_std,0.0036535777617245913,9,1
mfcc_2_p90,0.19986176490783691,9,2
mfcc_2_mean,0.056353192776441574,9,2
flatness_p10,0.028243690729141235,9,2
mfcc_2_p10,0.027886593714356422,9,2
centroid_p10,0.020487859845161438,9,2
mfcc_4_mean,0.01822570525109768,9,2
bandwidth_p90,0.011275200173258781,9,2
rms_p90,0.009648353792726994,9,2
flatness_mean,0.009611648507416248,9,2
mfcc_18_p10,0.009298834018409252,9,2
bandwidth_mean,0.009040390141308308,9,2
mfcc_3_mean,0.007666970137506723,9,2
mfcc_3_p90,0.0076270513236522675,9,2
mfcc_19_p10,0.006876873318105936,9,2
mfcc_4_p10,0.006804937496781349,9,2
rms_mean,0.006600128021091223,9,2
mfcc_7_mean,0.006557950284332037,9,2
mfcc_0_std,0.006387974135577679,9,2
mfcc_12_p10,0.006220605690032244,9,2
contrast_0_mean,0.005945962853729725,9,2
mfcc_delta_17_p90,0.005870071705430746,9,2
mfcc_16_p90,0.0058410558849573135,9,2
rolloff85_mean,0.005793313030153513,9,2
dominant_frequency_ratio,0.0056142681278288364,9,2
rms_p10,0.00542285293340683,9,2
mfcc_delta_7_p90,0.005296619143337011,9,2
contrast_3_p10,0.005101602990180254,9,2
mfcc_5_p10,0.005060087889432907,9,2
mfcc_8_std,0.005017427261918783,9,2
mfcc_5_mean,0.004988439846783876,9,2
mfcc_5_std,0.004960336722433567,9,2
mfcc_7_p10,0.0049166446551680565,9,2
zero_crossing_rate_p90,0.0049146367236971855,9,2
mfcc_13_mean,0.004602010827511549,9,2
mfcc_delta_0_p90,0.0046001519076526165,9,2
mfcc_13_p90,0.004598997067660093,9,2
rms_std,0.00459698960185051,9,2
mfcc_15_mean,0.004564289003610611,9,2
contrast_5_p10,0.004513070452958345,9,2
mfcc_delta_9_p90,0.004476909525692463,9,2
centroid_std,0.004446577746421099,9,2
mfcc_delta_14_p10,0.004320687614381313,9,2
rolloff85_p10,0.004257373046129942,9,2
mfcc_delta_18_std,0.004237305838614702,9,2
mfcc_0_p90,0.004204601515084505,9,2
mfcc_10_p10,0.004100373480468988,9,2
mfcc_delta_17_p10,0.0040946947410702705,9,2
contrast_3_mean,0.004081076942384243,9,2
contrast_4_p90,0.0040339198894798756,9,2
mfcc_0_p10,0.004016526509076357,9,2
mfcc_1_p10,0.003970245830714703,9,2
mfcc_8_p90,0.003942631185054779,9,2
mfcc_11_std,0.0038077787030488253,9,2
mfcc_delta_12_mean,0.003771567950025201,9,2
mfcc_16_mean,0.0037667753640562296,9,2
mfcc_10_mean,0.003710029646754265,9,2
mfcc_6_mean,0.003706427523866296,9,2
mfcc_17_p90,0.003689272329211235,9,2
mfcc_17_std,0.003604150377213955,9,2
mfcc_delta_15_std,0.0035638518165796995,9,2
mfcc_2_mean,0.1321563869714737,9,3
mfcc_2_p10,0.05091089382767677,9,3
mfcc_2_p90,0.047548722475767136,9,3
contrast_3_p10,0.018969368189573288,9,3
mfcc_4_p10,0.01862923428416252,9,3
rms_p90,0.012358865700662136,9,3
bandwidth_p10,0.012324593961238861,9,3
contrast_3_mean,0.012075777165591717,9,3
bandwidth_p90,0.011393096297979355,9,3
flatness_std,0.011184114962816238,9,3
bandwidth_mean,0.009957525879144669,9,3
rms_p10,0.00947569403797388,9,3
mfcc_7_p10,0.008606509305536747,9,3
dominant_frequency_ratio,0.008126922883093357,9,3
mfcc_19_p90,0.007878117263317108,9,3
mfcc_3_p90,0.007305987644940615,9,3
mfcc_delta_17_p90,0.0071540456265211105,9,3
mfcc_6_p90,0.007038150914013386,9,3
mfcc_4_mean,0.0070082698948681355,9,3
centroid_p10,0.006998660508543253,9,3
mfcc_8_std,0.006866348907351494,9,3
rms_std,0.006665188353508711,9,3
mfcc_7_std,0.006625413428992033,9,3
flatness_p10,0.0065467264503240585,9,3
mfcc_15_mean,0.006519635207951069,9,3
mfcc_0_p10,0.0064936731941998005,9,3
mfcc_0_std,0.006387170869857073,9,3
mfcc_1_std,0.006279666442424059,9,3
mfcc_1_p90,0.006185274571180344,9,3
mfcc_18_p10,0.006051994394510984,9,3
contrast_4_std,0.005792442709207535,9,3
mfcc_16_p10,0.005777174606919289,9,3
mfcc_10_p90,0.005684073083102703,9,3
mfcc_18_p90,0.005645276512950659,9,3
contrast_0_mean,0.005551252048462629,9,3
mfcc_6_std,0.0055228727869689465,9,3
mfcc_delta_17_p10,0.00551513722166419,9,3
mfcc_delta_14_std,0.0054318043403327465,9,3
mfcc_13_mean,0.005390569567680359,9,3
mfcc_delta_7_p90,0.005281133111566305,9,3
mfcc_14_p10,0.005142637994140387,9,3
mfcc_17_mean,0.005134812090545893,9,3
rms_mean,0.005095783621072769,9,3
contrast_5_mean,0.005040476564317942,9,3
mfcc_7_mean,0.0048353103920817375,9,3
mfcc_1_p10,0.0048255822621285915,9,3
mfcc_1_mean,0.004769648890942335,9,3
rolloff85_mean,0.004724935628473759,9,3
centroid_mean,0.0047212024219334126,9,3
mfcc_18_mean,0.004701878875494003,9,3
spectral_entropy_mean,0.004649227950721979,9,3
mfcc_6_mean,0.0045071495696902275,9,3
mfcc_13_p90,0.004451708868145943,9,3
mfcc_3_mean,0.004407254979014397,9,3
flatness_p90,0.004400369245558977,9,3
spectral_entropy_p10,0.0042667509987950325,9,3
contrast_4_p90,0.004189750179648399,9,3
mfcc_6_p10,0.004159087780863047,9,3
mfcc_0_mean,0.004097015596926212,9,3
rolloff85_p90,0.003902675351127982,9,3
contrast_3_mean,0.06444016098976135,9,4
mfcc_2_p90,0.0547553226351738,9,4
contrast_3_p10,0.0483018159866333,9,4
mfcc_2_mean,0.02075093612074852,9,4
bandwidth_mean,0.020709268748760223,9,4
bandwidth_p90,0.019656121730804443,9,4
rms_p10,0.015033343806862831,9,4
mfcc_0_std,0.011365910060703754,9,4
contrast_5_mean,0.011320076882839203,9,4
rms_mean,0.010414759628474712,9,4
mfcc_17_mean,0.009958630427718163,9,4
mfcc_3_p10,0.009702961891889572,9,4
spectral_entropy_p90,0.009104304946959019,9,4
dominant_frequency_ratio,0.009099351242184639,9,4
flatness_std,0.008886056020855904,9,4
rolloff85_mean,0.008617587387561798,9,4
mfcc_7_std,0.008566782809793949,9,4
mfcc_3_mean,0.008494425565004349,9,4
contrast_5_p10,0.008470862172544003,9,4
dominant_frequency,0.00815968681126833,9,4
mfcc_1_mean,0.00796631071716547,9,4
spectral_entropy_p10,0.007852628827095032,9,4
mfcc_delta_15_std,0.007662205956876278,9,4
mfcc_3_p90,0.007424190640449524,9,4
centroid_p10,0.0072856443002820015,9,4
mfcc_8_std,0.0072339666076004505,9,4
zero_crossing_rate_mean,0.007165131159126759,9,4
spectral_entropy_mean,0.007015663664788008,9,4
mfcc_12_mean,0.006990347057580948,9,4
mfcc_delta_3_p90,0.006817510351538658,9,4
contrast_1_mean,0.006590591743588448,9,4
mfcc_4_mean,0.006135518196970224,9,4
mfcc_18_p10,0.006096003111451864,9,4
mfcc_delta_17_p10,0.006022058892995119,9,4
mfcc_delta_19_p90,0.005962172523140907,9,4
mfcc_delta_7_p90,0.005945493467152119,9,4
mfcc_delta_17_p90,0.005860868841409683,9,4
mfcc_19_p90,0.005699612200260162,9,4
mfcc_18_mean,0.005608191713690758,9,4
zero_crossing_rate_p90,0.005512081552296877,9,4
flatness_p90,0.005402258597314358,9,4
mfcc_6_p10,0.00529467361047864,9,4
mfcc_6_p90,0.005233030766248703,9,4
mfcc_delta_15_p10,0.0052135963924229145,9,4
mfcc_delta_15_mean,0.0051882304251194,9,4
mfcc_0_p90,0.004985245410352945,9,4
mfcc_1_p10,0.004946093074977398,9,4
rolloff85_p10,0.004906198941171169,9,4
mfcc_11_mean,0.004834181163460016,9,4
mfcc_delta_10_p10,0.004819106310606003,9,4
mfcc_0_mean,0.004796335007995367,9,4
mfcc_15_p90,0.004767142701894045,9,4
mfcc_delta_6_std,0.0047657545655965805,9,4
mfcc_delta_13_p10,0.004695254378020763,9,4
mfcc_13_p90,0.0045785135589540005,9,4
zero_crossing_rate_p10,0.004539161454886198,9,4
mfcc_delta_3_std,0.004536346532404423,9,4
mfcc_11_std,0.00446621049195528,9,4
mfcc_0_p10,0.00446215458214283,9,4
spectral_entropy_std,0.004414325580000877,9,4
