feature,gain,repeat,fold
contrast_2_p90,0.0716823935508728,0,0
mfcc_15_std,0.05230017006397247,0,0
dominant_frequency,0.032814741134643555,0,0
mfcc_14_std,0.03194541111588478,0,0
contrast_3_mean,0.02284003421664238,0,0
contrast_4_p90,0.022720444947481155,0,0
contrast_2_std,0.022507168352603912,0,0
mfcc_delta_7_p10,0.021697448566555977,0,0
contrast_2_mean,0.019283920526504517,0,0
mfcc_delta_6_p90,0.017957473173737526,0,0
mfcc_delta_8_p10,0.017704257741570473,0,0
mfcc_16_std,0.015251217409968376,0,0
mfcc_delta_6_p10,0.013838984072208405,0,0
mfcc_delta_8_p90,0.013347717002034187,0,0
contrast_3_p10,0.013021296821534634,0,0
contrast_1_std,0.012756166979670525,0,0
mfcc_9_std,0.011526817455887794,0,0
contrast_3_p90,0.011403880082070827,0,0
mfcc_14_p10,0.011359157972037792,0,0
mfcc_delta_9_p10,0.010912270285189152,0,0
contrast_5_mean,0.010174132883548737,0,0
mfcc_18_std,0.009991766884922981,0,0
contrast_4_std,0.00979646760970354,0,0
mfcc_13_std,0.009568190202116966,0,0
mfcc_19_std,0.009263426996767521,0,0
mfcc_delta_7_p90,0.009023521095514297,0,0
mfcc_13_p10,0.00857002753764391,0,0
mfcc_delta_5_p10,0.008488178253173828,0,0
mfcc_8_std,0.007600095123052597,0,0
mfcc_8_p10,0.007312956266105175,0,0
mfcc_15_p90,0.006788603961467743,0,0
mfcc_delta_9_p90,0.00675602164119482,0,0
dominant_frequency_ratio,0.00647868262603879,0,0
contrast_1_mean,0.006428288295865059,0,0
contrast_3_std,0.006366895046085119,0,0
mfcc_18_p10,0.006267983000725508,0,0
mfcc_15_mean,0.006235434673726559,0,0
mfcc_delta_6_std,0.00622197799384594,0,0
zero_crossing_rate_std,0.006204796023666859,0,0
spectral_entropy_p10,0.0061827292665839195,0,0
rms_std,0.0060012019239366055,0,0
mfcc_13_mean,0.005921969655901194,0,0
mfcc_14_p90,0.005638682749122381,0,0
mfcc_2_mean,0.00546768493950367,0,0
mfcc_2_p90,0.005088408477604389,0,0
flatness_p10,0.0050476607866585255,0,0
spectral_entropy_mean,0.005014616996049881,0,0
rms_p10,0.004680213984102011,0,0
mfcc_7_std,0.004659129306674004,0,0
spectral_entropy_std,0.004572365432977676,0,0
mfcc_3_p10,0.004435903392732143,0,0
flatness_p90,0.004432995803654194,0,0
mfcc_6_p90,0.004360565450042486,0,0
mfcc_13_p90,0.004286689683794975,0,0
rms_p90,0.004237726796418428,0,0
mfcc_7_p90,0.004234736785292625,0,0
mfcc_delta_15_std,0.004170592408627272,0,0
mfcc_0_p10,0.004117749165743589,0,0
flatness_mean,0.004114547744393349,0,0
flatness_std,0.003953662700951099,0,0
contrast_2_p90,0.08047910034656525,0,1
mfcc_15_std,0.07928082346916199,0,1
mfcc_14_std,0.030665671452879906,0,1
dominant_frequency,0.02802285924553871,0,1
contrast_2_std,0.027486126869916916,0,1
contrast_4_p90,0.024325750768184662,0,1
contrast_3_mean,0.02094706892967224,0,1
mfcc_delta_8_p90,0.02094222977757454,0,1
contrast_2_mean,0.018765047192573547,0,1
mfcc_delta_8_p10,0.01873447559773922,0,1
mfcc_delta_6_p90,0.016908777877688408,0,1
mfcc_delta_7_p10,0.016426561400294304,0,1
contrast_3_p10,0.015259861946105957,0,1
mfcc_delta_6_p10,0.013429750688374043,0,1
mfcc_19_std,0.012148651294410229,0,1
mfcc_16_std,0.010825292207300663,0,1
contrast_1_std,0.010736484080553055,0,1
mfcc_13_std,0.009959441609680653,0,1
contrast_5_mean,0.008343730121850967,0,1
spectral_entropy_mean,0.00781332328915596,0,1
contrast_4_std,0.007761123590171337,0,1
mfcc_14_p10,0.007691327482461929,0,1
rms_std,0.007594650611281395,0,1
contrast_3_p90,0.007482600398361683,0,1
mfcc_delta_7_p90,0.007323311176151037,0,1
mfcc_2_mean,0.006964080035686493,0,1
mfcc_13_p10,0.0069634150713682175,0,1
flatness_p90,0.006944942753762007,0,1
mfcc_9_std,0.0067853135988116264,0,1
mfcc_8_std,0.006686970125883818,0,1
rms_p10,0.00636653508991003,0,1
mfcc_15_p90,0.00624024448916316,0,1
mfcc_delta_1_std,0.006123376078903675,0,1
mfcc_delta_0_p10,0.006104199215769768,0,1
flatness_p10,0.005798280239105225,0,1
rolloff85_mean,0.005517786368727684,0,1
contrast_1_mean,0.005177163984626532,0,1
mfcc_16_p10,0.005171158816665411,0,1
mfcc_delta_9_p90,0.0049206712283194065,0,1
contrast_3_std,0.004714428447186947,0,1
mfcc_delta_5_p10,0.004699381999671459,0,1
mfcc_delta_1_p10,0.004635615274310112,0,1
mfcc_9_p90,0.004593335557729006,0,1
mfcc_8_p10,0.004485931247472763,0,1
mfcc_delta_9_p10,0.004455230198800564,0,1
mfcc_2_p90,0.004429504740983248,0,1
flatness_mean,0.004406958818435669,0,1
dominant_frequency_ratio,0.004391118418425322,0,1
mfcc_delta_0_std,0.004299886990338564,0,1
rolloff85_p10,0.004232063423842192,0,1
mfcc_1_mean,0.004193567205220461,0,1
contrast_0_p10,0.0041242376901209354,0,1
mfcc_delta_19_p10,0.004059934988617897,0,1
zero_crossing_rate_std,0.004046787973493338,0,1
mfcc_1_p90,0.004020115826278925,0,1
centroid_p10,0.003976973704993725,0,1
mfcc_delta_6_std,0.003968904726207256,0,1
rms_p90,0.003934858832508326,0,1
mfcc_0_p10,0.003873467678204179,0,1
zero_crossing_rate_mean,0.0038657740224152803,0,1
contrast_2_p90,0.0841289833188057,0,2
mfcc_15_std,0.03793487697839737,0,2
contrast_3_mean,0.036123648285865784,0,2
mfcc_14_std,0.035545192658901215,0,2
dominant_frequency,0.03143913671374321,0,2
mfcc_7_std,0.026533663272857666,0,2
contrast_4_p90,0.022638825699687004,0,2
contrast_4_mean,0.02092158980667591,0,2
zero_crossing_rate_p90,0.01918313093483448,0,2
contrast_2_mean,0.01795203797519207,0,2
mfcc_8_std,0.016916120424866676,0,2
rms_p10,0.016076333820819855,0,2
mfcc_13_std,0.01572822965681553,0,2
contrast_3_p90,0.013242224231362343,0,2
zero_crossing_rate_p10,0.012652220204472542,0,2
contrast_2_std,0.012524557299911976,0,2
mfcc_delta_8_p90,0.010977216996252537,0,2
mfcc_9_std,0.010709933005273342,0,2
flatness_std,0.008605239912867546,0,2
flatness_p10,0.00859262328594923,0,2
mfcc_5_std,0.007976587861776352,0,2
contrast_3_p10,0.0077773770317435265,0,2
rms_std,0.007535126060247421,0,2
mfcc_delta_8_p10,0.007383542135357857,0,2
mfcc_delta_6_p90,0.007061831187456846,0,2
zero_crossing_rate_std,0.00686256680637598,0,2
mfcc_5_p10,0.006750304251909256,0,2
mfcc_delta_14_std,0.006673833355307579,0,2
mfcc_delta_14_p90,0.0066160764545202255,0,2
mfcc_1_p90,0.006588651333004236,0,2
rms_p90,0.006557570770382881,0,2
contrast_1_std,0.006184825208038092,0,2
spectral_entropy_p10,0.006119472905993462,0,2
mfcc_8_p10,0.0061010983772575855,0,2
rms_mean,0.005990372970700264,0,2
mfcc_15_p90,0.005635218694806099,0,2
contrast_3_std,0.005581324454396963,0,2
mfcc_19_p90,0.005498812533915043,0,2
spectral_entropy_mean,0.005482261534780264,0,2
mfcc_1_p10,0.005297439638525248,0,2
mfcc_16_p90,0.005251955706626177,0,2
centroid_p90,0.005173449870198965,0,2
mfcc_delta_4_p10,0.005149816162884235,0,2
contrast_4_std,0.0051481048576533794,0,2
centroid_std,0.0050637912936508656,0,2
mfcc_delta_8_std,0.004920791368931532,0,2
mfcc_8_p90,0.00490807369351387,0,2
rolloff85_mean,0.004907888360321522,0,2
mfcc_11_p10,0.004684383515268564,0,2
mfcc_delta_0_std,0.004684020299464464,0,2
flatness_mean,0.0046110679395496845,0,2
mfcc_delta_14_p10,0.004523365758359432,0,2
mfcc_13_p10,0.004508348647505045,0,2
mfcc_14_p10,0.00449132127687335,0,2
mfcc_delta_3_p10,0.004475592169910669,0,2
mfcc_13_mean,0.004327534232288599,0,2
mfcc_9_p10,0.004291375633329153,0,2
mfcc_13_p90,0.004232935607433319,0,2
mfcc_delta_3_std,0.004202968906611204,0,2
mfcc_delta_0_p10,0.004186124075204134,0,2
contrast_2_p90,0.07935153692960739,0,3
mfcc_15_std,0.06484171003103256,0,3
zero_crossing_rate_std,0.05055195465683937,0,3
mfcc_14_std,0.04641268774867058,0,3
contrast_3_mean,0.03311615809798241,0,3
mfcc_13_std,0.028198709711432457,0,3
rms_p10,0.024117887020111084,0,3
contrast_2_std,0.023897619917988777,0,3
contrast_4_p90,0.023047056049108505,0,3
contrast_3_p10,0.019287876784801483,0,3
mfcc_16_std,0.013436149805784225,0,3
dominant_frequency,0.01234037708491087,0,3
contrast_3_p90,0.010921831242740154,0,3
rms_mean,0.010921770706772804,0,3
mfcc_19_std,0.01057811826467514,0,3
flatness_p10,0.009861688129603863,0,3
mfcc_14_p90,0.009119593538343906,0,3
mfcc_13_p10,0.009068905375897884,0,3
mfcc_14_p10,0.008925944566726685,0,3
rms_p90,0.0087670823559165,0,3
mfcc_7_std,0.008575855754315853,0,3
dominant_frequency_ratio,0.008406303822994232,0,3
flatness_mean,0.007752591744065285,0,3
contrast_5_p10,0.007737849373370409,0,3
zero_crossing_rate_mean,0.007672241888940334,0,3
mfcc_15_p90,0.007543621119111776,0,3
mfcc_8_std,0.007280447985976934,0,3
contrast_2_mean,0.007206922397017479,0,3
mfcc_8_p10,0.007176022510975599,0,3
contrast_5_mean,0.007029175292700529,0,3
flatness_p90,0.0067456006072461605,0,3
rolloff85_mean,0.006687397137284279,0,3
zero_crossing_rate_p90,0.006179727613925934,0,3
mfcc_5_mean,0.00600655609741807,0,3
mfcc_2_mean,0.0058939228765666485,0,3
mfcc_delta_0_std,0.005727976094931364,0,3
mfcc_delta_1_std,0.005383299198001623,0,3
flatness_std,0.0053430404514074326,0,3
mfcc_9_std,0.0052813077345490456,0,3
mfcc_0_p10,0.0052223363891243935,0,3
zero_crossing_rate_p10,0.005189455579966307,0,3
contrast_4_mean,0.005096711218357086,0,3
mfcc_delta_0_p90,0.005001371260732412,0,3
mfcc_2_p90,0.0047982134856283665,0,3
mfcc_delta_14_std,0.004756173584610224,0,3
mfcc_7_p90,0.004754029680043459,0,3
mfcc_16_p90,0.004679263103753328,0,3
mfcc_3_p10,0.004649341572076082,0,3
spectral_entropy_mean,0.0045701744966208935,0,3
mfcc_15_p10,0.004475606605410576,0,3
spectral_entropy_p90,0.004448712337762117,0,3
mfcc_3_mean,0.004405278712511063,0,3
mfcc_13_mean,0.004402300342917442,0,3
mfcc_delta_0_p10,0.004256869666278362,0,3
mfcc_delta_1_p90,0.004232398699969053,0,3
mfcc_delta_1_p10,0.004232026170939207,0,3
rms_std,0.004226513672620058,0,3
rolloff85_p10,0.004102419596165419,0,3
mfcc_2_p10,0.004082199651747942,0,3
bandwidth_p90,0.0040800804272294044,0,3
contrast_2_std,0.056598931550979614,0,4
mfcc_15_std,0.056486576795578,0,4
mfcc_14_std,0.04524628072977066,0,4
contrast_2_p90,0.027759168297052383,0,4
mfcc_9_std,0.023381957784295082,0,4
flatness_p10,0.022064872086048126,0,4
mfcc_16_std,0.016742978245019913,0,4
contrast_1_std,0.01597467064857483,0,4
rms_p10,0.015969717875123024,0,4
mfcc_8_std,0.01560902874916792,0,4
dominant_frequency,0.014018828980624676,0,4
mfcc_19_std,0.013719305396080017,0,4
flatness_mean,0.013293023221194744,0,4
zero_crossing_rate_p10,0.011868574656546116,0,4
contrast_5_p10,0.011811187490820885,0,4
contrast_3_mean,0.010880538262426853,0,4
mfcc_13_std,0.01087872963398695,0,4
mfcc_13_p10,0.010443172417581081,0,4
contrast_5_p90,0.010359208099544048,0,4
flatness_p90,0.01019312720745802,0,4
zero_crossing_rate_mean,0.009847759269177914,0,4
contrast_4_p10,0.009761780500411987,0,4
contrast_3_p90,0.009467191994190216,0,4
mfcc_14_p10,0.009415256790816784,0,4
mfcc_13_p90,0.009367979131639004,0,4
flatness_std,0.00853867456316948,0,4
rms_std,0.008091268129646778,0,4
mfcc_1_mean,0.007639888674020767,0,4
mfcc_7_p90,0.007591393310576677,0,4
mfcc_0_mean,0.007230798248201609,0,4
bandwidth_p10,0.007158620283007622,0,4
mfcc_13_mean,0.007020151242613792,0,4
mfcc_16_p90,0.0068405806086957455,0,4
mfcc_delta_8_std,0.006781547795981169,0,4
dominant_frequency_ratio,0.006637057289481163,0,4
mfcc_14_p90,0.006547202356159687,0,4
zero_crossing_rate_std,0.006450270768254995,0,4
contrast_3_std,0.006272312719374895,0,4
mfcc_15_p10,0.0062711602076888084,0,4
spectral_entropy_p90,0.006200937554240227,0,4
mfcc_0_p10,0.0060731759294867516,0,4
contrast_5_mean,0.006050654221326113,0,4
mfcc_15_mean,0.006005893927067518,0,4
rms_p90,0.005815605167299509,0,4
bandwidth_p90,0.005633751396089792,0,4
spectral_entropy_mean,0.005617041606456041,0,4
mfcc_1_p10,0.005529939662665129,0,4
contrast_2_mean,0.005510636605322361,0,4
zero_crossing_rate_p90,0.005484208930283785,0,4
rms_mean,0.005466577596962452,0,4
contrast_4_mean,0.005336294881999493,0,4
mfcc_7_std,0.005138068925589323,0,4
mfcc_8_mean,0.005086745601147413,0,4
centroid_mean,0.005031695123761892,0,4
mfcc_delta_0_p90,0.005025788675993681,0,4
mfcc_2_p90,0.005021767690777779,0,4
mfcc_5_p10,0.005009419284760952,0,4
mfcc_delta_0_p10,0.00499841058626771,0,4
rolloff85_mean,0.004574906546622515,0,4
mfcc_15_p90,0.004533588886260986,0,4
contrast_2_p90,0.0716823935508728,1,0
mfcc_15_std,0.05230017006397247,1,0
dominant_frequency,0.032814741134643555,1,0
mfcc_14_std,0.03194541111588478,1,0
contrast_3_mean,0.02284003421664238,1,0
contrast_4_p90,0.022720444947481155,1,0
contrast_2_std,0.022507168352603912,1,0
mfcc_delta_7_p10,0.021697448566555977,1,0
contrast_2_mean,0.019283920526504517,1,0
mfcc_delta_6_p90,0.017957473173737526,1,0
mfcc_delta_8_p10,0.017704257741570473,1,0
mfcc_16_std,0.015251217409968376,1,0
mfcc_delta_6_p10,0.013838984072208405,1,0
mfcc_delta_8_p90,0.013347717002034187,1,0
contrast_3_p10,0.013021296821534634,1,0
contrast_1_std,0.012756166979670525,1,0
mfcc_9_std,0.011526817455887794,1,0
contrast_3_p90,0.011403880082070827,1,0
mfcc_14_p10,0.011359157972037792,1,0
mfcc_delta_9_p10,0.010912270285189152,1,0
contrast_5_mean,0.010174132883548737,1,0
mfcc_18_std,0.009991766884922981,1,0
contrast_4_std,0.00979646760970354,1,0
mfcc_13_std,0.009568190202116966,1,0
mfcc_19_std,0.009263426996767521,1,0
mfcc_delta_7_p90,0.009023521095514297,1,0
mfcc_13_p10,0.00857002753764391,1,0
mfcc_delta_5_p10,0.008488178253173828,1,0
mfcc_8_std,0.007600095123052597,1,0
mfcc_8_p10,0.007312956266105175,1,0
mfcc_15_p90,0.006788603961467743,1,0
mfcc_delta_9_p90,0.00675602164119482,1,0
dominant_frequency_ratio,0.00647868262603879,1,0
contrast_1_mean,0.006428288295865059,1,0
contrast_3_std,0.006366895046085119,1,0
mfcc_18_p10,0.006267983000725508,1,0
mfcc_15_mean,0.006235434673726559,1,0
mfcc_delta_6_std,0.00622197799384594,1,0
zero_crossing_rate_std,0.006204796023666859,1,0
spectral_entropy_p10,0.0061827292665839195,1,0
rms_std,0.0060012019239366055,1,0
mfcc_13_mean,0.005921969655901194,1,0
mfcc_14_p90,0.005638682749122381,1,0
mfcc_2_mean,0.00546768493950367,1,0
mfcc_2_p90,0.005088408477604389,1,0
flatness_p10,0.0050476607866585255,1,0
spectral_entropy_mean,0.005014616996049881,1,0
rms_p10,0.004680213984102011,1,0
mfcc_7_std,0.004659129306674004,1,0
spectral_entropy_std,0.004572365432977676,1,0
mfcc_3_p10,0.004435903392732143,1,0
flatness_p90,0.004432995803654194,1,0
mfcc_6_p90,0.004360565450042486,1,0
mfcc_13_p90,0.004286689683794975,1,0
rms_p90,0.004237726796418428,1,0
mfcc_7_p90,0.004234736785292625,1,0
mfcc_delta_15_std,0.004170592408627272,1,0
mfcc_0_p10,0.004117749165743589,1,0
flatness_mean,0.004114547744393349,1,0
flatness_std,0.003953662700951099,1,0
contrast_2_p90,0.08047910034656525,1,1
mfcc_15_std,0.07928082346916199,1,1
mfcc_14_std,0.030665671452879906,1,1
dominant_frequency,0.02802285924553871,1,1
contrast_2_std,0.027486126869916916,1,1
contrast_4_p90,0.024325750768184662,1,1
contrast_3_mean,0.02094706892967224,1,1
mfcc_delta_8_p90,0.02094222977757454,1,1
contrast_2_mean,0.018765047192573547,1,1
mfcc_delta_8_p10,0.01873447559773922,1,1
mfcc_delta_6_p90,0.016908777877688408,1,1
mfcc_delta_7_p10,0.016426561400294304,1,1
contrast_3_p10,0.015259861946105957,1,1
mfcc_delta_6_p10,0.013429750688374043,1,1
mfcc_19_std,0.012148651294410229,1,1
mfcc_16_std,0.010825292207300663,1,1
contrast_1_std,0.010736484080553055,1,1
mfcc_13_std,0.009959441609680653,1,1
contrast_5_mean,0.008343730121850967,1,1
spectral_entropy_mean,0.00781332328915596,1,1
contrast_4_std,0.007761123590171337,1,1
mfcc_14_p10,0.007691327482461929,1,1
rms_std,0.007594650611281395,1,1
contrast_3_p90,0.007482600398361683,1,1
mfcc_delta_7_p90,0.007323311176151037,1,1
mfcc_2_mean,0.006964080035686493,1,1
mfcc_13_p10,0.0069634150713682175,1,1
flatness_p90,0.006944942753762007,1,1
mfcc_9_std,0.0067853135988116264,1,1
mfcc_8_std,0.006686970125883818,1,1
rms_p10,0.00636653508991003,1,1
mfcc_15_p90,0.00624024448916316,1,1
mfcc_delta_1_std,0.006123376078903675,1,1
mfcc_delta_0_p10,0.006104199215769768,1,1
flatness_p10,0.005798280239105225,1,1
rolloff85_mean,0.005517786368727684,1,1
contrast_1_mean,0.005177163984626532,1,1
mfcc_16_p10,0.005171158816665411,1,1
mfcc_delta_9_p90,0.0049206712283194065,1,1
contrast_3_std,0.004714428447186947,1,1
mfcc_delta_5_p10,0.004699381999671459,1,1
mfcc_delta_1_p10,0.004635615274310112,1,1
mfcc_9_p90,0.004593335557729006,1,1
mfcc_8_p10,0.004485931247472763,1,1
mfcc_delta_9_p10,0.004455230198800564,1,1
mfcc_2_p90,0.004429504740983248,1,1
flatness_mean,0.004406958818435669,1,1
dominant_frequency_ratio,0.004391118418425322,1,1
mfcc_delta_0_std,0.004299886990338564,1,1
rolloff85_p10,0.004232063423842192,1,1
mfcc_1_mean,0.004193567205220461,1,1
contrast_0_p10,0.0041242376901209354,1,1
mfcc_delta_19_p10,0.004059934988617897,1,1
zero_crossing_rate_std,0.004046787973493338,1,1
mfcc_1_p90,0.004020115826278925,1,1
centroid_p10,0.003976973704993725,1,1
mfcc_delta_6_std,0.003968904726207256,1,1
rms_p90,0.003934858832508326,1,1
mfcc_0_p10,0.003873467678204179,1,1
zero_crossing_rate_mean,0.0038657740224152803,1,1
contrast_2_p90,0.0841289833188057,1,2
mfcc_15_std,0.03793487697839737,1,2
contrast_3_mean,0.036123648285865784,1,2
mfcc_14_std,0.035545192658901215,1,2
dominant_frequency,0.03143913671374321,1,2
mfcc_7_std,0.026533663272857666,1,2
contrast_4_p90,0.022638825699687004,1,2
contrast_4_mean,0.02092158980667591,1,2
zero_crossing_rate_p90,0.01918313093483448,1,2
contrast_2_mean,0.01795203797519207,1,2
mfcc_8_std,0.016916120424866676,1,2
rms_p10,0.016076333820819855,1,2
mfcc_13_std,0.01572822965681553,1,2
contrast_3_p90,0.013242224231362343,1,2
zero_crossing_rate_p10,0.012652220204472542,1,2
contrast_2_std,0.012524557299911976,1,2
mfcc_delta_8_p90,0.010977216996252537,1,2
mfcc_9_std,0.010709933005273342,1,2
flatness_std,0.008605239912867546,1,2
flatness_p10,0.00859262328594923,1,2
mfcc_5_std,0.007976587861776352,1,2
contrast_3_p10,0.0077773770317435265,1,2
rms_std,0.007535126060247421,1,2
mfcc_delta_8_p10,0.007383542135357857,1,2
mfcc_delta_6_p90,0.007061831187456846,1,2
zero_crossing_rate_std,0.00686256680637598,1,2
mfcc_5_p10,0.006750304251909256,1,2
mfcc_delta_14_std,0.006673833355307579,1,2
mfcc_delta_14_p90,0.0066160764545202255,1,2
mfcc_1_p90,0.006588651333004236,1,2
rms_p90,0.006557570770382881,1,2
contrast_1_std,0.006184825208038092,1,2
spectral_entropy_p10,0.006119472905993462,1,2
mfcc_8_p10,0.0061010983772575855,1,2
rms_mean,0.005990372970700264,1,2
mfcc_15_p90,0.005635218694806099,1,2
contrast_3_std,0.005581324454396963,1,2
mfcc_19_p90,0.005498812533915043,1,2
spectral_entropy_mean,0.005482261534780264,1,2
mfcc_1_p10,0.005297439638525248,1,2
mfcc_16_p90,0.005251955706626177,1,2
centroid_p90,0.005173449870198965,1,2
mfcc_delta_4_p10,0.005149816162884235,1,2
contrast_4_std,0.0051481048576533794,1,2
centroid_std,0.0050637912936508656,1,2
mfcc_delta_8_std,0.004920791368931532,1,2
mfcc_8_p90,0.00490807369351387,1,2
rolloff85_mean,0.004907888360321522,1,2
mfcc_11_p10,0.004684383515268564,1,2
mfcc_delta_0_std,0.004684020299464464,1,2
flatness_mean,0.0046110679395496845,1,2
mfcc_delta_14_p10,0.004523365758359432,1,2
mfcc_13_p10,0.004508348647505045,1,2
mfcc_14_p10,0.00449132127687335,1,2
mfcc_delta_3_p10,0.004475592169910669,1,2
mfcc_13_mean,0.004327534232288599,1,2
mfcc_9_p10,0.004291375633329153,1,2
mfcc_13_p90,0.004232935607433319,1,2
mfcc_delta_3_std,0.004202968906611204,1,2
mfcc_delta_0_p10,0.004186124075204134,1,2
contrast_2_p90,0.07935153692960739,1,3
mfcc_15_std,0.06484171003103256,1,3
zero_crossing_rate_std,0.05055195465683937,1,3
mfcc_14_std,0.04641268774867058,1,3
contrast_3_mean,0.03311615809798241,1,3
mfcc_13_std,0.028198709711432457,1,3
rms_p10,0.024117887020111084,1,3
contrast_2_std,0.023897619917988777,1,3
contrast_4_p90,0.023047056049108505,1,3
contrast_3_p10,0.019287876784801483,1,3
mfcc_16_std,0.013436149805784225,1,3
dominant_frequency,0.01234037708491087,1,3
contrast_3_p90,0.010921831242740154,1,3
rms_mean,0.010921770706772804,1,3
mfcc_19_std,0.01057811826467514,1,3
flatness_p10,0.009861688129603863,1,3
mfcc_14_p90,0.009119593538343906,1,3
mfcc_13_p10,0.009068905375897884,1,3
mfcc_14_p10,0.008925944566726685,1,3
rms_p90,0.0087670823559165,1,3
mfcc_7_std,0.008575855754315853,1,3
dominant_frequency_ratio,0.008406303822994232,1,3
flatness_mean,0.007752591744065285,1,3
contrast_5_p10,0.007737849373370409,1,3
zero_crossing_rate_mean,0.007672241888940334,1,3
mfcc_15_p90,0.007543621119111776,1,3
mfcc_8_std,0.007280447985976934,1,3
contrast_2_mean,0.007206922397017479,1,3
mfcc_8_p10,0.007176022510975599,1,3
contrast_5_mean,0.007029175292700529,1,3
flatness_p90,0.0067456006072461605,1,3
rolloff85_mean,0.006687397137284279,1,3
zero_crossing_rate_p90,0.006179727613925934,1,3
mfcc_5_mean,0.00600655609741807,1,3
mfcc_2_mean,0.0058939228765666485,1,3
mfcc_delta_0_std,0.005727976094931364,1,3
mfcc_delta_1_std,0.005383299198001623,1,3
flatness_std,0.0053430404514074326,1,3
mfcc_9_std,0.0052813077345490456,1,3
mfcc_0_p10,0.0052223363891243935,1,3
zero_crossing_rate_p10,0.005189455579966307,1,3
contrast_4_mean,0.005096711218357086,1,3
mfcc_delta_0_p90,0.005001371260732412,1,3
mfcc_2_p90,0.0047982134856283665,1,3
mfcc_delta_14_std,0.004756173584610224,1,3
mfcc_7_p90,0.004754029680043459,1,3
mfcc_16_p90,0.004679263103753328,1,3
mfcc_3_p10,0.004649341572076082,1,3
spectral_entropy_mean,0.0045701744966208935,1,3
mfcc_15_p10,0.004475606605410576,1,3
spectral_entropy_p90,0.004448712337762117,1,3
mfcc_3_mean,0.004405278712511063,1,3
mfcc_13_mean,0.004402300342917442,1,3
mfcc_delta_0_p10,0.004256869666278362,1,3
mfcc_delta_1_p90,0.004232398699969053,1,3
mfcc_delta_1_p10,0.004232026170939207,1,3
rms_std,0.004226513672620058,1,3
rolloff85_p10,0.004102419596165419,1,3
mfcc_2_p10,0.004082199651747942,1,3
bandwidth_p90,0.0040800804272294044,1,3
contrast_2_std,0.056598931550979614,1,4
mfcc_15_std,0.056486576795578,1,4
mfcc_14_std,0.04524628072977066,1,4
contrast_2_p90,0.027759168297052383,1,4
mfcc_9_std,0.023381957784295082,1,4
flatness_p10,0.022064872086048126,1,4
mfcc_16_std,0.016742978245019913,1,4
contrast_1_std,0.01597467064857483,1,4
rms_p10,0.015969717875123024,1,4
mfcc_8_std,0.01560902874916792,1,4
dominant_frequency,0.014018828980624676,1,4
mfcc_19_std,0.013719305396080017,1,4
flatness_mean,0.013293023221194744,1,4
zero_crossing_rate_p10,0.011868574656546116,1,4
contrast_5_p10,0.011811187490820885,1,4
contrast_3_mean,0.010880538262426853,1,4
mfcc_13_std,0.01087872963398695,1,4
mfcc_13_p10,0.010443172417581081,1,4
contrast_5_p90,0.010359208099544048,1,4
flatness_p90,0.01019312720745802,1,4
zero_crossing_rate_mean,0.009847759269177914,1,4
contrast_4_p10,0.009761780500411987,1,4
contrast_3_p90,0.009467191994190216,1,4
mfcc_14_p10,0.009415256790816784,1,4
mfcc_13_p90,0.009367979131639004,1,4
flatness_std,0.00853867456316948,1,4
rms_std,0.008091268129646778,1,4
mfcc_1_mean,0.007639888674020767,1,4
mfcc_7_p90,0.007591393310576677,1,4
mfcc_0_mean,0.007230798248201609,1,4
bandwidth_p10,0.007158620283007622,1,4
mfcc_13_mean,0.007020151242613792,1,4
mfcc_16_p90,0.0068405806086957455,1,4
mfcc_delta_8_std,0.006781547795981169,1,4
dominant_frequency_ratio,0.006637057289481163,1,4
mfcc_14_p90,0.006547202356159687,1,4
zero_crossing_rate_std,0.006450270768254995,1,4
contrast_3_std,0.006272312719374895,1,4
mfcc_15_p10,0.0062711602076888084,1,4
spectral_entropy_p90,0.006200937554240227,1,4
mfcc_0_p10,0.0060731759294867516,1,4
contrast_5_mean,0.006050654221326113,1,4
mfcc_15_mean,0.006005893927067518,1,4
rms_p90,0.005815605167299509,1,4
bandwidth_p90,0.005633751396089792,1,4
spectral_entropy_mean,0.005617041606456041,1,4
mfcc_1_p10,0.005529939662665129,1,4
contrast_2_mean,0.005510636605322361,1,4
zero_crossing_rate_p90,0.005484208930283785,1,4
rms_mean,0.005466577596962452,1,4
contrast_4_mean,0.005336294881999493,1,4
mfcc_7_std,0.005138068925589323,1,4
mfcc_8_mean,0.005086745601147413,1,4
centroid_mean,0.005031695123761892,1,4
mfcc_delta_0_p90,0.005025788675993681,1,4
mfcc_2_p90,0.005021767690777779,1,4
mfcc_5_p10,0.005009419284760952,1,4
mfcc_delta_0_p10,0.00499841058626771,1,4
rolloff85_mean,0.004574906546622515,1,4
mfcc_15_p90,0.004533588886260986,1,4
contrast_2_p90,0.0716823935508728,2,0
mfcc_15_std,0.05230017006397247,2,0
dominant_frequency,0.032814741134643555,2,0
mfcc_14_std,0.03194541111588478,2,0
contrast_3_mean,0.02284003421664238,2,0
contrast_4_p90,0.022720444947481155,2,0
contrast_2_std,0.022507168352603912,2,0
mfcc_delta_7_p10,0.021697448566555977,2,0
contrast_2_mean,0.019283920526504517,2,0
mfcc_delta_6_p90,0.017957473173737526,2,0
mfcc_delta_8_p10,0.017704257741570473,2,0
mfcc_16_std,0.015251217409968376,2,0
mfcc_delta_6_p10,0.013838984072208405,2,0
mfcc_delta_8_p90,0.013347717002034187,2,0
contrast_3_p10,0.013021296821534634,2,0
contrast_1_std,0.012756166979670525,2,0
mfcc_9_std,0.011526817455887794,2,0
contrast_3_p90,0.011403880082070827,2,0
mfcc_14_p10,0.011359157972037792,2,0
mfcc_delta_9_p10,0.010912270285189152,2,0
contrast_5_mean,0.010174132883548737,2,0
mfcc_18_std,0.009991766884922981,2,0
contrast_4_std,0.00979646760970354,2,0
mfcc_13_std,0.009568190202116966,2,0
mfcc_19_std,0.009263426996767521,2,0
mfcc_delta_7_p90,0.009023521095514297,2,0
mfcc_13_p10,0.00857002753764391,2,0
mfcc_delta_5_p10,0.008488178253173828,2,0
mfcc_8_std,0.007600095123052597,2,0
mfcc_8_p10,0.007312956266105175,2,0
mfcc_15_p90,0.006788603961467743,2,0
mfcc_delta_9_p90,0.00675602164119482,2,0
dominant_frequency_ratio,0.00647868262603879,2,0
contrast_1_mean,0.006428288295865059,2,0
contrast_3_std,0.006366895046085119,2,0
mfcc_18_p10,0.006267983000725508,2,0
mfcc_15_mean,0.006235434673726559,2,0
mfcc_delta_6_std,0.00622197799384594,2,0
zero_crossing_rate_std,0.006204796023666859,2,0
spectral_entropy_p10,0.0061827292665839195,2,0
rms_std,0.0060012019239366055,2,0
mfcc_13_mean,0.005921969655901194,2,0
mfcc_14_p90,0.005638682749122381,2,0
mfcc_2_mean,0.00546768493950367,2,0
mfcc_2_p90,0.005088408477604389,2,0
flatness_p10,0.0050476607866585255,2,0
spectral_entropy_mean,0.005014616996049881,2,0
rms_p10,0.004680213984102011,2,0
mfcc_7_std,0.004659129306674004,2,0
spectral_entropy_std,0.004572365432977676,2,0
mfcc_3_p10,0.004435903392732143,2,0
flatness_p90,0.004432995803654194,2,0
mfcc_6_p90,0.004360565450042486,2,0
mfcc_13_p90,0.004286689683794975,2,0
rms_p90,0.004237726796418428,2,0
mfcc_7_p90,0.004234736785292625,2,0
mfcc_delta_15_std,0.004170592408627272,2,0
mfcc_0_p10,0.004117749165743589,2,0
flatness_mean,0.004114547744393349,2,0
flatness_std,0.003953662700951099,2,0
contrast_2_p90,0.08047910034656525,2,1
mfcc_15_std,0.07928082346916199,2,1
mfcc_14_std,0.030665671452879906,2,1
dominant_frequency,0.02802285924553871,2,1
contrast_2_std,0.027486126869916916,2,1
contrast_4_p90,0.024325750768184662,2,1
contrast_3_mean,0.02094706892967224,2,1
mfcc_delta_8_p90,0.02094222977757454,2,1
contrast_2_mean,0.018765047192573547,2,1
mfcc_delta_8_p10,0.01873447559773922,2,1
mfcc_delta_6_p90,0.016908777877688408,2,1
mfcc_delta_7_p10,0.016426561400294304,2,1
contrast_3_p10,0.015259861946105957,2,1
mfcc_delta_6_p10,0.013429750688374043,2,1
mfcc_19_std,0.012148651294410229,2,1
mfcc_16_std,0.010825292207300663,2,1
contrast_1_std,0.010736484080553055,2,1
mfcc_13_std,0.009959441609680653,2,1
contrast_5_mean,0.008343730121850967,2,1
spectral_entropy_mean,0.00781332328915596,2,1
contrast_4_std,0.007761123590171337,2,1
mfcc_14_p10,0.007691327482461929,2,1
rms_std,0.007594650611281395,2,1
contrast_3_p90,0.007482600398361683,2,1
mfcc_delta_7_p90,0.007323311176151037,2,1
mfcc_2_mean,0.006964080035686493,2,1
mfcc_13_p10,0.0069634150713682175,2,1
flatness_p90,0.006944942753762007,2,1
mfcc_9_std,0.0067853135988116264,2,1
mfcc_8_std,0.006686970125883818,2,1
rms_p10,0.00636653508991003,2,1
mfcc_15_p90,0.00624024448916316,2,1
mfcc_delta_1_std,0.006123376078903675,2,1
mfcc_delta_0_p10,0.006104199215769768,2,1
flatness_p10,0.005798280239105225,2,1
rolloff85_mean,0.005517786368727684,2,1
contrast_1_mean,0.005177163984626532,2,1
mfcc_16_p10,0.005171158816665411,2,1
mfcc_delta_9_p90,0.0049206712283194065,2,1
contrast_3_std,0.004714428447186947,2,1
mfcc_delta_5_p10,0.004699381999671459,2,1
mfcc_delta_1_p10,0.004635615274310112,2,1
mfcc_9_p90,0.004593335557729006,2,1
mfcc_8_p10,0.004485931247472763,2,1
mfcc_delta_9_p10,0.004455230198800564,2,1
mfcc_2_p90,0.004429504740983248,2,1
flatness_mean,0.004406958818435669,2,1
dominant_frequency_ratio,0.004391118418425322,2,1
mfcc_delta_0_std,0.004299886990338564,2,1
rolloff85_p10,0.004232063423842192,2,1
mfcc_1_mean,0.004193567205220461,2,1
contrast_0_p10,0.0041242376901209354,2,1
mfcc_delta_19_p10,0.004059934988617897,2,1
zero_crossing_rate_std,0.004046787973493338,2,1
mfcc_1_p90,0.004020115826278925,2,1
centroid_p10,0.003976973704993725,2,1
mfcc_delta_6_std,0.003968904726207256,2,1
rms_p90,0.003934858832508326,2,1
mfcc_0_p10,0.003873467678204179,2,1
zero_crossing_rate_mean,0.0038657740224152803,2,1
contrast_2_p90,0.0841289833188057,2,2
mfcc_15_std,0.03793487697839737,2,2
contrast_3_mean,0.036123648285865784,2,2
mfcc_14_std,0.035545192658901215,2,2
dominant_frequency,0.03143913671374321,2,2
mfcc_7_std,0.026533663272857666,2,2
contrast_4_p90,0.022638825699687004,2,2
contrast_4_mean,0.02092158980667591,2,2
zero_crossing_rate_p90,0.01918313093483448,2,2
contrast_2_mean,0.01795203797519207,2,2
mfcc_8_std,0.016916120424866676,2,2
rms_p10,0.016076333820819855,2,2
mfcc_13_std,0.01572822965681553,2,2
contrast_3_p90,0.013242224231362343,2,2
zero_crossing_rate_p10,0.012652220204472542,2,2
contrast_2_std,0.012524557299911976,2,2
mfcc_delta_8_p90,0.010977216996252537,2,2
mfcc_9_std,0.010709933005273342,2,2
flatness_std,0.008605239912867546,2,2
flatness_p10,0.00859262328594923,2,2
mfcc_5_std,0.007976587861776352,2,2
contrast_3_p10,0.0077773770317435265,2,2
rms_std,0.007535126060247421,2,2
mfcc_delta_8_p10,0.007383542135357857,2,2
mfcc_delta_6_p90,0.007061831187456846,2,2
zero_crossing_rate_std,0.00686256680637598,2,2
mfcc_5_p10,0.006750304251909256,2,2
mfcc_delta_14_std,0.006673833355307579,2,2
mfcc_delta_14_p90,0.0066160764545202255,2,2
mfcc_1_p90,0.006588651333004236,2,2
rms_p90,0.006557570770382881,2,2
contrast_1_std,0.006184825208038092,2,2
spectral_entropy_p10,0.006119472905993462,2,2
mfcc_8_p10,0.0061010983772575855,2,2
rms_mean,0.005990372970700264,2,2
mfcc_15_p90,0.005635218694806099,2,2
contrast_3_std,0.005581324454396963,2,2
mfcc_19_p90,0.005498812533915043,2,2
spectral_entropy_mean,0.005482261534780264,2,2
mfcc_1_p10,0.005297439638525248,2,2
mfcc_16_p90,0.005251955706626177,2,2
centroid_p90,0.005173449870198965,2,2
mfcc_delta_4_p10,0.005149816162884235,2,2
contrast_4_std,0.0051481048576533794,2,2
centroid_std,0.0050637912936508656,2,2
mfcc_delta_8_std,0.004920791368931532,2,2
mfcc_8_p90,0.00490807369351387,2,2
rolloff85_mean,0.004907888360321522,2,2
mfcc_11_p10,0.004684383515268564,2,2
mfcc_delta_0_std,0.004684020299464464,2,2
flatness_mean,0.0046110679395496845,2,2
mfcc_delta_14_p10,0.004523365758359432,2,2
mfcc_13_p10,0.004508348647505045,2,2
mfcc_14_p10,0.00449132127687335,2,2
mfcc_delta_3_p10,0.004475592169910669,2,2
mfcc_13_mean,0.004327534232288599,2,2
mfcc_9_p10,0.004291375633329153,2,2
mfcc_13_p90,0.004232935607433319,2,2
mfcc_delta_3_std,0.004202968906611204,2,2
mfcc_delta_0_p10,0.004186124075204134,2,2
contrast_2_p90,0.07935153692960739,2,3
mfcc_15_std,0.06484171003103256,2,3
zero_crossing_rate_std,0.05055195465683937,2,3
mfcc_14_std,0.04641268774867058,2,3
contrast_3_mean,0.03311615809798241,2,3
mfcc_13_std,0.028198709711432457,2,3
rms_p10,0.024117887020111084,2,3
contrast_2_std,0.023897619917988777,2,3
contrast_4_p90,0.023047056049108505,2,3
contrast_3_p10,0.019287876784801483,2,3
mfcc_16_std,0.013436149805784225,2,3
dominant_frequency,0.01234037708491087,2,3
contrast_3_p90,0.010921831242740154,2,3
rms_mean,0.010921770706772804,2,3
mfcc_19_std,0.01057811826467514,2,3
flatness_p10,0.009861688129603863,2,3
mfcc_14_p90,0.009119593538343906,2,3
mfcc_13_p10,0.009068905375897884,2,3
mfcc_14_p10,0.008925944566726685,2,3
rms_p90,0.0087670823559165,2,3
mfcc_7_std,0.008575855754315853,2,3
dominant_frequency_ratio,0.008406303822994232,2,3
flatness_mean,0.007752591744065285,2,3
contrast_5_p10,0.007737849373370409,2,3
zero_crossing_rate_mean,0.007672241888940334,2,3
mfcc_15_p90,0.007543621119111776,2,3
mfcc_8_std,0.007280447985976934,2,3
contrast_2_mean,0.007206922397017479,2,3
mfcc_8_p10,0.007176022510975599,2,3
contrast_5_mean,0.007029175292700529,2,3
flatness_p90,0.0067456006072461605,2,3
rolloff85_mean,0.006687397137284279,2,3
zero_crossing_rate_p90,0.006179727613925934,2,3
mfcc_5_mean,0.00600655609741807,2,3
mfcc_2_mean,0.0058939228765666485,2,3
mfcc_delta_0_std,0.005727976094931364,2,3
mfcc_delta_1_std,0.005383299198001623,2,3
flatness_std,0.0053430404514074326,2,3
mfcc_9_std,0.0052813077345490456,2,3
mfcc_0_p10,0.0052223363891243935,2,3
zero_crossing_rate_p10,0.005189455579966307,2,3
contrast_4_mean,0.005096711218357086,2,3
mfcc_delta_0_p90,0.005001371260732412,2,3
mfcc_2_p90,0.0047982134856283665,2,3
mfcc_delta_14_std,0.004756173584610224,2,3
mfcc_7_p90,0.004754029680043459,2,3
mfcc_16_p90,0.004679263103753328,2,3
mfcc_3_p10,0.004649341572076082,2,3
spectral_entropy_mean,0.0045701744966208935,2,3
mfcc_15_p10,0.004475606605410576,2,3
spectral_entropy_p90,0.004448712337762117,2,3
mfcc_3_mean,0.004405278712511063,2,3
mfcc_13_mean,0.004402300342917442,2,3
mfcc_delta_0_p10,0.004256869666278362,2,3
mfcc_delta_1_p90,0.004232398699969053,2,3
mfcc_delta_1_p10,0.004232026170939207,2,3
rms_std,0.004226513672620058,2,3
rolloff85_p10,0.004102419596165419,2,3
mfcc_2_p10,0.004082199651747942,2,3
bandwidth_p90,0.0040800804272294044,2,3
contrast_2_std,0.056598931550979614,2,4
mfcc_15_std,0.056486576795578,2,4
mfcc_14_std,0.04524628072977066,2,4
contrast_2_p90,0.027759168297052383,2,4
mfcc_9_std,0.023381957784295082,2,4
flatness_p10,0.022064872086048126,2,4
mfcc_16_std,0.016742978245019913,2,4
contrast_1_std,0.01597467064857483,2,4
rms_p10,0.015969717875123024,2,4
mfcc_8_std,0.01560902874916792,2,4
dominant_frequency,0.014018828980624676,2,4
mfcc_19_std,0.013719305396080017,2,4
flatness_mean,0.013293023221194744,2,4
zero_crossing_rate_p10,0.011868574656546116,2,4
contrast_5_p10,0.011811187490820885,2,4
contrast_3_mean,0.010880538262426853,2,4
mfcc_13_std,0.01087872963398695,2,4
mfcc_13_p10,0.010443172417581081,2,4
contrast_5_p90,0.010359208099544048,2,4
flatness_p90,0.01019312720745802,2,4
zero_crossing_rate_mean,0.009847759269177914,2,4
contrast_4_p10,0.009761780500411987,2,4
contrast_3_p90,0.009467191994190216,2,4
mfcc_14_p10,0.009415256790816784,2,4
mfcc_13_p90,0.009367979131639004,2,4
flatness_std,0.00853867456316948,2,4
rms_std,0.008091268129646778,2,4
mfcc_1_mean,0.007639888674020767,2,4
mfcc_7_p90,0.007591393310576677,2,4
mfcc_0_mean,0.007230798248201609,2,4
bandwidth_p10,0.007158620283007622,2,4
mfcc_13_mean,0.007020151242613792,2,4
mfcc_16_p90,0.0068405806086957455,2,4
mfcc_delta_8_std,0.006781547795981169,2,4
dominant_frequency_ratio,0.006637057289481163,2,4
mfcc_14_p90,0.006547202356159687,2,4
zero_crossing_rate_std,0.006450270768254995,2,4
contrast_3_std,0.006272312719374895,2,4
mfcc_15_p10,0.0062711602076888084,2,4
spectral_entropy_p90,0.006200937554240227,2,4
mfcc_0_p10,0.0060731759294867516,2,4
contrast_5_mean,0.006050654221326113,2,4
mfcc_15_mean,0.006005893927067518,2,4
rms_p90,0.005815605167299509,2,4
bandwidth_p90,0.005633751396089792,2,4
spectral_entropy_mean,0.005617041606456041,2,4
mfcc_1_p10,0.005529939662665129,2,4
contrast_2_mean,0.005510636605322361,2,4
zero_crossing_rate_p90,0.005484208930283785,2,4
rms_mean,0.005466577596962452,2,4
contrast_4_mean,0.005336294881999493,2,4
mfcc_7_std,0.005138068925589323,2,4
mfcc_8_mean,0.005086745601147413,2,4
centroid_mean,0.005031695123761892,2,4
mfcc_delta_0_p90,0.005025788675993681,2,4
mfcc_2_p90,0.005021767690777779,2,4
mfcc_5_p10,0.005009419284760952,2,4
mfcc_delta_0_p10,0.00499841058626771,2,4
rolloff85_mean,0.004574906546622515,2,4
mfcc_15_p90,0.004533588886260986,2,4
contrast_2_p90,0.0716823935508728,3,0
mfcc_15_std,0.05230017006397247,3,0
dominant_frequency,0.032814741134643555,3,0
mfcc_14_std,0.03194541111588478,3,0
contrast_3_mean,0.02284003421664238,3,0
contrast_4_p90,0.022720444947481155,3,0
contrast_2_std,0.022507168352603912,3,0
mfcc_delta_7_p10,0.021697448566555977,3,0
contrast_2_mean,0.019283920526504517,3,0
mfcc_delta_6_p90,0.017957473173737526,3,0
mfcc_delta_8_p10,0.017704257741570473,3,0
mfcc_16_std,0.015251217409968376,3,0
mfcc_delta_6_p10,0.013838984072208405,3,0
mfcc_delta_8_p90,0.013347717002034187,3,0
contrast_3_p10,0.013021296821534634,3,0
contrast_1_std,0.012756166979670525,3,0
mfcc_9_std,0.011526817455887794,3,0
contrast_3_p90,0.011403880082070827,3,0
mfcc_14_p10,0.011359157972037792,3,0
mfcc_delta_9_p10,0.010912270285189152,3,0
contrast_5_mean,0.010174132883548737,3,0
mfcc_18_std,0.009991766884922981,3,0
contrast_4_std,0.00979646760970354,3,0
mfcc_13_std,0.009568190202116966,3,0
mfcc_19_std,0.009263426996767521,3,0
mfcc_delta_7_p90,0.009023521095514297,3,0
mfcc_13_p10,0.00857002753764391,3,0
mfcc_delta_5_p10,0.008488178253173828,3,0
mfcc_8_std,0.007600095123052597,3,0
mfcc_8_p10,0.007312956266105175,3,0
mfcc_15_p90,0.006788603961467743,3,0
mfcc_delta_9_p90,0.00675602164119482,3,0
dominant_frequency_ratio,0.00647868262603879,3,0
contrast_1_mean,0.006428288295865059,3,0
contrast_3_std,0.006366895046085119,3,0
mfcc_18_p10,0.006267983000725508,3,0
mfcc_15_mean,0.006235434673726559,3,0
mfcc_delta_6_std,0.00622197799384594,3,0
zero_crossing_rate_std,0.006204796023666859,3,0
spectral_entropy_p10,0.0061827292665839195,3,0
rms_std,0.0060012019239366055,3,0
mfcc_13_mean,0.005921969655901194,3,0
mfcc_14_p90,0.005638682749122381,3,0
mfcc_2_mean,0.00546768493950367,3,0
mfcc_2_p90,0.005088408477604389,3,0
flatness_p10,0.0050476607866585255,3,0
spectral_entropy_mean,0.005014616996049881,3,0
rms_p10,0.004680213984102011,3,0
mfcc_7_std,0.004659129306674004,3,0
spectral_entropy_std,0.004572365432977676,3,0
mfcc_3_p10,0.004435903392732143,3,0
flatness_p90,0.004432995803654194,3,0
mfcc_6_p90,0.004360565450042486,3,0
mfcc_13_p90,0.004286689683794975,3,0
rms_p90,0.004237726796418428,3,0
mfcc_7_p90,0.004234736785292625,3,0
mfcc_delta_15_std,0.004170592408627272,3,0
mfcc_0_p10,0.004117749165743589,3,0
flatness_mean,0.004114547744393349,3,0
flatness_std,0.003953662700951099,3,0
contrast_2_p90,0.08047910034656525,3,1
mfcc_15_std,0.07928082346916199,3,1
mfcc_14_std,0.030665671452879906,3,1
dominant_frequency,0.02802285924553871,3,1
contrast_2_std,0.027486126869916916,3,1
contrast_4_p90,0.024325750768184662,3,1
contrast_3_mean,0.02094706892967224,3,1
mfcc_delta_8_p90,0.02094222977757454,3,1
contrast_2_mean,0.018765047192573547,3,1
mfcc_delta_8_p10,0.01873447559773922,3,1
mfcc_delta_6_p90,0.016908777877688408,3,1
mfcc_delta_7_p10,0.016426561400294304,3,1
contrast_3_p10,0.015259861946105957,3,1
mfcc_delta_6_p10,0.013429750688374043,3,1
mfcc_19_std,0.012148651294410229,3,1
mfcc_16_std,0.010825292207300663,3,1
contrast_1_std,0.010736484080553055,3,1
mfcc_13_std,0.009959441609680653,3,1
contrast_5_mean,0.008343730121850967,3,1
spectral_entropy_mean,0.00781332328915596,3,1
contrast_4_std,0.007761123590171337,3,1
mfcc_14_p10,0.007691327482461929,3,1
rms_std,0.007594650611281395,3,1
contrast_3_p90,0.007482600398361683,3,1
mfcc_delta_7_p90,0.007323311176151037,3,1
mfcc_2_mean,0.006964080035686493,3,1
mfcc_13_p10,0.0069634150713682175,3,1
flatness_p90,0.006944942753762007,3,1
mfcc_9_std,0.0067853135988116264,3,1
mfcc_8_std,0.006686970125883818,3,1
rms_p10,0.00636653508991003,3,1
mfcc_15_p90,0.00624024448916316,3,1
mfcc_delta_1_std,0.006123376078903675,3,1
mfcc_delta_0_p10,0.006104199215769768,3,1
flatness_p10,0.005798280239105225,3,1
rolloff85_mean,0.005517786368727684,3,1
contrast_1_mean,0.005177163984626532,3,1
mfcc_16_p10,0.005171158816665411,3,1
mfcc_delta_9_p90,0.0049206712283194065,3,1
contrast_3_std,0.004714428447186947,3,1
mfcc_delta_5_p10,0.004699381999671459,3,1
mfcc_delta_1_p10,0.004635615274310112,3,1
mfcc_9_p90,0.004593335557729006,3,1
mfcc_8_p10,0.004485931247472763,3,1
mfcc_delta_9_p10,0.004455230198800564,3,1
mfcc_2_p90,0.004429504740983248,3,1
flatness_mean,0.004406958818435669,3,1
dominant_frequency_ratio,0.004391118418425322,3,1
mfcc_delta_0_std,0.004299886990338564,3,1
rolloff85_p10,0.004232063423842192,3,1
mfcc_1_mean,0.004193567205220461,3,1
contrast_0_p10,0.0041242376901209354,3,1
mfcc_delta_19_p10,0.004059934988617897,3,1
zero_crossing_rate_std,0.004046787973493338,3,1
mfcc_1_p90,0.004020115826278925,3,1
centroid_p10,0.003976973704993725,3,1
mfcc_delta_6_std,0.003968904726207256,3,1
rms_p90,0.003934858832508326,3,1
mfcc_0_p10,0.003873467678204179,3,1
zero_crossing_rate_mean,0.0038657740224152803,3,1
contrast_2_p90,0.0841289833188057,3,2
mfcc_15_std,0.03793487697839737,3,2
contrast_3_mean,0.036123648285865784,3,2
mfcc_14_std,0.035545192658901215,3,2
dominant_frequency,0.03143913671374321,3,2
mfcc_7_std,0.026533663272857666,3,2
contrast_4_p90,0.022638825699687004,3,2
contrast_4_mean,0.02092158980667591,3,2
zero_crossing_rate_p90,0.01918313093483448,3,2
contrast_2_mean,0.01795203797519207,3,2
mfcc_8_std,0.016916120424866676,3,2
rms_p10,0.016076333820819855,3,2
mfcc_13_std,0.01572822965681553,3,2
contrast_3_p90,0.013242224231362343,3,2
zero_crossing_rate_p10,0.012652220204472542,3,2
contrast_2_std,0.012524557299911976,3,2
mfcc_delta_8_p90,0.010977216996252537,3,2
mfcc_9_std,0.010709933005273342,3,2
flatness_std,0.008605239912867546,3,2
flatness_p10,0.00859262328594923,3,2
mfcc_5_std,0.007976587861776352,3,2
contrast_3_p10,0.0077773770317435265,3,2
rms_std,0.007535126060247421,3,2
mfcc_delta_8_p10,0.007383542135357857,3,2
mfcc_delta_6_p90,0.007061831187456846,3,2
zero_crossing_rate_std,0.00686256680637598,3,2
mfcc_5_p10,0.006750304251909256,3,2
mfcc_delta_14_std,0.006673833355307579,3,2
mfcc_delta_14_p90,0.0066160764545202255,3,2
mfcc_1_p90,0.006588651333004236,3,2
rms_p90,0.006557570770382881,3,2
contrast_1_std,0.006184825208038092,3,2
spectral_entropy_p10,0.006119472905993462,3,2
mfcc_8_p10,0.0061010983772575855,3,2
rms_mean,0.005990372970700264,3,2
mfcc_15_p90,0.005635218694806099,3,2
contrast_3_std,0.005581324454396963,3,2
mfcc_19_p90,0.005498812533915043,3,2
spectral_entropy_mean,0.005482261534780264,3,2
mfcc_1_p10,0.005297439638525248,3,2
mfcc_16_p90,0.005251955706626177,3,2
centroid_p90,0.005173449870198965,3,2
mfcc_delta_4_p10,0.005149816162884235,3,2
contrast_4_std,0.0051481048576533794,3,2
centroid_std,0.0050637912936508656,3,2
mfcc_delta_8_std,0.004920791368931532,3,2
mfcc_8_p90,0.00490807369351387,3,2
rolloff85_mean,0.004907888360321522,3,2
mfcc_11_p10,0.004684383515268564,3,2
mfcc_delta_0_std,0.004684020299464464,3,2
flatness_mean,0.0046110679395496845,3,2
mfcc_delta_14_p10,0.004523365758359432,3,2
mfcc_13_p10,0.004508348647505045,3,2
mfcc_14_p10,0.00449132127687335,3,2
mfcc_delta_3_p10,0.004475592169910669,3,2
mfcc_13_mean,0.004327534232288599,3,2
mfcc_9_p10,0.004291375633329153,3,2
mfcc_13_p90,0.004232935607433319,3,2
mfcc_delta_3_std,0.004202968906611204,3,2
mfcc_delta_0_p10,0.004186124075204134,3,2
contrast_2_p90,0.07935153692960739,3,3
mfcc_15_std,0.06484171003103256,3,3
zero_crossing_rate_std,0.05055195465683937,3,3
mfcc_14_std,0.04641268774867058,3,3
contrast_3_mean,0.03311615809798241,3,3
mfcc_13_std,0.028198709711432457,3,3
rms_p10,0.024117887020111084,3,3
contrast_2_std,0.023897619917988777,3,3
contrast_4_p90,0.023047056049108505,3,3
contrast_3_p10,0.019287876784801483,3,3
mfcc_16_std,0.013436149805784225,3,3
dominant_frequency,0.01234037708491087,3,3
contrast_3_p90,0.010921831242740154,3,3
rms_mean,0.010921770706772804,3,3
mfcc_19_std,0.01057811826467514,3,3
flatness_p10,0.009861688129603863,3,3
mfcc_14_p90,0.009119593538343906,3,3
mfcc_13_p10,0.009068905375897884,3,3
mfcc_14_p10,0.008925944566726685,3,3
rms_p90,0.0087670823559165,3,3
mfcc_7_std,0.008575855754315853,3,3
dominant_frequency_ratio,0.008406303822994232,3,3
flatness_mean,0.007752591744065285,3,3
contrast_5_p10,0.007737849373370409,3,3
zero_crossing_rate_mean,0.007672241888940334,3,3
mfcc_15_p90,0.007543621119111776,3,3
mfcc_8_std,0.007280447985976934,3,3
contrast_2_mean,0.007206922397017479,3,3
mfcc_8_p10,0.007176022510975599,3,3
contrast_5_mean,0.007029175292700529,3,3
flatness_p90,0.0067456006072461605,3,3
rolloff85_mean,0.006687397137284279,3,3
zero_crossing_rate_p90,0.006179727613925934,3,3
mfcc_5_mean,0.00600655609741807,3,3
mfcc_2_mean,0.0058939228765666485,3,3
mfcc_delta_0_std,0.005727976094931364,3,3
mfcc_delta_1_std,0.005383299198001623,3,3
flatness_std,0.0053430404514074326,3,3
mfcc_9_std,0.0052813077345490456,3,3
mfcc_0_p10,0.0052223363891243935,3,3
zero_crossing_rate_p10,0.005189455579966307,3,3
contrast_4_mean,0.005096711218357086,3,3
mfcc_delta_0_p90,0.005001371260732412,3,3
mfcc_2_p90,0.0047982134856283665,3,3
mfcc_delta_14_std,0.004756173584610224,3,3
mfcc_7_p90,0.004754029680043459,3,3
mfcc_16_p90,0.004679263103753328,3,3
mfcc_3_p10,0.004649341572076082,3,3
spectral_entropy_mean,0.0045701744966208935,3,3
mfcc_15_p10,0.004475606605410576,3,3
spectral_entropy_p90,0.004448712337762117,3,3
mfcc_3_mean,0.004405278712511063,3,3
mfcc_13_mean,0.004402300342917442,3,3
mfcc_delta_0_p10,0.004256869666278362,3,3
mfcc_delta_1_p90,0.004232398699969053,3,3
mfcc_delta_1_p10,0.004232026170939207,3,3
rms_std,0.004226513672620058,3,3
rolloff85_p10,0.004102419596165419,3,3
mfcc_2_p10,0.004082199651747942,3,3
bandwidth_p90,0.0040800804272294044,3,3
contrast_2_std,0.056598931550979614,3,4
mfcc_15_std,0.056486576795578,3,4
mfcc_14_std,0.04524628072977066,3,4
contrast_2_p90,0.027759168297052383,3,4
mfcc_9_std,0.023381957784295082,3,4
flatness_p10,0.022064872086048126,3,4
mfcc_16_std,0.016742978245019913,3,4
contrast_1_std,0.01597467064857483,3,4
rms_p10,0.015969717875123024,3,4
mfcc_8_std,0.01560902874916792,3,4
dominant_frequency,0.014018828980624676,3,4
mfcc_19_std,0.013719305396080017,3,4
flatness_mean,0.013293023221194744,3,4
zero_crossing_rate_p10,0.011868574656546116,3,4
contrast_5_p10,0.011811187490820885,3,4
contrast_3_mean,0.010880538262426853,3,4
mfcc_13_std,0.01087872963398695,3,4
mfcc_13_p10,0.010443172417581081,3,4
contrast_5_p90,0.010359208099544048,3,4
flatness_p90,0.01019312720745802,3,4
zero_crossing_rate_mean,0.009847759269177914,3,4
contrast_4_p10,0.009761780500411987,3,4
contrast_3_p90,0.009467191994190216,3,4
mfcc_14_p10,0.009415256790816784,3,4
mfcc_13_p90,0.009367979131639004,3,4
flatness_std,0.00853867456316948,3,4
rms_std,0.008091268129646778,3,4
mfcc_1_mean,0.007639888674020767,3,4
mfcc_7_p90,0.007591393310576677,3,4
mfcc_0_mean,0.007230798248201609,3,4
bandwidth_p10,0.007158620283007622,3,4
mfcc_13_mean,0.007020151242613792,3,4
mfcc_16_p90,0.0068405806086957455,3,4
mfcc_delta_8_std,0.006781547795981169,3,4
dominant_frequency_ratio,0.006637057289481163,3,4
mfcc_14_p90,0.006547202356159687,3,4
zero_crossing_rate_std,0.006450270768254995,3,4
contrast_3_std,0.006272312719374895,3,4
mfcc_15_p10,0.0062711602076888084,3,4
spectral_entropy_p90,0.006200937554240227,3,4
mfcc_0_p10,0.0060731759294867516,3,4
contrast_5_mean,0.006050654221326113,3,4
mfcc_15_mean,0.006005893927067518,3,4
rms_p90,0.005815605167299509,3,4
bandwidth_p90,0.005633751396089792,3,4
spectral_entropy_mean,0.005617041606456041,3,4
mfcc_1_p10,0.005529939662665129,3,4
contrast_2_mean,0.005510636605322361,3,4
zero_crossing_rate_p90,0.005484208930283785,3,4
rms_mean,0.005466577596962452,3,4
contrast_4_mean,0.005336294881999493,3,4
mfcc_7_std,0.005138068925589323,3,4
mfcc_8_mean,0.005086745601147413,3,4
centroid_mean,0.005031695123761892,3,4
mfcc_delta_0_p90,0.005025788675993681,3,4
mfcc_2_p90,0.005021767690777779,3,4
mfcc_5_p10,0.005009419284760952,3,4
mfcc_delta_0_p10,0.00499841058626771,3,4
rolloff85_mean,0.004574906546622515,3,4
mfcc_15_p90,0.004533588886260986,3,4
contrast_2_p90,0.0716823935508728,4,0
mfcc_15_std,0.05230017006397247,4,0
dominant_frequency,0.032814741134643555,4,0
mfcc_14_std,0.03194541111588478,4,0
contrast_3_mean,0.02284003421664238,4,0
contrast_4_p90,0.022720444947481155,4,0
contrast_2_std,0.022507168352603912,4,0
mfcc_delta_7_p10,0.021697448566555977,4,0
contrast_2_mean,0.019283920526504517,4,0
mfcc_delta_6_p90,0.017957473173737526,4,0
mfcc_delta_8_p10,0.017704257741570473,4,0
mfcc_16_std,0.015251217409968376,4,0
mfcc_delta_6_p10,0.013838984072208405,4,0
mfcc_delta_8_p90,0.013347717002034187,4,0
contrast_3_p10,0.013021296821534634,4,0
contrast_1_std,0.012756166979670525,4,0
mfcc_9_std,0.011526817455887794,4,0
contrast_3_p90,0.011403880082070827,4,0
mfcc_14_p10,0.011359157972037792,4,0
mfcc_delta_9_p10,0.010912270285189152,4,0
contrast_5_mean,0.010174132883548737,4,0
mfcc_18_std,0.009991766884922981,4,0
contrast_4_std,0.00979646760970354,4,0
mfcc_13_std,0.009568190202116966,4,0
mfcc_19_std,0.009263426996767521,4,0
mfcc_delta_7_p90,0.009023521095514297,4,0
mfcc_13_p10,0.00857002753764391,4,0
mfcc_delta_5_p10,0.008488178253173828,4,0
mfcc_8_std,0.007600095123052597,4,0
mfcc_8_p10,0.007312956266105175,4,0
mfcc_15_p90,0.006788603961467743,4,0
mfcc_delta_9_p90,0.00675602164119482,4,0
dominant_frequency_ratio,0.00647868262603879,4,0
contrast_1_mean,0.006428288295865059,4,0
contrast_3_std,0.006366895046085119,4,0
mfcc_18_p10,0.006267983000725508,4,0
mfcc_15_mean,0.006235434673726559,4,0
mfcc_delta_6_std,0.00622197799384594,4,0
zero_crossing_rate_std,0.006204796023666859,4,0
spectral_entropy_p10,0.0061827292665839195,4,0
rms_std,0.0060012019239366055,4,0
mfcc_13_mean,0.005921969655901194,4,0
mfcc_14_p90,0.005638682749122381,4,0
mfcc_2_mean,0.00546768493950367,4,0
mfcc_2_p90,0.005088408477604389,4,0
flatness_p10,0.0050476607866585255,4,0
spectral_entropy_mean,0.005014616996049881,4,0
rms_p10,0.004680213984102011,4,0
mfcc_7_std,0.004659129306674004,4,0
spectral_entropy_std,0.004572365432977676,4,0
mfcc_3_p10,0.004435903392732143,4,0
flatness_p90,0.004432995803654194,4,0
mfcc_6_p90,0.004360565450042486,4,0
mfcc_13_p90,0.004286689683794975,4,0
rms_p90,0.004237726796418428,4,0
mfcc_7_p90,0.004234736785292625,4,0
mfcc_delta_15_std,0.004170592408627272,4,0
mfcc_0_p10,0.004117749165743589,4,0
flatness_mean,0.004114547744393349,4,0
flatness_std,0.003953662700951099,4,0
contrast_2_p90,0.08047910034656525,4,1
mfcc_15_std,0.07928082346916199,4,1
mfcc_14_std,0.030665671452879906,4,1
dominant_frequency,0.02802285924553871,4,1
contrast_2_std,0.027486126869916916,4,1
contrast_4_p90,0.024325750768184662,4,1
contrast_3_mean,0.02094706892967224,4,1
mfcc_delta_8_p90,0.02094222977757454,4,1
contrast_2_mean,0.018765047192573547,4,1
mfcc_delta_8_p10,0.01873447559773922,4,1
mfcc_delta_6_p90,0.016908777877688408,4,1
mfcc_delta_7_p10,0.016426561400294304,4,1
contrast_3_p10,0.015259861946105957,4,1
mfcc_delta_6_p10,0.013429750688374043,4,1
mfcc_19_std,0.012148651294410229,4,1
mfcc_16_std,0.010825292207300663,4,1
contrast_1_std,0.010736484080553055,4,1
mfcc_13_std,0.009959441609680653,4,1
contrast_5_mean,0.008343730121850967,4,1
spectral_entropy_mean,0.00781332328915596,4,1
contrast_4_std,0.007761123590171337,4,1
mfcc_14_p10,0.007691327482461929,4,1
rms_std,0.007594650611281395,4,1
contrast_3_p90,0.007482600398361683,4,1
mfcc_delta_7_p90,0.007323311176151037,4,1
mfcc_2_mean,0.006964080035686493,4,1
mfcc_13_p10,0.0069634150713682175,4,1
flatness_p90,0.006944942753762007,4,1
mfcc_9_std,0.0067853135988116264,4,1
mfcc_8_std,0.006686970125883818,4,1
rms_p10,0.00636653508991003,4,1
mfcc_15_p90,0.00624024448916316,4,1
mfcc_delta_1_std,0.006123376078903675,4,1
mfcc_delta_0_p10,0.006104199215769768,4,1
flatness_p10,0.005798280239105225,4,1
rolloff85_mean,0.005517786368727684,4,1
contrast_1_mean,0.005177163984626532,4,1
mfcc_16_p10,0.005171158816665411,4,1
mfcc_delta_9_p90,0.0049206712283194065,4,1
contrast_3_std,0.004714428447186947,4,1
mfcc_delta_5_p10,0.004699381999671459,4,1
mfcc_delta_1_p10,0.004635615274310112,4,1
mfcc_9_p90,0.004593335557729006,4,1
mfcc_8_p10,0.004485931247472763,4,1
mfcc_delta_9_p10,0.004455230198800564,4,1
mfcc_2_p90,0.004429504740983248,4,1
flatness_mean,0.004406958818435669,4,1
dominant_frequency_ratio,0.004391118418425322,4,1
mfcc_delta_0_std,0.004299886990338564,4,1
rolloff85_p10,0.004232063423842192,4,1
mfcc_1_mean,0.004193567205220461,4,1
contrast_0_p10,0.0041242376901209354,4,1
mfcc_delta_19_p10,0.004059934988617897,4,1
zero_crossing_rate_std,0.004046787973493338,4,1
mfcc_1_p90,0.004020115826278925,4,1
centroid_p10,0.003976973704993725,4,1
mfcc_delta_6_std,0.003968904726207256,4,1
rms_p90,0.003934858832508326,4,1
mfcc_0_p10,0.003873467678204179,4,1
zero_crossing_rate_mean,0.0038657740224152803,4,1
contrast_2_p90,0.0841289833188057,4,2
mfcc_15_std,0.03793487697839737,4,2
contrast_3_mean,0.036123648285865784,4,2
mfcc_14_std,0.035545192658901215,4,2
dominant_frequency,0.03143913671374321,4,2
mfcc_7_std,0.026533663272857666,4,2
contrast_4_p90,0.022638825699687004,4,2
contrast_4_mean,0.02092158980667591,4,2
zero_crossing_rate_p90,0.01918313093483448,4,2
contrast_2_mean,0.01795203797519207,4,2
mfcc_8_std,0.016916120424866676,4,2
rms_p10,0.016076333820819855,4,2
mfcc_13_std,0.01572822965681553,4,2
contrast_3_p90,0.013242224231362343,4,2
zero_crossing_rate_p10,0.012652220204472542,4,2
contrast_2_std,0.012524557299911976,4,2
mfcc_delta_8_p90,0.010977216996252537,4,2
mfcc_9_std,0.010709933005273342,4,2
flatness_std,0.008605239912867546,4,2
flatness_p10,0.00859262328594923,4,2
mfcc_5_std,0.007976587861776352,4,2
contrast_3_p10,0.0077773770317435265,4,2
rms_std,0.007535126060247421,4,2
mfcc_delta_8_p10,0.007383542135357857,4,2
mfcc_delta_6_p90,0.007061831187456846,4,2
zero_crossing_rate_std,0.00686256680637598,4,2
mfcc_5_p10,0.006750304251909256,4,2
mfcc_delta_14_std,0.006673833355307579,4,2
mfcc_delta_14_p90,0.0066160764545202255,4,2
mfcc_1_p90,0.006588651333004236,4,2
rms_p90,0.006557570770382881,4,2
contrast_1_std,0.006184825208038092,4,2
spectral_entropy_p10,0.006119472905993462,4,2
mfcc_8_p10,0.0061010983772575855,4,2
rms_mean,0.005990372970700264,4,2
mfcc_15_p90,0.005635218694806099,4,2
contrast_3_std,0.005581324454396963,4,2
mfcc_19_p90,0.005498812533915043,4,2
spectral_entropy_mean,0.005482261534780264,4,2
mfcc_1_p10,0.005297439638525248,4,2
mfcc_16_p90,0.005251955706626177,4,2
centroid_p90,0.005173449870198965,4,2
mfcc_delta_4_p10,0.005149816162884235,4,2
contrast_4_std,0.0051481048576533794,4,2
centroid_std,0.0050637912936508656,4,2
mfcc_delta_8_std,0.004920791368931532,4,2
mfcc_8_p90,0.00490807369351387,4,2
rolloff85_mean,0.004907888360321522,4,2
mfcc_11_p10,0.004684383515268564,4,2
mfcc_delta_0_std,0.004684020299464464,4,2
flatness_mean,0.0046110679395496845,4,2
mfcc_delta_14_p10,0.004523365758359432,4,2
mfcc_13_p10,0.004508348647505045,4,2
mfcc_14_p10,0.00449132127687335,4,2
mfcc_delta_3_p10,0.004475592169910669,4,2
mfcc_13_mean,0.004327534232288599,4,2
mfcc_9_p10,0.004291375633329153,4,2
mfcc_13_p90,0.004232935607433319,4,2
mfcc_delta_3_std,0.004202968906611204,4,2
mfcc_delta_0_p10,0.004186124075204134,4,2
contrast_2_p90,0.07935153692960739,4,3
mfcc_15_std,0.06484171003103256,4,3
zero_crossing_rate_std,0.05055195465683937,4,3
mfcc_14_std,0.04641268774867058,4,3
contrast_3_mean,0.03311615809798241,4,3
mfcc_13_std,0.028198709711432457,4,3
rms_p10,0.024117887020111084,4,3
contrast_2_std,0.023897619917988777,4,3
contrast_4_p90,0.023047056049108505,4,3
contrast_3_p10,0.019287876784801483,4,3
mfcc_16_std,0.013436149805784225,4,3
dominant_frequency,0.01234037708491087,4,3
contrast_3_p90,0.010921831242740154,4,3
rms_mean,0.010921770706772804,4,3
mfcc_19_std,0.01057811826467514,4,3
flatness_p10,0.009861688129603863,4,3
mfcc_14_p90,0.009119593538343906,4,3
mfcc_13_p10,0.009068905375897884,4,3
mfcc_14_p10,0.008925944566726685,4,3
rms_p90,0.0087670823559165,4,3
mfcc_7_std,0.008575855754315853,4,3
dominant_frequency_ratio,0.008406303822994232,4,3
flatness_mean,0.007752591744065285,4,3
contrast_5_p10,0.007737849373370409,4,3
zero_crossing_rate_mean,0.007672241888940334,4,3
mfcc_15_p90,0.007543621119111776,4,3
mfcc_8_std,0.007280447985976934,4,3
contrast_2_mean,0.007206922397017479,4,3
mfcc_8_p10,0.007176022510975599,4,3
contrast_5_mean,0.007029175292700529,4,3
flatness_p90,0.0067456006072461605,4,3
rolloff85_mean,0.006687397137284279,4,3
zero_crossing_rate_p90,0.006179727613925934,4,3
mfcc_5_mean,0.00600655609741807,4,3
mfcc_2_mean,0.0058939228765666485,4,3
mfcc_delta_0_std,0.005727976094931364,4,3
mfcc_delta_1_std,0.005383299198001623,4,3
flatness_std,0.0053430404514074326,4,3
mfcc_9_std,0.0052813077345490456,4,3
mfcc_0_p10,0.0052223363891243935,4,3
zero_crossing_rate_p10,0.005189455579966307,4,3
contrast_4_mean,0.005096711218357086,4,3
mfcc_delta_0_p90,0.005001371260732412,4,3
mfcc_2_p90,0.0047982134856283665,4,3
mfcc_delta_14_std,0.004756173584610224,4,3
mfcc_7_p90,0.004754029680043459,4,3
mfcc_16_p90,0.004679263103753328,4,3
mfcc_3_p10,0.004649341572076082,4,3
spectral_entropy_mean,0.0045701744966208935,4,3
mfcc_15_p10,0.004475606605410576,4,3
spectral_entropy_p90,0.004448712337762117,4,3
mfcc_3_mean,0.004405278712511063,4,3
mfcc_13_mean,0.004402300342917442,4,3
mfcc_delta_0_p10,0.004256869666278362,4,3
mfcc_delta_1_p90,0.004232398699969053,4,3
mfcc_delta_1_p10,0.004232026170939207,4,3
rms_std,0.004226513672620058,4,3
rolloff85_p10,0.004102419596165419,4,3
mfcc_2_p10,0.004082199651747942,4,3
bandwidth_p90,0.0040800804272294044,4,3
contrast_2_std,0.056598931550979614,4,4
mfcc_15_std,0.056486576795578,4,4
mfcc_14_std,0.04524628072977066,4,4
contrast_2_p90,0.027759168297052383,4,4
mfcc_9_std,0.023381957784295082,4,4
flatness_p10,0.022064872086048126,4,4
mfcc_16_std,0.016742978245019913,4,4
contrast_1_std,0.01597467064857483,4,4
rms_p10,0.015969717875123024,4,4
mfcc_8_std,0.01560902874916792,4,4
dominant_frequency,0.014018828980624676,4,4
mfcc_19_std,0.013719305396080017,4,4
flatness_mean,0.013293023221194744,4,4
zero_crossing_rate_p10,0.011868574656546116,4,4
contrast_5_p10,0.011811187490820885,4,4
contrast_3_mean,0.010880538262426853,4,4
mfcc_13_std,0.01087872963398695,4,4
mfcc_13_p10,0.010443172417581081,4,4
contrast_5_p90,0.010359208099544048,4,4
flatness_p90,0.01019312720745802,4,4
zero_crossing_rate_mean,0.009847759269177914,4,4
contrast_4_p10,0.009761780500411987,4,4
contrast_3_p90,0.009467191994190216,4,4
mfcc_14_p10,0.009415256790816784,4,4
mfcc_13_p90,0.009367979131639004,4,4
flatness_std,0.00853867456316948,4,4
rms_std,0.008091268129646778,4,4
mfcc_1_mean,0.007639888674020767,4,4
mfcc_7_p90,0.007591393310576677,4,4
mfcc_0_mean,0.007230798248201609,4,4
bandwidth_p10,0.007158620283007622,4,4
mfcc_13_mean,0.007020151242613792,4,4
mfcc_16_p90,0.0068405806086957455,4,4
mfcc_delta_8_std,0.006781547795981169,4,4
dominant_frequency_ratio,0.006637057289481163,4,4
mfcc_14_p90,0.006547202356159687,4,4
zero_crossing_rate_std,0.006450270768254995,4,4
contrast_3_std,0.006272312719374895,4,4
mfcc_15_p10,0.0062711602076888084,4,4
spectral_entropy_p90,0.006200937554240227,4,4
mfcc_0_p10,0.0060731759294867516,4,4
contrast_5_mean,0.006050654221326113,4,4
mfcc_15_mean,0.006005893927067518,4,4
rms_p90,0.005815605167299509,4,4
bandwidth_p90,0.005633751396089792,4,4
spectral_entropy_mean,0.005617041606456041,4,4
mfcc_1_p10,0.005529939662665129,4,4
contrast_2_mean,0.005510636605322361,4,4
zero_crossing_rate_p90,0.005484208930283785,4,4
rms_mean,0.005466577596962452,4,4
contrast_4_mean,0.005336294881999493,4,4
mfcc_7_std,0.005138068925589323,4,4
mfcc_8_mean,0.005086745601147413,4,4
centroid_mean,0.005031695123761892,4,4
mfcc_delta_0_p90,0.005025788675993681,4,4
mfcc_2_p90,0.005021767690777779,4,4
mfcc_5_p10,0.005009419284760952,4,4
mfcc_delta_0_p10,0.00499841058626771,4,4
rolloff85_mean,0.004574906546622515,4,4
mfcc_15_p90,0.004533588886260986,4,4
contrast_2_p90,0.0716823935508728,5,0
mfcc_15_std,0.05230017006397247,5,0
dominant_frequency,0.032814741134643555,5,0
mfcc_14_std,0.03194541111588478,5,0
contrast_3_mean,0.02284003421664238,5,0
contrast_4_p90,0.022720444947481155,5,0
contrast_2_std,0.022507168352603912,5,0
mfcc_delta_7_p10,0.021697448566555977,5,0
contrast_2_mean,0.019283920526504517,5,0
mfcc_delta_6_p90,0.017957473173737526,5,0
mfcc_delta_8_p10,0.017704257741570473,5,0
mfcc_16_std,0.015251217409968376,5,0
mfcc_delta_6_p10,0.013838984072208405,5,0
mfcc_delta_8_p90,0.013347717002034187,5,0
contrast_3_p10,0.013021296821534634,5,0
contrast_1_std,0.012756166979670525,5,0
mfcc_9_std,0.011526817455887794,5,0
contrast_3_p90,0.011403880082070827,5,0
mfcc_14_p10,0.011359157972037792,5,0
mfcc_delta_9_p10,0.010912270285189152,5,0
contrast_5_mean,0.010174132883548737,5,0
mfcc_18_std,0.009991766884922981,5,0
contrast_4_std,0.00979646760970354,5,0
mfcc_13_std,0.009568190202116966,5,0
mfcc_19_std,0.009263426996767521,5,0
mfcc_delta_7_p90,0.009023521095514297,5,0
mfcc_13_p10,0.00857002753764391,5,0
mfcc_delta_5_p10,0.008488178253173828,5,0
mfcc_8_std,0.007600095123052597,5,0
mfcc_8_p10,0.007312956266105175,5,0
mfcc_15_p90,0.006788603961467743,5,0
mfcc_delta_9_p90,0.00675602164119482,5,0
dominant_frequency_ratio,0.00647868262603879,5,0
contrast_1_mean,0.006428288295865059,5,0
contrast_3_std,0.006366895046085119,5,0
mfcc_18_p10,0.006267983000725508,5,0
mfcc_15_mean,0.006235434673726559,5,0
mfcc_delta_6_std,0.00622197799384594,5,0
zero_crossing_rate_std,0.006204796023666859,5,0
spectral_entropy_p10,0.0061827292665839195,5,0
rms_std,0.0060012019239366055,5,0
mfcc_13_mean,0.005921969655901194,5,0
mfcc_14_p90,0.005638682749122381,5,0
mfcc_2_mean,0.00546768493950367,5,0
mfcc_2_p90,0.005088408477604389,5,0
flatness_p10,0.0050476607866585255,5,0
spectral_entropy_mean,0.005014616996049881,5,0
rms_p10,0.004680213984102011,5,0
mfcc_7_std,0.004659129306674004,5,0
spectral_entropy_std,0.004572365432977676,5,0
mfcc_3_p10,0.004435903392732143,5,0
flatness_p90,0.004432995803654194,5,0
mfcc_6_p90,0.004360565450042486,5,0
mfcc_13_p90,0.004286689683794975,5,0
rms_p90,0.004237726796418428,5,0
mfcc_7_p90,0.004234736785292625,5,0
mfcc_delta_15_std,0.004170592408627272,5,0
mfcc_0_p10,0.004117749165743589,5,0
flatness_mean,0.004114547744393349,5,0
flatness_std,0.003953662700951099,5,0
contrast_2_p90,0.08047910034656525,5,1
mfcc_15_std,0.07928082346916199,5,1
mfcc_14_std,0.030665671452879906,5,1
dominant_frequency,0.02802285924553871,5,1
contrast_2_std,0.027486126869916916,5,1
contrast_4_p90,0.024325750768184662,5,1
contrast_3_mean,0.02094706892967224,5,1
mfcc_delta_8_p90,0.02094222977757454,5,1
contrast_2_mean,0.018765047192573547,5,1
mfcc_delta_8_p10,0.01873447559773922,5,1
mfcc_delta_6_p90,0.016908777877688408,5,1
mfcc_delta_7_p10,0.016426561400294304,5,1
contrast_3_p10,0.015259861946105957,5,1
mfcc_delta_6_p10,0.013429750688374043,5,1
mfcc_19_std,0.012148651294410229,5,1
mfcc_16_std,0.010825292207300663,5,1
contrast_1_std,0.010736484080553055,5,1
mfcc_13_std,0.009959441609680653,5,1
contrast_5_mean,0.008343730121850967,5,1
spectral_entropy_mean,0.00781332328915596,5,1
contrast_4_std,0.007761123590171337,5,1
mfcc_14_p10,0.007691327482461929,5,1
rms_std,0.007594650611281395,5,1
contrast_3_p90,0.007482600398361683,5,1
mfcc_delta_7_p90,0.007323311176151037,5,1
mfcc_2_mean,0.006964080035686493,5,1
mfcc_13_p10,0.0069634150713682175,5,1
flatness_p90,0.006944942753762007,5,1
mfcc_9_std,0.0067853135988116264,5,1
mfcc_8_std,0.006686970125883818,5,1
rms_p10,0.00636653508991003,5,1
mfcc_15_p90,0.00624024448916316,5,1
mfcc_delta_1_std,0.006123376078903675,5,1
mfcc_delta_0_p10,0.006104199215769768,5,1
flatness_p10,0.005798280239105225,5,1
rolloff85_mean,0.005517786368727684,5,1
contrast_1_mean,0.005177163984626532,5,1
mfcc_16_p10,0.005171158816665411,5,1
mfcc_delta_9_p90,0.0049206712283194065,5,1
contrast_3_std,0.004714428447186947,5,1
mfcc_delta_5_p10,0.004699381999671459,5,1
mfcc_delta_1_p10,0.004635615274310112,5,1
mfcc_9_p90,0.004593335557729006,5,1
mfcc_8_p10,0.004485931247472763,5,1
mfcc_delta_9_p10,0.004455230198800564,5,1
mfcc_2_p90,0.004429504740983248,5,1
flatness_mean,0.004406958818435669,5,1
dominant_frequency_ratio,0.004391118418425322,5,1
mfcc_delta_0_std,0.004299886990338564,5,1
rolloff85_p10,0.004232063423842192,5,1
mfcc_1_mean,0.004193567205220461,5,1
contrast_0_p10,0.0041242376901209354,5,1
mfcc_delta_19_p10,0.004059934988617897,5,1
zero_crossing_rate_std,0.004046787973493338,5,1
mfcc_1_p90,0.004020115826278925,5,1
centroid_p10,0.003976973704993725,5,1
mfcc_delta_6_std,0.003968904726207256,5,1
rms_p90,0.003934858832508326,5,1
mfcc_0_p10,0.003873467678204179,5,1
zero_crossing_rate_mean,0.0038657740224152803,5,1
contrast_2_p90,0.0841289833188057,5,2
mfcc_15_std,0.03793487697839737,5,2
contrast_3_mean,0.036123648285865784,5,2
mfcc_14_std,0.035545192658901215,5,2
dominant_frequency,0.03143913671374321,5,2
mfcc_7_std,0.026533663272857666,5,2
contrast_4_p90,0.022638825699687004,5,2
contrast_4_mean,0.02092158980667591,5,2
zero_crossing_rate_p90,0.01918313093483448,5,2
contrast_2_mean,0.01795203797519207,5,2
mfcc_8_std,0.016916120424866676,5,2
rms_p10,0.016076333820819855,5,2
mfcc_13_std,0.01572822965681553,5,2
contrast_3_p90,0.013242224231362343,5,2
zero_crossing_rate_p10,0.012652220204472542,5,2
contrast_2_std,0.012524557299911976,5,2
mfcc_delta_8_p90,0.010977216996252537,5,2
mfcc_9_std,0.010709933005273342,5,2
flatness_std,0.008605239912867546,5,2
flatness_p10,0.00859262328594923,5,2
mfcc_5_std,0.007976587861776352,5,2
contrast_3_p10,0.0077773770317435265,5,2
rms_std,0.007535126060247421,5,2
mfcc_delta_8_p10,0.007383542135357857,5,2
mfcc_delta_6_p90,0.007061831187456846,5,2
zero_crossing_rate_std,0.00686256680637598,5,2
mfcc_5_p10,0.006750304251909256,5,2
mfcc_delta_14_std,0.006673833355307579,5,2
mfcc_delta_14_p90,0.0066160764545202255,5,2
mfcc_1_p90,0.006588651333004236,5,2
rms_p90,0.006557570770382881,5,2
contrast_1_std,0.006184825208038092,5,2
spectral_entropy_p10,0.006119472905993462,5,2
mfcc_8_p10,0.0061010983772575855,5,2
rms_mean,0.005990372970700264,5,2
mfcc_15_p90,0.005635218694806099,5,2
contrast_3_std,0.005581324454396963,5,2
mfcc_19_p90,0.005498812533915043,5,2
spectral_entropy_mean,0.005482261534780264,5,2
mfcc_1_p10,0.005297439638525248,5,2
mfcc_16_p90,0.005251955706626177,5,2
centroid_p90,0.005173449870198965,5,2
mfcc_delta_4_p10,0.005149816162884235,5,2
contrast_4_std,0.0051481048576533794,5,2
centroid_std,0.0050637912936508656,5,2
mfcc_delta_8_std,0.004920791368931532,5,2
mfcc_8_p90,0.00490807369351387,5,2
rolloff85_mean,0.004907888360321522,5,2
mfcc_11_p10,0.004684383515268564,5,2
mfcc_delta_0_std,0.004684020299464464,5,2
flatness_mean,0.0046110679395496845,5,2
mfcc_delta_14_p10,0.004523365758359432,5,2
mfcc_13_p10,0.004508348647505045,5,2
mfcc_14_p10,0.00449132127687335,5,2
mfcc_delta_3_p10,0.004475592169910669,5,2
mfcc_13_mean,0.004327534232288599,5,2
mfcc_9_p10,0.004291375633329153,5,2
mfcc_13_p90,0.004232935607433319,5,2
mfcc_delta_3_std,0.004202968906611204,5,2
mfcc_delta_0_p10,0.004186124075204134,5,2
contrast_2_p90,0.07935153692960739,5,3
mfcc_15_std,0.06484171003103256,5,3
zero_crossing_rate_std,0.05055195465683937,5,3
mfcc_14_std,0.04641268774867058,5,3
contrast_3_mean,0.03311615809798241,5,3
mfcc_13_std,0.028198709711432457,5,3
rms_p10,0.024117887020111084,5,3
contrast_2_std,0.023897619917988777,5,3
contrast_4_p90,0.023047056049108505,5,3
contrast_3_p10,0.019287876784801483,5,3
mfcc_16_std,0.013436149805784225,5,3
dominant_frequency,0.01234037708491087,5,3
contrast_3_p90,0.010921831242740154,5,3
rms_mean,0.010921770706772804,5,3
mfcc_19_std,0.01057811826467514,5,3
flatness_p10,0.009861688129603863,5,3
mfcc_14_p90,0.009119593538343906,5,3
mfcc_13_p10,0.009068905375897884,5,3
mfcc_14_p10,0.008925944566726685,5,3
rms_p90,0.0087670823559165,5,3
mfcc_7_std,0.008575855754315853,5,3
dominant_frequency_ratio,0.008406303822994232,5,3
flatness_mean,0.007752591744065285,5,3
contrast_5_p10,0.007737849373370409,5,3
zero_crossing_rate_mean,0.007672241888940334,5,3
mfcc_15_p90,0.007543621119111776,5,3
mfcc_8_std,0.007280447985976934,5,3
contrast_2_mean,0.007206922397017479,5,3
mfcc_8_p10,0.007176022510975599,5,3
contrast_5_mean,0.007029175292700529,5,3
flatness_p90,0.0067456006072461605,5,3
rolloff85_mean,0.006687397137284279,5,3
zero_crossing_rate_p90,0.006179727613925934,5,3
mfcc_5_mean,0.00600655609741807,5,3
mfcc_2_mean,0.0058939228765666485,5,3
mfcc_delta_0_std,0.005727976094931364,5,3
mfcc_delta_1_std,0.005383299198001623,5,3
flatness_std,0.0053430404514074326,5,3
mfcc_9_std,0.0052813077345490456,5,3
mfcc_0_p10,0.0052223363891243935,5,3
zero_crossing_rate_p10,0.005189455579966307,5,3
contrast_4_mean,0.005096711218357086,5,3
mfcc_delta_0_p90,0.005001371260732412,5,3
mfcc_2_p90,0.0047982134856283665,5,3
mfcc_delta_14_std,0.004756173584610224,5,3
mfcc_7_p90,0.004754029680043459,5,3
mfcc_16_p90,0.004679263103753328,5,3
mfcc_3_p10,0.004649341572076082,5,3
spectral_entropy_mean,0.0045701744966208935,5,3
mfcc_15_p10,0.004475606605410576,5,3
spectral_entropy_p90,0.004448712337762117,5,3
mfcc_3_mean,0.004405278712511063,5,3
mfcc_13_mean,0.004402300342917442,5,3
mfcc_delta_0_p10,0.004256869666278362,5,3
mfcc_delta_1_p90,0.004232398699969053,5,3
mfcc_delta_1_p10,0.004232026170939207,5,3
rms_std,0.004226513672620058,5,3
rolloff85_p10,0.004102419596165419,5,3
mfcc_2_p10,0.004082199651747942,5,3
bandwidth_p90,0.0040800804272294044,5,3
contrast_2_std,0.056598931550979614,5,4
mfcc_15_std,0.056486576795578,5,4
mfcc_14_std,0.04524628072977066,5,4
contrast_2_p90,0.027759168297052383,5,4
mfcc_9_std,0.023381957784295082,5,4
flatness_p10,0.022064872086048126,5,4
mfcc_16_std,0.016742978245019913,5,4
contrast_1_std,0.01597467064857483,5,4
rms_p10,0.015969717875123024,5,4
mfcc_8_std,0.01560902874916792,5,4
dominant_frequency,0.014018828980624676,5,4
mfcc_19_std,0.013719305396080017,5,4
flatness_mean,0.013293023221194744,5,4
zero_crossing_rate_p10,0.011868574656546116,5,4
contrast_5_p10,0.011811187490820885,5,4
contrast_3_mean,0.010880538262426853,5,4
mfcc_13_std,0.01087872963398695,5,4
mfcc_13_p10,0.010443172417581081,5,4
contrast_5_p90,0.010359208099544048,5,4
flatness_p90,0.01019312720745802,5,4
zero_crossing_rate_mean,0.009847759269177914,5,4
contrast_4_p10,0.009761780500411987,5,4
contrast_3_p90,0.009467191994190216,5,4
mfcc_14_p10,0.009415256790816784,5,4
mfcc_13_p90,0.009367979131639004,5,4
flatness_std,0.00853867456316948,5,4
rms_std,0.008091268129646778,5,4
mfcc_1_mean,0.007639888674020767,5,4
mfcc_7_p90,0.007591393310576677,5,4
mfcc_0_mean,0.007230798248201609,5,4
bandwidth_p10,0.007158620283007622,5,4
mfcc_13_mean,0.007020151242613792,5,4
mfcc_16_p90,0.0068405806086957455,5,4
mfcc_delta_8_std,0.006781547795981169,5,4
dominant_frequency_ratio,0.006637057289481163,5,4
mfcc_14_p90,0.006547202356159687,5,4
zero_crossing_rate_std,0.006450270768254995,5,4
contrast_3_std,0.006272312719374895,5,4
mfcc_15_p10,0.0062711602076888084,5,4
spectral_entropy_p90,0.006200937554240227,5,4
mfcc_0_p10,0.0060731759294867516,5,4
contrast_5_mean,0.006050654221326113,5,4
mfcc_15_mean,0.006005893927067518,5,4
rms_p90,0.005815605167299509,5,4
bandwidth_p90,0.005633751396089792,5,4
spectral_entropy_mean,0.005617041606456041,5,4
mfcc_1_p10,0.005529939662665129,5,4
contrast_2_mean,0.005510636605322361,5,4
zero_crossing_rate_p90,0.005484208930283785,5,4
rms_mean,0.005466577596962452,5,4
contrast_4_mean,0.005336294881999493,5,4
mfcc_7_std,0.005138068925589323,5,4
mfcc_8_mean,0.005086745601147413,5,4
centroid_mean,0.005031695123761892,5,4
mfcc_delta_0_p90,0.005025788675993681,5,4
mfcc_2_p90,0.005021767690777779,5,4
mfcc_5_p10,0.005009419284760952,5,4
mfcc_delta_0_p10,0.00499841058626771,5,4
rolloff85_mean,0.004574906546622515,5,4
mfcc_15_p90,0.004533588886260986,5,4
contrast_2_p90,0.0716823935508728,6,0
mfcc_15_std,0.05230017006397247,6,0
dominant_frequency,0.032814741134643555,6,0
mfcc_14_std,0.03194541111588478,6,0
contrast_3_mean,0.02284003421664238,6,0
contrast_4_p90,0.022720444947481155,6,0
contrast_2_std,0.022507168352603912,6,0
mfcc_delta_7_p10,0.021697448566555977,6,0
contrast_2_mean,0.019283920526504517,6,0
mfcc_delta_6_p90,0.017957473173737526,6,0
mfcc_delta_8_p10,0.017704257741570473,6,0
mfcc_16_std,0.015251217409968376,6,0
mfcc_delta_6_p10,0.013838984072208405,6,0
mfcc_delta_8_p90,0.013347717002034187,6,0
contrast_3_p10,0.013021296821534634,6,0
contrast_1_std,0.012756166979670525,6,0
mfcc_9_std,0.011526817455887794,6,0
contrast_3_p90,0.011403880082070827,6,0
mfcc_14_p10,0.011359157972037792,6,0
mfcc_delta_9_p10,0.010912270285189152,6,0
contrast_5_mean,0.010174132883548737,6,0
mfcc_18_std,0.009991766884922981,6,0
contrast_4_std,0.00979646760970354,6,0
mfcc_13_std,0.009568190202116966,6,0
mfcc_19_std,0.009263426996767521,6,0
mfcc_delta_7_p90,0.009023521095514297,6,0
mfcc_13_p10,0.00857002753764391,6,0
mfcc_delta_5_p10,0.008488178253173828,6,0
mfcc_8_std,0.007600095123052597,6,0
mfcc_8_p10,0.007312956266105175,6,0
mfcc_15_p90,0.006788603961467743,6,0
mfcc_delta_9_p90,0.00675602164119482,6,0
dominant_frequency_ratio,0.00647868262603879,6,0
contrast_1_mean,0.006428288295865059,6,0
contrast_3_std,0.006366895046085119,6,0
mfcc_18_p10,0.006267983000725508,6,0
mfcc_15_mean,0.006235434673726559,6,0
mfcc_delta_6_std,0.00622197799384594,6,0
zero_crossing_rate_std,0.006204796023666859,6,0
spectral_entropy_p10,0.0061827292665839195,6,0
rms_std,0.0060012019239366055,6,0
mfcc_13_mean,0.005921969655901194,6,0
mfcc_14_p90,0.005638682749122381,6,0
mfcc_2_mean,0.00546768493950367,6,0
mfcc_2_p90,0.005088408477604389,6,0
flatness_p10,0.0050476607866585255,6,0
spectral_entropy_mean,0.005014616996049881,6,0
rms_p10,0.004680213984102011,6,0
mfcc_7_std,0.004659129306674004,6,0
spectral_entropy_std,0.004572365432977676,6,0
mfcc_3_p10,0.004435903392732143,6,0
flatness_p90,0.004432995803654194,6,0
mfcc_6_p90,0.004360565450042486,6,0
mfcc_13_p90,0.004286689683794975,6,0
rms_p90,0.004237726796418428,6,0
mfcc_7_p90,0.004234736785292625,6,0
mfcc_delta_15_std,0.004170592408627272,6,0
mfcc_0_p10,0.004117749165743589,6,0
flatness_mean,0.004114547744393349,6,0
flatness_std,0.003953662700951099,6,0
contrast_2_p90,0.08047910034656525,6,1
mfcc_15_std,0.07928082346916199,6,1
mfcc_14_std,0.030665671452879906,6,1
dominant_frequency,0.02802285924553871,6,1
contrast_2_std,0.027486126869916916,6,1
contrast_4_p90,0.024325750768184662,6,1
contrast_3_mean,0.02094706892967224,6,1
mfcc_delta_8_p90,0.02094222977757454,6,1
contrast_2_mean,0.018765047192573547,6,1
mfcc_delta_8_p10,0.01873447559773922,6,1
mfcc_delta_6_p90,0.016908777877688408,6,1
mfcc_delta_7_p10,0.016426561400294304,6,1
contrast_3_p10,0.015259861946105957,6,1
mfcc_delta_6_p10,0.013429750688374043,6,1
mfcc_19_std,0.012148651294410229,6,1
mfcc_16_std,0.010825292207300663,6,1
contrast_1_std,0.010736484080553055,6,1
mfcc_13_std,0.009959441609680653,6,1
contrast_5_mean,0.008343730121850967,6,1
spectral_entropy_mean,0.00781332328915596,6,1
contrast_4_std,0.007761123590171337,6,1
mfcc_14_p10,0.007691327482461929,6,1
rms_std,0.007594650611281395,6,1
contrast_3_p90,0.007482600398361683,6,1
mfcc_delta_7_p90,0.007323311176151037,6,1
mfcc_2_mean,0.006964080035686493,6,1
mfcc_13_p10,0.0069634150713682175,6,1
flatness_p90,0.006944942753762007,6,1
mfcc_9_std,0.0067853135988116264,6,1
mfcc_8_std,0.006686970125883818,6,1
rms_p10,0.00636653508991003,6,1
mfcc_15_p90,0.00624024448916316,6,1
mfcc_delta_1_std,0.006123376078903675,6,1
mfcc_delta_0_p10,0.006104199215769768,6,1
flatness_p10,0.005798280239105225,6,1
rolloff85_mean,0.005517786368727684,6,1
contrast_1_mean,0.005177163984626532,6,1
mfcc_16_p10,0.005171158816665411,6,1
mfcc_delta_9_p90,0.0049206712283194065,6,1
contrast_3_std,0.004714428447186947,6,1
mfcc_delta_5_p10,0.004699381999671459,6,1
mfcc_delta_1_p10,0.004635615274310112,6,1
mfcc_9_p90,0.004593335557729006,6,1
mfcc_8_p10,0.004485931247472763,6,1
mfcc_delta_9_p10,0.004455230198800564,6,1
mfcc_2_p90,0.004429504740983248,6,1
flatness_mean,0.004406958818435669,6,1
dominant_frequency_ratio,0.004391118418425322,6,1
mfcc_delta_0_std,0.004299886990338564,6,1
rolloff85_p10,0.004232063423842192,6,1
mfcc_1_mean,0.004193567205220461,6,1
contrast_0_p10,0.0041242376901209354,6,1
mfcc_delta_19_p10,0.004059934988617897,6,1
zero_crossing_rate_std,0.004046787973493338,6,1
mfcc_1_p90,0.004020115826278925,6,1
centroid_p10,0.003976973704993725,6,1
mfcc_delta_6_std,0.003968904726207256,6,1
rms_p90,0.003934858832508326,6,1
mfcc_0_p10,0.003873467678204179,6,1
zero_crossing_rate_mean,0.0038657740224152803,6,1
contrast_2_p90,0.0841289833188057,6,2
mfcc_15_std,0.03793487697839737,6,2
contrast_3_mean,0.036123648285865784,6,2
mfcc_14_std,0.035545192658901215,6,2
dominant_frequency,0.03143913671374321,6,2
mfcc_7_std,0.026533663272857666,6,2
contrast_4_p90,0.022638825699687004,6,2
contrast_4_mean,0.02092158980667591,6,2
zero_crossing_rate_p90,0.01918313093483448,6,2
contrast_2_mean,0.01795203797519207,6,2
mfcc_8_std,0.016916120424866676,6,2
rms_p10,0.016076333820819855,6,2
mfcc_13_std,0.01572822965681553,6,2
contrast_3_p90,0.013242224231362343,6,2
zero_crossing_rate_p10,0.012652220204472542,6,2
contrast_2_std,0.012524557299911976,6,2
mfcc_delta_8_p90,0.010977216996252537,6,2
mfcc_9_std,0.010709933005273342,6,2
flatness_std,0.008605239912867546,6,2
flatness_p10,0.00859262328594923,6,2
mfcc_5_std,0.007976587861776352,6,2
contrast_3_p10,0.0077773770317435265,6,2
rms_std,0.007535126060247421,6,2
mfcc_delta_8_p10,0.007383542135357857,6,2
mfcc_delta_6_p90,0.007061831187456846,6,2
zero_crossing_rate_std,0.00686256680637598,6,2
mfcc_5_p10,0.006750304251909256,6,2
mfcc_delta_14_std,0.006673833355307579,6,2
mfcc_delta_14_p90,0.0066160764545202255,6,2
mfcc_1_p90,0.006588651333004236,6,2
rms_p90,0.006557570770382881,6,2
contrast_1_std,0.006184825208038092,6,2
spectral_entropy_p10,0.006119472905993462,6,2
mfcc_8_p10,0.0061010983772575855,6,2
rms_mean,0.005990372970700264,6,2
mfcc_15_p90,0.005635218694806099,6,2
contrast_3_std,0.005581324454396963,6,2
mfcc_19_p90,0.005498812533915043,6,2
spectral_entropy_mean,0.005482261534780264,6,2
mfcc_1_p10,0.005297439638525248,6,2
mfcc_16_p90,0.005251955706626177,6,2
centroid_p90,0.005173449870198965,6,2
mfcc_delta_4_p10,0.005149816162884235,6,2
contrast_4_std,0.0051481048576533794,6,2
centroid_std,0.0050637912936508656,6,2
mfcc_delta_8_std,0.004920791368931532,6,2
mfcc_8_p90,0.00490807369351387,6,2
rolloff85_mean,0.004907888360321522,6,2
mfcc_11_p10,0.004684383515268564,6,2
mfcc_delta_0_std,0.004684020299464464,6,2
flatness_mean,0.0046110679395496845,6,2
mfcc_delta_14_p10,0.004523365758359432,6,2
mfcc_13_p10,0.004508348647505045,6,2
mfcc_14_p10,0.00449132127687335,6,2
mfcc_delta_3_p10,0.004475592169910669,6,2
mfcc_13_mean,0.004327534232288599,6,2
mfcc_9_p10,0.004291375633329153,6,2
mfcc_13_p90,0.004232935607433319,6,2
mfcc_delta_3_std,0.004202968906611204,6,2
mfcc_delta_0_p10,0.004186124075204134,6,2
contrast_2_p90,0.07935153692960739,6,3
mfcc_15_std,0.06484171003103256,6,3
zero_crossing_rate_std,0.05055195465683937,6,3
mfcc_14_std,0.04641268774867058,6,3
contrast_3_mean,0.03311615809798241,6,3
mfcc_13_std,0.028198709711432457,6,3
rms_p10,0.024117887020111084,6,3
contrast_2_std,0.023897619917988777,6,3
contrast_4_p90,0.023047056049108505,6,3
contrast_3_p10,0.019287876784801483,6,3
mfcc_16_std,0.013436149805784225,6,3
dominant_frequency,0.01234037708491087,6,3
contrast_3_p90,0.010921831242740154,6,3
rms_mean,0.010921770706772804,6,3
mfcc_19_std,0.01057811826467514,6,3
flatness_p10,0.009861688129603863,6,3
mfcc_14_p90,0.009119593538343906,6,3
mfcc_13_p10,0.009068905375897884,6,3
mfcc_14_p10,0.008925944566726685,6,3
rms_p90,0.0087670823559165,6,3
mfcc_7_std,0.008575855754315853,6,3
dominant_frequency_ratio,0.008406303822994232,6,3
flatness_mean,0.007752591744065285,6,3
contrast_5_p10,0.007737849373370409,6,3
zero_crossing_rate_mean,0.007672241888940334,6,3
mfcc_15_p90,0.007543621119111776,6,3
mfcc_8_std,0.007280447985976934,6,3
contrast_2_mean,0.007206922397017479,6,3
mfcc_8_p10,0.007176022510975599,6,3
contrast_5_mean,0.007029175292700529,6,3
flatness_p90,0.0067456006072461605,6,3
rolloff85_mean,0.006687397137284279,6,3
zero_crossing_rate_p90,0.006179727613925934,6,3
mfcc_5_mean,0.00600655609741807,6,3
mfcc_2_mean,0.0058939228765666485,6,3
mfcc_delta_0_std,0.005727976094931364,6,3
mfcc_delta_1_std,0.005383299198001623,6,3
flatness_std,0.0053430404514074326,6,3
mfcc_9_std,0.0052813077345490456,6,3
mfcc_0_p10,0.0052223363891243935,6,3
zero_crossing_rate_p10,0.005189455579966307,6,3
contrast_4_mean,0.005096711218357086,6,3
mfcc_delta_0_p90,0.005001371260732412,6,3
mfcc_2_p90,0.0047982134856283665,6,3
mfcc_delta_14_std,0.004756173584610224,6,3
mfcc_7_p90,0.004754029680043459,6,3
mfcc_16_p90,0.004679263103753328,6,3
mfcc_3_p10,0.004649341572076082,6,3
spectral_entropy_mean,0.0045701744966208935,6,3
mfcc_15_p10,0.004475606605410576,6,3
spectral_entropy_p90,0.004448712337762117,6,3
mfcc_3_mean,0.004405278712511063,6,3
mfcc_13_mean,0.004402300342917442,6,3
mfcc_delta_0_p10,0.004256869666278362,6,3
mfcc_delta_1_p90,0.004232398699969053,6,3
mfcc_delta_1_p10,0.004232026170939207,6,3
rms_std,0.004226513672620058,6,3
rolloff85_p10,0.004102419596165419,6,3
mfcc_2_p10,0.004082199651747942,6,3
bandwidth_p90,0.0040800804272294044,6,3
contrast_2_std,0.056598931550979614,6,4
mfcc_15_std,0.056486576795578,6,4
mfcc_14_std,0.04524628072977066,6,4
contrast_2_p90,0.027759168297052383,6,4
mfcc_9_std,0.023381957784295082,6,4
flatness_p10,0.022064872086048126,6,4
mfcc_16_std,0.016742978245019913,6,4
contrast_1_std,0.01597467064857483,6,4
rms_p10,0.015969717875123024,6,4
mfcc_8_std,0.01560902874916792,6,4
dominant_frequency,0.014018828980624676,6,4
mfcc_19_std,0.013719305396080017,6,4
flatness_mean,0.013293023221194744,6,4
zero_crossing_rate_p10,0.011868574656546116,6,4
contrast_5_p10,0.011811187490820885,6,4
contrast_3_mean,0.010880538262426853,6,4
mfcc_13_std,0.01087872963398695,6,4
mfcc_13_p10,0.010443172417581081,6,4
contrast_5_p90,0.010359208099544048,6,4
flatness_p90,0.01019312720745802,6,4
zero_crossing_rate_mean,0.009847759269177914,6,4
contrast_4_p10,0.009761780500411987,6,4
contrast_3_p90,0.009467191994190216,6,4
mfcc_14_p10,0.009415256790816784,6,4
mfcc_13_p90,0.009367979131639004,6,4
flatness_std,0.00853867456316948,6,4
rms_std,0.008091268129646778,6,4
mfcc_1_mean,0.007639888674020767,6,4
mfcc_7_p90,0.007591393310576677,6,4
mfcc_0_mean,0.007230798248201609,6,4
bandwidth_p10,0.007158620283007622,6,4
mfcc_13_mean,0.007020151242613792,6,4
mfcc_16_p90,0.0068405806086957455,6,4
mfcc_delta_8_std,0.006781547795981169,6,4
dominant_frequency_ratio,0.006637057289481163,6,4
mfcc_14_p90,0.006547202356159687,6,4
zero_crossing_rate_std,0.006450270768254995,6,4
contrast_3_std,0.006272312719374895,6,4
mfcc_15_p10,0.0062711602076888084,6,4
spectral_entropy_p90,0.006200937554240227,6,4
mfcc_0_p10,0.0060731759294867516,6,4
contrast_5_mean,0.006050654221326113,6,4
mfcc_15_mean,0.006005893927067518,6,4
rms_p90,0.005815605167299509,6,4
bandwidth_p90,0.005633751396089792,6,4
spectral_entropy_mean,0.005617041606456041,6,4
mfcc_1_p10,0.005529939662665129,6,4
contrast_2_mean,0.005510636605322361,6,4
zero_crossing_rate_p90,0.005484208930283785,6,4
rms_mean,0.005466577596962452,6,4
contrast_4_mean,0.005336294881999493,6,4
mfcc_7_std,0.005138068925589323,6,4
mfcc_8_mean,0.005086745601147413,6,4
centroid_mean,0.005031695123761892,6,4
mfcc_delta_0_p90,0.005025788675993681,6,4
mfcc_2_p90,0.005021767690777779,6,4
mfcc_5_p10,0.005009419284760952,6,4
mfcc_delta_0_p10,0.00499841058626771,6,4
rolloff85_mean,0.004574906546622515,6,4
mfcc_15_p90,0.004533588886260986,6,4
contrast_2_p90,0.0716823935508728,7,0
mfcc_15_std,0.05230017006397247,7,0
dominant_frequency,0.032814741134643555,7,0
mfcc_14_std,0.03194541111588478,7,0
contrast_3_mean,0.02284003421664238,7,0
contrast_4_p90,0.022720444947481155,7,0
contrast_2_std,0.022507168352603912,7,0
mfcc_delta_7_p10,0.021697448566555977,7,0
contrast_2_mean,0.019283920526504517,7,0
mfcc_delta_6_p90,0.017957473173737526,7,0
mfcc_delta_8_p10,0.017704257741570473,7,0
mfcc_16_std,0.015251217409968376,7,0
mfcc_delta_6_p10,0.013838984072208405,7,0
mfcc_delta_8_p90,0.013347717002034187,7,0
contrast_3_p10,0.013021296821534634,7,0
contrast_1_std,0.012756166979670525,7,0
mfcc_9_std,0.011526817455887794,7,0
contrast_3_p90,0.011403880082070827,7,0
mfcc_14_p10,0.011359157972037792,7,0
mfcc_delta_9_p10,0.010912270285189152,7,0
contrast_5_mean,0.010174132883548737,7,0
mfcc_18_std,0.009991766884922981,7,0
contrast_4_std,0.00979646760970354,7,0
mfcc_13_std,0.009568190202116966,7,0
mfcc_19_std,0.009263426996767521,7,0
mfcc_delta_7_p90,0.009023521095514297,7,0
mfcc_13_p10,0.00857002753764391,7,0
mfcc_delta_5_p10,0.008488178253173828,7,0
mfcc_8_std,0.007600095123052597,7,0
mfcc_8_p10,0.007312956266105175,7,0
mfcc_15_p90,0.006788603961467743,7,0
mfcc_delta_9_p90,0.00675602164119482,7,0
dominant_frequency_ratio,0.00647868262603879,7,0
contrast_1_mean,0.006428288295865059,7,0
contrast_3_std,0.006366895046085119,7,0
mfcc_18_p10,0.006267983000725508,7,0
mfcc_15_mean,0.006235434673726559,7,0
mfcc_delta_6_std,0.00622197799384594,7,0
zero_crossing_rate_std,0.006204796023666859,7,0
spectral_entropy_p10,0.0061827292665839195,7,0
rms_std,0.0060012019239366055,7,0
mfcc_13_mean,0.005921969655901194,7,0
mfcc_14_p90,0.005638682749122381,7,0
mfcc_2_mean,0.00546768493950367,7,0
mfcc_2_p90,0.005088408477604389,7,0
flatness_p10,0.0050476607866585255,7,0
spectral_entropy_mean,0.005014616996049881,7,0
rms_p10,0.004680213984102011,7,0
mfcc_7_std,0.004659129306674004,7,0
spectral_entropy_std,0.004572365432977676,7,0
mfcc_3_p10,0.004435903392732143,7,0
flatness_p90,0.004432995803654194,7,0
mfcc_6_p90,0.004360565450042486,7,0
mfcc_13_p90,0.004286689683794975,7,0
rms_p90,0.004237726796418428,7,0
mfcc_7_p90,0.004234736785292625,7,0
mfcc_delta_15_std,0.004170592408627272,7,0
mfcc_0_p10,0.004117749165743589,7,0
flatness_mean,0.004114547744393349,7,0
flatness_std,0.003953662700951099,7,0
contrast_2_p90,0.08047910034656525,7,1
mfcc_15_std,0.07928082346916199,7,1
mfcc_14_std,0.030665671452879906,7,1
dominant_frequency,0.02802285924553871,7,1
contrast_2_std,0.027486126869916916,7,1
contrast_4_p90,0.024325750768184662,7,1
contrast_3_mean,0.02094706892967224,7,1
mfcc_delta_8_p90,0.02094222977757454,7,1
contrast_2_mean,0.018765047192573547,7,1
mfcc_delta_8_p10,0.01873447559773922,7,1
mfcc_delta_6_p90,0.016908777877688408,7,1
mfcc_delta_7_p10,0.016426561400294304,7,1
contrast_3_p10,0.015259861946105957,7,1
mfcc_delta_6_p10,0.013429750688374043,7,1
mfcc_19_std,0.012148651294410229,7,1
mfcc_16_std,0.010825292207300663,7,1
contrast_1_std,0.010736484080553055,7,1
mfcc_13_std,0.009959441609680653,7,1
contrast_5_mean,0.008343730121850967,7,1
spectral_entropy_mean,0.00781332328915596,7,1
contrast_4_std,0.007761123590171337,7,1
mfcc_14_p10,0.007691327482461929,7,1
rms_std,0.007594650611281395,7,1
contrast_3_p90,0.007482600398361683,7,1
mfcc_delta_7_p90,0.007323311176151037,7,1
mfcc_2_mean,0.006964080035686493,7,1
mfcc_13_p10,0.0069634150713682175,7,1
flatness_p90,0.006944942753762007,7,1
mfcc_9_std,0.0067853135988116264,7,1
mfcc_8_std,0.006686970125883818,7,1
rms_p10,0.00636653508991003,7,1
mfcc_15_p90,0.00624024448916316,7,1
mfcc_delta_1_std,0.006123376078903675,7,1
mfcc_delta_0_p10,0.006104199215769768,7,1
flatness_p10,0.005798280239105225,7,1
rolloff85_mean,0.005517786368727684,7,1
contrast_1_mean,0.005177163984626532,7,1
mfcc_16_p10,0.005171158816665411,7,1
mfcc_delta_9_p90,0.0049206712283194065,7,1
contrast_3_std,0.004714428447186947,7,1
mfcc_delta_5_p10,0.004699381999671459,7,1
mfcc_delta_1_p10,0.004635615274310112,7,1
mfcc_9_p90,0.004593335557729006,7,1
mfcc_8_p10,0.004485931247472763,7,1
mfcc_delta_9_p10,0.004455230198800564,7,1
mfcc_2_p90,0.004429504740983248,7,1
flatness_mean,0.004406958818435669,7,1
dominant_frequency_ratio,0.004391118418425322,7,1
mfcc_delta_0_std,0.004299886990338564,7,1
rolloff85_p10,0.004232063423842192,7,1
mfcc_1_mean,0.004193567205220461,7,1
contrast_0_p10,0.0041242376901209354,7,1
mfcc_delta_19_p10,0.004059934988617897,7,1
zero_crossing_rate_std,0.004046787973493338,7,1
mfcc_1_p90,0.004020115826278925,7,1
centroid_p10,0.003976973704993725,7,1
mfcc_delta_6_std,0.003968904726207256,7,1
rms_p90,0.003934858832508326,7,1
mfcc_0_p10,0.003873467678204179,7,1
zero_crossing_rate_mean,0.0038657740224152803,7,1
contrast_2_p90,0.0841289833188057,7,2
mfcc_15_std,0.03793487697839737,7,2
contrast_3_mean,0.036123648285865784,7,2
mfcc_14_std,0.035545192658901215,7,2
dominant_frequency,0.03143913671374321,7,2
mfcc_7_std,0.026533663272857666,7,2
contrast_4_p90,0.022638825699687004,7,2
contrast_4_mean,0.02092158980667591,7,2
zero_crossing_rate_p90,0.01918313093483448,7,2
contrast_2_mean,0.01795203797519207,7,2
mfcc_8_std,0.016916120424866676,7,2
rms_p10,0.016076333820819855,7,2
mfcc_13_std,0.01572822965681553,7,2
contrast_3_p90,0.013242224231362343,7,2
zero_crossing_rate_p10,0.012652220204472542,7,2
contrast_2_std,0.012524557299911976,7,2
mfcc_delta_8_p90,0.010977216996252537,7,2
mfcc_9_std,0.010709933005273342,7,2
flatness_std,0.008605239912867546,7,2
flatness_p10,0.00859262328594923,7,2
mfcc_5_std,0.007976587861776352,7,2
contrast_3_p10,0.0077773770317435265,7,2
rms_std,0.007535126060247421,7,2
mfcc_delta_8_p10,0.007383542135357857,7,2
mfcc_delta_6_p90,0.007061831187456846,7,2
zero_crossing_rate_std,0.00686256680637598,7,2
mfcc_5_p10,0.006750304251909256,7,2
mfcc_delta_14_std,0.006673833355307579,7,2
mfcc_delta_14_p90,0.0066160764545202255,7,2
mfcc_1_p90,0.006588651333004236,7,2
rms_p90,0.006557570770382881,7,2
contrast_1_std,0.006184825208038092,7,2
spectral_entropy_p10,0.006119472905993462,7,2
mfcc_8_p10,0.0061010983772575855,7,2
rms_mean,0.005990372970700264,7,2
mfcc_15_p90,0.005635218694806099,7,2
contrast_3_std,0.005581324454396963,7,2
mfcc_19_p90,0.005498812533915043,7,2
spectral_entropy_mean,0.005482261534780264,7,2
mfcc_1_p10,0.005297439638525248,7,2
mfcc_16_p90,0.005251955706626177,7,2
centroid_p90,0.005173449870198965,7,2
mfcc_delta_4_p10,0.005149816162884235,7,2
contrast_4_std,0.0051481048576533794,7,2
centroid_std,0.0050637912936508656,7,2
mfcc_delta_8_std,0.004920791368931532,7,2
mfcc_8_p90,0.00490807369351387,7,2
rolloff85_mean,0.004907888360321522,7,2
mfcc_11_p10,0.004684383515268564,7,2
mfcc_delta_0_std,0.004684020299464464,7,2
flatness_mean,0.0046110679395496845,7,2
mfcc_delta_14_p10,0.004523365758359432,7,2
mfcc_13_p10,0.004508348647505045,7,2
mfcc_14_p10,0.00449132127687335,7,2
mfcc_delta_3_p10,0.004475592169910669,7,2
mfcc_13_mean,0.004327534232288599,7,2
mfcc_9_p10,0.004291375633329153,7,2
mfcc_13_p90,0.004232935607433319,7,2
mfcc_delta_3_std,0.004202968906611204,7,2
mfcc_delta_0_p10,0.004186124075204134,7,2
contrast_2_p90,0.07935153692960739,7,3
mfcc_15_std,0.06484171003103256,7,3
zero_crossing_rate_std,0.05055195465683937,7,3
mfcc_14_std,0.04641268774867058,7,3
contrast_3_mean,0.03311615809798241,7,3
mfcc_13_std,0.028198709711432457,7,3
rms_p10,0.024117887020111084,7,3
contrast_2_std,0.023897619917988777,7,3
contrast_4_p90,0.023047056049108505,7,3
contrast_3_p10,0.019287876784801483,7,3
mfcc_16_std,0.013436149805784225,7,3
dominant_frequency,0.01234037708491087,7,3
contrast_3_p90,0.010921831242740154,7,3
rms_mean,0.010921770706772804,7,3
mfcc_19_std,0.01057811826467514,7,3
flatness_p10,0.009861688129603863,7,3
mfcc_14_p90,0.009119593538343906,7,3
mfcc_13_p10,0.009068905375897884,7,3
mfcc_14_p10,0.008925944566726685,7,3
rms_p90,0.0087670823559165,7,3
mfcc_7_std,0.008575855754315853,7,3
dominant_frequency_ratio,0.008406303822994232,7,3
flatness_mean,0.007752591744065285,7,3
contrast_5_p10,0.007737849373370409,7,3
zero_crossing_rate_mean,0.007672241888940334,7,3
mfcc_15_p90,0.007543621119111776,7,3
mfcc_8_std,0.007280447985976934,7,3
contrast_2_mean,0.007206922397017479,7,3
mfcc_8_p10,0.007176022510975599,7,3
contrast_5_mean,0.007029175292700529,7,3
flatness_p90,0.0067456006072461605,7,3
rolloff85_mean,0.006687397137284279,7,3
zero_crossing_rate_p90,0.006179727613925934,7,3
mfcc_5_mean,0.00600655609741807,7,3
mfcc_2_mean,0.0058939228765666485,7,3
mfcc_delta_0_std,0.005727976094931364,7,3
mfcc_delta_1_std,0.005383299198001623,7,3
flatness_std,0.0053430404514074326,7,3
mfcc_9_std,0.0052813077345490456,7,3
mfcc_0_p10,0.0052223363891243935,7,3
zero_crossing_rate_p10,0.005189455579966307,7,3
contrast_4_mean,0.005096711218357086,7,3
mfcc_delta_0_p90,0.005001371260732412,7,3
mfcc_2_p90,0.0047982134856283665,7,3
mfcc_delta_14_std,0.004756173584610224,7,3
mfcc_7_p90,0.004754029680043459,7,3
mfcc_16_p90,0.004679263103753328,7,3
mfcc_3_p10,0.004649341572076082,7,3
spectral_entropy_mean,0.0045701744966208935,7,3
mfcc_15_p10,0.004475606605410576,7,3
spectral_entropy_p90,0.004448712337762117,7,3
mfcc_3_mean,0.004405278712511063,7,3
mfcc_13_mean,0.004402300342917442,7,3
mfcc_delta_0_p10,0.004256869666278362,7,3
mfcc_delta_1_p90,0.004232398699969053,7,3
mfcc_delta_1_p10,0.004232026170939207,7,3
rms_std,0.004226513672620058,7,3
rolloff85_p10,0.004102419596165419,7,3
mfcc_2_p10,0.004082199651747942,7,3
bandwidth_p90,0.0040800804272294044,7,3
contrast_2_std,0.056598931550979614,7,4
mfcc_15_std,0.056486576795578,7,4
mfcc_14_std,0.04524628072977066,7,4
contrast_2_p90,0.027759168297052383,7,4
mfcc_9_std,0.023381957784295082,7,4
flatness_p10,0.022064872086048126,7,4
mfcc_16_std,0.016742978245019913,7,4
contrast_1_std,0.01597467064857483,7,4
rms_p10,0.015969717875123024,7,4
mfcc_8_std,0.01560902874916792,7,4
dominant_frequency,0.014018828980624676,7,4
mfcc_19_std,0.013719305396080017,7,4
flatness_mean,0.013293023221194744,7,4
zero_crossing_rate_p10,0.011868574656546116,7,4
contrast_5_p10,0.011811187490820885,7,4
contrast_3_mean,0.010880538262426853,7,4
mfcc_13_std,0.01087872963398695,7,4
mfcc_13_p10,0.010443172417581081,7,4
contrast_5_p90,0.010359208099544048,7,4
flatness_p90,0.01019312720745802,7,4
zero_crossing_rate_mean,0.009847759269177914,7,4
contrast_4_p10,0.009761780500411987,7,4
contrast_3_p90,0.009467191994190216,7,4
mfcc_14_p10,0.009415256790816784,7,4
mfcc_13_p90,0.009367979131639004,7,4
flatness_std,0.00853867456316948,7,4
rms_std,0.008091268129646778,7,4
mfcc_1_mean,0.007639888674020767,7,4
mfcc_7_p90,0.007591393310576677,7,4
mfcc_0_mean,0.007230798248201609,7,4
bandwidth_p10,0.007158620283007622,7,4
mfcc_13_mean,0.007020151242613792,7,4
mfcc_16_p90,0.0068405806086957455,7,4
mfcc_delta_8_std,0.006781547795981169,7,4
dominant_frequency_ratio,0.006637057289481163,7,4
mfcc_14_p90,0.006547202356159687,7,4
zero_crossing_rate_std,0.006450270768254995,7,4
contrast_3_std,0.006272312719374895,7,4
mfcc_15_p10,0.0062711602076888084,7,4
spectral_entropy_p90,0.006200937554240227,7,4
mfcc_0_p10,0.0060731759294867516,7,4
contrast_5_mean,0.006050654221326113,7,4
mfcc_15_mean,0.006005893927067518,7,4
rms_p90,0.005815605167299509,7,4
bandwidth_p90,0.005633751396089792,7,4
spectral_entropy_mean,0.005617041606456041,7,4
mfcc_1_p10,0.005529939662665129,7,4
contrast_2_mean,0.005510636605322361,7,4
zero_crossing_rate_p90,0.005484208930283785,7,4
rms_mean,0.005466577596962452,7,4
contrast_4_mean,0.005336294881999493,7,4
mfcc_7_std,0.005138068925589323,7,4
mfcc_8_mean,0.005086745601147413,7,4
centroid_mean,0.005031695123761892,7,4
mfcc_delta_0_p90,0.005025788675993681,7,4
mfcc_2_p90,0.005021767690777779,7,4
mfcc_5_p10,0.005009419284760952,7,4
mfcc_delta_0_p10,0.00499841058626771,7,4
rolloff85_mean,0.004574906546622515,7,4
mfcc_15_p90,0.004533588886260986,7,4
contrast_2_p90,0.0716823935508728,8,0
mfcc_15_std,0.05230017006397247,8,0
dominant_frequency,0.032814741134643555,8,0
mfcc_14_std,0.03194541111588478,8,0
contrast_3_mean,0.02284003421664238,8,0
contrast_4_p90,0.022720444947481155,8,0
contrast_2_std,0.022507168352603912,8,0
mfcc_delta_7_p10,0.021697448566555977,8,0
contrast_2_mean,0.019283920526504517,8,0
mfcc_delta_6_p90,0.017957473173737526,8,0
mfcc_delta_8_p10,0.017704257741570473,8,0
mfcc_16_std,0.015251217409968376,8,0
mfcc_delta_6_p10,0.013838984072208405,8,0
mfcc_delta_8_p90,0.013347717002034187,8,0
contrast_3_p10,0.013021296821534634,8,0
contrast_1_std,0.012756166979670525,8,0
mfcc_9_std,0.011526817455887794,8,0
contrast_3_p90,0.011403880082070827,8,0
mfcc_14_p10,0.011359157972037792,8,0
mfcc_delta_9_p10,0.010912270285189152,8,0
contrast_5_mean,0.010174132883548737,8,0
mfcc_18_std,0.009991766884922981,8,0
contrast_4_std,0.00979646760970354,8,0
mfcc_13_std,0.009568190202116966,8,0
mfcc_19_std,0.009263426996767521,8,0
mfcc_delta_7_p90,0.009023521095514297,8,0
mfcc_13_p10,0.00857002753764391,8,0
mfcc_delta_5_p10,0.008488178253173828,8,0
mfcc_8_std,0.007600095123052597,8,0
mfcc_8_p10,0.007312956266105175,8,0
mfcc_15_p90,0.006788603961467743,8,0
mfcc_delta_9_p90,0.00675602164119482,8,0
dominant_frequency_ratio,0.00647868262603879,8,0
contrast_1_mean,0.006428288295865059,8,0
contrast_3_std,0.006366895046085119,8,0
mfcc_18_p10,0.006267983000725508,8,0
mfcc_15_mean,0.006235434673726559,8,0
mfcc_delta_6_std,0.00622197799384594,8,0
zero_crossing_rate_std,0.006204796023666859,8,0
spectral_entropy_p10,0.0061827292665839195,8,0
rms_std,0.0060012019239366055,8,0
mfcc_13_mean,0.005921969655901194,8,0
mfcc_14_p90,0.005638682749122381,8,0
mfcc_2_mean,0.00546768493950367,8,0
mfcc_2_p90,0.005088408477604389,8,0
flatness_p10,0.0050476607866585255,8,0
spectral_entropy_mean,0.005014616996049881,8,0
rms_p10,0.004680213984102011,8,0
mfcc_7_std,0.004659129306674004,8,0
spectral_entropy_std,0.004572365432977676,8,0
mfcc_3_p10,0.004435903392732143,8,0
flatness_p90,0.004432995803654194,8,0
mfcc_6_p90,0.004360565450042486,8,0
mfcc_13_p90,0.004286689683794975,8,0
rms_p90,0.004237726796418428,8,0
mfcc_7_p90,0.004234736785292625,8,0
mfcc_delta_15_std,0.004170592408627272,8,0
mfcc_0_p10,0.004117749165743589,8,0
flatness_mean,0.004114547744393349,8,0
flatness_std,0.003953662700951099,8,0
contrast_2_p90,0.08047910034656525,8,1
mfcc_15_std,0.07928082346916199,8,1
mfcc_14_std,0.030665671452879906,8,1
dominant_frequency,0.02802285924553871,8,1
contrast_2_std,0.027486126869916916,8,1
contrast_4_p90,0.024325750768184662,8,1
contrast_3_mean,0.02094706892967224,8,1
mfcc_delta_8_p90,0.02094222977757454,8,1
contrast_2_mean,0.018765047192573547,8,1
mfcc_delta_8_p10,0.01873447559773922,8,1
mfcc_delta_6_p90,0.016908777877688408,8,1
mfcc_delta_7_p10,0.016426561400294304,8,1
contrast_3_p10,0.015259861946105957,8,1
mfcc_delta_6_p10,0.013429750688374043,8,1
mfcc_19_std,0.012148651294410229,8,1
mfcc_16_std,0.010825292207300663,8,1
contrast_1_std,0.010736484080553055,8,1
mfcc_13_std,0.009959441609680653,8,1
contrast_5_mean,0.008343730121850967,8,1
spectral_entropy_mean,0.00781332328915596,8,1
contrast_4_std,0.007761123590171337,8,1
mfcc_14_p10,0.007691327482461929,8,1
rms_std,0.007594650611281395,8,1
contrast_3_p90,0.007482600398361683,8,1
mfcc_delta_7_p90,0.007323311176151037,8,1
mfcc_2_mean,0.006964080035686493,8,1
mfcc_13_p10,0.0069634150713682175,8,1
flatness_p90,0.006944942753762007,8,1
mfcc_9_std,0.0067853135988116264,8,1
mfcc_8_std,0.006686970125883818,8,1
rms_p10,0.00636653508991003,8,1
mfcc_15_p90,0.00624024448916316,8,1
mfcc_delta_1_std,0.006123376078903675,8,1
mfcc_delta_0_p10,0.006104199215769768,8,1
flatness_p10,0.005798280239105225,8,1
rolloff85_mean,0.005517786368727684,8,1
contrast_1_mean,0.005177163984626532,8,1
mfcc_16_p10,0.005171158816665411,8,1
mfcc_delta_9_p90,0.0049206712283194065,8,1
contrast_3_std,0.004714428447186947,8,1
mfcc_delta_5_p10,0.004699381999671459,8,1
mfcc_delta_1_p10,0.004635615274310112,8,1
mfcc_9_p90,0.004593335557729006,8,1
mfcc_8_p10,0.004485931247472763,8,1
mfcc_delta_9_p10,0.004455230198800564,8,1
mfcc_2_p90,0.004429504740983248,8,1
flatness_mean,0.004406958818435669,8,1
dominant_frequency_ratio,0.004391118418425322,8,1
mfcc_delta_0_std,0.004299886990338564,8,1
rolloff85_p10,0.004232063423842192,8,1
mfcc_1_mean,0.004193567205220461,8,1
contrast_0_p10,0.0041242376901209354,8,1
mfcc_delta_19_p10,0.004059934988617897,8,1
zero_crossing_rate_std,0.004046787973493338,8,1
mfcc_1_p90,0.004020115826278925,8,1
centroid_p10,0.003976973704993725,8,1
mfcc_delta_6_std,0.003968904726207256,8,1
rms_p90,0.003934858832508326,8,1
mfcc_0_p10,0.003873467678204179,8,1
zero_crossing_rate_mean,0.0038657740224152803,8,1
contrast_2_p90,0.0841289833188057,8,2
mfcc_15_std,0.03793487697839737,8,2
contrast_3_mean,0.036123648285865784,8,2
mfcc_14_std,0.035545192658901215,8,2
dominant_frequency,0.03143913671374321,8,2
mfcc_7_std,0.026533663272857666,8,2
contrast_4_p90,0.022638825699687004,8,2
contrast_4_mean,0.02092158980667591,8,2
zero_crossing_rate_p90,0.01918313093483448,8,2
contrast_2_mean,0.01795203797519207,8,2
mfcc_8_std,0.016916120424866676,8,2
rms_p10,0.016076333820819855,8,2
mfcc_13_std,0.01572822965681553,8,2
contrast_3_p90,0.013242224231362343,8,2
zero_crossing_rate_p10,0.012652220204472542,8,2
contrast_2_std,0.012524557299911976,8,2
mfcc_delta_8_p90,0.010977216996252537,8,2
mfcc_9_std,0.010709933005273342,8,2
flatness_std,0.008605239912867546,8,2
flatness_p10,0.00859262328594923,8,2
mfcc_5_std,0.007976587861776352,8,2
contrast_3_p10,0.0077773770317435265,8,2
rms_std,0.007535126060247421,8,2
mfcc_delta_8_p10,0.007383542135357857,8,2
mfcc_delta_6_p90,0.007061831187456846,8,2
zero_crossing_rate_std,0.00686256680637598,8,2
mfcc_5_p10,0.006750304251909256,8,2
mfcc_delta_14_std,0.006673833355307579,8,2
mfcc_delta_14_p90,0.0066160764545202255,8,2
mfcc_1_p90,0.006588651333004236,8,2
rms_p90,0.006557570770382881,8,2
contrast_1_std,0.006184825208038092,8,2
spectral_entropy_p10,0.006119472905993462,8,2
mfcc_8_p10,0.0061010983772575855,8,2
rms_mean,0.005990372970700264,8,2
mfcc_15_p90,0.005635218694806099,8,2
contrast_3_std,0.005581324454396963,8,2
mfcc_19_p90,0.005498812533915043,8,2
spectral_entropy_mean,0.005482261534780264,8,2
mfcc_1_p10,0.005297439638525248,8,2
mfcc_16_p90,0.005251955706626177,8,2
centroid_p90,0.005173449870198965,8,2
mfcc_delta_4_p10,0.005149816162884235,8,2
contrast_4_std,0.0051481048576533794,8,2
centroid_std,0.0050637912936508656,8,2
mfcc_delta_8_std,0.004920791368931532,8,2
mfcc_8_p90,0.00490807369351387,8,2
rolloff85_mean,0.004907888360321522,8,2
mfcc_11_p10,0.004684383515268564,8,2
mfcc_delta_0_std,0.004684020299464464,8,2
flatness_mean,0.0046110679395496845,8,2
mfcc_delta_14_p10,0.004523365758359432,8,2
mfcc_13_p10,0.004508348647505045,8,2
mfcc_14_p10,0.00449132127687335,8,2
mfcc_delta_3_p10,0.004475592169910669,8,2
mfcc_13_mean,0.004327534232288599,8,2
mfcc_9_p10,0.004291375633329153,8,2
mfcc_13_p90,0.004232935607433319,8,2
mfcc_delta_3_std,0.004202968906611204,8,2
mfcc_delta_0_p10,0.004186124075204134,8,2
contrast_2_p90,0.07935153692960739,8,3
mfcc_15_std,0.06484171003103256,8,3
zero_crossing_rate_std,0.05055195465683937,8,3
mfcc_14_std,0.04641268774867058,8,3
contrast_3_mean,0.03311615809798241,8,3
mfcc_13_std,0.028198709711432457,8,3
rms_p10,0.024117887020111084,8,3
contrast_2_std,0.023897619917988777,8,3
contrast_4_p90,0.023047056049108505,8,3
contrast_3_p10,0.019287876784801483,8,3
mfcc_16_std,0.013436149805784225,8,3
dominant_frequency,0.01234037708491087,8,3
contrast_3_p90,0.010921831242740154,8,3
rms_mean,0.010921770706772804,8,3
mfcc_19_std,0.01057811826467514,8,3
flatness_p10,0.009861688129603863,8,3
mfcc_14_p90,0.009119593538343906,8,3
mfcc_13_p10,0.009068905375897884,8,3
mfcc_14_p10,0.008925944566726685,8,3
rms_p90,0.0087670823559165,8,3
mfcc_7_std,0.008575855754315853,8,3
dominant_frequency_ratio,0.008406303822994232,8,3
flatness_mean,0.007752591744065285,8,3
contrast_5_p10,0.007737849373370409,8,3
zero_crossing_rate_mean,0.007672241888940334,8,3
mfcc_15_p90,0.007543621119111776,8,3
mfcc_8_std,0.007280447985976934,8,3
contrast_2_mean,0.007206922397017479,8,3
mfcc_8_p10,0.007176022510975599,8,3
contrast_5_mean,0.007029175292700529,8,3
flatness_p90,0.0067456006072461605,8,3
rolloff85_mean,0.006687397137284279,8,3
zero_crossing_rate_p90,0.006179727613925934,8,3
mfcc_5_mean,0.00600655609741807,8,3
mfcc_2_mean,0.0058939228765666485,8,3
mfcc_delta_0_std,0.005727976094931364,8,3
mfcc_delta_1_std,0.005383299198001623,8,3
flatness_std,0.0053430404514074326,8,3
mfcc_9_std,0.0052813077345490456,8,3
mfcc_0_p10,0.0052223363891243935,8,3
zero_crossing_rate_p10,0.005189455579966307,8,3
contrast_4_mean,0.005096711218357086,8,3
mfcc_delta_0_p90,0.005001371260732412,8,3
mfcc_2_p90,0.0047982134856283665,8,3
mfcc_delta_14_std,0.004756173584610224,8,3
mfcc_7_p90,0.004754029680043459,8,3
mfcc_16_p90,0.004679263103753328,8,3
mfcc_3_p10,0.004649341572076082,8,3
spectral_entropy_mean,0.0045701744966208935,8,3
mfcc_15_p10,0.004475606605410576,8,3
spectral_entropy_p90,0.004448712337762117,8,3
mfcc_3_mean,0.004405278712511063,8,3
mfcc_13_mean,0.004402300342917442,8,3
mfcc_delta_0_p10,0.004256869666278362,8,3
mfcc_delta_1_p90,0.004232398699969053,8,3
mfcc_delta_1_p10,0.004232026170939207,8,3
rms_std,0.004226513672620058,8,3
rolloff85_p10,0.004102419596165419,8,3
mfcc_2_p10,0.004082199651747942,8,3
bandwidth_p90,0.0040800804272294044,8,3
contrast_2_std,0.056598931550979614,8,4
mfcc_15_std,0.056486576795578,8,4
mfcc_14_std,0.04524628072977066,8,4
contrast_2_p90,0.027759168297052383,8,4
mfcc_9_std,0.023381957784295082,8,4
flatness_p10,0.022064872086048126,8,4
mfcc_16_std,0.016742978245019913,8,4
contrast_1_std,0.01597467064857483,8,4
rms_p10,0.015969717875123024,8,4
mfcc_8_std,0.01560902874916792,8,4
dominant_frequency,0.014018828980624676,8,4
mfcc_19_std,0.013719305396080017,8,4
flatness_mean,0.013293023221194744,8,4
zero_crossing_rate_p10,0.011868574656546116,8,4
contrast_5_p10,0.011811187490820885,8,4
contrast_3_mean,0.010880538262426853,8,4
mfcc_13_std,0.01087872963398695,8,4
mfcc_13_p10,0.010443172417581081,8,4
contrast_5_p90,0.010359208099544048,8,4
flatness_p90,0.01019312720745802,8,4
zero_crossing_rate_mean,0.009847759269177914,8,4
contrast_4_p10,0.009761780500411987,8,4
contrast_3_p90,0.009467191994190216,8,4
mfcc_14_p10,0.009415256790816784,8,4
mfcc_13_p90,0.009367979131639004,8,4
flatness_std,0.00853867456316948,8,4
rms_std,0.008091268129646778,8,4
mfcc_1_mean,0.007639888674020767,8,4
mfcc_7_p90,0.007591393310576677,8,4
mfcc_0_mean,0.007230798248201609,8,4
bandwidth_p10,0.007158620283007622,8,4
mfcc_13_mean,0.007020151242613792,8,4
mfcc_16_p90,0.0068405806086957455,8,4
mfcc_delta_8_std,0.006781547795981169,8,4
dominant_frequency_ratio,0.006637057289481163,8,4
mfcc_14_p90,0.006547202356159687,8,4
zero_crossing_rate_std,0.006450270768254995,8,4
contrast_3_std,0.006272312719374895,8,4
mfcc_15_p10,0.0062711602076888084,8,4
spectral_entropy_p90,0.006200937554240227,8,4
mfcc_0_p10,0.0060731759294867516,8,4
contrast_5_mean,0.006050654221326113,8,4
mfcc_15_mean,0.006005893927067518,8,4
rms_p90,0.005815605167299509,8,4
bandwidth_p90,0.005633751396089792,8,4
spectral_entropy_mean,0.005617041606456041,8,4
mfcc_1_p10,0.005529939662665129,8,4
contrast_2_mean,0.005510636605322361,8,4
zero_crossing_rate_p90,0.005484208930283785,8,4
rms_mean,0.005466577596962452,8,4
contrast_4_mean,0.005336294881999493,8,4
mfcc_7_std,0.005138068925589323,8,4
mfcc_8_mean,0.005086745601147413,8,4
centroid_mean,0.005031695123761892,8,4
mfcc_delta_0_p90,0.005025788675993681,8,4
mfcc_2_p90,0.005021767690777779,8,4
mfcc_5_p10,0.005009419284760952,8,4
mfcc_delta_0_p10,0.00499841058626771,8,4
rolloff85_mean,0.004574906546622515,8,4
mfcc_15_p90,0.004533588886260986,8,4
contrast_2_p90,0.0716823935508728,9,0
mfcc_15_std,0.05230017006397247,9,0
dominant_frequency,0.032814741134643555,9,0
mfcc_14_std,0.03194541111588478,9,0
contrast_3_mean,0.02284003421664238,9,0
contrast_4_p90,0.022720444947481155,9,0
contrast_2_std,0.022507168352603912,9,0
mfcc_delta_7_p10,0.021697448566555977,9,0
contrast_2_mean,0.019283920526504517,9,0
mfcc_delta_6_p90,0.017957473173737526,9,0
mfcc_delta_8_p10,0.017704257741570473,9,0
mfcc_16_std,0.015251217409968376,9,0
mfcc_delta_6_p10,0.013838984072208405,9,0
mfcc_delta_8_p90,0.013347717002034187,9,0
contrast_3_p10,0.013021296821534634,9,0
contrast_1_std,0.012756166979670525,9,0
mfcc_9_std,0.011526817455887794,9,0
contrast_3_p90,0.011403880082070827,9,0
mfcc_14_p10,0.011359157972037792,9,0
mfcc_delta_9_p10,0.010912270285189152,9,0
contrast_5_mean,0.010174132883548737,9,0
mfcc_18_std,0.009991766884922981,9,0
contrast_4_std,0.00979646760970354,9,0
mfcc_13_std,0.009568190202116966,9,0
mfcc_19_std,0.009263426996767521,9,0
mfcc_delta_7_p90,0.009023521095514297,9,0
mfcc_13_p10,0.00857002753764391,9,0
mfcc_delta_5_p10,0.008488178253173828,9,0
mfcc_8_std,0.007600095123052597,9,0
mfcc_8_p10,0.007312956266105175,9,0
mfcc_15_p90,0.006788603961467743,9,0
mfcc_delta_9_p90,0.00675602164119482,9,0
dominant_frequency_ratio,0.00647868262603879,9,0
contrast_1_mean,0.006428288295865059,9,0
contrast_3_std,0.006366895046085119,9,0
mfcc_18_p10,0.006267983000725508,9,0
mfcc_15_mean,0.006235434673726559,9,0
mfcc_delta_6_std,0.00622197799384594,9,0
zero_crossing_rate_std,0.006204796023666859,9,0
spectral_entropy_p10,0.0061827292665839195,9,0
rms_std,0.0060012019239366055,9,0
mfcc_13_mean,0.005921969655901194,9,0
mfcc_14_p90,0.005638682749122381,9,0
mfcc_2_mean,0.00546768493950367,9,0
mfcc_2_p90,0.005088408477604389,9,0
flatness_p10,0.0050476607866585255,9,0
spectral_entropy_mean,0.005014616996049881,9,0
rms_p10,0.004680213984102011,9,0
mfcc_7_std,0.004659129306674004,9,0
spectral_entropy_std,0.004572365432977676,9,0
mfcc_3_p10,0.004435903392732143,9,0
flatness_p90,0.004432995803654194,9,0
mfcc_6_p90,0.004360565450042486,9,0
mfcc_13_p90,0.004286689683794975,9,0
rms_p90,0.004237726796418428,9,0
mfcc_7_p90,0.004234736785292625,9,0
mfcc_delta_15_std,0.004170592408627272,9,0
mfcc_0_p10,0.004117749165743589,9,0
flatness_mean,0.004114547744393349,9,0
flatness_std,0.003953662700951099,9,0
contrast_2_p90,0.08047910034656525,9,1
mfcc_15_std,0.07928082346916199,9,1
mfcc_14_std,0.030665671452879906,9,1
dominant_frequency,0.02802285924553871,9,1
contrast_2_std,0.027486126869916916,9,1
contrast_4_p90,0.024325750768184662,9,1
contrast_3_mean,0.02094706892967224,9,1
mfcc_delta_8_p90,0.02094222977757454,9,1
contrast_2_mean,0.018765047192573547,9,1
mfcc_delta_8_p10,0.01873447559773922,9,1
mfcc_delta_6_p90,0.016908777877688408,9,1
mfcc_delta_7_p10,0.016426561400294304,9,1
contrast_3_p10,0.015259861946105957,9,1
mfcc_delta_6_p10,0.013429750688374043,9,1
mfcc_19_std,0.012148651294410229,9,1
mfcc_16_std,0.010825292207300663,9,1
contrast_1_std,0.010736484080553055,9,1
mfcc_13_std,0.009959441609680653,9,1
contrast_5_mean,0.008343730121850967,9,1
spectral_entropy_mean,0.00781332328915596,9,1
contrast_4_std,0.007761123590171337,9,1
mfcc_14_p10,0.007691327482461929,9,1
rms_std,0.007594650611281395,9,1
contrast_3_p90,0.007482600398361683,9,1
mfcc_delta_7_p90,0.007323311176151037,9,1
mfcc_2_mean,0.006964080035686493,9,1
mfcc_13_p10,0.0069634150713682175,9,1
flatness_p90,0.006944942753762007,9,1
mfcc_9_std,0.0067853135988116264,9,1
mfcc_8_std,0.006686970125883818,9,1
rms_p10,0.00636653508991003,9,1
mfcc_15_p90,0.00624024448916316,9,1
mfcc_delta_1_std,0.006123376078903675,9,1
mfcc_delta_0_p10,0.006104199215769768,9,1
flatness_p10,0.005798280239105225,9,1
rolloff85_mean,0.005517786368727684,9,1
contrast_1_mean,0.005177163984626532,9,1
mfcc_16_p10,0.005171158816665411,9,1
mfcc_delta_9_p90,0.0049206712283194065,9,1
contrast_3_std,0.004714428447186947,9,1
mfcc_delta_5_p10,0.004699381999671459,9,1
mfcc_delta_1_p10,0.004635615274310112,9,1
mfcc_9_p90,0.004593335557729006,9,1
mfcc_8_p10,0.004485931247472763,9,1
mfcc_delta_9_p10,0.004455230198800564,9,1
mfcc_2_p90,0.004429504740983248,9,1
flatness_mean,0.004406958818435669,9,1
dominant_frequency_ratio,0.004391118418425322,9,1
mfcc_delta_0_std,0.004299886990338564,9,1
rolloff85_p10,0.004232063423842192,9,1
mfcc_1_mean,0.004193567205220461,9,1
contrast_0_p10,0.0041242376901209354,9,1
mfcc_delta_19_p10,0.004059934988617897,9,1
zero_crossing_rate_std,0.004046787973493338,9,1
mfcc_1_p90,0.004020115826278925,9,1
centroid_p10,0.003976973704993725,9,1
mfcc_delta_6_std,0.003968904726207256,9,1
rms_p90,0.003934858832508326,9,1
mfcc_0_p10,0.003873467678204179,9,1
zero_crossing_rate_mean,0.0038657740224152803,9,1
contrast_2_p90,0.0841289833188057,9,2
mfcc_15_std,0.03793487697839737,9,2
contrast_3_mean,0.036123648285865784,9,2
mfcc_14_std,0.035545192658901215,9,2
dominant_frequency,0.03143913671374321,9,2
mfcc_7_std,0.026533663272857666,9,2
contrast_4_p90,0.022638825699687004,9,2
contrast_4_mean,0.02092158980667591,9,2
zero_crossing_rate_p90,0.01918313093483448,9,2
contrast_2_mean,0.01795203797519207,9,2
mfcc_8_std,0.016916120424866676,9,2
rms_p10,0.016076333820819855,9,2
mfcc_13_std,0.01572822965681553,9,2
contrast_3_p90,0.013242224231362343,9,2
zero_crossing_rate_p10,0.012652220204472542,9,2
contrast_2_std,0.012524557299911976,9,2
mfcc_delta_8_p90,0.010977216996252537,9,2
mfcc_9_std,0.010709933005273342,9,2
flatness_std,0.008605239912867546,9,2
flatness_p10,0.00859262328594923,9,2
mfcc_5_std,0.007976587861776352,9,2
contrast_3_p10,0.0077773770317435265,9,2
rms_std,0.007535126060247421,9,2
mfcc_delta_8_p10,0.007383542135357857,9,2
mfcc_delta_6_p90,0.007061831187456846,9,2
zero_crossing_rate_std,0.00686256680637598,9,2
mfcc_5_p10,0.006750304251909256,9,2
mfcc_delta_14_std,0.006673833355307579,9,2
mfcc_delta_14_p90,0.0066160764545202255,9,2
mfcc_1_p90,0.006588651333004236,9,2
rms_p90,0.006557570770382881,9,2
contrast_1_std,0.006184825208038092,9,2
spectral_entropy_p10,0.006119472905993462,9,2
mfcc_8_p10,0.0061010983772575855,9,2
rms_mean,0.005990372970700264,9,2
mfcc_15_p90,0.005635218694806099,9,2
contrast_3_std,0.005581324454396963,9,2
mfcc_19_p90,0.005498812533915043,9,2
spectral_entropy_mean,0.005482261534780264,9,2
mfcc_1_p10,0.005297439638525248,9,2
mfcc_16_p90,0.005251955706626177,9,2
centroid_p90,0.005173449870198965,9,2
mfcc_delta_4_p10,0.005149816162884235,9,2
contrast_4_std,0.0051481048576533794,9,2
centroid_std,0.0050637912936508656,9,2
mfcc_delta_8_std,0.004920791368931532,9,2
mfcc_8_p90,0.00490807369351387,9,2
rolloff85_mean,0.004907888360321522,9,2
mfcc_11_p10,0.004684383515268564,9,2
mfcc_delta_0_std,0.004684020299464464,9,2
flatness_mean,0.0046110679395496845,9,2
mfcc_delta_14_p10,0.004523365758359432,9,2
mfcc_13_p10,0.004508348647505045,9,2
mfcc_14_p10,0.00449132127687335,9,2
mfcc_delta_3_p10,0.004475592169910669,9,2
mfcc_13_mean,0.004327534232288599,9,2
mfcc_9_p10,0.004291375633329153,9,2
mfcc_13_p90,0.004232935607433319,9,2
mfcc_delta_3_std,0.004202968906611204,9,2
mfcc_delta_0_p10,0.004186124075204134,9,2
contrast_2_p90,0.07935153692960739,9,3
mfcc_15_std,0.06484171003103256,9,3
zero_crossing_rate_std,0.05055195465683937,9,3
mfcc_14_std,0.04641268774867058,9,3
contrast_3_mean,0.03311615809798241,9,3
mfcc_13_std,0.028198709711432457,9,3
rms_p10,0.024117887020111084,9,3
contrast_2_std,0.023897619917988777,9,3
contrast_4_p90,0.023047056049108505,9,3
contrast_3_p10,0.019287876784801483,9,3
mfcc_16_std,0.013436149805784225,9,3
dominant_frequency,0.01234037708491087,9,3
contrast_3_p90,0.010921831242740154,9,3
rms_mean,0.010921770706772804,9,3
mfcc_19_std,0.01057811826467514,9,3
flatness_p10,0.009861688129603863,9,3
mfcc_14_p90,0.009119593538343906,9,3
mfcc_13_p10,0.009068905375897884,9,3
mfcc_14_p10,0.008925944566726685,9,3
rms_p90,0.0087670823559165,9,3
mfcc_7_std,0.008575855754315853,9,3
dominant_frequency_ratio,0.008406303822994232,9,3
flatness_mean,0.007752591744065285,9,3
contrast_5_p10,0.007737849373370409,9,3
zero_crossing_rate_mean,0.007672241888940334,9,3
mfcc_15_p90,0.007543621119111776,9,3
mfcc_8_std,0.007280447985976934,9,3
contrast_2_mean,0.007206922397017479,9,3
mfcc_8_p10,0.007176022510975599,9,3
contrast_5_mean,0.007029175292700529,9,3
flatness_p90,0.0067456006072461605,9,3
rolloff85_mean,0.006687397137284279,9,3
zero_crossing_rate_p90,0.006179727613925934,9,3
mfcc_5_mean,0.00600655609741807,9,3
mfcc_2_mean,0.0058939228765666485,9,3
mfcc_delta_0_std,0.005727976094931364,9,3
mfcc_delta_1_std,0.005383299198001623,9,3
flatness_std,0.0053430404514074326,9,3
mfcc_9_std,0.0052813077345490456,9,3
mfcc_0_p10,0.0052223363891243935,9,3
zero_crossing_rate_p10,0.005189455579966307,9,3
contrast_4_mean,0.005096711218357086,9,3
mfcc_delta_0_p90,0.005001371260732412,9,3
mfcc_2_p90,0.0047982134856283665,9,3
mfcc_delta_14_std,0.004756173584610224,9,3
mfcc_7_p90,0.004754029680043459,9,3
mfcc_16_p90,0.004679263103753328,9,3
mfcc_3_p10,0.004649341572076082,9,3
spectral_entropy_mean,0.0045701744966208935,9,3
mfcc_15_p10,0.004475606605410576,9,3
spectral_entropy_p90,0.004448712337762117,9,3
mfcc_3_mean,0.004405278712511063,9,3
mfcc_13_mean,0.004402300342917442,9,3
mfcc_delta_0_p10,0.004256869666278362,9,3
mfcc_delta_1_p90,0.004232398699969053,9,3
mfcc_delta_1_p10,0.004232026170939207,9,3
rms_std,0.004226513672620058,9,3
rolloff85_p10,0.004102419596165419,9,3
mfcc_2_p10,0.004082199651747942,9,3
bandwidth_p90,0.0040800804272294044,9,3
contrast_2_std,0.056598931550979614,9,4
mfcc_15_std,0.056486576795578,9,4
mfcc_14_std,0.04524628072977066,9,4
contrast_2_p90,0.027759168297052383,9,4
mfcc_9_std,0.023381957784295082,9,4
flatness_p10,0.022064872086048126,9,4
mfcc_16_std,0.016742978245019913,9,4
contrast_1_std,0.01597467064857483,9,4
rms_p10,0.015969717875123024,9,4
mfcc_8_std,0.01560902874916792,9,4
dominant_frequency,0.014018828980624676,9,4
mfcc_19_std,0.013719305396080017,9,4
flatness_mean,0.013293023221194744,9,4
zero_crossing_rate_p10,0.011868574656546116,9,4
contrast_5_p10,0.011811187490820885,9,4
contrast_3_mean,0.010880538262426853,9,4
mfcc_13_std,0.01087872963398695,9,4
mfcc_13_p10,0.010443172417581081,9,4
contrast_5_p90,0.010359208099544048,9,4
flatness_p90,0.01019312720745802,9,4
zero_crossing_rate_mean,0.009847759269177914,9,4
contrast_4_p10,0.009761780500411987,9,4
contrast_3_p90,0.009467191994190216,9,4
mfcc_14_p10,0.009415256790816784,9,4
mfcc_13_p90,0.009367979131639004,9,4
flatness_std,0.00853867456316948,9,4
rms_std,0.008091268129646778,9,4
mfcc_1_mean,0.007639888674020767,9,4
mfcc_7_p90,0.007591393310576677,9,4
mfcc_0_mean,0.007230798248201609,9,4
bandwidth_p10,0.007158620283007622,9,4
mfcc_13_mean,0.007020151242613792,9,4
mfcc_16_p90,0.0068405806086957455,9,4
mfcc_delta_8_std,0.006781547795981169,9,4
dominant_frequency_ratio,0.006637057289481163,9,4
mfcc_14_p90,0.006547202356159687,9,4
zero_crossing_rate_std,0.006450270768254995,9,4
contrast_3_std,0.006272312719374895,9,4
mfcc_15_p10,0.0062711602076888084,9,4
spectral_entropy_p90,0.006200937554240227,9,4
mfcc_0_p10,0.0060731759294867516,9,4
contrast_5_mean,0.006050654221326113,9,4
mfcc_15_mean,0.006005893927067518,9,4
rms_p90,0.005815605167299509,9,4
bandwidth_p90,0.005633751396089792,9,4
spectral_entropy_mean,0.005617041606456041,9,4
mfcc_1_p10,0.005529939662665129,9,4
contrast_2_mean,0.005510636605322361,9,4
zero_crossing_rate_p90,0.005484208930283785,9,4
rms_mean,0.005466577596962452,9,4
contrast_4_mean,0.005336294881999493,9,4
mfcc_7_std,0.005138068925589323,9,4
mfcc_8_mean,0.005086745601147413,9,4
centroid_mean,0.005031695123761892,9,4
mfcc_delta_0_p90,0.005025788675993681,9,4
mfcc_2_p90,0.005021767690777779,9,4
mfcc_5_p10,0.005009419284760952,9,4
mfcc_delta_0_p10,0.00499841058626771,9,4
rolloff85_mean,0.004574906546622515,9,4
mfcc_15_p90,0.004533588886260986,9,4
