feature,gain,repeat,fold
mfcc_15_p10,0.03725690394639969,0,0
mfcc_13_mean,0.025650300085544586,0,0
mfcc_1_p10,0.024529725313186646,0,0
bandwidth_mean,0.02409624680876732,0,0
mfcc_delta_0_p90,0.02170538529753685,0,0
mfcc_2_p10,0.018080100417137146,0,0
mfcc_0_p90,0.017241710796952248,0,0
zero_crossing_rate_p10,0.015970692038536072,0,0
flatness_p10,0.01564064435660839,0,0
rolloff85_std,0.015618110075592995,0,0
contrast_5_p10,0.015288098715245724,0,0
mfcc_delta_0_std,0.013614815659821033,0,0
contrast_4_p10,0.013244789093732834,0,0
rolloff85_p10,0.013221925124526024,0,0
rolloff85_mean,0.012646445073187351,0,0
mfcc_1_mean,0.012459872290492058,0,0
mfcc_2_p90,0.01244206540286541,0,0
rms_p10,0.012142276391386986,0,0
mfcc_17_mean,0.01189237367361784,0,0
mfcc_2_mean,0.011236513033509254,0,0
contrast_5_mean,0.011150742881000042,0,0
contrast_0_mean,0.010891363024711609,0,0
rms_mean,0.010392630472779274,0,0
mfcc_6_p10,0.010371756739914417,0,0
contrast_1_mean,0.010089967399835587,0,0
contrast_0_p90,0.009726026095449924,0,0
flatness_mean,0.009619589895009995,0,0
mfcc_3_p10,0.009568629786372185,0,0
mfcc_1_p90,0.009442463517189026,0,0
mfcc_6_mean,0.009421171620488167,0,0
bandwidth_p10,0.00923442468047142,0,0
mfcc_0_std,0.009150790981948376,0,0
mfcc_delta_0_p10,0.008978432044386864,0,0
mfcc_4_p90,0.008810553699731827,0,0
mfcc_13_std,0.008517242036759853,0,0
bandwidth_p90,0.008515989407896996,0,0
mfcc_3_std,0.008455234579741955,0,0
contrast_0_std,0.008401457220315933,0,0
zero_crossing_rate_std,0.008328551426529884,0,0
mfcc_0_mean,0.008189378306269646,0,0
contrast_4_mean,0.008051134645938873,0,0
mfcc_4_p10,0.008010727353394032,0,0
centroid_p10,0.007894429378211498,0,0
rms_p90,0.0067804427817463875,0,0
contrast_3_p10,0.00667226780205965,0,0
contrast_2_mean,0.00651904009282589,0,0
mfcc_5_p90,0.00634508254006505,0,0
mfcc_12_std,0.006266539450734854,0,0
contrast_0_p10,0.006251958664506674,0,0
mfcc_15_mean,0.006061771418899298,0,0
mfcc_16_std,0.005992449354380369,0,0
spectral_entropy_p90,0.005807921756058931,0,0
mfcc_5_mean,0.005794282536953688,0,0
spectral_entropy_p10,0.005650940351188183,0,0
mfcc_14_std,0.005643211305141449,0,0
mfcc_12_mean,0.0055968621745705605,0,0
rms_std,0.0055680666118860245,0,0
rolloff85_p90,0.0053661116398870945,0,0
mfcc_15_std,0.005128464661538601,0,0
mfcc_14_mean,0.005110630765557289,0,0
mfcc_13_mean,0.0446813590824604,0,1
mfcc_15_p10,0.039119552820920944,0,1
zero_crossing_rate_p10,0.02974235825240612,0,1
mfcc_delta_0_std,0.029101954773068428,0,1
bandwidth_mean,0.025940652936697006,0,1
rolloff85_p10,0.024476664140820503,0,1
rolloff85_p90,0.019007615745067596,0,1
centroid_mean,0.017886782065033913,0,1
bandwidth_p10,0.017708761617541313,0,1
mfcc_2_p10,0.017604287713766098,0,1
rolloff85_std,0.016346104443073273,0,1
contrast_4_p10,0.016316326335072517,0,1
contrast_5_p10,0.013703376986086369,0,1
mfcc_3_p10,0.012253714725375175,0,1
centroid_p90,0.011597439646720886,0,1
mfcc_14_std,0.011293698102235794,0,1
mfcc_delta_0_p90,0.011018924415111542,0,1
mfcc_delta_0_p10,0.010535134002566338,0,1
mfcc_2_p90,0.010437418706715107,0,1
rolloff85_mean,0.010384426452219486,0,1
mfcc_0_p90,0.00962790846824646,0,1
mfcc_15_mean,0.009542579762637615,0,1
rms_p10,0.009223809465765953,0,1
contrast_0_mean,0.009118350222706795,0,1
mfcc_0_std,0.008644834160804749,0,1
mfcc_1_p10,0.008583955466747284,0,1
mfcc_2_mean,0.008446350693702698,0,1
contrast_4_mean,0.008398070931434631,0,1
mfcc_4_p90,0.008352895267307758,0,1
mfcc_15_std,0.008319593034684658,0,1
bandwidth_p90,0.008221070282161236,0,1
contrast_5_mean,0.008220664225518703,0,1
mfcc_1_p90,0.008019101805984974,0,1
mfcc_1_mean,0.00782517809420824,0,1
mfcc_13_std,0.007798987440764904,0,1
mfcc_6_p90,0.007467990275472403,0,1
contrast_1_std,0.0074199773371219635,0,1
bandwidth_std,0.0073163071647286415,0,1
mfcc_6_mean,0.0073000588454306126,0,1
mfcc_11_mean,0.007215949706733227,0,1
rms_mean,0.006875772029161453,0,1
rms_p90,0.006778055336326361,0,1
mfcc_6_p10,0.006776629947125912,0,1
contrast_0_p10,0.006768894847482443,0,1
mfcc_17_mean,0.0066002472303807735,0,1
contrast_5_p90,0.006466943770647049,0,1
contrast_3_p10,0.006425410509109497,0,1
mfcc_11_p10,0.006207793019711971,0,1
mfcc_8_mean,0.006128270644694567,0,1
contrast_0_p90,0.006074239034205675,0,1
spectral_entropy_p10,0.005968319717794657,0,1
mfcc_5_p90,0.005958829540759325,0,1
contrast_3_mean,0.005835811607539654,0,1
zero_crossing_rate_p90,0.005730407778173685,0,1
mfcc_16_std,0.005642281379550695,0,1
zero_crossing_rate_mean,0.005639585200697184,0,1
contrast_2_p90,0.005171466618776321,0,1
flatness_p10,0.005151214078068733,0,1
contrast_3_p90,0.005087791010737419,0,1
contrast_5_std,0.004987374879419804,0,1
bandwidth_mean,0.02668278105556965,0,2
contrast_1_mean,0.017681721597909927,0,2
mfcc_1_p10,0.017674116417765617,0,2
centroid_p90,0.017285795882344246,0,2
mfcc_16_std,0.017062503844499588,0,2
spectral_entropy_p90,0.016036467626690865,0,2
contrast_5_p10,0.015908069908618927,0,2
mfcc_15_std,0.015420166775584221,0,2
flatness_mean,0.015131945721805096,0,2
contrast_4_mean,0.014976272359490395,0,2
mfcc_delta_0_p90,0.014650674536824226,0,2
flatness_p10,0.013968095183372498,0,2
zero_crossing_rate_p10,0.0137569485232234,0,2
mfcc_0_std,0.012981916777789593,0,2
rolloff85_std,0.012547829188406467,0,2
contrast_0_p10,0.01230260543525219,0,2
centroid_mean,0.011598410084843636,0,2
bandwidth_p10,0.011509118601679802,0,2
mfcc_delta_0_std,0.01146472804248333,0,2
rms_p10,0.011295399628579617,0,2
contrast_0_mean,0.010903483256697655,0,2
mfcc_1_mean,0.010810893960297108,0,2
spectral_entropy_mean,0.010714608244597912,0,2
contrast_0_p90,0.010520756244659424,0,2
zero_crossing_rate_mean,0.010327897034585476,0,2
spectral_entropy_p10,0.010314226150512695,0,2
rms_p90,0.009769069962203503,0,2
contrast_3_p10,0.009374101646244526,0,2
rms_mean,0.009228140115737915,0,2
contrast_3_mean,0.009085249155759811,0,2
mfcc_17_p90,0.00883683655411005,0,2
mfcc_2_p10,0.008818311616778374,0,2
zero_crossing_rate_p90,0.008787635713815689,0,2
mfcc_2_mean,0.008519201539456844,0,2
mfcc_14_std,0.008495694026350975,0,2
mfcc_1_p90,0.008313660509884357,0,2
mfcc_5_std,0.00803279783576727,0,2
mfcc_4_std,0.007932581007480621,0,2
mfcc_8_mean,0.007915361784398556,0,2
dominant_frequency,0.007814442738890648,0,2
rolloff85_p10,0.00773589126765728,0,2
contrast_0_std,0.0076816268265247345,0,2
zero_crossing_rate_std,0.007669389713555574,0,2
contrast_5_mean,0.007536423392593861,0,2
mfcc_3_mean,0.007264228072017431,0,2
mfcc_6_mean,0.006986343301832676,0,2
mfcc_14_mean,0.006950524169951677,0,2
mfcc_4_mean,0.00694091385230422,0,2
flatness_p90,0.0069218832068145275,0,2
mfcc_7_mean,0.006827735807746649,0,2
bandwidth_std,0.006567883770912886,0,2
bandwidth_p90,0.006567168049514294,0,2
contrast_1_p10,0.0065400730818510056,0,2
mfcc_17_mean,0.00651640584692359,0,2
mfcc_delta_0_p10,0.006479331292212009,0,2
contrast_4_p90,0.006458325311541557,0,2
centroid_p10,0.00633487431332469,0,2
mfcc_0_mean,0.006291457451879978,0,2
mfcc_3_p10,0.006275706924498081,0,2
mfcc_17_p10,0.006257887929677963,0,2
mfcc_15_p10,0.031132960692048073,0,3
bandwidth_mean,0.02024684101343155,0,3
mfcc_1_p10,0.019638238474726677,0,3
mfcc_14_mean,0.01843632385134697,0,3
mfcc_1_mean,0.017416326329112053,0,3
spectral_entropy_p90,0.017049768939614296,0,3
mfcc_13_std,0.015654586255550385,0,3
contrast_5_p10,0.015493610873818398,0,3
zero_crossing_rate_p10,0.014140911400318146,0,3
mfcc_3_mean,0.013926674611866474,0,3
mfcc_delta_0_std,0.013734137639403343,0,3
contrast_0_mean,0.013663113117218018,0,3
mfcc_15_mean,0.013583182357251644,0,3
contrast_3_p10,0.012863807380199432,0,3
flatness_mean,0.012829288840293884,0,3
mfcc_5_mean,0.012504786252975464,0,3
rolloff85_p10,0.012158414348959923,0,3
mfcc_2_p10,0.012153076007962227,0,3
mfcc_2_mean,0.012047047726809978,0,3
mfcc_delta_0_p90,0.01202514860779047,0,3
mfcc_12_p90,0.011641109362244606,0,3
mfcc_14_std,0.011533984914422035,0,3
mfcc_2_p90,0.011357445269823074,0,3
mfcc_5_p90,0.011343848891556263,0,3
rms_p10,0.010742678306996822,0,3
rms_mean,0.010203196667134762,0,3
contrast_0_p10,0.009877664968371391,0,3
contrast_5_mean,0.009838110767304897,0,3
bandwidth_p10,0.009264996275305748,0,3
mfcc_17_mean,0.008863748982548714,0,3
mfcc_11_p10,0.008763429708778858,0,3
dominant_frequency,0.008328371681272984,0,3
mfcc_3_p10,0.008236958645284176,0,3
contrast_2_std,0.00801344495266676,0,3
mfcc_16_std,0.00801178440451622,0,3
mfcc_8_mean,0.007756195496767759,0,3
rms_p90,0.007738441228866577,0,3
bandwidth_p90,0.007681208197027445,0,3
contrast_4_mean,0.00757830822840333,0,3
mfcc_18_p90,0.007548756431788206,0,3
contrast_1_mean,0.007426750846207142,0,3
flatness_p10,0.007345820777118206,0,3
mfcc_1_p90,0.007285726256668568,0,3
contrast_3_mean,0.007120019756257534,0,3
mfcc_delta_0_p10,0.006904299836605787,0,3
contrast_2_p10,0.006817479617893696,0,3
contrast_5_p90,0.006713564042001963,0,3
mfcc_4_p10,0.006687277462333441,0,3
mfcc_4_p90,0.006515615154057741,0,3
contrast_4_p10,0.0064202286303043365,0,3
mfcc_15_std,0.006360577419400215,0,3
mfcc_3_p90,0.006237005349248648,0,3
centroid_mean,0.006215238478034735,0,3
contrast_0_p90,0.006167917978018522,0,3
mfcc_6_p10,0.005988126154989004,0,3
mfcc_17_std,0.0059765963815152645,0,3
rolloff85_mean,0.005957168992608786,0,3
mfcc_4_mean,0.005894466303288937,0,3
mfcc_6_mean,0.0058828070759773254,0,3
spectral_entropy_mean,0.005795559845864773,0,3
mfcc_15_p10,0.048774488270282745,0,4
bandwidth_mean,0.0300208181142807,0,4
mfcc_13_mean,0.026882842183113098,0,4
spectral_entropy_p90,0.02380954846739769,0,4
mfcc_1_p10,0.019682129845023155,0,4
zero_crossing_rate_p90,0.01944161392748356,0,4
dominant_frequency,0.017421439290046692,0,4
mfcc_delta_0_std,0.016704216599464417,0,4
contrast_1_mean,0.0162330511957407,0,4
contrast_5_p10,0.015474476851522923,0,4
mfcc_16_std,0.013613160699605942,0,4
centroid_p10,0.013583214953541756,0,4
contrast_0_p10,0.013245126232504845,0,4
zero_crossing_rate_p10,0.012561115436255932,0,4
bandwidth_p10,0.012546966783702374,0,4
mfcc_1_mean,0.012334521859884262,0,4
rolloff85_std,0.011984403245151043,0,4
mfcc_11_p90,0.011580072343349457,0,4
mfcc_5_mean,0.011260165832936764,0,4
mfcc_0_std,0.011162308044731617,0,4
contrast_4_mean,0.010758865624666214,0,4
mfcc_2_mean,0.010682566091418266,0,4
mfcc_15_mean,0.010534251108765602,0,4
mfcc_11_mean,0.0101318983361125,0,4
rolloff85_p90,0.009597938507795334,0,4
mfcc_4_p90,0.009332842193543911,0,4
mfcc_3_p10,0.009326139464974403,0,4
contrast_4_p10,0.009208831936120987,0,4
mfcc_15_std,0.008615883067250252,0,4
rms_p10,0.008475802838802338,0,4
centroid_p90,0.00840696319937706,0,4
mfcc_2_p90,0.008362904191017151,0,4
contrast_5_mean,0.00833109486848116,0,4
contrast_3_mean,0.008271497674286366,0,4
contrast_1_p90,0.008190968073904514,0,4
mfcc_5_p90,0.007910341024398804,0,4
mfcc_3_mean,0.007882666774094105,0,4
mfcc_14_std,0.007657045964151621,0,4
mfcc_9_mean,0.007581925019621849,0,4
contrast_0_mean,0.007446067873388529,0,4
mfcc_4_mean,0.007319896016269922,0,4
mfcc_17_p10,0.00726108206436038,0,4
mfcc_6_mean,0.00706722866743803,0,4
rolloff85_p10,0.00698227621614933,0,4
mfcc_1_p90,0.006607009097933769,0,4
contrast_2_std,0.006527148187160492,0,4
contrast_5_p90,0.006252465303987265,0,4
mfcc_6_p10,0.006189622916281223,0,4
mfcc_17_std,0.006130303721874952,0,4
mfcc_9_p10,0.006040551699697971,0,4
contrast_3_p10,0.005996314343065023,0,4
contrast_4_p90,0.005918590351939201,0,4
rms_mean,0.005819734185934067,0,4
mfcc_2_p10,0.005802385974675417,0,4
mfcc_7_p10,0.005618124734610319,0,4
contrast_0_p90,0.005606392864137888,0,4
mfcc_delta_2_std,0.0055916947312653065,0,4
mfcc_delta_4_mean,0.005521772895008326,0,4
mfcc_delta_2_p90,0.005467842798680067,0,4
rolloff85_mean,0.005433216691017151,0,4
bandwidth_mean,0.029220333322882652,1,0
contrast_3_p10,0.0190732479095459,1,0
rolloff85_p90,0.01799655146896839,1,0
contrast_5_p10,0.017530208453536034,1,0
spectral_entropy_p90,0.016721362248063087,1,0
flatness_p10,0.016423195600509644,1,0
zero_crossing_rate_p10,0.016415098682045937,1,0
contrast_2_std,0.015464006923139095,1,0
mfcc_delta_0_std,0.015096602961421013,1,0
mfcc_delta_0_p90,0.015006599947810173,1,0
mfcc_9_mean,0.014607039280235767,1,0
mfcc_13_mean,0.014352933503687382,1,0
contrast_0_mean,0.014010080136358738,1,0
bandwidth_p90,0.013439654372632504,1,0
flatness_mean,0.013322744518518448,1,0
mfcc_13_std,0.012712531723082066,1,0
rms_mean,0.012400002218782902,1,0
contrast_0_p90,0.01185587141662836,1,0
dominant_frequency,0.01181808952242136,1,0
mfcc_4_p10,0.011758067645132542,1,0
contrast_0_p10,0.011739534325897694,1,0
mfcc_14_std,0.011678606271743774,1,0
mfcc_3_mean,0.011428195983171463,1,0
centroid_p10,0.011412992142140865,1,0
zero_crossing_rate_std,0.011318182572722435,1,0
centroid_p90,0.011247526854276657,1,0
mfcc_2_mean,0.011172906495630741,1,0
mfcc_0_std,0.011053952388465405,1,0
rms_p10,0.011015369556844234,1,0
bandwidth_p10,0.010988318361341953,1,0
mfcc_2_p90,0.01026977226138115,1,0
contrast_5_mean,0.010165717452764511,1,0
centroid_mean,0.010023683309555054,1,0
mfcc_3_p90,0.009954324923455715,1,0
mfcc_1_mean,0.009897543117403984,1,0
mfcc_1_p10,0.009537811391055584,1,0
mfcc_9_p90,0.00942422915250063,1,0
rms_p90,0.009282851591706276,1,0
mfcc_3_p10,0.009151504375040531,1,0
mfcc_1_p90,0.008555038832128048,1,0
mfcc_delta_0_p10,0.008237063884735107,1,0
mfcc_4_p90,0.007965192198753357,1,0
mfcc_4_mean,0.007501307409256697,1,0
mfcc_11_mean,0.0072907037101686,1,0
contrast_5_p90,0.007162436842918396,1,0
contrast_4_p10,0.0069381315261125565,1,0
contrast_1_p10,0.006752972025424242,1,0
flatness_p90,0.006733065936714411,1,0
spectral_entropy_p10,0.006687598302960396,1,0
mfcc_12_p90,0.006632254458963871,1,0
mfcc_2_p10,0.006498892791569233,1,0
contrast_1_mean,0.006383026018738747,1,0
rolloff85_mean,0.006235981360077858,1,0
mfcc_17_mean,0.006160260643810034,1,0
contrast_5_std,0.0061388034373521805,1,0
contrast_4_mean,0.0060883392579853535,1,0
spectral_entropy_mean,0.005931784398853779,1,0
mfcc_16_std,0.005752603057771921,1,0
mfcc_5_mean,0.005714961793273687,1,0
mfcc_6_std,0.0056570740416646,1,0
mfcc_13_mean,0.039688583463430405,1,1
mfcc_15_p10,0.037296611815690994,1,1
mfcc_delta_0_std,0.029421523213386536,1,1
bandwidth_mean,0.027868833392858505,1,1
zero_crossing_rate_p10,0.026684174314141273,1,1
rolloff85_p10,0.02327507734298706,1,1
bandwidth_p10,0.017656266689300537,1,1
rolloff85_std,0.01623198203742504,1,1
centroid_mean,0.015998030081391335,1,1
mfcc_2_p10,0.015258478932082653,1,1
mfcc_0_p90,0.015082277357578278,1,1
mfcc_delta_0_p90,0.014909634366631508,1,1
flatness_mean,0.014524293132126331,1,1
mfcc_delta_0_p10,0.014494096860289574,1,1
mfcc_2_p90,0.014465299434959888,1,1
centroid_p90,0.013868956826627254,1,1
mfcc_1_p10,0.01307994220405817,1,1
rms_mean,0.011715990491211414,1,1
contrast_4_p10,0.011282235383987427,1,1
rolloff85_p90,0.011072642169892788,1,1
rolloff85_mean,0.010317903943359852,1,1
mfcc_14_std,0.01003528106957674,1,1
rms_p10,0.009842399507761002,1,1
contrast_0_mean,0.009813405573368073,1,1
mfcc_2_mean,0.009764878079295158,1,1
mfcc_1_p90,0.009495848789811134,1,1
mfcc_6_mean,0.009443280287086964,1,1
mfcc_13_std,0.009430093690752983,1,1
contrast_5_p10,0.009399712085723877,1,1
mfcc_3_p10,0.009336890652775764,1,1
mfcc_5_p90,0.008989731781184673,1,1
mfcc_15_std,0.008050825446844101,1,1
mfcc_8_mean,0.00794560369104147,1,1
bandwidth_std,0.007914148271083832,1,1
bandwidth_p90,0.007772095501422882,1,1
mfcc_15_mean,0.007474610581994057,1,1
mfcc_4_p90,0.0074065192602574825,1,1
contrast_4_mean,0.0073794471099972725,1,1
zero_crossing_rate_p90,0.007362202741205692,1,1
mfcc_6_p10,0.007279960438609123,1,1
contrast_0_p10,0.007237003650516272,1,1
rms_p90,0.006942682433873415,1,1
contrast_0_p90,0.006663129199296236,1,1
mfcc_4_p10,0.006552272476255894,1,1
mfcc_1_mean,0.006252439226955175,1,1
zero_crossing_rate_mean,0.0062102642841637135,1,1
flatness_p10,0.0061499495059251785,1,1
contrast_1_mean,0.006026737857609987,1,1
mfcc_14_mean,0.0057616326957941055,1,1
contrast_1_std,0.005683759227395058,1,1
contrast_5_p90,0.005467541515827179,1,1
mfcc_5_mean,0.005430813878774643,1,1
mfcc_0_std,0.00540320947766304,1,1
rms_std,0.0053020864725112915,1,1
spectral_entropy_p10,0.0052922735922038555,1,1
contrast_3_mean,0.005088314414024353,1,1
mfcc_13_p10,0.004962568171322346,1,1
flatness_p90,0.004910295829176903,1,1
contrast_3_p10,0.004841315094381571,1,1
mfcc_17_mean,0.004778056871145964,1,1
bandwidth_mean,0.028782131150364876,1,2
contrast_1_mean,0.021764477714896202,1,2
flatness_mean,0.020167989656329155,1,2
zero_crossing_rate_p10,0.01981266960501671,1,2
mfcc_16_std,0.019320320338010788,1,2
mfcc_1_p10,0.01888326369225979,1,2
centroid_p90,0.016726752743124962,1,2
contrast_5_p10,0.015958091244101524,1,2
flatness_p10,0.015268699266016483,1,2
spectral_entropy_p90,0.014956277795135975,1,2
mfcc_delta_0_std,0.014305599965155125,1,2
centroid_mean,0.013270079158246517,1,2
contrast_3_p10,0.012706742621958256,1,2
mfcc_delta_0_p90,0.012352943420410156,1,2
contrast_0_p10,0.012283236719667912,1,2
mfcc_1_mean,0.012281235307455063,1,2
mfcc_2_mean,0.011945623904466629,1,2
contrast_4_mean,0.01181040145456791,1,2
bandwidth_p10,0.011099939234554768,1,2
rms_mean,0.01098591834306717,1,2
rolloff85_std,0.010946707800030708,1,2
contrast_0_p90,0.010828661732375622,1,2
zero_crossing_rate_p90,0.0108100650832057,1,2
contrast_0_mean,0.010759827680885792,1,2
rms_p10,0.010575876571238041,1,2
mfcc_1_p90,0.010327436029911041,1,2
spectral_entropy_p10,0.010255992412567139,1,2
mfcc_3_p10,0.010147503577172756,1,2
mfcc_0_std,0.00942921545356512,1,2
mfcc_14_std,0.00935799814760685,1,2
mfcc_2_p10,0.009356766007840633,1,2
mfcc_17_p90,0.009300928562879562,1,2
contrast_1_p90,0.00911659188568592,1,2
contrast_3_mean,0.008913155645132065,1,2
mfcc_7_mean,0.00872887298464775,1,2
centroid_p10,0.00847500842064619,1,2
zero_crossing_rate_std,0.007992256432771683,1,2
mfcc_4_mean,0.007990091107785702,1,2
rms_p90,0.007964697666466236,1,2
mfcc_3_mean,0.007899874821305275,1,2
mfcc_6_mean,0.007870186120271683,1,2
mfcc_14_mean,0.0077469805255532265,1,2
mfcc_2_p90,0.007384930271655321,1,2
contrast_2_p10,0.007376232650130987,1,2
contrast_1_p10,0.007344589103013277,1,2
zero_crossing_rate_mean,0.007017186377197504,1,2
dominant_frequency,0.006981638725847006,1,2
contrast_5_mean,0.006760731805115938,1,2
mfcc_15_std,0.006625643000006676,1,2
mfcc_17_mean,0.006578872445970774,1,2
rolloff85_p10,0.005980618763715029,1,2
rolloff85_mean,0.005911692976951599,1,2
mfcc_8_mean,0.005839209537953138,1,2
contrast_5_p90,0.005778183229267597,1,2
centroid_std,0.005727292969822884,1,2
bandwidth_p90,0.005717065650969744,1,2
mfcc_11_mean,0.0056186276488006115,1,2
contrast_4_p90,0.00561611307784915,1,2
mfcc_9_p10,0.005601879209280014,1,2
flatness_p90,0.005434280727058649,1,2
mfcc_15_p10,0.031749527901411057,1,3
mfcc_13_std,0.024860015138983727,1,3
mfcc_15_mean,0.02233472466468811,1,3
bandwidth_mean,0.020467892289161682,1,3
mfcc_delta_0_std,0.018250344321131706,1,3
mfcc_1_p10,0.016620323061943054,1,3
contrast_5_p10,0.016135677695274353,1,3
spectral_entropy_p90,0.01551123522222042,1,3
contrast_0_mean,0.014789927750825882,1,3
zero_crossing_rate_p10,0.013590504415333271,1,3
mfcc_5_mean,0.012016737833619118,1,3
flatness_mean,0.01170404627919197,1,3
rolloff85_std,0.011633130721747875,1,3
mfcc_1_mean,0.011158655397593975,1,3
mfcc_2_p90,0.011102136224508286,1,3
mfcc_2_mean,0.010905004106462002,1,3
contrast_2_std,0.010650606825947762,1,3
mfcc_12_p90,0.010574284009635448,1,3
mfcc_14_mean,0.010309147648513317,1,3
rms_p10,0.010212356224656105,1,3
mfcc_3_mean,0.010162063874304295,1,3
mfcc_4_mean,0.010125606320798397,1,3
rms_mean,0.00971890613436699,1,3
contrast_5_mean,0.009662367403507233,1,3
mfcc_15_std,0.009562491439282894,1,3
bandwidth_p90,0.00947392825037241,1,3
contrast_5_p90,0.009463309310376644,1,3
mfcc_17_p90,0.008924378082156181,1,3
mfcc_2_p10,0.008787773549556732,1,3
bandwidth_p10,0.008764318190515041,1,3
mfcc_3_p10,0.008558622561395168,1,3
dominant_frequency,0.008462745696306229,1,3
rms_p90,0.0083421366289258,1,3
contrast_0_p10,0.008302964270114899,1,3
contrast_3_p90,0.008229195140302181,1,3
mfcc_4_p10,0.008191073313355446,1,3
mfcc_18_p90,0.008029315620660782,1,3
mfcc_16_std,0.007861084304749966,1,3
mfcc_3_p90,0.007785124238580465,1,3
contrast_4_mean,0.007331156637519598,1,3
mfcc_0_mean,0.007323760073632002,1,3
contrast_1_mean,0.007290534675121307,1,3
mfcc_5_p90,0.007194820791482925,1,3
mfcc_0_std,0.007194583769887686,1,3
mfcc_11_p10,0.00707519706338644,1,3
mfcc_1_p90,0.0069890511222183704,1,3
mfcc_0_p90,0.00698484992608428,1,3
contrast_1_p10,0.006958826445043087,1,3
flatness_p10,0.006926076952368021,1,3
bandwidth_std,0.00689013721421361,1,3
contrast_4_p10,0.006623729132115841,1,3
mfcc_delta_0_p10,0.00660455459728837,1,3
mfcc_6_p10,0.0065629975870251656,1,3
mfcc_6_mean,0.006426691077649593,1,3
mfcc_delta_0_p90,0.0063446094281971455,1,3
mfcc_14_std,0.00631546089425683,1,3
rolloff85_p90,0.006172012072056532,1,3
spectral_entropy_mean,0.0059314025565981865,1,3
mfcc_16_p10,0.005822706501930952,1,3
mfcc_4_p90,0.005799154285341501,1,3
zero_crossing_rate_mean,0.04336980730295181,1,4
mfcc_15_p10,0.039667658507823944,1,4
bandwidth_mean,0.03002171590924263,1,4
mfcc_13_mean,0.026424206793308258,1,4
mfcc_1_mean,0.02344144880771637,1,4
zero_crossing_rate_p90,0.021060792729258537,1,4
spectral_entropy_p90,0.01924341358244419,1,4
zero_crossing_rate_p10,0.015938913449645042,1,4
mfcc_1_p10,0.01593070849776268,1,4
dominant_frequency,0.015658235177397728,1,4
contrast_5_p10,0.014250488020479679,1,4
contrast_4_mean,0.013335148803889751,1,4
contrast_4_p10,0.013161605224013329,1,4
rolloff85_std,0.01294259075075388,1,4
mfcc_delta_0_std,0.012438739649951458,1,4
mfcc_11_mean,0.012248910032212734,1,4
mfcc_4_p90,0.01177371758967638,1,4
bandwidth_p10,0.011578788049519062,1,4
mfcc_5_mean,0.011383906938135624,1,4
mfcc_3_p10,0.010775367729365826,1,4
mfcc_16_std,0.010612142272293568,1,4
mfcc_0_std,0.01052358839660883,1,4
contrast_5_mean,0.010448766872286797,1,4
mfcc_15_mean,0.009544005617499352,1,4
mfcc_14_std,0.009251924231648445,1,4
rolloff85_p90,0.009223525412380695,1,4
mfcc_delta_0_p90,0.008874593302607536,1,4
contrast_0_mean,0.008385389111936092,1,4
mfcc_2_mean,0.008169220760464668,1,4
centroid_p10,0.00812128558754921,1,4
mfcc_5_p10,0.008099990896880627,1,4
mfcc_13_std,0.007865305989980698,1,4
contrast_3_mean,0.007387200370430946,1,4
mfcc_17_mean,0.007294075563549995,1,4
contrast_1_mean,0.007260885089635849,1,4
mfcc_1_p90,0.007172540761530399,1,4
rms_p10,0.0070718154311180115,1,4
contrast_0_p90,0.007024696096777916,1,4
mfcc_15_std,0.0069668530486524105,1,4
mfcc_9_mean,0.006747675593942404,1,4
mfcc_6_mean,0.006698404438793659,1,4
rms_mean,0.006635189987719059,1,4
contrast_0_p10,0.006613008212298155,1,4
contrast_2_mean,0.006505302153527737,1,4
mfcc_11_p90,0.0063322242349386215,1,4
contrast_5_p90,0.0062493192963302135,1,4
mfcc_4_mean,0.006129996385425329,1,4
mfcc_6_p90,0.006086278706789017,1,4
contrast_4_p90,0.0059555284678936005,1,4
mfcc_6_p10,0.0059254784137010574,1,4
centroid_p90,0.005841727368533611,1,4
rms_p90,0.005782795138657093,1,4
mfcc_9_p10,0.005628554150462151,1,4
centroid_mean,0.005590513814240694,1,4
mfcc_5_p90,0.005589482840150595,1,4
mfcc_2_p90,0.00551240798085928,1,4
contrast_3_p10,0.00546897342428565,1,4
mfcc_17_p10,0.005392653867602348,1,4
contrast_1_p10,0.005310388747602701,1,4
mfcc_delta_2_std,0.005291197914630175,1,4
bandwidth_mean,0.02890615165233612,2,0
contrast_0_p90,0.023880641907453537,2,0
mfcc_14_std,0.019049255177378654,2,0
mfcc_delta_0_std,0.01823604479432106,2,0
rolloff85_p90,0.017756279557943344,2,0
flatness_mean,0.016447944566607475,2,0
flatness_p10,0.015886735171079636,2,0
contrast_5_p10,0.015394902788102627,2,0
dominant_frequency,0.014863506890833378,2,0
spectral_entropy_p90,0.014676236547529697,2,0
zero_crossing_rate_p10,0.013376778922975063,2,0
rms_p10,0.013178127817809582,2,0
mfcc_1_p10,0.013088113628327847,2,0
mfcc_2_mean,0.013043747283518314,2,0
mfcc_12_p90,0.012477303855121136,2,0
contrast_0_mean,0.012465100735425949,2,0
contrast_1_mean,0.011639806441962719,2,0
rms_mean,0.01141334231942892,2,0
zero_crossing_rate_std,0.011291319504380226,2,0
mfcc_1_p90,0.011287955567240715,2,0
contrast_0_p10,0.01105007715523243,2,0
mfcc_1_mean,0.011022371239960194,2,0
mfcc_4_p10,0.010940681211650372,2,0
mfcc_4_mean,0.010830527171492577,2,0
mfcc_0_mean,0.01078823022544384,2,0
mfcc_2_p90,0.010702963918447495,2,0
rolloff85_p10,0.010605288669466972,2,0
contrast_5_mean,0.010393830016255379,2,0
rolloff85_std,0.010390201583504677,2,0
bandwidth_p10,0.009958367794752121,2,0
mfcc_6_mean,0.00935527216643095,2,0
mfcc_0_std,0.009353100322186947,2,0
centroid_mean,0.009157296270132065,2,0
mfcc_3_p10,0.008948040194809437,2,0
rms_p90,0.008944297209382057,2,0
mfcc_3_mean,0.008807611651718616,2,0
bandwidth_p90,0.008608001284301281,2,0
mfcc_16_std,0.008237914182245731,2,0
mfcc_13_mean,0.007946975529193878,2,0
mfcc_17_p90,0.007940802723169327,2,0
mfcc_4_p90,0.007928583770990372,2,0
mfcc_delta_0_p90,0.0076809353195130825,2,0
contrast_3_p10,0.007355007342994213,2,0
contrast_0_std,0.006961287464946508,2,0
contrast_1_p10,0.006860813591629267,2,0
contrast_2_std,0.006532100960612297,2,0
contrast_4_p10,0.006465123035013676,2,0
contrast_5_p90,0.006300088483840227,2,0
contrast_4_mean,0.006233497988432646,2,0
mfcc_15_std,0.006063598208129406,2,0
flatness_p90,0.006010677665472031,2,0
mfcc_11_mean,0.005960830487310886,2,0
mfcc_11_p10,0.005946706980466843,2,0
flatness_std,0.005889539141207933,2,0
mfcc_14_p90,0.0058188773691654205,2,0
rms_std,0.005636188201606274,2,0
spectral_entropy_p10,0.005630592815577984,2,0
mfcc_6_p10,0.005492026451975107,2,0
mfcc_2_p10,0.005462148226797581,2,0
contrast_3_mean,0.005352501757442951,2,0
mfcc_15_p10,0.03833901137113571,2,1
mfcc_13_mean,0.030714649707078934,2,1
mfcc_delta_0_std,0.03061334602534771,2,1
bandwidth_mean,0.029965445399284363,2,1
zero_crossing_rate_p10,0.029230913147330284,2,1
rolloff85_p90,0.022577712312340736,2,1
rolloff85_p10,0.021781248971819878,2,1
bandwidth_p10,0.01921541802585125,2,1
rolloff85_std,0.017319289967417717,2,1
contrast_5_p10,0.01658863201737404,2,1
mfcc_2_p10,0.0160282701253891,2,1
rms_mean,0.015336652286350727,2,1
mfcc_delta_0_p90,0.014360272325575352,2,1
centroid_p90,0.013842158019542694,2,1
centroid_mean,0.013173679821193218,2,1
mfcc_3_p10,0.012761210091412067,2,1
contrast_4_p10,0.011835530400276184,2,1
mfcc_17_mean,0.011829283088445663,2,1
mfcc_delta_0_p10,0.011321824043989182,2,1
rms_p10,0.010894350707530975,2,1
mfcc_1_p10,0.010487339459359646,2,1
contrast_0_p10,0.01041195634752512,2,1
rolloff85_mean,0.010056192055344582,2,1
flatness_mean,0.009149656631052494,2,1
mfcc_4_p90,0.009006903506815434,2,1
mfcc_12_std,0.008740714751183987,2,1
mfcc_15_mean,0.008569334633648396,2,1
mfcc_2_p90,0.008426139131188393,2,1
contrast_0_std,0.008410182781517506,2,1
mfcc_14_std,0.008400946855545044,2,1
bandwidth_std,0.008099373430013657,2,1
mfcc_13_std,0.007985139265656471,2,1
mfcc_1_mean,0.007836845703423023,2,1
contrast_3_p10,0.00776983518153429,2,1
contrast_4_mean,0.007751006167382002,2,1
contrast_0_mean,0.0077216350473463535,2,1
mfcc_2_mean,0.007293297443538904,2,1
mfcc_8_mean,0.0072144572623074055,2,1
contrast_5_mean,0.007064097560942173,2,1
mfcc_0_std,0.007029320113360882,2,1
mfcc_6_mean,0.006975737866014242,2,1
bandwidth_p90,0.006916771177202463,2,1
mfcc_1_p90,0.006872799247503281,2,1
rms_p90,0.006704571191221476,2,1
mfcc_4_p10,0.006511140149086714,2,1
mfcc_15_std,0.006297344341874123,2,1
flatness_p10,0.006265951320528984,2,1
contrast_1_mean,0.005867156200110912,2,1
mfcc_16_std,0.0057742297649383545,2,1
mfcc_14_mean,0.005646216217428446,2,1
contrast_0_p90,0.005581384524703026,2,1
contrast_3_mean,0.005556889809668064,2,1
mfcc_5_p90,0.0055031441152095795,2,1
mfcc_11_p10,0.0052606286481022835,2,1
mfcc_6_p10,0.005255302879959345,2,1
spectral_entropy_p10,0.005200125277042389,2,1
mfcc_11_mean,0.005131400190293789,2,1
dominant_frequency,0.005108342505991459,2,1
mfcc_4_mean,0.005090839695185423,2,1
contrast_2_std,0.005061759613454342,2,1
bandwidth_mean,0.030359525233507156,2,2
flatness_mean,0.02038116194307804,2,2
centroid_p90,0.018546555191278458,2,2
mfcc_1_p10,0.01761535555124283,2,2
spectral_entropy_p90,0.017398472875356674,2,2
contrast_1_mean,0.016725188121199608,2,2
zero_crossing_rate_p10,0.016554316505789757,2,2
contrast_5_p10,0.01605052500963211,2,2
mfcc_16_std,0.015402925200760365,2,2
contrast_4_mean,0.014606586657464504,2,2
mfcc_delta_0_p90,0.014223769307136536,2,2
mfcc_delta_0_std,0.013831284828484058,2,2
contrast_0_p10,0.013678272254765034,2,2
rolloff85_std,0.013582159765064716,2,2
zero_crossing_rate_p90,0.013100096955895424,2,2
contrast_0_mean,0.012849954888224602,2,2
mfcc_1_p90,0.012829722836613655,2,2
centroid_mean,0.012642056681215763,2,2
rms_p10,0.01253516599535942,2,2
flatness_p10,0.012410566210746765,2,2
mfcc_0_std,0.012215966358780861,2,2
mfcc_1_mean,0.011304141953587532,2,2
mfcc_2_p10,0.010633505880832672,2,2
bandwidth_p10,0.010588102973997593,2,2
rms_mean,0.010486572049558163,2,2
contrast_3_mean,0.01014183834195137,2,2
mfcc_14_std,0.010022494941949844,2,2
mfcc_15_std,0.009899130091071129,2,2
spectral_entropy_mean,0.009799589402973652,2,2
rms_p90,0.00940471887588501,2,2
rolloff85_p10,0.009339076466858387,2,2
mfcc_4_std,0.009150493890047073,2,2
contrast_2_p10,0.009140053763985634,2,2
spectral_entropy_p10,0.008549738675355911,2,2
contrast_0_p90,0.008527847006917,2,2
centroid_p10,0.008462131954729557,2,2
contrast_5_mean,0.008010048419237137,2,2
zero_crossing_rate_std,0.007961450144648552,2,2
bandwidth_p90,0.007851719856262207,2,2
mfcc_2_mean,0.007728212047368288,2,2
dominant_frequency,0.007680960930883884,2,2
mfcc_delta_0_p10,0.007586588151752949,2,2
contrast_0_std,0.007498587016016245,2,2
mfcc_7_mean,0.007373723667114973,2,2
mfcc_3_mean,0.007277221884578466,2,2
zero_crossing_rate_mean,0.007275567390024662,2,2
mfcc_6_p90,0.0068005104549229145,2,2
mfcc_4_mean,0.006703498773276806,2,2
contrast_5_p90,0.006292291916906834,2,2
mfcc_delta_3_p10,0.006239432841539383,2,2
mfcc_8_mean,0.006098373793065548,2,2
mfcc_2_p90,0.006033845711499453,2,2
contrast_3_p10,0.005968104116618633,2,2
mfcc_5_std,0.005917309783399105,2,2
mfcc_17_p90,0.0057101561687886715,2,2
contrast_1_p10,0.005689507815986872,2,2
mfcc_6_mean,0.00559227354824543,2,2
mfcc_0_p90,0.005571041256189346,2,2
centroid_std,0.005332032684236765,2,2
mfcc_11_mean,0.005331946071237326,2,2
mfcc_15_p10,0.028124600648880005,2,3
spectral_entropy_p90,0.022657059133052826,2,3
mfcc_13_std,0.02142825722694397,2,3
mfcc_14_mean,0.019115474075078964,2,3
bandwidth_mean,0.019073249772191048,2,3
mfcc_1_p10,0.018781716004014015,2,3
zero_crossing_rate_p10,0.018054435029625893,2,3
mfcc_delta_0_std,0.018046965822577477,2,3
contrast_5_p10,0.017342008650302887,2,3
mfcc_1_mean,0.014519051648676395,2,3
mfcc_11_mean,0.013098911382257938,2,3
mfcc_14_std,0.013029243797063828,2,3
mfcc_3_p10,0.012839068658649921,2,3
mfcc_5_mean,0.01164673175662756,2,3
contrast_0_mean,0.011303448118269444,2,3
mfcc_2_p90,0.011093877255916595,2,3
contrast_4_p10,0.010978290811181068,2,3
mfcc_17_p90,0.010610527358949184,2,3
centroid_mean,0.010497684590518475,2,3
centroid_p90,0.01042572408914566,2,3
mfcc_2_mean,0.01002619881182909,2,3
rms_mean,0.009928795509040356,2,3
bandwidth_p10,0.009784413501620293,2,3
mfcc_3_mean,0.009539625607430935,2,3
rolloff85_std,0.009425204247236252,2,3
mfcc_17_mean,0.009413866326212883,2,3
mfcc_4_p10,0.009265192784368992,2,3
mfcc_15_mean,0.009233688935637474,2,3
contrast_5_mean,0.008935173973441124,2,3
mfcc_4_mean,0.008827404119074345,2,3
mfcc_2_p10,0.008454780094325542,2,3
rms_p10,0.008403555490076542,2,3
contrast_2_std,0.008374689146876335,2,3
mfcc_6_p10,0.008176811970770359,2,3
mfcc_11_p10,0.008132191374897957,2,3
rms_p90,0.00795727875083685,2,3
contrast_4_mean,0.007856618613004684,2,3
mfcc_5_p10,0.007836042903363705,2,3
bandwidth_std,0.0076699755154550076,2,3
mfcc_1_std,0.007445981726050377,2,3
contrast_3_mean,0.007429188117384911,2,3
contrast_5_p90,0.007406039163470268,2,3
zero_crossing_rate_std,0.007298223674297333,2,3
mfcc_16_std,0.007248910143971443,2,3
dominant_frequency,0.006798202637583017,2,3
rolloff85_p90,0.006709836423397064,2,3
contrast_0_p10,0.006632874719798565,2,3
mfcc_delta_0_p10,0.006579331122338772,2,3
contrast_2_mean,0.006566187366843224,2,3
mfcc_1_p90,0.006450080778449774,2,3
bandwidth_p90,0.006304529029875994,2,3
contrast_3_p90,0.006228679325431585,2,3
mfcc_12_p90,0.006200479809194803,2,3
mfcc_delta_0_p90,0.006054915953427553,2,3
mfcc_6_mean,0.005885211750864983,2,3
mfcc_0_std,0.005849635694175959,2,3
mfcc_0_mean,0.005787933245301247,2,3
mfcc_11_p90,0.005747890565544367,2,3
mfcc_5_p90,0.005679586436599493,2,3
contrast_0_p90,0.005601035431027412,2,3
mfcc_15_p10,0.045084018260240555,2,4
bandwidth_mean,0.0310212392359972,2,4
mfcc_13_mean,0.023939890787005424,2,4
mfcc_1_p10,0.018647998571395874,2,4
mfcc_delta_0_std,0.01862182281911373,2,4
spectral_entropy_p90,0.018004458397626877,2,4
zero_crossing_rate_p90,0.017319336533546448,2,4
zero_crossing_rate_p10,0.017299486324191093,2,4
dominant_frequency,0.01666986756026745,2,4
contrast_1_p10,0.014665157534182072,2,4
mfcc_1_mean,0.014433606527745724,2,4
contrast_5_p10,0.01383676752448082,2,4
contrast_1_mean,0.01357394177466631,2,4
bandwidth_p10,0.013132737949490547,2,4
contrast_4_p10,0.012862151488661766,2,4
contrast_4_mean,0.012621473520994186,2,4
mfcc_16_std,0.012263469398021698,2,4
rolloff85_p10,0.012036854401230812,2,4
mfcc_15_std,0.011918263509869576,2,4
contrast_0_p10,0.01156758051365614,2,4
rms_p10,0.010635622777044773,2,4
contrast_0_mean,0.010523717850446701,2,4
mfcc_0_std,0.010249897837638855,2,4
flatness_mean,0.010160043835639954,2,4
mfcc_2_mean,0.009710653685033321,2,4
mfcc_6_p10,0.009662131778895855,2,4
centroid_mean,0.009410297498106956,2,4
mfcc_15_mean,0.009244815446436405,2,4
contrast_5_mean,0.009039175696671009,2,4
bandwidth_p90,0.008903958834707737,2,4
mfcc_9_mean,0.008875803090631962,2,4
contrast_3_mean,0.00874486193060875,2,4
mfcc_13_std,0.007912436500191689,2,4
mfcc_delta_0_p90,0.007891014218330383,2,4
mfcc_4_p90,0.00782060157507658,2,4
mfcc_1_p90,0.007632888853549957,2,4
contrast_2_std,0.007629724219441414,2,4
contrast_2_mean,0.007521709427237511,2,4
rolloff85_std,0.0074507868848741055,2,4
mfcc_2_p90,0.007379085756838322,2,4
mfcc_17_p10,0.007360393181443214,2,4
contrast_0_p90,0.006942177191376686,2,4
contrast_3_p10,0.006769994739443064,2,4
mfcc_9_p10,0.006669648457318544,2,4
mfcc_2_p10,0.006581699941307306,2,4
contrast_4_p90,0.006554338149726391,2,4
flatness_p90,0.006531380116939545,2,4
contrast_0_std,0.00643409788608551,2,4
mfcc_14_std,0.006393635645508766,2,4
mfcc_4_mean,0.006328228395432234,2,4
mfcc_16_p10,0.006200825329869986,2,4
mfcc_6_mean,0.0061354609206318855,2,4
rms_mean,0.006042655557394028,2,4
mfcc_3_mean,0.005957517772912979,2,4
mfcc_5_mean,0.005940521601587534,2,4
mfcc_17_p90,0.005913774017244577,2,4
centroid_p90,0.005748660769313574,2,4
mfcc_8_mean,0.005729545373469591,2,4
contrast_5_p90,0.005729076452553272,2,4
mfcc_6_p90,0.005721179768443108,2,4
bandwidth_mean,0.02724253386259079,3,0
contrast_0_p90,0.023452188819646835,3,0
flatness_p10,0.0197466891258955,3,0
mfcc_delta_0_std,0.019237631931900978,3,0
rolloff85_p90,0.018099239096045494,3,0
mfcc_14_std,0.016593990847468376,3,0
contrast_5_p10,0.015295266173779964,3,0
mfcc_2_mean,0.015247608534991741,3,0
zero_crossing_rate_p10,0.014665210619568825,3,0
flatness_mean,0.014438538812100887,3,0
dominant_frequency,0.014192856848239899,3,0
spectral_entropy_p90,0.014144353568553925,3,0
mfcc_13_mean,0.013790157623589039,3,0
rms_p10,0.013608825393021107,3,0
mfcc_1_p10,0.012086944654583931,3,0
rolloff85_std,0.011765794828534126,3,0
bandwidth_p10,0.011549858376383781,3,0
zero_crossing_rate_std,0.011340701021254063,3,0
rms_p90,0.01131210196763277,3,0
rms_mean,0.011208844371140003,3,0
mfcc_4_p10,0.01112473662942648,3,0
mfcc_1_p90,0.01094585657119751,3,0
mfcc_2_p90,0.010929025709629059,3,0
contrast_0_mean,0.0107202660292387,3,0
contrast_5_mean,0.010483295656740665,3,0
centroid_mean,0.010335657745599747,3,0
rolloff85_p10,0.01006289292126894,3,0
contrast_0_p10,0.009587079286575317,3,0
mfcc_1_mean,0.009377863258123398,3,0
mfcc_0_std,0.009377194568514824,3,0
contrast_5_p90,0.009328772313892841,3,0
mfcc_4_mean,0.009171707555651665,3,0
mfcc_delta_0_p90,0.009152283892035484,3,0
mfcc_3_p10,0.009036321192979813,3,0
mfcc_0_mean,0.0087728975340724,3,0
mfcc_12_p90,0.008570989593863487,3,0
mfcc_6_mean,0.008407630026340485,3,0
mfcc_16_std,0.008196319453418255,3,0
bandwidth_p90,0.008103515021502972,3,0
contrast_3_p10,0.008044826798141003,3,0
contrast_4_p10,0.007978172972798347,3,0
mfcc_17_p90,0.007649708539247513,3,0
mfcc_4_p90,0.007637084927409887,3,0
mfcc_3_mean,0.007496375124901533,3,0
contrast_1_mean,0.0073691969737410545,3,0
flatness_std,0.007300983648747206,3,0
contrast_4_mean,0.0070666042156517506,3,0
contrast_0_std,0.006763339973986149,3,0
contrast_1_p10,0.006568307522684336,3,0
mfcc_6_p10,0.0065648192539811134,3,0
mfcc_11_p10,0.0064363195560872555,3,0
mfcc_11_mean,0.006390742026269436,3,0
contrast_2_mean,0.006180135998874903,3,0
mfcc_15_mean,0.006177377421408892,3,0
mfcc_15_std,0.006140280049294233,3,0
rms_std,0.00609708484262228,3,0
flatness_p90,0.006018923595547676,3,0
mfcc_1_std,0.005836963653564453,3,0
centroid_p90,0.005717487074434757,3,0
contrast_2_std,0.005677810870110989,3,0
mfcc_13_mean,0.03888295218348503,3,1
mfcc_15_p10,0.036826469004154205,3,1
mfcc_delta_0_std,0.03282064571976662,3,1
rolloff85_p10,0.03127807751297951,3,1
bandwidth_mean,0.0261030625551939,3,1
zero_crossing_rate_p10,0.025209730491042137,3,1
rolloff85_p90,0.02344599738717079,3,1
rolloff85_std,0.019225193187594414,3,1
bandwidth_p10,0.017905477434396744,3,1
mfcc_1_mean,0.01656259596347809,3,1
mfcc_delta_0_p90,0.016422390937805176,3,1
mfcc_2_p10,0.01496864017099142,3,1
contrast_4_p10,0.011925805360078812,3,1
rolloff85_mean,0.011434019543230534,3,1
mfcc_3_p10,0.011098001152276993,3,1
contrast_0_mean,0.010987087152898312,3,1
contrast_4_mean,0.010829456150531769,3,1
mfcc_delta_0_p10,0.010618944652378559,3,1
mfcc_1_p10,0.010486782528460026,3,1
mfcc_2_p90,0.010170195251703262,3,1
mfcc_14_std,0.009644852951169014,3,1
zero_crossing_rate_mean,0.009559852071106434,3,1
mfcc_15_mean,0.009382902644574642,3,1
mfcc_5_p90,0.009325333870947361,3,1
mfcc_2_mean,0.009076768532395363,3,1
bandwidth_std,0.009043618105351925,3,1
rms_p10,0.008896617218852043,3,1
mfcc_13_std,0.008663928136229515,3,1
mfcc_4_p90,0.008604677394032478,3,1
mfcc_6_mean,0.008385545574128628,3,1
centroid_p90,0.008299721404910088,3,1
mfcc_15_std,0.00825023278594017,3,1
contrast_0_p10,0.007916019298136234,3,1
bandwidth_p90,0.007529119495302439,3,1
rms_mean,0.007438832428306341,3,1
mfcc_1_p90,0.007435574661940336,3,1
mfcc_0_std,0.007362973410636187,3,1
contrast_5_p10,0.007077106274664402,3,1
mfcc_6_p10,0.006920462474226952,3,1
contrast_5_p90,0.006794469431042671,3,1
flatness_p10,0.006724783219397068,3,1
flatness_mean,0.006525366101413965,3,1
rms_p90,0.0063251592218875885,3,1
mfcc_16_std,0.006211104802787304,3,1
contrast_2_std,0.006203688681125641,3,1
contrast_0_p90,0.006179510615766048,3,1
centroid_mean,0.0060028694570064545,3,1
contrast_3_mean,0.005688729230314493,3,1
mfcc_11_mean,0.005656247027218342,3,1
zero_crossing_rate_p90,0.005546122323721647,3,1
mfcc_8_mean,0.005514837801456451,3,1
mfcc_14_mean,0.005466823000460863,3,1
mfcc_14_p10,0.005399411544203758,3,1
mfcc_11_p10,0.005352008622139692,3,1
contrast_5_mean,0.0052700648084282875,3,1
contrast_0_std,0.0052680280059576035,3,1
spectral_entropy_p10,0.005207396112382412,3,1
mfcc_6_p90,0.0049621788784861565,3,1
mfcc_17_mean,0.004918534308671951,3,1
contrast_3_p10,0.004899938590824604,3,1
bandwidth_mean,0.028927255421876907,3,2
mfcc_1_p10,0.020394515246152878,3,2
flatness_mean,0.018789777532219887,3,2
zero_crossing_rate_p10,0.01769288443028927,3,2
contrast_1_mean,0.016906626522541046,3,2
mfcc_16_std,0.016759060323238373,3,2
contrast_5_p10,0.016459541395306587,3,2
spectral_entropy_p90,0.014645932242274284,3,2
flatness_p10,0.013656031340360641,3,2
mfcc_14_std,0.013267338275909424,3,2
contrast_4_mean,0.013021335005760193,3,2
mfcc_delta_0_p90,0.012909128330647945,3,2
mfcc_0_std,0.012901525013148785,3,2
mfcc_delta_0_std,0.012660592794418335,3,2
mfcc_15_std,0.012281556613743305,3,2
centroid_mean,0.011778994463384151,3,2
rolloff85_std,0.01174158789217472,3,2
contrast_0_p90,0.011689482256770134,3,2
contrast_0_mean,0.011132393032312393,3,2
mfcc_1_mean,0.01106866542249918,3,2
mfcc_1_p90,0.010866833850741386,3,2
rms_mean,0.010416992008686066,3,2
rms_p10,0.010122031904757023,3,2
zero_crossing_rate_p90,0.010037865489721298,3,2
spectral_entropy_mean,0.010001050308346748,3,2
mfcc_17_p90,0.009867616929113865,3,2
contrast_3_mean,0.00981786660850048,3,2
mfcc_2_mean,0.009811057709157467,3,2
contrast_3_p10,0.009807460941374302,3,2
bandwidth_p10,0.009778287261724472,3,2
contrast_0_p10,0.00957825779914856,3,2
rms_p90,0.00924754049628973,3,2
centroid_p90,0.008884791284799576,3,2
centroid_p10,0.008725748397409916,3,2
contrast_2_p10,0.008692475035786629,3,2
mfcc_14_mean,0.008466050028800964,3,2
spectral_entropy_p10,0.008456062525510788,3,2
mfcc_17_std,0.008345119655132294,3,2
mfcc_2_p10,0.008344247937202454,3,2
dominant_frequency,0.008341170847415924,3,2
zero_crossing_rate_std,0.008228283375501633,3,2
mfcc_11_mean,0.008121060207486153,3,2
mfcc_8_mean,0.007921859622001648,3,2
mfcc_5_std,0.007806801702827215,3,2
mfcc_7_mean,0.00768178328871727,3,2
contrast_5_mean,0.007121444214135408,3,2
mfcc_17_mean,0.007068869657814503,3,2
mfcc_4_std,0.006996252574026585,3,2
contrast_1_p90,0.006918476894497871,3,2
bandwidth_p90,0.006800685077905655,3,2
mfcc_2_p90,0.0066952183842659,3,2
rolloff85_p10,0.006643805652856827,3,2
mfcc_3_mean,0.0065613738261163235,3,2
mfcc_6_mean,0.006401131860911846,3,2
contrast_1_p10,0.006386456545442343,3,2
contrast_5_p90,0.006290310062468052,3,2
mfcc_4_mean,0.006210582330822945,3,2
mfcc_delta_0_p10,0.00599695835262537,3,2
zero_crossing_rate_mean,0.005934641696512699,3,2
mfcc_17_p10,0.0056883362121880054,3,2
mfcc_15_p10,0.029573235660791397,3,3
spectral_entropy_p90,0.021972496062517166,3,3
mfcc_13_std,0.019331851974129677,3,3
bandwidth_mean,0.018821798264980316,3,3
zero_crossing_rate_p10,0.018559319898486137,3,3
mfcc_1_p10,0.01818154938519001,3,3
mfcc_delta_0_std,0.017573975026607513,3,3
contrast_5_p10,0.01723652519285679,3,3
mfcc_14_mean,0.014822544530034065,3,3
mfcc_11_mean,0.01426478661596775,3,3
mfcc_1_mean,0.013246200047433376,3,3
mfcc_15_mean,0.012552022933959961,3,3
mfcc_5_mean,0.01228495966643095,3,3
mfcc_3_p10,0.011798128485679626,3,3
mfcc_4_mean,0.011168580502271652,3,3
rolloff85_std,0.011002158746123314,3,3
mfcc_2_mean,0.01081109419465065,3,3
contrast_0_mean,0.010606477968394756,3,3
centroid_mean,0.010143966414034367,3,3
contrast_4_p10,0.009495624341070652,3,3
mfcc_2_p10,0.009481935761868954,3,3
centroid_p90,0.009409395046532154,3,3
mfcc_2_p90,0.009265216067433357,3,3
bandwidth_p10,0.009151352569460869,3,3
mfcc_15_std,0.008852229453623295,3,3
mfcc_4_p10,0.008768354542553425,3,3
mfcc_17_p90,0.008747464045882225,3,3
rms_p90,0.00867950078099966,3,3
rms_mean,0.008547800593078136,3,3
rms_p10,0.00844972487539053,3,3
contrast_4_mean,0.008439813740551472,3,3
mfcc_3_mean,0.008432280272245407,3,3
contrast_5_mean,0.008180049248039722,3,3
bandwidth_std,0.008134983479976654,3,3
contrast_2_std,0.008036295883357525,3,3
contrast_5_p90,0.0079729612916708,3,3
contrast_3_mean,0.007878751493990421,3,3
centroid_p10,0.007839847356081009,3,3
mfcc_14_std,0.007680188398808241,3,3
contrast_0_p10,0.0075863380916416645,3,3
mfcc_1_p90,0.007575181312859058,3,3
mfcc_16_std,0.007374998182058334,3,3
bandwidth_p90,0.007311815395951271,3,3
contrast_1_mean,0.007290924899280071,3,3
mfcc_5_p10,0.007184257265180349,3,3
mfcc_11_p10,0.007175805978477001,3,3
spectral_entropy_p10,0.007142310030758381,3,3
rolloff85_p90,0.007125184405595064,3,3
mfcc_delta_0_p10,0.006800279952585697,3,3
mfcc_6_mean,0.006671132519841194,3,3
mfcc_5_p90,0.006538270972669125,3,3
contrast_0_p90,0.006513924337923527,3,3
spectral_entropy_mean,0.006500982213765383,3,3
mfcc_delta_0_p90,0.006365939974784851,3,3
mfcc_0_p90,0.006244326010346413,3,3
zero_crossing_rate_std,0.00620421115309,3,3
contrast_3_p90,0.006194326560944319,3,3
mfcc_6_p10,0.0061757927760481834,3,3
dominant_frequency,0.006113678682595491,3,3
mfcc_0_std,0.005768294911831617,3,3
mfcc_15_p10,0.04404383897781372,3,4
centroid_p90,0.03405071049928665,3,4
mfcc_13_mean,0.03125613555312157,3,4
bandwidth_mean,0.030769702047109604,3,4
mfcc_1_p10,0.023742513731122017,3,4
dominant_frequency,0.020473545417189598,3,4
zero_crossing_rate_p90,0.01956654153764248,3,4
zero_crossing_rate_p10,0.01885416731238365,3,4
spectral_entropy_p90,0.016963087022304535,3,4
contrast_4_p10,0.016447165980935097,3,4
mfcc_delta_0_p90,0.015830399468541145,3,4
mfcc_1_mean,0.013655100017786026,3,4
contrast_5_p10,0.01363737415522337,3,4
mfcc_16_std,0.013236043974757195,3,4
contrast_1_std,0.012859631329774857,3,4
mfcc_3_mean,0.011896125972270966,3,4
zero_crossing_rate_mean,0.011871022172272205,3,4
contrast_4_mean,0.011533857323229313,3,4
bandwidth_p10,0.011121273040771484,3,4
mfcc_2_mean,0.010529187507927418,3,4
mfcc_4_p90,0.010307464748620987,3,4
mfcc_0_std,0.010254395194351673,3,4
mfcc_2_p10,0.010040589608252048,3,4
mfcc_delta_0_std,0.009856238029897213,3,4
contrast_5_mean,0.009476464241743088,3,4
contrast_2_mean,0.009340588934719563,3,4
contrast_0_mean,0.009016435593366623,3,4
contrast_0_p90,0.008860914036631584,3,4
mfcc_15_mean,0.008796047419309616,3,4
mfcc_9_mean,0.00865276250988245,3,4
rms_p10,0.008640293963253498,3,4
flatness_mean,0.008522957563400269,3,4
contrast_3_p10,0.008474141359329224,3,4
mfcc_5_mean,0.00834633968770504,3,4
mfcc_1_p90,0.007851183414459229,3,4
mfcc_17_mean,0.007522697560489178,3,4
contrast_3_mean,0.007375414948910475,3,4
contrast_0_p10,0.007249812129884958,3,4
contrast_1_mean,0.007222327869385481,3,4
contrast_1_p10,0.007162753492593765,3,4
mfcc_14_std,0.006955094635486603,3,4
mfcc_delta_0_p10,0.006596457213163376,3,4
mfcc_15_std,0.006511808838695288,3,4
contrast_4_p90,0.006368185859173536,3,4
mfcc_6_p10,0.0063447472639381886,3,4
bandwidth_p90,0.006296420004218817,3,4
mfcc_5_p90,0.006173514295369387,3,4
mfcc_4_mean,0.006053759250789881,3,4
mfcc_17_p10,0.0060493736527860165,3,4
mfcc_5_p10,0.006038798950612545,3,4
centroid_mean,0.006016729399561882,3,4
mfcc_0_p10,0.006010917481034994,3,4
rolloff85_p10,0.005911567714065313,3,4
rms_mean,0.0057518077082931995,3,4
mfcc_3_p10,0.005745289847254753,3,4
mfcc_17_std,0.005687362048774958,3,4
mfcc_6_mean,0.005655448883771896,3,4
rolloff85_std,0.005509150680154562,3,4
mfcc_9_p10,0.005509103648364544,3,4
mfcc_2_p90,0.005484805908054113,3,4
bandwidth_mean,0.02544795721769333,4,0
contrast_0_p90,0.02291826717555523,4,0
flatness_p10,0.01983066461980343,4,0
spectral_entropy_p90,0.01801738701760769,4,0
flatness_mean,0.01786281168460846,4,0
mfcc_14_std,0.017623500898480415,4,0
mfcc_delta_0_std,0.01652507670223713,4,0
mfcc_13_mean,0.016509413719177246,4,0
contrast_5_p10,0.01569160632789135,4,0
mfcc_9_mean,0.01480478048324585,4,0
mfcc_2_mean,0.014222916215658188,4,0
rms_p10,0.013775494880974293,4,0
contrast_0_p10,0.012185151688754559,4,0
zero_crossing_rate_std,0.011988291516900063,4,0
mfcc_1_p90,0.011928679421544075,4,0
contrast_2_std,0.011871019378304482,4,0
dominant_frequency,0.011713379062712193,4,0
mfcc_4_p10,0.011705022305250168,4,0
contrast_5_mean,0.011588118970394135,4,0
rolloff85_std,0.011537394486367702,4,0
rolloff85_p90,0.011416309513151646,4,0
rolloff85_p10,0.011365952901542187,4,0
mfcc_15_std,0.011055047623813152,4,0
mfcc_0_std,0.010967306792736053,4,0
rms_mean,0.010833016596734524,4,0
contrast_0_mean,0.010440179146826267,4,0
bandwidth_p10,0.010347981937229633,4,0
mfcc_1_p10,0.010116511955857277,4,0
mfcc_0_mean,0.009899375960230827,4,0
mfcc_2_p90,0.009721861220896244,4,0
mfcc_1_mean,0.009507667273283005,4,0
mfcc_delta_0_p90,0.009504965506494045,4,0
centroid_mean,0.009481173008680344,4,0
rms_p90,0.009310631081461906,4,0
contrast_5_p90,0.009271389804780483,4,0
mfcc_3_mean,0.009140641428530216,4,0
bandwidth_p90,0.009033734910190105,4,0
mfcc_4_mean,0.008736265823245049,4,0
mfcc_12_p90,0.008525567129254341,4,0
zero_crossing_rate_p10,0.008378584869205952,4,0
contrast_1_p10,0.008191898465156555,4,0
mfcc_16_std,0.007504795212298632,4,0
contrast_4_p10,0.007406821008771658,4,0
mfcc_11_p90,0.007398725487291813,4,0
mfcc_17_p90,0.007347885053604841,4,0
mfcc_3_p10,0.007247873581945896,4,0
mfcc_4_p90,0.006958362180739641,4,0
flatness_std,0.006824783980846405,4,0
contrast_4_mean,0.0065957908518612385,4,0
mfcc_6_mean,0.006502577569335699,4,0
mfcc_14_p90,0.006430531851947308,4,0
flatness_p90,0.006419390439987183,4,0
mfcc_17_mean,0.006363230291754007,4,0
contrast_5_std,0.006308292038738728,4,0
mfcc_11_mean,0.006167372222989798,4,0
mfcc_5_mean,0.00611921725794673,4,0
mfcc_1_std,0.005880920682102442,4,0
contrast_3_mean,0.005873515270650387,4,0
contrast_0_std,0.005792158655822277,4,0
spectral_entropy_p10,0.00578642962500453,4,0
mfcc_13_mean,0.0406477190554142,4,1
mfcc_15_p10,0.03737948089838028,4,1
mfcc_delta_0_std,0.03191233053803444,4,1
zero_crossing_rate_p10,0.029906271025538445,4,1
bandwidth_mean,0.027558108791708946,4,1
rolloff85_p10,0.022133365273475647,4,1
rolloff85_p90,0.020979298278689384,4,1
mfcc_2_p10,0.0193837508559227,4,1
bandwidth_p10,0.017457259818911552,4,1
contrast_4_p10,0.016220590099692345,4,1
rolloff85_std,0.015149091370403767,4,1
mfcc_1_p10,0.01449991762638092,4,1
mfcc_3_p10,0.013483118265867233,4,1
mfcc_15_std,0.012761097401380539,4,1
zero_crossing_rate_mean,0.011560863815248013,4,1
rolloff85_mean,0.010840334929525852,4,1
mfcc_delta_0_p10,0.010820996947586536,4,1
mfcc_5_p90,0.010692441835999489,4,1
mfcc_2_p90,0.010547363199293613,4,1
mfcc_delta_0_p90,0.01026869285851717,4,1
mfcc_0_std,0.009926987811923027,4,1
rms_p10,0.009371985681355,4,1
mfcc_0_p90,0.009300298988819122,4,1
contrast_0_mean,0.009266708977520466,4,1
mfcc_2_mean,0.009134328924119473,4,1
mfcc_15_mean,0.008867979981005192,4,1
contrast_5_p10,0.008733654394745827,4,1
contrast_4_mean,0.008694401010870934,4,1
bandwidth_std,0.008618663996458054,4,1
mfcc_6_p10,0.008601952344179153,4,1
mfcc_6_mean,0.008519583381712437,4,1
bandwidth_p90,0.008123519830405712,4,1
contrast_1_std,0.008084679022431374,4,1
mfcc_11_mean,0.007970069535076618,4,1
mfcc_11_p10,0.007738771382719278,4,1
rms_mean,0.007439841516315937,4,1
mfcc_17_mean,0.00737426383420825,4,1
contrast_0_p10,0.007342700846493244,4,1
contrast_5_mean,0.006882470566779375,4,1
mfcc_13_std,0.006812494248151779,4,1
contrast_1_mean,0.00665887538343668,4,1
contrast_0_p90,0.006478695664554834,4,1
mfcc_14_std,0.00642412668094039,4,1
mfcc_8_mean,0.006297325249761343,4,1
centroid_p90,0.006260146386921406,4,1
contrast_5_p90,0.006159672979265451,4,1
spectral_entropy_p10,0.006029948592185974,4,1
flatness_p10,0.0059257629327476025,4,1
contrast_3_p90,0.0058733331970870495,4,1
mfcc_4_p90,0.005790035706013441,4,1
rms_p90,0.005749249830842018,4,1
mfcc_14_mean,0.005553929600864649,4,1
mfcc_16_std,0.005539219360798597,4,1
mfcc_1_mean,0.0054528419859707355,4,1
mfcc_1_p90,0.00533657381311059,4,1
zero_crossing_rate_p90,0.005199627485126257,4,1
mfcc_6_p90,0.005195453763008118,4,1
mfcc_5_mean,0.005171352997422218,4,1
contrast_3_mean,0.005154830403625965,4,1
contrast_2_p90,0.00474266242235899,4,1
bandwidth_mean,0.027160821482539177,4,2
flatness_mean,0.022266224026679993,4,2
mfcc_1_p10,0.019896430894732475,4,2
mfcc_16_std,0.01833232305943966,4,2
zero_crossing_rate_p10,0.017485763877630234,4,2
contrast_1_mean,0.0171192679554224,4,2
centroid_p90,0.016689956188201904,4,2
contrast_5_p10,0.01655925251543522,4,2
spectral_entropy_p90,0.016015689820051193,4,2
mfcc_delta_0_p90,0.014705860987305641,4,2
flatness_p10,0.014499087817966938,4,2
contrast_4_mean,0.014030201360583305,4,2
centroid_mean,0.013640354387462139,4,2
mfcc_delta_0_std,0.013524064794182777,4,2
rolloff85_std,0.012909612618386745,4,2
contrast_0_p10,0.011950711719691753,4,2
mfcc_1_p90,0.011709410697221756,4,2
mfcc_2_p10,0.010995041579008102,4,2
bandwidth_p10,0.010960780084133148,4,2
mfcc_3_p10,0.010871478356420994,4,2
contrast_0_mean,0.010836639441549778,4,2
spectral_entropy_p10,0.010802100412547588,4,2
contrast_0_p90,0.010753265582025051,4,2
rms_mean,0.010743696242570877,4,2
rms_p10,0.010509217157959938,4,2
mfcc_14_std,0.01049108151346445,4,2
mfcc_1_mean,0.010424669831991196,4,2
zero_crossing_rate_p90,0.009883527643978596,4,2
mfcc_15_std,0.0098721357062459,4,2
contrast_3_mean,0.00978812761604786,4,2
rms_p90,0.009703204035758972,4,2
mfcc_3_mean,0.009511916898190975,4,2
mfcc_0_std,0.009289831854403019,4,2
contrast_1_p10,0.008751283399760723,4,2
rolloff85_p10,0.008469845168292522,4,2
mfcc_2_mean,0.00836561992764473,4,2
contrast_0_std,0.007817119359970093,4,2
dominant_frequency,0.007702902425080538,4,2
centroid_p10,0.007665696553885937,4,2
zero_crossing_rate_std,0.007631395477801561,4,2
contrast_1_p90,0.007573747541755438,4,2
spectral_entropy_mean,0.007331667933613062,4,2
contrast_5_mean,0.007155044935643673,4,2
zero_crossing_rate_mean,0.007066999562084675,4,2
mfcc_4_p90,0.0070490604266524315,4,2
mfcc_delta_0_p10,0.007002889644354582,4,2
contrast_3_p10,0.0069999792613089085,4,2
mfcc_4_mean,0.006976304575800896,4,2
mfcc_6_p90,0.006852434016764164,4,2
mfcc_delta_3_p10,0.006573257967829704,4,2
mfcc_7_mean,0.006428656168282032,4,2
bandwidth_p90,0.006315308157354593,4,2
mfcc_8_mean,0.006242880132049322,4,2
mfcc_2_p90,0.0061692139133811,4,2
mfcc_9_mean,0.006091554183512926,4,2
flatness_p90,0.005950452759861946,4,2
mfcc_6_mean,0.005948907695710659,4,2
contrast_5_p90,0.005922389216721058,4,2
mfcc_11_mean,0.005762583110481501,4,2
mfcc_17_std,0.005640802904963493,4,2
mfcc_15_p10,0.03471783176064491,4,3
spectral_entropy_p90,0.024778127670288086,4,3
mfcc_15_mean,0.02178751863539219,4,3
bandwidth_mean,0.020221998915076256,4,3
mfcc_delta_0_std,0.017329871654510498,4,3
mfcc_13_std,0.016651630401611328,4,3
mfcc_1_p10,0.016155768185853958,4,3
contrast_5_p10,0.01572570763528347,4,3
zero_crossing_rate_p10,0.014924720861017704,4,3
mfcc_5_mean,0.013522535562515259,4,3
mfcc_2_p90,0.013133336789906025,4,3
mfcc_1_mean,0.013027806766331196,4,3
mfcc_11_mean,0.012490305118262768,4,3
mfcc_4_p10,0.011751006357371807,4,3
contrast_3_p90,0.010943170636892319,4,3
mfcc_14_mean,0.010900103487074375,4,3
mfcc_2_mean,0.010817911475896835,4,3
contrast_0_mean,0.010382512584328651,4,3
mfcc_2_p10,0.010282965376973152,4,3
rms_mean,0.009984803386032581,4,3
mfcc_15_std,0.00997023843228817,4,3
mfcc_11_p10,0.009914353489875793,4,3
bandwidth_p90,0.009521429426968098,4,3
mfcc_14_std,0.009448585100471973,4,3
rms_p10,0.009344823658466339,4,3
contrast_5_mean,0.009207628667354584,4,3
mfcc_3_mean,0.009102243930101395,4,3
contrast_2_std,0.009066184051334858,4,3
mfcc_17_p90,0.00893537886440754,4,3
mfcc_1_std,0.008711937814950943,4,3
mfcc_5_p10,0.00847767386585474,4,3
centroid_mean,0.008406054228544235,4,3
rolloff85_std,0.008403598330914974,4,3
contrast_1_mean,0.00830935686826706,4,3
bandwidth_p10,0.008269955404102802,4,3
dominant_frequency,0.008226684294641018,4,3
bandwidth_std,0.008198549039661884,4,3
contrast_4_p10,0.007930965162813663,4,3
mfcc_4_mean,0.007876254618167877,4,3
contrast_5_p90,0.007593386806547642,4,3
rms_p90,0.007545649539679289,4,3
mfcc_delta_0_p10,0.0072392974980175495,4,3
contrast_0_p10,0.00722508504986763,4,3
contrast_0_p90,0.0071076927706599236,4,3
mfcc_16_std,0.007103972602635622,4,3
mfcc_17_mean,0.006896557752043009,4,3
mfcc_delta_0_p90,0.0068880775943398476,4,3
mfcc_0_std,0.006824687123298645,4,3
mfcc_5_p90,0.006768604274839163,4,3
zero_crossing_rate_std,0.006617742590606213,4,3
mfcc_1_p90,0.00654200091958046,4,3
contrast_1_p10,0.006237473338842392,4,3
spectral_entropy_mean,0.006136162206530571,4,3
mfcc_4_p90,0.00613008625805378,4,3
mfcc_0_mean,0.00605909526348114,4,3
contrast_4_mean,0.006057960446923971,4,3
mfcc_6_p10,0.0059984903782606125,4,3
mfcc_3_p10,0.0058905635960400105,4,3
mfcc_14_p10,0.005622286815196276,4,3
rolloff85_p90,0.005615050904452801,4,3
mfcc_15_p10,0.04499725624918938,4,4
bandwidth_mean,0.03076734021306038,4,4
mfcc_13_mean,0.02498302422463894,4,4
mfcc_1_p10,0.021863294765353203,4,4
spectral_entropy_p90,0.020538903772830963,4,4
mfcc_delta_0_std,0.019081613048911095,4,4
contrast_4_p10,0.015390272252261639,4,4
zero_crossing_rate_p90,0.014916961081326008,4,4
bandwidth_p10,0.014661206863820553,4,4
contrast_5_p10,0.01424280647188425,4,4
dominant_frequency,0.014206468127667904,4,4
contrast_1_mean,0.014159810729324818,4,4
mfcc_16_std,0.013503069058060646,4,4
zero_crossing_rate_p10,0.012829196639358997,4,4
contrast_1_p10,0.012569605372846127,4,4
mfcc_1_mean,0.012219437398016453,4,4
mfcc_0_std,0.011347293853759766,4,4
contrast_0_p10,0.01109897531569004,4,4
mfcc_15_mean,0.01068178005516529,4,4
rms_p10,0.010629604570567608,4,4
contrast_5_mean,0.01041785255074501,4,4
contrast_4_mean,0.010269655846059322,4,4
mfcc_2_mean,0.009646830148994923,4,4
mfcc_15_std,0.009633061476051807,4,4
rolloff85_p10,0.0094841830432415,4,4
contrast_0_mean,0.009381316602230072,4,4
mfcc_1_p90,0.00928393192589283,4,4
mfcc_delta_0_p90,0.00918834563344717,4,4
contrast_3_mean,0.0085109518840909,4,4
mfcc_14_std,0.008381768129765987,4,4
mfcc_4_p90,0.00833853054791689,4,4
flatness_mean,0.008280295878648758,4,4
rolloff85_mean,0.0079640569165349,4,4
centroid_mean,0.007783571258187294,4,4
mfcc_3_mean,0.007762189023196697,4,4
centroid_p90,0.007720818277448416,4,4
mfcc_2_p10,0.0076232715509831905,4,4
mfcc_2_p90,0.00760686444118619,4,4
mfcc_17_p10,0.007605863735079765,4,4
mfcc_9_mean,0.007409030571579933,4,4
contrast_2_std,0.007313426584005356,4,4
bandwidth_p90,0.007192873861640692,4,4
flatness_std,0.0071227410808205605,4,4
mfcc_9_p10,0.007040272932499647,4,4
flatness_p90,0.0068244533613324165,4,4
contrast_3_p10,0.0068098148331046104,4,4
mfcc_5_mean,0.006710181012749672,4,4
mfcc_7_p10,0.006655721925199032,4,4
mfcc_13_std,0.006632204167544842,4,4
mfcc_4_mean,0.006591796875,4,4
mfcc_3_p10,0.0065587046556174755,4,4
mfcc_6_mean,0.0065403468906879425,4,4
mfcc_8_mean,0.0064340089447796345,4,4
contrast_4_p90,0.00643400102853775,4,4
rolloff85_std,0.006424121558666229,4,4
contrast_0_p90,0.006348657887428999,4,4
rms_mean,0.006039913278073072,4,4
mfcc_5_p90,0.005711217410862446,4,4
mfcc_6_p10,0.005616134498268366,4,4
contrast_0_std,0.005566075909882784,4,4
bandwidth_mean,0.027509665116667747,5,0
spectral_entropy_p90,0.025834443047642708,5,0
rolloff85_p90,0.02381855994462967,5,0
rolloff85_p10,0.021480629220604897,5,0
flatness_p10,0.020291768014431,5,0
mfcc_14_std,0.01909327693283558,5,0
mfcc_1_p10,0.018106941133737564,5,0
mfcc_9_mean,0.01793898455798626,5,0
mfcc_15_mean,0.016148442402482033,5,0
mfcc_delta_0_std,0.013609478250145912,5,0
mfcc_13_mean,0.013200594112277031,5,0
contrast_5_p10,0.013068892993032932,5,0
rms_mean,0.012299591675400734,5,0
mfcc_3_p10,0.012282964773476124,5,0
mfcc_12_p90,0.01210880558937788,5,0
contrast_0_p10,0.011919062584638596,5,0
mfcc_4_mean,0.011823844164609909,5,0
contrast_0_mean,0.011657074093818665,5,0
bandwidth_p10,0.011288129724562168,5,0
mfcc_10_p10,0.011280851438641548,5,0
mfcc_0_std,0.010922901332378387,5,0
mfcc_11_p90,0.010920269414782524,5,0
rms_p10,0.010848377831280231,5,0
zero_crossing_rate_std,0.010751348920166492,5,0
contrast_1_mean,0.010274897329509258,5,0
mfcc_2_p90,0.0101675596088171,5,0
zero_crossing_rate_p10,0.010065440088510513,5,0
centroid_p90,0.009974411688745022,5,0
mfcc_2_mean,0.00995553657412529,5,0
dominant_frequency,0.009646073915064335,5,0
mfcc_3_p90,0.009381893090903759,5,0
contrast_0_p90,0.009040587581694126,5,0
contrast_4_mean,0.00883481465280056,5,0
rms_p90,0.008739212527871132,5,0
mfcc_4_p10,0.008634661324322224,5,0
mfcc_5_mean,0.008621473796665668,5,0
contrast_5_p90,0.008297344669699669,5,0
flatness_mean,0.008278781548142433,5,0
contrast_5_mean,0.008108760230243206,5,0
mfcc_3_mean,0.008057390339672565,5,0
contrast_4_p10,0.00790453888475895,5,0
mfcc_1_mean,0.007760256994515657,5,0
mfcc_1_p90,0.007609651889652014,5,0
mfcc_delta_0_p10,0.007536659017205238,5,0
mfcc_17_std,0.007436217740178108,5,0
contrast_1_p10,0.007171573117375374,5,0
mfcc_4_p90,0.006983302999287844,5,0
bandwidth_p90,0.0069477735087275505,5,0
mfcc_16_std,0.006901207845658064,5,0
contrast_2_std,0.006834075786173344,5,0
flatness_p90,0.006801175884902477,5,0
mfcc_11_mean,0.006762202829122543,5,0
centroid_mean,0.00660836324095726,5,0
centroid_p10,0.00635024718940258,5,0
mfcc_delta_0_p90,0.0062332176603376865,5,0
mfcc_1_std,0.006192690227180719,5,0
spectral_entropy_mean,0.006099733989685774,5,0
contrast_2_mean,0.006075584329664707,5,0
mfcc_8_mean,0.005540317855775356,5,0
spectral_entropy_p10,0.005444783717393875,5,0
mfcc_13_mean,0.03728485479950905,5,1
mfcc_15_p10,0.036346063017845154,5,1
mfcc_delta_0_std,0.03177271783351898,5,1
zero_crossing_rate_p10,0.026224665343761444,5,1
bandwidth_mean,0.025188518688082695,5,1
rolloff85_p10,0.02499835006892681,5,1
rolloff85_p90,0.02354138158261776,5,1
centroid_mean,0.022272802889347076,5,1
contrast_4_p10,0.01815558411180973,5,1
rolloff85_std,0.017632262781262398,5,1
bandwidth_p10,0.01757424883544445,5,1
mfcc_2_p10,0.01541110035032034,5,1
mfcc_delta_0_p90,0.015048444271087646,5,1
mfcc_3_p10,0.014639218337833881,5,1
mfcc_1_mean,0.014530133455991745,5,1
mfcc_15_std,0.0115743950009346,5,1
mfcc_delta_0_p10,0.010995963588356972,5,1
contrast_4_mean,0.010904173366725445,5,1
contrast_0_mean,0.010753035545349121,5,1
mfcc_1_p10,0.010306981392204762,5,1
mfcc_15_mean,0.009896400384604931,5,1
rolloff85_mean,0.009863048791885376,5,1
mfcc_2_p90,0.009582451544702053,5,1
mfcc_5_p90,0.009465303272008896,5,1
bandwidth_std,0.009383405558764935,5,1
contrast_5_p10,0.008741477504372597,5,1
rms_p10,0.00827427301555872,5,1
contrast_0_p10,0.008194231428205967,5,1
mfcc_2_mean,0.00816382933408022,5,1
mfcc_4_p90,0.008090282790362835,5,1
mfcc_1_p90,0.007765657268464565,5,1
contrast_5_p90,0.007478220388293266,5,1
contrast_3_p10,0.007430305238813162,5,1
mfcc_13_std,0.007368369027972221,5,1
flatness_p10,0.0073028006590902805,5,1
bandwidth_p90,0.007095863111317158,5,1
mfcc_6_mean,0.007034976966679096,5,1
mfcc_14_std,0.0070183491334319115,5,1
centroid_p90,0.0069289430975914,5,1
rms_mean,0.006674546282738447,5,1
mfcc_11_mean,0.006666333414614201,5,1
spectral_entropy_p10,0.006499425042420626,5,1
centroid_p10,0.00626174034550786,5,1
rms_p90,0.006237661000341177,5,1
mfcc_0_std,0.006216282024979591,5,1
flatness_mean,0.006003299728035927,5,1
contrast_0_p90,0.005841309670358896,5,1
contrast_3_mean,0.005703417584300041,5,1
mfcc_17_p10,0.0056189922615885735,5,1
mfcc_8_mean,0.005586159415543079,5,1
mfcc_6_p10,0.005541388411074877,5,1
contrast_2_std,0.005266543477773666,5,1
zero_crossing_rate_p90,0.005243622697889805,5,1
dominant_frequency,0.0052360594272613525,5,1
mfcc_17_mean,0.005128938239067793,5,1
mfcc_5_mean,0.005061297677457333,5,1
mfcc_14_mean,0.004996787756681442,5,1
mfcc_11_p10,0.004992931615561247,5,1
mfcc_10_p10,0.004942400846630335,5,1
contrast_0_std,0.00492312153801322,5,1
bandwidth_mean,0.02907019853591919,5,2
flatness_mean,0.020067904144525528,5,2
centroid_p90,0.01851971261203289,5,2
mfcc_delta_0_std,0.017939649522304535,5,2
zero_crossing_rate_p10,0.017553459852933884,5,2
mfcc_1_p10,0.01738724485039711,5,2
contrast_5_p10,0.016207819804549217,5,2
mfcc_16_std,0.015933452174067497,5,2
contrast_1_mean,0.015916332602500916,5,2
spectral_entropy_p90,0.01578620821237564,5,2
contrast_4_mean,0.01398563664406538,5,2
flatness_p10,0.01299125887453556,5,2
contrast_0_p10,0.012735756114125252,5,2
contrast_0_mean,0.01263858936727047,5,2
mfcc_1_mean,0.012620790861546993,5,2
mfcc_0_std,0.012133738957345486,5,2
mfcc_15_std,0.012052168138325214,5,2
rolloff85_std,0.011919097043573856,5,2
zero_crossing_rate_p90,0.011865674518048763,5,2
rms_p10,0.011470437981188297,5,2
rms_mean,0.011418738402426243,5,2
mfcc_1_p90,0.01135343685746193,5,2
spectral_entropy_p10,0.011132088489830494,5,2
bandwidth_p10,0.011103278025984764,5,2
mfcc_delta_0_p90,0.010918640531599522,5,2
contrast_0_p90,0.009953767992556095,5,2
spectral_entropy_mean,0.009831939823925495,5,2
centroid_mean,0.009611966088414192,5,2
mfcc_14_std,0.009474514983594418,5,2
rolloff85_p10,0.009454572573304176,5,2
mfcc_2_p10,0.009051261469721794,5,2
contrast_3_mean,0.008995462208986282,5,2
centroid_p10,0.008872629143297672,5,2
rms_p90,0.008617469109594822,5,2
contrast_3_p10,0.008525584824383259,5,2
mfcc_7_mean,0.008495299145579338,5,2
mfcc_delta_0_p10,0.008376922458410263,5,2
mfcc_2_mean,0.008271155878901482,5,2
contrast_2_p10,0.008189456537365913,5,2
contrast_5_mean,0.008123550564050674,5,2
mfcc_4_std,0.008047162555158138,5,2
contrast_0_std,0.007816676050424576,5,2
zero_crossing_rate_std,0.007785500027239323,5,2
dominant_frequency,0.0077523463405668736,5,2
mfcc_delta_3_p10,0.007264247164130211,5,2
contrast_1_p10,0.007139052264392376,5,2
bandwidth_p90,0.006963289342820644,5,2
mfcc_5_std,0.006953123956918716,5,2
mfcc_8_mean,0.006696229334920645,5,2
zero_crossing_rate_mean,0.0066709136590361595,5,2
mfcc_2_p90,0.006524595897644758,5,2
mfcc_6_std,0.006342293694615364,5,2
mfcc_4_mean,0.006276870146393776,5,2
mfcc_14_mean,0.005985011346638203,5,2
mfcc_3_mean,0.0059118387289345264,5,2
contrast_2_mean,0.005753905046731234,5,2
mfcc_6_mean,0.005724112968891859,5,2
centroid_std,0.0057134670205414295,5,2
mfcc_6_p90,0.005605562590062618,5,2
mfcc_17_p10,0.005561533849686384,5,2
mfcc_15_p10,0.029455389827489853,5,3
mfcc_13_std,0.022302405908703804,5,3
mfcc_15_mean,0.022114643827080727,5,3
bandwidth_mean,0.02003265544772148,5,3
mfcc_1_p10,0.01892191916704178,5,3
contrast_5_p10,0.017648063600063324,5,3
zero_crossing_rate_p10,0.016690965741872787,5,3
mfcc_1_mean,0.015745772048830986,5,3
contrast_1_p10,0.015380588360130787,5,3
spectral_entropy_p90,0.01503845863044262,5,3
mfcc_delta_0_std,0.014796404168009758,5,3
contrast_2_std,0.01449673529714346,5,3
flatness_mean,0.013236031867563725,5,3
mfcc_5_mean,0.013109108433127403,5,3
contrast_0_mean,0.012357605621218681,5,3
mfcc_16_std,0.011556055396795273,5,3
rolloff85_std,0.011509321630001068,5,3
contrast_3_p10,0.01141310390084982,5,3
mfcc_2_mean,0.010945627465844154,5,3
mfcc_14_std,0.010915256105363369,5,3
mfcc_2_p10,0.010641796514391899,5,3
mfcc_2_p90,0.010501639917492867,5,3
mfcc_3_mean,0.01009470596909523,5,3
contrast_5_mean,0.009748856537044048,5,3
mfcc_17_p90,0.009568349458277225,5,3
rms_mean,0.009481601417064667,5,3
bandwidth_p10,0.00922850240021944,5,3
mfcc_4_mean,0.009057875722646713,5,3
contrast_4_mean,0.008983840234577656,5,3
mfcc_9_mean,0.008930611424148083,5,3
mfcc_delta_0_p90,0.008652440272271633,5,3
centroid_mean,0.008565021678805351,5,3
mfcc_14_mean,0.008543653413653374,5,3
rms_p10,0.008398400619626045,5,3
mfcc_11_p10,0.008122534491121769,5,3
mfcc_4_p10,0.008121357299387455,5,3
contrast_0_p90,0.008090551942586899,5,3
mfcc_3_p10,0.007624019868671894,5,3
contrast_0_p10,0.007553917821496725,5,3
contrast_5_p90,0.007456574589014053,5,3
mfcc_6_mean,0.007145791780203581,5,3
mfcc_delta_8_std,0.0070237028412520885,5,3
flatness_p10,0.0069312434643507,5,3
mfcc_5_p90,0.00672201719135046,5,3
rms_p90,0.006700452882796526,5,3
spectral_entropy_p10,0.006577255204319954,5,3
contrast_2_p10,0.006575026549398899,5,3
contrast_4_p10,0.00657193548977375,5,3
mfcc_0_p90,0.006440984550863504,5,3
mfcc_12_p90,0.006280762143433094,5,3
mfcc_3_p90,0.006200108211487532,5,3
flatness_std,0.0060235862620174885,5,3
dominant_frequency,0.006003690883517265,5,3
mfcc_1_p90,0.005974349565804005,5,3
mfcc_14_p10,0.005959563422948122,5,3
bandwidth_std,0.005912671331316233,5,3
mfcc_delta_0_p10,0.005903336219489574,5,3
contrast_1_mean,0.005900318268686533,5,3
flatness_p90,0.005808128044009209,5,3
mfcc_1_std,0.005782959051430225,5,3
mfcc_15_p10,0.03769601508975029,5,4
bandwidth_mean,0.03036077879369259,5,4
mfcc_13_mean,0.029725980013608932,5,4
mfcc_1_p10,0.027795901522040367,5,4
zero_crossing_rate_p90,0.021816911175847054,5,4
zero_crossing_rate_p10,0.020362963899970055,5,4
contrast_4_p10,0.016955053433775902,5,4
spectral_entropy_p90,0.016942869871854782,5,4
dominant_frequency,0.016041075810790062,5,4
centroid_p90,0.016028771176934242,5,4
mfcc_delta_0_std,0.014589715749025345,5,4
contrast_5_p10,0.014554379507899284,5,4
mfcc_4_p90,0.013765169307589531,5,4
bandwidth_p10,0.01270219311118126,5,4
mfcc_0_std,0.012640537694096565,5,4
mfcc_14_std,0.011695298366248608,5,4
mfcc_1_mean,0.011261703446507454,5,4
zero_crossing_rate_mean,0.011250444687902927,5,4
mfcc_16_std,0.010799875482916832,5,4
contrast_5_mean,0.010720338672399521,5,4
rolloff85_std,0.010135797783732414,5,4
contrast_1_mean,0.009914154186844826,5,4
rolloff85_p10,0.009867597371339798,5,4
contrast_1_std,0.009740319103002548,5,4
mfcc_15_mean,0.009387996047735214,5,4
mfcc_3_mean,0.009188340976834297,5,4
contrast_2_mean,0.009159887209534645,5,4
mfcc_2_mean,0.009146722964942455,5,4
contrast_0_mean,0.009051969274878502,5,4
flatness_mean,0.008860193192958832,5,4
contrast_4_mean,0.008769973181188107,5,4
mfcc_2_p10,0.008768981322646141,5,4
rms_p10,0.008705515414476395,5,4
mfcc_1_p90,0.008539620786905289,5,4
mfcc_3_p10,0.008495149202644825,5,4
contrast_0_p90,0.008289370685815811,5,4
mfcc_15_std,0.008084939792752266,5,4
mfcc_delta_0_p90,0.007936613634228706,5,4
centroid_mean,0.007852624170482159,5,4
mfcc_9_mean,0.007830186747014523,5,4
contrast_1_p10,0.00753786601126194,5,4
mfcc_17_p10,0.007521656807512045,5,4
contrast_0_p10,0.007350025232881308,5,4
contrast_3_mean,0.007222711108624935,5,4
rms_mean,0.007069110870361328,5,4
mfcc_2_p90,0.006782555487006903,5,4
flatness_p90,0.00669983820989728,5,4
mfcc_6_mean,0.006471926346421242,5,4
rms_p90,0.006462756544351578,5,4
rolloff85_mean,0.006275595165789127,5,4
mfcc_5_p10,0.006268318742513657,5,4
contrast_3_p10,0.0062566036358475685,5,4
contrast_4_p90,0.006213901564478874,5,4
mfcc_5_mean,0.0061578392051160336,5,4
mfcc_5_p90,0.005948910489678383,5,4
mfcc_9_p10,0.005874104797840118,5,4
mfcc_6_p10,0.005591779947280884,5,4
contrast_5_p90,0.005549211520701647,5,4
mfcc_4_mean,0.0055203489027917385,5,4
bandwidth_p90,0.005499284714460373,5,4
mfcc_15_p10,0.03309719264507294,6,0
flatness_p10,0.026569195091724396,6,0
bandwidth_mean,0.025446230545639992,6,0
centroid_p90,0.023594921454787254,6,0
mfcc_delta_0_std,0.018120765686035156,6,0
flatness_mean,0.01589590683579445,6,0
mfcc_17_mean,0.015390157699584961,6,0
mfcc_1_p10,0.014815445989370346,6,0
mfcc_2_p10,0.01466984860599041,6,0
mfcc_1_mean,0.014519713819026947,6,0
rolloff85_std,0.014162767678499222,6,0
rms_p10,0.013472464866936207,6,0
contrast_0_p90,0.013205495662987232,6,0
contrast_5_p10,0.013144095428287983,6,0
bandwidth_p10,0.012190709821879864,6,0
mfcc_2_p90,0.011883757077157497,6,0
mfcc_2_mean,0.011718221940100193,6,0
mfcc_15_mean,0.010923661291599274,6,0
mfcc_0_p90,0.01051087025552988,6,0
mfcc_14_std,0.010111554525792599,6,0
mfcc_15_std,0.010089210234582424,6,0
mfcc_0_std,0.010071203112602234,6,0
zero_crossing_rate_p90,0.00998897198587656,6,0
mfcc_delta_0_p90,0.009721067734062672,6,0
contrast_5_p90,0.009434583596885204,6,0
contrast_0_p10,0.009423679672181606,6,0
zero_crossing_rate_p10,0.008880135603249073,6,0
mfcc_6_p90,0.00882553867995739,6,0
contrast_0_mean,0.008662130683660507,6,0
contrast_1_p10,0.008656921796500683,6,0
dominant_frequency,0.008618119172751904,6,0
rolloff85_p90,0.008616357110440731,6,0
mfcc_4_p10,0.008337019011378288,6,0
mfcc_1_p90,0.008080086670815945,6,0
contrast_4_mean,0.008039776235818863,6,0
contrast_5_mean,0.007942497730255127,6,0
zero_crossing_rate_mean,0.007788108196109533,6,0
rms_mean,0.00767884124070406,6,0
mfcc_6_p10,0.007587963715195656,6,0
mfcc_delta_0_p10,0.006980729755014181,6,0
contrast_3_mean,0.006896250415593386,6,0
mfcc_2_std,0.0068910326808691025,6,0
mfcc_6_mean,0.006803769618272781,6,0
mfcc_3_p10,0.006633652839809656,6,0
mfcc_5_mean,0.0066019813530147076,6,0
centroid_p10,0.006481118965893984,6,0
bandwidth_p90,0.006437997333705425,6,0
mfcc_3_mean,0.006437535863369703,6,0
contrast_3_p10,0.006426820997148752,6,0
mfcc_9_std,0.006264050956815481,6,0
mfcc_0_p10,0.006075759418308735,6,0
rms_p90,0.005981525406241417,6,0
mfcc_18_p10,0.0057080271653831005,6,0
spectral_entropy_p10,0.00554697448387742,6,0
spectral_entropy_std,0.005484606605023146,6,0
dominant_frequency_ratio,0.005474514327943325,6,0
mfcc_3_p90,0.005471569485962391,6,0
rolloff85_p10,0.0053473180159926414,6,0
contrast_1_mean,0.005339210387319326,6,0
contrast_3_p90,0.005281452555209398,6,0
mfcc_13_mean,0.037158410996198654,6,1
mfcc_15_p10,0.032515209168195724,6,1
mfcc_delta_0_std,0.029796257615089417,6,1
bandwidth_mean,0.028782878071069717,6,1
zero_crossing_rate_p10,0.023758484050631523,6,1
rolloff85_p10,0.023093709722161293,6,1
bandwidth_p10,0.019428212195634842,6,1
rolloff85_std,0.018922679126262665,6,1
flatness_mean,0.015622494742274284,6,1
mfcc_delta_0_p10,0.015056277625262737,6,1
mfcc_delta_0_p90,0.01490949746221304,6,1
mfcc_0_p90,0.014897659420967102,6,1
mfcc_2_p10,0.014045185409486294,6,1
mfcc_2_p90,0.013942002318799496,6,1
centroid_p90,0.01363552175462246,6,1
rms_mean,0.013076825067400932,6,1
zero_crossing_rate_mean,0.012419606558978558,6,1
contrast_4_p10,0.011380884796380997,6,1
mfcc_1_p10,0.011150670237839222,6,1
rolloff85_p90,0.010836385190486908,6,1
rolloff85_mean,0.010356254875659943,6,1
mfcc_3_p10,0.009510833770036697,6,1
mfcc_1_p90,0.009348902851343155,6,1
mfcc_2_mean,0.009329122491180897,6,1
contrast_0_mean,0.009327449835836887,6,1
rms_p10,0.009024598635733128,6,1
mfcc_15_std,0.008767140097916126,6,1
contrast_1_mean,0.008377240970730782,6,1
mfcc_15_mean,0.008212624117732048,6,1
mfcc_13_std,0.008088288828730583,6,1
contrast_5_p90,0.00796540267765522,6,1
mfcc_6_mean,0.007939014583826065,6,1
mfcc_5_p90,0.007763979025185108,6,1
spectral_entropy_p10,0.0075798360630869865,6,1
mfcc_8_mean,0.007536666933447123,6,1
bandwidth_p90,0.0074072969146072865,6,1
mfcc_14_std,0.00740432646125555,6,1
bandwidth_std,0.007316138129681349,6,1
mfcc_4_p10,0.007287893909960985,6,1
contrast_0_p10,0.007203670218586922,6,1
contrast_0_p90,0.007127654273062944,6,1
mfcc_17_mean,0.007100317627191544,6,1
mfcc_5_mean,0.006959936115890741,6,1
contrast_4_mean,0.006810301914811134,6,1
mfcc_1_mean,0.006701642647385597,6,1
contrast_5_p10,0.006662850733846426,6,1
mfcc_16_std,0.0064185489900410175,6,1
flatness_p90,0.006416169926524162,6,1
contrast_5_mean,0.006380791310220957,6,1
contrast_1_std,0.006198176648467779,6,1
mfcc_4_p90,0.006173667032271624,6,1
mfcc_14_mean,0.006157279014587402,6,1
mfcc_6_p10,0.0060156770050525665,6,1
dominant_frequency_ratio,0.005989267956465483,6,1
rms_p90,0.005951667670160532,6,1
mfcc_0_std,0.005925712641328573,6,1
zero_crossing_rate_p90,0.005897123366594315,6,1
flatness_p10,0.005868805106729269,6,1
contrast_3_p10,0.0055078850127756596,6,1
mfcc_12_std,0.005484439432621002,6,1
mfcc_13_mean,0.025118965655565262,6,2
bandwidth_mean,0.0245305597782135,6,2
centroid_p90,0.023673519492149353,6,2
mfcc_1_p10,0.018598029389977455,6,2
contrast_0_mean,0.01852865144610405,6,2
spectral_entropy_mean,0.0173096414655447,6,2
contrast_1_mean,0.016018247231841087,6,2
rolloff85_p10,0.015830591320991516,6,2
contrast_5_p10,0.015206923708319664,6,2
spectral_entropy_p90,0.014779331162571907,6,2
mfcc_14_std,0.014395175501704216,6,2
rolloff85_std,0.014123369008302689,6,2
contrast_2_p10,0.013480321504175663,6,2
mfcc_13_p10,0.013040757738053799,6,2
mfcc_delta_0_std,0.012485512532293797,6,2
contrast_4_mean,0.011904298327863216,6,2
mfcc_16_std,0.011843943037092686,6,2
mfcc_1_p90,0.010868091136217117,6,2
contrast_5_mean,0.010698545724153519,6,2
mfcc_delta_0_p90,0.010583010502159595,6,2
contrast_0_p10,0.01039899792522192,6,2
bandwidth_p10,0.010381110943853855,6,2
mfcc_0_std,0.010354460217058659,6,2
contrast_5_p90,0.010255948640406132,6,2
rms_p10,0.010155859403312206,6,2
bandwidth_p90,0.009620660915970802,6,2
spectral_entropy_p10,0.009317946620285511,6,2
rolloff85_p90,0.009281863458454609,6,2
mfcc_8_mean,0.009247787296772003,6,2
contrast_4_p10,0.00858051236718893,6,2
mfcc_2_p10,0.008437803946435452,6,2
mfcc_13_p90,0.008429285138845444,6,2
mfcc_2_mean,0.008228759281337261,6,2
mfcc_11_mean,0.008013340644538403,6,2
contrast_3_p90,0.008000830188393593,6,2
mfcc_1_mean,0.007411826401948929,6,2
mfcc_0_mean,0.007320837117731571,6,2
centroid_mean,0.007289250381290913,6,2
mfcc_17_p90,0.007214494980871677,6,2
contrast_3_p10,0.00713398028165102,6,2
bandwidth_std,0.0070602367632091045,6,2
mfcc_5_mean,0.007039009127765894,6,2
dominant_frequency_ratio,0.006936405319720507,6,2
zero_crossing_rate_std,0.006924602668732405,6,2
rms_mean,0.006768509745597839,6,2
contrast_0_p90,0.0067165931686758995,6,2
mfcc_1_std,0.006619889289140701,6,2
contrast_3_mean,0.006596918683499098,6,2
mfcc_6_p10,0.006366073153913021,6,2
dominant_frequency,0.006350386422127485,6,2
contrast_2_std,0.006133247632533312,6,2
rms_p90,0.006079225800931454,6,2
mfcc_16_p10,0.006023652385920286,6,2
flatness_p10,0.006014608312398195,6,2
mfcc_delta_0_p10,0.0060000428929924965,6,2
mfcc_0_p90,0.00597683759406209,6,2
mfcc_4_p10,0.0058518061414361,6,2
mfcc_15_p10,0.005707846023142338,6,2
spectral_entropy_std,0.005669641774147749,6,2
mfcc_13_std,0.0056625246070325375,6,2
mfcc_15_p10,0.03323483094573021,6,3
zero_crossing_rate_p10,0.021838679909706116,6,3
mfcc_15_mean,0.021778995171189308,6,3
contrast_5_p10,0.02053094655275345,6,3
mfcc_1_p10,0.01961860992014408,6,3
mfcc_delta_0_std,0.019265007227659225,6,3
bandwidth_mean,0.018969302996993065,6,3
mfcc_13_std,0.01724332571029663,6,3
spectral_entropy_p90,0.01676955819129944,6,3
contrast_1_p10,0.014998355880379677,6,3
mfcc_14_std,0.012823102064430714,6,3
contrast_0_mean,0.012707673013210297,6,3
contrast_3_p10,0.012621109373867512,6,3
mfcc_5_mean,0.012546814046800137,6,3
mfcc_3_mean,0.0116502670571208,6,3
mfcc_2_mean,0.010930356569588184,6,3
flatness_mean,0.010531547479331493,6,3
mfcc_14_mean,0.010518922470510006,6,3
mfcc_2_p90,0.010512150824069977,6,3
spectral_entropy_mean,0.010371994227170944,6,3
mfcc_11_p90,0.010159851051867008,6,3
contrast_5_mean,0.009981069713830948,6,3
rolloff85_std,0.009940564632415771,6,3
bandwidth_p90,0.009885763749480247,6,3
rms_mean,0.00973456259816885,6,3
bandwidth_p10,0.009645335376262665,6,3
mfcc_1_mean,0.009521737694740295,6,3
mfcc_6_p10,0.009392037987709045,6,3
mfcc_4_p10,0.009372440166771412,6,3
mfcc_16_std,0.009059030562639236,6,3
contrast_1_mean,0.009018219076097012,6,3
rms_p10,0.008953291922807693,6,3
contrast_4_p10,0.008943529799580574,6,3
rolloff85_p90,0.00837424024939537,6,3
mfcc_4_mean,0.008357415907084942,6,3
mfcc_6_mean,0.008241214789450169,6,3
contrast_4_mean,0.008005286566913128,6,3
contrast_5_p90,0.007889739237725735,6,3
mfcc_5_p90,0.00787163246423006,6,3
dominant_frequency,0.007858974859118462,6,3
mfcc_9_mean,0.007677750196307898,6,3
spectral_entropy_p10,0.007418733090162277,6,3
mfcc_3_p10,0.007374280598014593,6,3
contrast_0_p90,0.007364233955740929,6,3
mfcc_delta_0_p10,0.007219242863357067,6,3
rms_p90,0.007152765989303589,6,3
contrast_3_p90,0.007072243373841047,6,3
contrast_0_p10,0.007037188857793808,6,3
mfcc_11_p10,0.006942885462194681,6,3
mfcc_0_std,0.006798060145229101,6,3
centroid_p10,0.006692864932119846,6,3
centroid_mean,0.0066217840649187565,6,3
mfcc_17_p90,0.006553384009748697,6,3
mfcc_17_mean,0.006360334809869528,6,3
mfcc_1_std,0.006324123591184616,6,3
mfcc_12_p90,0.0062706563621759415,6,3
mfcc_2_p10,0.006270407233387232,6,3
mfcc_delta_0_p90,0.006264746189117432,6,3
mfcc_11_mean,0.005845317151397467,6,3
mfcc_0_p90,0.005835340823978186,6,3
mfcc_15_p10,0.04336809366941452,6,4
bandwidth_mean,0.03453603759407997,6,4
spectral_entropy_p90,0.026334144175052643,6,4
mfcc_1_p10,0.02233084850013256,6,4
rolloff85_p10,0.0210821945220232,6,4
zero_crossing_rate_p90,0.020130591467022896,6,4
zero_crossing_rate_mean,0.018301209434866905,6,4
dominant_frequency,0.018185311928391457,6,4
contrast_1_mean,0.01689026691019535,6,4
mfcc_13_mean,0.014858552254736423,6,4
contrast_0_p10,0.014668487943708897,6,4
contrast_4_p10,0.01371797639876604,6,4
contrast_5_p10,0.013243221677839756,6,4
contrast_4_mean,0.013192059472203255,6,4
bandwidth_p10,0.012477080337703228,6,4
mfcc_6_mean,0.01189744658768177,6,4
mfcc_delta_0_std,0.011878789402544498,6,4
zero_crossing_rate_p10,0.011636200360953808,6,4
mfcc_5_mean,0.011189127340912819,6,4
mfcc_17_p10,0.011070622131228447,6,4
mfcc_16_std,0.01075125951319933,6,4
mfcc_4_p90,0.010629643686115742,6,4
mfcc_14_std,0.010526108555495739,6,4
mfcc_1_mean,0.010505418293178082,6,4
mfcc_0_std,0.01002772618085146,6,4
contrast_0_mean,0.009771113283932209,6,4
rms_mean,0.009650658816099167,6,4
contrast_2_mean,0.009645234793424606,6,4
mfcc_0_p90,0.009450479410588741,6,4
rolloff85_mean,0.009056217968463898,6,4
centroid_mean,0.008889866061508656,6,4
mfcc_3_mean,0.008503668010234833,6,4
mfcc_delta_0_p90,0.008274439722299576,6,4
flatness_p90,0.008266263641417027,6,4
contrast_2_p10,0.008250867016613483,6,4
rms_p10,0.008174828253686428,6,4
contrast_5_mean,0.008149226196110249,6,4
contrast_1_p10,0.00811093207448721,6,4
mfcc_4_mean,0.0075247264467179775,6,4
mfcc_15_mean,0.007448016665875912,6,4
centroid_p10,0.0072937472723424435,6,4
mfcc_2_mean,0.0071251364424824715,6,4
mfcc_13_std,0.006986639462411404,6,4
contrast_0_p90,0.006680366583168507,6,4
mfcc_3_p10,0.006527448073029518,6,4
mfcc_1_p90,0.006267983000725508,6,4
flatness_std,0.006266201846301556,6,4
rms_p90,0.006157815456390381,6,4
mfcc_delta_0_p10,0.006110100075602531,6,4
mfcc_delta_2_p90,0.006043178960680962,6,4
contrast_2_std,0.006034982856363058,6,4
bandwidth_p90,0.006030444987118244,6,4
mfcc_2_p90,0.005958956200629473,6,4
zero_crossing_rate_std,0.005912845954298973,6,4
centroid_p90,0.005874456837773323,6,4
mfcc_15_std,0.0057315463200211525,6,4
contrast_3_mean,0.005587314255535603,6,4
mfcc_5_p10,0.0054773068986833096,6,4
mfcc_2_p10,0.0054737296886742115,6,4
contrast_1_std,0.005351000465452671,6,4
spectral_entropy_p90,0.02775825932621956,7,0
bandwidth_mean,0.02417600154876709,7,0
mfcc_1_p10,0.02267586439847946,7,0
mfcc_13_mean,0.01986933872103691,7,0
mfcc_14_std,0.01929507963359356,7,0
mfcc_15_mean,0.01904665306210518,7,0
mfcc_delta_0_std,0.01574031636118889,7,0
flatness_p10,0.015262087807059288,7,0
contrast_5_p10,0.013895104639232159,7,0
mfcc_12_p90,0.013054384849965572,7,0
mfcc_13_std,0.012438176199793816,7,0
rms_p90,0.01205377746373415,7,0
contrast_0_p10,0.011766225099563599,7,0
mfcc_1_mean,0.011744514107704163,7,0
dominant_frequency,0.011653882451355457,7,0
contrast_1_mean,0.01146848313510418,7,0
mfcc_5_p90,0.01128261350095272,7,0
zero_crossing_rate_std,0.011256678029894829,7,0
rms_mean,0.01116996444761753,7,0
rolloff85_std,0.011028413660824299,7,0
mfcc_2_mean,0.011005551554262638,7,0
rolloff85_p10,0.011000755243003368,7,0
contrast_0_mean,0.010785969905555248,7,0
contrast_0_p90,0.01062992587685585,7,0
bandwidth_p10,0.01059119775891304,7,0
mfcc_11_p90,0.01058090291917324,7,0
rms_p10,0.010289864614605904,7,0
mfcc_4_p10,0.010165122337639332,7,0
mfcc_0_std,0.009733364917337894,7,0
mfcc_4_mean,0.00904418807476759,7,0
flatness_mean,0.009038044139742851,7,0
mfcc_2_p90,0.009003974497318268,7,0
mfcc_1_p90,0.008585694245994091,7,0
contrast_5_mean,0.008390513248741627,7,0
mfcc_3_mean,0.008277402259409428,7,0
mfcc_17_mean,0.008155071176588535,7,0
contrast_4_p10,0.007943987846374512,7,0
mfcc_11_mean,0.007658000104129314,7,0
bandwidth_p90,0.00758814113214612,7,0
mfcc_5_mean,0.00751452287659049,7,0
contrast_5_p90,0.0074220881797373295,7,0
flatness_p90,0.0072482009418308735,7,0
centroid_mean,0.007166658993810415,7,0
mfcc_3_p10,0.007144859526306391,7,0
mfcc_delta_0_p90,0.0070741549134254456,7,0
mfcc_3_std,0.006943957880139351,7,0
mfcc_4_p90,0.006814449094235897,7,0
zero_crossing_rate_p10,0.00673629017546773,7,0
mfcc_17_std,0.006727111991494894,7,0
contrast_4_mean,0.006668040994554758,7,0
mfcc_8_mean,0.006436241324990988,7,0
rolloff85_p90,0.006243934854865074,7,0
mfcc_11_p10,0.006019110791385174,7,0
mfcc_0_p90,0.005814588628709316,7,0
contrast_2_std,0.005801114719361067,7,0
mfcc_17_p90,0.005752343684434891,7,0
mfcc_3_p90,0.005708449985831976,7,0
mfcc_6_mean,0.005698321387171745,7,0
flatness_std,0.005677476990967989,7,0
mfcc_delta_3_std,0.005621425341814756,7,0
mfcc_13_mean,0.04784508794546127,7,1
mfcc_15_p10,0.040028419345617294,7,1
zero_crossing_rate_p10,0.033274613320827484,7,1
mfcc_delta_0_std,0.029960032552480698,7,1
bandwidth_mean,0.026036635041236877,7,1
rolloff85_p90,0.023099469020962715,7,1
rolloff85_p10,0.02069002389907837,7,1
bandwidth_p10,0.01917124353349209,7,1
mfcc_2_p10,0.01694072037935257,7,1
rolloff85_std,0.016183748841285706,7,1
contrast_4_p10,0.013518485240638256,7,1
mfcc_15_std,0.013399031013250351,7,1
zero_crossing_rate_mean,0.012760619632899761,7,1
mfcc_3_p10,0.012390470132231712,7,1
centroid_p90,0.011538595892488956,7,1
mfcc_2_p90,0.011128349229693413,7,1
mfcc_15_mean,0.01089347992092371,7,1
mfcc_delta_0_p90,0.010888395830988884,7,1
mfcc_1_p10,0.010707403533160686,7,1
contrast_4_mean,0.010385354980826378,7,1
mfcc_delta_0_p10,0.010340890847146511,7,1
rolloff85_mean,0.010320654138922691,7,1
mfcc_2_mean,0.009980009868741035,7,1
mfcc_0_p90,0.009445634670555592,7,1
mfcc_5_p90,0.009392154403030872,7,1
mfcc_6_p10,0.009215359576046467,7,1
rms_p10,0.00909856241196394,7,1
contrast_5_p10,0.008915051817893982,7,1
contrast_0_mean,0.008808644488453865,7,1
mfcc_14_std,0.008796202018857002,7,1
mfcc_6_mean,0.008737876079976559,7,1
mfcc_1_mean,0.008614622056484222,7,1
bandwidth_p90,0.008553192019462585,7,1
mfcc_4_p90,0.00823171529918909,7,1
mfcc_0_std,0.008198864758014679,7,1
bandwidth_std,0.007904293946921825,7,1
mfcc_14_mean,0.00790337473154068,7,1
mfcc_11_p10,0.007329560816287994,7,1
rms_p90,0.006965399254113436,7,1
contrast_5_p90,0.006805643439292908,7,1
mfcc_5_mean,0.006714852526783943,7,1
mfcc_1_p90,0.006666678003966808,7,1
contrast_1_std,0.006510613020509481,7,1
rms_mean,0.006508912891149521,7,1
mfcc_11_mean,0.006502247881144285,7,1
zero_crossing_rate_p90,0.006398212630301714,7,1
contrast_5_mean,0.006373558659106493,7,1
contrast_1_mean,0.006256819237023592,7,1
mfcc_17_mean,0.005971816834062338,7,1
contrast_0_p90,0.0057031866163015366,7,1
contrast_3_mean,0.005588778760284185,7,1
flatness_p10,0.0055566029623150826,7,1
contrast_0_p10,0.005320155527442694,7,1
contrast_3_p10,0.005277779418975115,7,1
mfcc_8_mean,0.005189995747059584,7,1
mfcc_16_std,0.005136747378855944,7,1
spectral_entropy_p10,0.005079504568129778,7,1
mfcc_14_p10,0.0048095546662807465,7,1
mfcc_delta_12_std,0.004741476848721504,7,1
dominant_frequency_ratio,0.004724270198494196,7,1
bandwidth_mean,0.02899201214313507,7,2
contrast_1_mean,0.02286381833255291,7,2
zero_crossing_rate_p10,0.019244583323597908,7,2
flatness_mean,0.01916484907269478,7,2
centroid_p90,0.017891855910420418,7,2
contrast_5_p10,0.016244111582636833,7,2
mfcc_16_std,0.01566619984805584,7,2
contrast_4_mean,0.015582366846501827,7,2
spectral_entropy_p90,0.01536670234054327,7,2
mfcc_1_p10,0.015267931856215,7,2
mfcc_delta_0_p90,0.014377588406205177,7,2
flatness_p10,0.013769274577498436,7,2
contrast_0_p10,0.013482882641255856,7,2
rolloff85_std,0.012484381906688213,7,2
zero_crossing_rate_p90,0.01218853797763586,7,2
contrast_0_mean,0.011620468460023403,7,2
mfcc_delta_0_std,0.011578140780329704,7,2
mfcc_1_p90,0.01134491991251707,7,2
bandwidth_p10,0.011085504665970802,7,2
rms_p10,0.01103825680911541,7,2
rms_mean,0.010994932614266872,7,2
mfcc_0_std,0.010672778822481632,7,2
mfcc_2_mean,0.010446197353303432,7,2
spectral_entropy_p10,0.010402468033134937,7,2
mfcc_3_p10,0.010014218278229237,7,2
mfcc_1_mean,0.010010524652898312,7,2
mfcc_17_p90,0.009553059004247189,7,2
contrast_2_p10,0.009442799724638462,7,2
rms_p90,0.009206579066812992,7,2
mfcc_14_std,0.009173629805445671,7,2
centroid_mean,0.008906090632081032,7,2
mfcc_15_std,0.00888050626963377,7,2
mfcc_2_p10,0.008747424930334091,7,2
contrast_0_p90,0.008669323287904263,7,2
contrast_1_p10,0.008525772951543331,7,2
contrast_5_mean,0.008315987884998322,7,2
contrast_3_p10,0.008275493048131466,7,2
mfcc_4_mean,0.008201196789741516,7,2
zero_crossing_rate_mean,0.007970333099365234,7,2
mfcc_6_mean,0.007961796596646309,7,2
contrast_3_mean,0.00783937145024538,7,2
spectral_entropy_mean,0.007779388222843409,7,2
dominant_frequency,0.007478324696421623,7,2
mfcc_17_p10,0.00745283393189311,7,2
mfcc_17_mean,0.007020376157015562,7,2
contrast_0_std,0.007018957752734423,7,2
centroid_p10,0.0070061031728982925,7,2
zero_crossing_rate_std,0.0069872718304395676,7,2
mfcc_3_mean,0.006941935513168573,7,2
mfcc_14_mean,0.006828855257481337,7,2
rolloff85_p10,0.006809209939092398,7,2
mfcc_4_p90,0.00664248364046216,7,2
flatness_p90,0.006640160456299782,7,2
mfcc_7_mean,0.006557781714946032,7,2
mfcc_2_p90,0.006172791589051485,7,2
bandwidth_p90,0.006034108344465494,7,2
mfcc_8_mean,0.005699499044567347,7,2
mfcc_17_std,0.005659217946231365,7,2
contrast_5_p90,0.00564982183277607,7,2
mfcc_0_p90,0.005412755534052849,7,2
mfcc_15_p10,0.029027452692389488,7,3
mfcc_14_mean,0.022902661934494972,7,3
mfcc_1_p10,0.0204626452177763,7,3
bandwidth_mean,0.02004711516201496,7,3
mfcc_1_mean,0.020045749843120575,7,3
spectral_entropy_p90,0.016954049468040466,7,3
contrast_5_p10,0.016519363969564438,7,3
mfcc_13_std,0.01648310385644436,7,3
zero_crossing_rate_p10,0.016350748017430305,7,3
mfcc_delta_0_std,0.016197308897972107,7,3
contrast_0_mean,0.013252396136522293,7,3
mfcc_3_p10,0.013055078685283661,7,3
mfcc_12_p90,0.012307553552091122,7,3
mfcc_5_mean,0.01200166530907154,7,3
mfcc_16_std,0.011994866654276848,7,3
mfcc_3_mean,0.011955582536756992,7,3
flatness_mean,0.01145981065928936,7,3
mfcc_15_mean,0.011255822144448757,7,3
contrast_2_std,0.01116194762289524,7,3
contrast_3_p10,0.011144349351525307,7,3
mfcc_2_p90,0.011054541915655136,7,3
centroid_mean,0.011020004749298096,7,3
mfcc_2_mean,0.010690415278077126,7,3
mfcc_14_std,0.010636996477842331,7,3
mfcc_4_mean,0.010501011274755001,7,3
bandwidth_p10,0.010373979806900024,7,3
contrast_1_mean,0.009000108577311039,7,3
contrast_4_mean,0.00897048506885767,7,3
spectral_entropy_mean,0.008847453631460667,7,3
rms_mean,0.008835135027766228,7,3
contrast_5_mean,0.008799214847385883,7,3
rms_p10,0.008681222796440125,7,3
mfcc_17_p90,0.008545736782252789,7,3
mfcc_2_p10,0.008426724001765251,7,3
contrast_0_p10,0.008246287703514099,7,3
mfcc_delta_0_p90,0.007914080284535885,7,3
rolloff85_std,0.007823804393410683,7,3
rms_p90,0.007817008532583714,7,3
contrast_3_mean,0.007496909238398075,7,3
mfcc_5_p90,0.007481235545128584,7,3
contrast_0_p90,0.007362953387200832,7,3
contrast_4_p10,0.007188720162957907,7,3
mfcc_1_p90,0.006910281255841255,7,3
flatness_std,0.006906675640493631,7,3
dominant_frequency,0.006864556577056646,7,3
contrast_5_p90,0.006845490541309118,7,3
mfcc_13_mean,0.006730306427925825,7,3
centroid_p10,0.006460280157625675,7,3
mfcc_4_p10,0.00629494758322835,7,3
mfcc_6_mean,0.006232768297195435,7,3
bandwidth_p90,0.006025230977684259,7,3
mfcc_6_p10,0.005965876393020153,7,3
mfcc_3_p90,0.005910026840865612,7,3
mfcc_1_std,0.005866275634616613,7,3
rolloff85_p90,0.005827953107655048,7,3
mfcc_11_p10,0.005783879663795233,7,3
mfcc_delta_8_p90,0.005742861423641443,7,3
mfcc_delta_0_p10,0.005700898356735706,7,3
mfcc_5_p10,0.005599373951554298,7,3
dominant_frequency_ratio,0.005589765962213278,7,3
mfcc_15_p10,0.041827570647001266,7,4
mfcc_13_mean,0.030188290402293205,7,4
bandwidth_mean,0.02930024266242981,7,4
zero_crossing_rate_p90,0.028883155435323715,7,4
mfcc_1_p10,0.02697763778269291,7,4
zero_crossing_rate_p10,0.01827062852680683,7,4
mfcc_16_std,0.017432451248168945,7,4
spectral_entropy_p90,0.016847364604473114,7,4
dominant_frequency,0.01598040759563446,7,4
mfcc_delta_0_p90,0.01591889001429081,7,4
zero_crossing_rate_mean,0.015134722925722599,7,4
centroid_p90,0.01479364838451147,7,4
contrast_5_p10,0.013922948390245438,7,4
mfcc_1_mean,0.012874075211584568,7,4
contrast_4_p10,0.012854043394327164,7,4
mfcc_0_std,0.012329740449786186,7,4
contrast_4_mean,0.012167810462415218,7,4
mfcc_4_p90,0.012143798172473907,7,4
mfcc_3_mean,0.01173480972647667,7,4
contrast_3_p10,0.011484503746032715,7,4
bandwidth_p10,0.011377138085663319,7,4
contrast_1_std,0.01076188962906599,7,4
mfcc_15_mean,0.010265656746923923,7,4
mfcc_2_mean,0.010198310017585754,7,4
contrast_2_mean,0.010184579528868198,7,4
contrast_0_p90,0.009929231368005276,7,4
mfcc_1_p90,0.009857244789600372,7,4
rms_p10,0.009648068808019161,7,4
mfcc_delta_0_std,0.009435644373297691,7,4
contrast_5_mean,0.008978108875453472,7,4
flatness_mean,0.008935073390603065,7,4
mfcc_3_p10,0.008911347948014736,7,4
mfcc_14_std,0.008534129709005356,7,4
mfcc_2_p10,0.008491037413477898,7,4
contrast_0_mean,0.008436198346316814,7,4
mfcc_17_p90,0.008015353232622147,7,4
mfcc_9_mean,0.008003566414117813,7,4
mfcc_15_std,0.007886990904808044,7,4
mfcc_17_p10,0.007297887466847897,7,4
mfcc_5_p90,0.0072347186505794525,7,4
contrast_0_p10,0.007135250139981508,7,4
mfcc_6_mean,0.007028303109109402,7,4
contrast_3_mean,0.006971064954996109,7,4
mfcc_5_p10,0.0068125794641673565,7,4
mfcc_17_mean,0.006761093158274889,7,4
contrast_1_mean,0.006751786917448044,7,4
mfcc_4_mean,0.006205256562680006,7,4
mfcc_2_p90,0.006151163950562477,7,4
mfcc_9_p10,0.006009302102029324,7,4
contrast_5_p90,0.005966052878648043,7,4
contrast_4_p90,0.005942803341895342,7,4
rms_p90,0.005671335384249687,7,4
rolloff85_p10,0.005649213213473558,7,4
mfcc_5_mean,0.005571234039962292,7,4
mfcc_6_p90,0.005537304561585188,7,4
centroid_p10,0.00550641305744648,7,4
rms_mean,0.005448361858725548,7,4
bandwidth_p90,0.005428602918982506,7,4
mfcc_13_p90,0.005321396514773369,7,4
rolloff85_std,0.005268133245408535,7,4
mfcc_15_p10,0.04348190128803253,8,0
centroid_p90,0.02734641171991825,8,0
flatness_p10,0.025005493313074112,8,0
bandwidth_mean,0.024801159277558327,8,0
flatness_mean,0.019952069967985153,8,0
mfcc_delta_0_std,0.017673619091510773,8,0
mfcc_1_mean,0.017514754086732864,8,0
mfcc_17_mean,0.016837527975440025,8,0
mfcc_1_p10,0.013952861540019512,8,0
mfcc_2_p10,0.013489760458469391,8,0
rolloff85_std,0.013213161379098892,8,0
rms_p10,0.013189530000090599,8,0
contrast_5_p10,0.013050716370344162,8,0
mfcc_0_std,0.012213421054184437,8,0
mfcc_2_p90,0.012189028784632683,8,0
contrast_0_p90,0.012100606225430965,8,0
mfcc_15_mean,0.011852304451167583,8,0
bandwidth_p10,0.011782689020037651,8,0
mfcc_delta_0_p90,0.011660800315439701,8,0
mfcc_2_mean,0.0113060949370265,8,0
zero_crossing_rate_mean,0.011184805072844028,8,0
mfcc_delta_0_p10,0.010620959103107452,8,0
contrast_0_mean,0.010117251425981522,8,0
mfcc_4_p10,0.009668693877756596,8,0
mfcc_15_std,0.009622073732316494,8,0
zero_crossing_rate_p90,0.009052405133843422,8,0
mfcc_6_p10,0.008929599076509476,8,0
mfcc_4_p90,0.008775738067924976,8,0
mfcc_6_p90,0.008672849275171757,8,0
mfcc_3_p90,0.008549714460968971,8,0
contrast_0_p10,0.008524416945874691,8,0
contrast_5_mean,0.008455048315227032,8,0
rolloff85_p90,0.008437245152890682,8,0
rms_p90,0.008158458396792412,8,0
mfcc_16_std,0.008155412040650845,8,0
mfcc_3_p10,0.007860168814659119,8,0
rms_mean,0.007834059186279774,8,0
mfcc_1_p90,0.007817729376256466,8,0
mfcc_2_std,0.007770432624965906,8,0
mfcc_6_mean,0.00770174153149128,8,0
spectral_entropy_mean,0.007664308417588472,8,0
mfcc_14_std,0.007597669027745724,8,0
zero_crossing_rate_p10,0.0075302934274077415,8,0
contrast_4_mean,0.0072656976990401745,8,0
contrast_5_p90,0.007239534053951502,8,0
contrast_0_std,0.00722288154065609,8,0
dominant_frequency,0.007064507808536291,8,0
mfcc_0_p90,0.006774762645363808,8,0
flatness_p90,0.006669954396784306,8,0
rms_std,0.006629810202866793,8,0
bandwidth_p90,0.006492031272500753,8,0
spectral_entropy_p10,0.00613383250311017,8,0
mfcc_8_mean,0.00610799714922905,8,0
mfcc_3_mean,0.006076057441532612,8,0
contrast_3_mean,0.006062836851924658,8,0
centroid_mean,0.005968840327113867,8,0
mfcc_4_mean,0.005835375748574734,8,0
contrast_2_mean,0.005756128579378128,8,0
contrast_1_p10,0.005678832530975342,8,0
rolloff85_p10,0.005519670434296131,8,0
mfcc_15_p10,0.035313352942466736,8,1
mfcc_13_mean,0.033289071172475815,8,1
mfcc_delta_0_std,0.03098871000111103,8,1
zero_crossing_rate_p10,0.02686549723148346,8,1
bandwidth_mean,0.025278592482209206,8,1
rolloff85_p10,0.020616937428712845,8,1
rolloff85_std,0.018229417502880096,8,1
bandwidth_p10,0.017392411828041077,8,1
mfcc_2_p10,0.01601608656346798,8,1
flatness_mean,0.01588958501815796,8,1
mfcc_0_p90,0.015220584347844124,8,1
centroid_p90,0.014664491638541222,8,1
contrast_5_p90,0.014113252982497215,8,1
mfcc_delta_0_p90,0.013965633697807789,8,1
mfcc_2_p90,0.013926885090768337,8,1
contrast_4_p10,0.013004912063479424,8,1
mfcc_delta_0_p10,0.012629135511815548,8,1
zero_crossing_rate_mean,0.012082559987902641,8,1
rms_mean,0.01173929963260889,8,1
mfcc_13_std,0.011668222956359386,8,1
mfcc_17_mean,0.010488942265510559,8,1
mfcc_3_p10,0.010395672172307968,8,1
mfcc_1_p10,0.010118119418621063,8,1
rolloff85_mean,0.009892744943499565,8,1
mfcc_6_mean,0.009680568240582943,8,1
mfcc_1_p90,0.009590509347617626,8,1
contrast_0_mean,0.00915016420185566,8,1
mfcc_14_std,0.008993132971227169,8,1
rms_p10,0.008630169555544853,8,1
mfcc_2_mean,0.008568938821554184,8,1
contrast_1_mean,0.008379262872040272,8,1
contrast_0_p90,0.007945060729980469,8,1
contrast_5_p10,0.007898651994764805,8,1
contrast_1_std,0.007892953231930733,8,1
zero_crossing_rate_p90,0.007757220882922411,8,1
bandwidth_std,0.007709480822086334,8,1
mfcc_4_p10,0.007577280979603529,8,1
bandwidth_p90,0.007519458886235952,8,1
contrast_3_p10,0.00748082110658288,8,1
rms_p90,0.007332181092351675,8,1
contrast_0_p10,0.007174920756369829,8,1
rolloff85_p90,0.006928169168531895,8,1
mfcc_0_std,0.006758426781743765,8,1
mfcc_15_std,0.006449676584452391,8,1
mfcc_4_p90,0.006364865694195032,8,1
mfcc_6_p90,0.0063266754150390625,8,1
mfcc_8_mean,0.006171636749058962,8,1
mfcc_15_mean,0.006125244777649641,8,1
contrast_4_mean,0.006057965103536844,8,1
contrast_3_p90,0.005985305178910494,8,1
flatness_p10,0.0058979736641049385,8,1
mfcc_5_mean,0.005673907231539488,8,1
spectral_entropy_p10,0.00563621474429965,8,1
mfcc_1_mean,0.005597650073468685,8,1
flatness_p90,0.005389268044382334,8,1
mfcc_5_p90,0.005389009136706591,8,1
dominant_frequency_ratio,0.005290712229907513,8,1
mfcc_11_mean,0.005221186205744743,8,1
mfcc_14_mean,0.005074587184935808,8,1
mfcc_16_std,0.005002260208129883,8,1
centroid_p90,0.03404838964343071,8,2
bandwidth_mean,0.030611390247941017,8,2
mfcc_1_p10,0.019751781597733498,8,2
zero_crossing_rate_p10,0.01944558508694172,8,2
contrast_1_mean,0.01714562252163887,8,2
contrast_5_p10,0.015909017994999886,8,2
flatness_p10,0.015470776706933975,8,2
mfcc_14_std,0.014493230730295181,8,2
mfcc_delta_0_p90,0.014467990025877953,8,2
rolloff85_std,0.014329173602163792,8,2
mfcc_delta_0_std,0.014055006206035614,8,2
flatness_mean,0.014037035405635834,8,2
rms_p10,0.01335624884814024,8,2
spectral_entropy_p90,0.012411086820065975,8,2
contrast_4_mean,0.012349839322268963,8,2
rolloff85_p10,0.012078122235834599,8,2
contrast_0_mean,0.011960233561694622,8,2
contrast_2_p10,0.01161201298236847,8,2
contrast_0_p10,0.011443788185715675,8,2
mfcc_2_mean,0.011144931428134441,8,2
bandwidth_p90,0.011105627752840519,8,2
bandwidth_p10,0.010649244301021099,8,2
rms_mean,0.010647020302712917,8,2
mfcc_13_std,0.010087693110108376,8,2
mfcc_0_std,0.009889916516840458,8,2
contrast_3_mean,0.009812272153794765,8,2
dominant_frequency,0.009698474779725075,8,2
mfcc_1_p90,0.009581099264323711,8,2
spectral_entropy_mean,0.009515012614428997,8,2
rolloff85_mean,0.009251073934137821,8,2
rms_p90,0.008648562245070934,8,2
contrast_0_p90,0.008624017238616943,8,2
mfcc_3_p90,0.008602567948400974,8,2
contrast_5_p90,0.008449368178844452,8,2
mfcc_1_mean,0.008365130051970482,8,2
centroid_mean,0.008333252742886543,8,2
contrast_5_mean,0.008331566117703915,8,2
contrast_3_p10,0.008323300629854202,8,2
mfcc_2_p90,0.007931210100650787,8,2
mfcc_16_std,0.007894056849181652,8,2
zero_crossing_rate_p90,0.007634288631379604,8,2
mfcc_8_mean,0.007372442167252302,8,2
mfcc_2_p10,0.007334824185818434,8,2
mfcc_4_p10,0.007081340998411179,8,2
mfcc_3_mean,0.006865630857646465,8,2
zero_crossing_rate_std,0.006826314143836498,8,2
mfcc_11_mean,0.006790914107114077,8,2
mfcc_11_p90,0.006748198065906763,8,2
mfcc_4_std,0.0065191020257771015,8,2
bandwidth_std,0.006417001131922007,8,2
mfcc_0_p90,0.006414332892745733,8,2
contrast_1_p10,0.006344742141664028,8,2
mfcc_17_p90,0.006196248810738325,8,2
mfcc_delta_10_p10,0.006183117628097534,8,2
mfcc_15_std,0.0060800425708293915,8,2
spectral_entropy_p10,0.0059073264710605145,8,2
mfcc_7_mean,0.005887472070753574,8,2
mfcc_0_mean,0.005883754231035709,8,2
mfcc_5_mean,0.005648291669785976,8,2
centroid_p10,0.005480625666677952,8,2
mfcc_15_p10,0.030227039009332657,8,3
mfcc_1_p10,0.02013724483549595,8,3
spectral_entropy_p90,0.01994410715997219,8,3
zero_crossing_rate_p10,0.01919701136648655,8,3
bandwidth_mean,0.01893654465675354,8,3
mfcc_14_mean,0.01882351003587246,8,3
mfcc_13_std,0.018373914062976837,8,3
contrast_5_p10,0.016836170107126236,8,3
contrast_3_p10,0.016448786482214928,8,3
mfcc_delta_0_std,0.016184162348508835,8,3
mfcc_9_mean,0.014769168570637703,8,3
mfcc_1_mean,0.014652237296104431,8,3
contrast_0_mean,0.013534033671021461,8,3
contrast_1_p10,0.012689389288425446,8,3
mfcc_16_std,0.012659122236073017,8,3
mfcc_15_mean,0.011990822851657867,8,3
mfcc_2_mean,0.011957157403230667,8,3
bandwidth_p10,0.011603140272200108,8,3
centroid_mean,0.011506877839565277,8,3
mfcc_5_mean,0.011475427076220512,8,3
rolloff85_p10,0.01132101658731699,8,3
flatness_mean,0.011047039180994034,8,3
mfcc_2_p90,0.010868231765925884,8,3
contrast_2_std,0.0103330472484231,8,3
mfcc_12_p90,0.010216834023594856,8,3
mfcc_delta_0_p90,0.009857116267085075,8,3
rms_p10,0.009642384015023708,8,3
contrast_5_mean,0.009449894540011883,8,3
rms_mean,0.009434591978788376,8,3
mfcc_2_p10,0.00936065148562193,8,3
mfcc_4_mean,0.00928389560431242,8,3
mfcc_14_std,0.00925811193883419,8,3
mfcc_3_p90,0.009214408695697784,8,3
mfcc_11_p10,0.009012574329972267,8,3
mfcc_3_mean,0.008976743556559086,8,3
mfcc_5_p90,0.008777058683335781,8,3
contrast_0_p10,0.008296333253383636,8,3
rms_p90,0.008182807825505733,8,3
mfcc_3_p10,0.00813353806734085,8,3
contrast_4_mean,0.008048351854085922,8,3
contrast_1_mean,0.007515302859246731,8,3
contrast_0_p90,0.007248234003782272,8,3
dominant_frequency,0.0069756051525473595,8,3
contrast_3_mean,0.0068220761604607105,8,3
mfcc_delta_0_p10,0.006587023381143808,8,3
mfcc_13_mean,0.006584786809980869,8,3
mfcc_6_p10,0.006567876785993576,8,3
mfcc_17_mean,0.006503641605377197,8,3
mfcc_1_p90,0.006485750433057547,8,3
contrast_5_p90,0.00641114916652441,8,3
mfcc_0_p90,0.006383224856108427,8,3
bandwidth_p90,0.006364827509969473,8,3
spectral_entropy_p10,0.006252428516745567,8,3
mfcc_8_p10,0.006242853589355946,8,3
mfcc_4_p10,0.0062363785691559315,8,3
mfcc_6_mean,0.0061624739319086075,8,3
mfcc_15_std,0.006126743741333485,8,3
centroid_p10,0.006106039974838495,8,3
dominant_frequency_ratio,0.0058248769491910934,8,3
rolloff85_mean,0.00579206645488739,8,3
mfcc_15_p10,0.04634322598576546,8,4
bandwidth_mean,0.03193015977740288,8,4
spectral_entropy_p90,0.02474271133542061,8,4
mfcc_1_p10,0.022438179701566696,8,4
zero_crossing_rate_mean,0.018295396119356155,8,4
mfcc_1_mean,0.01682411879301071,8,4
dominant_frequency,0.01596567966043949,8,4
mfcc_delta_0_std,0.014305317774415016,8,4
mfcc_14_std,0.0134509252384305,8,4
contrast_4_mean,0.013263802975416183,8,4
contrast_0_p10,0.012975785881280899,8,4
contrast_5_p10,0.012871135026216507,8,4
rolloff85_std,0.012832561507821083,8,4
bandwidth_p10,0.012199892662465572,8,4
zero_crossing_rate_p90,0.012090053409337997,8,4
mfcc_2_mean,0.011214855127036572,8,4
contrast_2_p10,0.01079806312918663,8,4
mfcc_17_p10,0.010753261856734753,8,4
zero_crossing_rate_p10,0.010437187738716602,8,4
mfcc_5_mean,0.010389240458607674,8,4
contrast_4_p10,0.01037961058318615,8,4
contrast_5_mean,0.010324252769351006,8,4
rms_mean,0.010266073979437351,8,4
mfcc_3_p10,0.010003182105720043,8,4
mfcc_17_mean,0.009996579959988594,8,4
mfcc_0_std,0.00961771048605442,8,4
contrast_1_mean,0.009545942768454552,8,4
mfcc_0_p90,0.00923670083284378,8,4
rms_p10,0.008977286517620087,8,4
mfcc_2_p90,0.008923135697841644,8,4
contrast_2_mean,0.008476702496409416,8,4
contrast_4_p90,0.008468251675367355,8,4
bandwidth_std,0.008379281498491764,8,4
mfcc_15_std,0.008330533280968666,8,4
mfcc_6_p10,0.008283860050141811,8,4
mfcc_17_p90,0.00801103375852108,8,4
centroid_p10,0.008009719662368298,8,4
flatness_p90,0.007994289509952068,8,4
contrast_3_mean,0.007769710849970579,8,4
mfcc_16_std,0.0076475609093904495,8,4
mfcc_15_mean,0.007571891415864229,8,4
rolloff85_p10,0.007476403843611479,8,4
contrast_0_mean,0.007363796234130859,8,4
mfcc_2_p10,0.007278731092810631,8,4
mfcc_1_p90,0.007269877940416336,8,4
contrast_2_std,0.00721807312220335,8,4
mfcc_4_mean,0.007176779210567474,8,4
mfcc_4_p90,0.007141233887523413,8,4
mfcc_16_p10,0.007063123397529125,8,4
mfcc_0_mean,0.006745210383087397,8,4
zero_crossing_rate_std,0.006665655877441168,8,4
mfcc_3_mean,0.006660526618361473,8,4
contrast_1_p10,0.006643451750278473,8,4
rms_p90,0.0064424131996929646,8,4
mfcc_1_std,0.006186326500028372,8,4
contrast_5_p90,0.006168336607515812,8,4
mfcc_13_mean,0.006032342091202736,8,4
mfcc_5_p10,0.005887383129447699,8,4
mfcc_15_p90,0.00578688271343708,8,4
mfcc_delta_0_p90,0.00570721784606576,8,4
mfcc_13_mean,0.035089779645204544,9,0
mfcc_15_p10,0.028894446790218353,9,0
bandwidth_mean,0.023151803761720657,9,0
mfcc_1_p10,0.02072136662900448,9,0
mfcc_delta_0_p90,0.020501533523201942,9,0
zero_crossing_rate_p10,0.018829364329576492,9,0
rolloff85_std,0.017497975379228592,9,0
mfcc_2_p10,0.017466796562075615,9,0
mfcc_0_p90,0.01705942302942276,9,0
rolloff85_p10,0.016520971432328224,9,0
contrast_5_p10,0.016335252672433853,9,0
flatness_p10,0.01553457509726286,9,0
mfcc_2_p90,0.014841179363429546,9,0
contrast_4_p10,0.014788229018449783,9,0
mfcc_4_p90,0.013304050080478191,9,0
contrast_0_p90,0.012940251268446445,9,0
contrast_5_mean,0.011412365362048149,9,0
mfcc_1_mean,0.01132904551923275,9,0
rms_p10,0.01123367715626955,9,0
rolloff85_mean,0.010582951828837395,9,0
mfcc_1_p90,0.010462750680744648,9,0
contrast_0_mean,0.0099008958786726,9,0
mfcc_delta_0_std,0.009752580896019936,9,0
mfcc_2_mean,0.009493473917245865,9,0
rms_mean,0.009463733062148094,9,0
mfcc_13_std,0.009358996525406837,9,0
bandwidth_p90,0.009318982250988483,9,0
rms_p90,0.00912382360547781,9,0
centroid_p10,0.00899351667612791,9,0
spectral_entropy_p90,0.008888853713870049,9,0
bandwidth_p10,0.008878177963197231,9,0
mfcc_6_p90,0.008617033250629902,9,0
contrast_0_p10,0.008585822768509388,9,0
mfcc_delta_0_p10,0.00857106689363718,9,0
contrast_0_std,0.008551942184567451,9,0
dominant_frequency,0.008383926935493946,9,0
mfcc_17_mean,0.008282054215669632,9,0
mfcc_0_std,0.008217381313443184,9,0
flatness_mean,0.00805913470685482,9,0
zero_crossing_rate_std,0.008016417734324932,9,0
mfcc_4_p10,0.007968317717313766,9,0
rms_std,0.007243256084620953,9,0
bandwidth_std,0.007179010659456253,9,0
contrast_4_mean,0.007120301481336355,9,0
mfcc_16_std,0.007086409255862236,9,0
contrast_3_p10,0.006945648230612278,9,0
spectral_entropy_mean,0.006461559794843197,9,0
centroid_mean,0.006295268889516592,9,0
contrast_2_mean,0.0062634581699967384,9,0
mfcc_3_p10,0.006237771362066269,9,0
mfcc_15_std,0.006223196163773537,9,0
mfcc_2_std,0.00617453595623374,9,0
spectral_entropy_p10,0.006170864682644606,9,0
mfcc_0_mean,0.00615532323718071,9,0
mfcc_15_mean,0.006131062749773264,9,0
mfcc_5_p90,0.006094114389270544,9,0
zero_crossing_rate_p90,0.006032980978488922,9,0
mfcc_5_p10,0.005946003831923008,9,0
mfcc_14_p90,0.005891609005630016,9,0
mfcc_6_mean,0.00586251774802804,9,0
mfcc_13_mean,0.03761572018265724,9,1
mfcc_15_p10,0.03079131990671158,9,1
mfcc_delta_0_std,0.02927626483142376,9,1
bandwidth_mean,0.027178248390555382,9,1
zero_crossing_rate_p10,0.026962513104081154,9,1
rolloff85_p10,0.022256655618548393,9,1
bandwidth_p10,0.017043035477399826,9,1
rolloff85_std,0.015955695882439613,9,1
mfcc_2_p10,0.01433599554002285,9,1
mfcc_0_p90,0.014261526986956596,9,1
flatness_mean,0.01387867797166109,9,1
mfcc_1_p10,0.013857312500476837,9,1
mfcc_delta_0_p10,0.013203275389969349,9,1
mfcc_delta_0_p90,0.012441779486835003,9,1
contrast_4_p10,0.012354044243693352,9,1
rms_mean,0.012287956662476063,9,1
zero_crossing_rate_mean,0.012197677977383137,9,1
mfcc_3_p10,0.011725865304470062,9,1
centroid_p90,0.011335724964737892,9,1
mfcc_2_p90,0.011303297244012356,9,1
mfcc_15_std,0.011154050007462502,9,1
rolloff85_p90,0.011023529805243015,9,1
mfcc_6_mean,0.010383793152868748,9,1
mfcc_2_mean,0.009893390350043774,9,1
contrast_0_mean,0.009676117449998856,9,1
rms_p10,0.009370974265038967,9,1
rolloff85_mean,0.009134987369179726,9,1
mfcc_0_std,0.009077354334294796,9,1
contrast_4_mean,0.00898753385990858,9,1
mfcc_5_p90,0.008868452161550522,9,1
mfcc_1_p90,0.00883755274116993,9,1
mfcc_14_std,0.008716004900634289,9,1
contrast_1_mean,0.00866920966655016,9,1
contrast_0_p10,0.008174282498657703,9,1
contrast_5_p10,0.008148124441504478,9,1
mfcc_4_p90,0.00809624046087265,9,1
bandwidth_p90,0.007827090099453926,9,1
mfcc_15_mean,0.007680526934564114,9,1
mfcc_8_mean,0.007595224305987358,9,1
mfcc_1_mean,0.007485563866794109,9,1
bandwidth_std,0.007339507807046175,9,1
mfcc_6_p10,0.007018511649221182,9,1
contrast_3_p10,0.0069612800143659115,9,1
contrast_0_p90,0.006951821967959404,9,1
mfcc_16_std,0.006819013971835375,9,1
zero_crossing_rate_p90,0.006783565506339073,9,1
spectral_entropy_p10,0.006741777062416077,9,1
mfcc_14_mean,0.006735692732036114,9,1
rms_p90,0.00662217428907752,9,1
mfcc_4_p10,0.006529143080115318,9,1
mfcc_17_mean,0.0065009924583137035,9,1
mfcc_5_mean,0.00643319683149457,9,1
contrast_1_std,0.0059511116705834866,9,1
flatness_p10,0.005913691595196724,9,1
rms_std,0.005856530740857124,9,1
flatness_p90,0.00580625981092453,9,1
contrast_5_p90,0.005755478050559759,9,1
mfcc_13_std,0.0054176077246665955,9,1
contrast_5_mean,0.005204711575061083,9,1
contrast_5_std,0.00484730489552021,9,1
bandwidth_mean,0.02846597321331501,9,2
flatness_mean,0.01914178766310215,9,2
mfcc_1_p10,0.017999405041337013,9,2
contrast_1_mean,0.0165852140635252,9,2
contrast_5_p10,0.016332050785422325,9,2
mfcc_delta_0_p90,0.01567317545413971,9,2
mfcc_15_std,0.015496051870286465,9,2
spectral_entropy_p90,0.015254711732268333,9,2
rolloff85_std,0.014641840010881424,9,2
flatness_p10,0.014392768032848835,9,2
centroid_mean,0.013967563398182392,9,2
mfcc_16_std,0.013844611123204231,9,2
zero_crossing_rate_p10,0.013773592188954353,9,2
mfcc_1_p90,0.013521412387490273,9,2
mfcc_delta_0_std,0.012933970429003239,9,2
contrast_1_p90,0.01292345579713583,9,2
mfcc_0_std,0.012739351019263268,9,2
mfcc_14_std,0.012381603009998798,9,2
rms_p10,0.012348324060440063,9,2
mfcc_1_mean,0.012196004390716553,9,2
contrast_0_mean,0.01191949937492609,9,2
contrast_4_mean,0.011385880410671234,9,2
contrast_0_p90,0.011180713772773743,9,2
rms_mean,0.010811311192810535,9,2
contrast_3_p10,0.010662850923836231,9,2
mfcc_2_mean,0.010658850893378258,9,2
bandwidth_p10,0.010496197268366814,9,2
zero_crossing_rate_p90,0.010420804843306541,9,2
centroid_p90,0.009878706187009811,9,2
contrast_0_p10,0.00960285309702158,9,2
contrast_3_mean,0.009095131419599056,9,2
spectral_entropy_mean,0.009093127213418484,9,2
zero_crossing_rate_std,0.008554785512387753,9,2
spectral_entropy_p10,0.008470118045806885,9,2
mfcc_4_std,0.00840799231082201,9,2
rms_p90,0.008346413262188435,9,2
mfcc_2_p10,0.0079311802983284,9,2
mfcc_14_mean,0.007903757505118847,9,2
contrast_0_std,0.007830817252397537,9,2
mfcc_7_mean,0.007670935709029436,9,2
mfcc_8_mean,0.007528108078986406,9,2
rolloff85_p10,0.007525523658841848,9,2
contrast_5_mean,0.007334400434046984,9,2
contrast_1_p10,0.007158431224524975,9,2
dominant_frequency,0.007105600088834763,9,2
mfcc_2_p90,0.00686993170529604,9,2
flatness_p90,0.006573784630745649,9,2
mfcc_4_mean,0.00656849006190896,9,2
contrast_5_p90,0.0065517546609044075,9,2
mfcc_5_std,0.006486643571406603,9,2
mfcc_6_p90,0.006423244718462229,9,2
mfcc_17_p90,0.006380815524607897,9,2
rolloff85_mean,0.006037729326635599,9,2
centroid_p10,0.0060030813328921795,9,2
mfcc_3_p10,0.005870158318430185,9,2
bandwidth_p90,0.005813267547637224,9,2
mfcc_0_mean,0.00556606100872159,9,2
zero_crossing_rate_mean,0.005545333027839661,9,2
contrast_4_p90,0.005397397093474865,9,2
centroid_std,0.00537833571434021,9,2
mfcc_15_p10,0.032472673803567886,9,3
mfcc_15_mean,0.029211953282356262,9,3
bandwidth_mean,0.01958971656858921,9,3
mfcc_1_p10,0.016861077398061752,9,3
spectral_entropy_p90,0.016576549038290977,9,3
mfcc_1_mean,0.01654043234884739,9,3
contrast_5_p10,0.01645529828965664,9,3
zero_crossing_rate_p10,0.015313735231757164,9,3
mfcc_delta_0_std,0.01522540021687746,9,3
contrast_1_p10,0.014258889481425285,9,3
mfcc_delta_0_p90,0.013622148893773556,9,3
mfcc_13_std,0.013143441639840603,9,3
flatness_mean,0.012909543700516224,9,3
mfcc_2_mean,0.012630729004740715,9,3
mfcc_14_mean,0.012452813796699047,9,3
contrast_0_mean,0.012322339229285717,9,3
contrast_3_p10,0.011908301152288914,9,3
mfcc_2_p90,0.011857390403747559,9,3
mfcc_16_std,0.011260226368904114,9,3
contrast_5_mean,0.011232382617890835,9,3
mfcc_5_mean,0.010890512727200985,9,3
contrast_2_std,0.010627507232129574,9,3
mfcc_14_std,0.010460449382662773,9,3
mfcc_12_p90,0.010294035077095032,9,3
mfcc_3_mean,0.010274668224155903,9,3
mfcc_2_p10,0.009969225153326988,9,3
rolloff85_p10,0.00973993819206953,9,3
mfcc_17_mean,0.009421547874808311,9,3
rms_p10,0.009379162453114986,9,3
rms_mean,0.009192573837935925,9,3
contrast_0_p10,0.00886611733585596,9,3
mfcc_5_p90,0.008797864429652691,9,3
mfcc_3_p10,0.008749582804739475,9,3
contrast_4_mean,0.008435342460870743,9,3
mfcc_9_mean,0.00839981995522976,9,3
mfcc_4_mean,0.008362547494471073,9,3
mfcc_11_p10,0.00825167540460825,9,3
dominant_frequency,0.00816554855555296,9,3
contrast_1_mean,0.008146901614964008,9,3
bandwidth_p10,0.00786356721073389,9,3
mfcc_15_std,0.007735492195934057,9,3
mfcc_delta_2_p10,0.00750378193333745,9,3
bandwidth_p90,0.007465801201760769,9,3
contrast_5_p90,0.00735067343339324,9,3
mfcc_6_mean,0.0073114731349051,9,3
mfcc_6_p10,0.007220900151878595,9,3
mfcc_delta_0_p10,0.00694974884390831,9,3
contrast_4_p10,0.006799026858061552,9,3
centroid_mean,0.006766108796000481,9,3
contrast_2_p10,0.006751062348484993,9,3
flatness_std,0.006673082709312439,9,3
centroid_p10,0.00663986150175333,9,3
mfcc_1_p90,0.006632260978221893,9,3
rms_p90,0.006328477058559656,9,3
flatness_p10,0.0062705883756279945,9,3
mfcc_17_std,0.006242168135941029,9,3
contrast_0_p90,0.006077563855797052,9,3
mfcc_delta_1_std,0.006019662134349346,9,3
rolloff85_p90,0.005916832480579615,9,3
mfcc_6_p90,0.005904048681259155,9,3
mfcc_15_p10,0.0429697148501873,9,4
centroid_p90,0.03350701555609703,9,4
bandwidth_mean,0.0314968042075634,9,4
centroid_mean,0.029337262734770775,9,4
mfcc_13_mean,0.02489377371966839,9,4
mfcc_1_p10,0.022164884954690933,9,4
spectral_entropy_p90,0.020769162103533745,9,4
zero_crossing_rate_p10,0.015470591373741627,9,4
dominant_frequency,0.015402231365442276,9,4
contrast_4_p10,0.014385431073606014,9,4
contrast_4_mean,0.014367379248142242,9,4
zero_crossing_rate_mean,0.013788682408630848,9,4
rolloff85_std,0.013703777454793453,9,4
zero_crossing_rate_p90,0.01302872970700264,9,4
mfcc_delta_0_std,0.012837360613048077,9,4
mfcc_11_mean,0.012465434148907661,9,4
bandwidth_p10,0.012111846357584,9,4
mfcc_0_std,0.01207711175084114,9,4
mfcc_14_std,0.011973870918154716,9,4
contrast_5_p10,0.01189806405454874,9,4
contrast_1_p10,0.011628085747361183,9,4
contrast_1_std,0.010448693297803402,9,4
contrast_5_mean,0.010012499988079071,9,4
rolloff85_p90,0.009657101705670357,9,4
contrast_1_mean,0.009493574500083923,9,4
mfcc_15_std,0.009193683043122292,9,4
mfcc_13_std,0.00909030344337225,9,4
rms_p10,0.009012958966195583,9,4
mfcc_1_p90,0.00896370131522417,9,4
mfcc_2_mean,0.00852599460631609,9,4
mfcc_15_mean,0.008402912877500057,9,4
mfcc_1_mean,0.008252651430666447,9,4
mfcc_9_mean,0.0077265482395887375,9,4
mfcc_3_mean,0.007638203911483288,9,4
contrast_0_p10,0.007477222941815853,9,4
mfcc_17_p10,0.007413721643388271,9,4
mfcc_4_p90,0.007388911210000515,9,4
mfcc_17_mean,0.006829491350799799,9,4
rms_mean,0.006794908549636602,9,4
mfcc_3_p10,0.006727003958076239,9,4
contrast_5_p90,0.006714235991239548,9,4
contrast_2_mean,0.006687655579298735,9,4
mfcc_12_std,0.0064789955504238605,9,4
contrast_0_mean,0.006431384943425655,9,4
mfcc_9_p10,0.0064145042560994625,9,4
contrast_3_mean,0.006386954337358475,9,4
mfcc_5_mean,0.006369030103087425,9,4
mfcc_delta_0_p90,0.0062574404291808605,9,4
mfcc_2_p10,0.006213298067450523,9,4
contrast_4_p90,0.006158676464110613,9,4
mfcc_11_p90,0.006136334501206875,9,4
bandwidth_p90,0.006130113732069731,9,4
mfcc_5_p10,0.006039509084075689,9,4
centroid_p10,0.006023005116730928,9,4
mfcc_4_mean,0.0059488373808562756,9,4
mfcc_16_std,0.005947228986769915,9,4
contrast_0_p90,0.0055414121598005295,9,4
mfcc_2_p90,0.005453302524983883,9,4
mfcc_8_p10,0.005430918186903,9,4
contrast_3_p10,0.005310942884534597,9,4
