feature,gain,repeat,fold
mfcc_1_p10,0.10856389254331589,0,0
zero_crossing_rate_std,0.08238008618354797,0,0
contrast_4_mean,0.05962174013257027,0,0
contrast_2_std,0.03898891806602478,0,0
contrast_4_p90,0.03713034465909004,0,0
rms_mean,0.03619774058461189,0,0
spectral_entropy_p10,0.026571866124868393,0,0
mfcc_15_std,0.024913107976317406,0,0
mfcc_16_std,0.022543519735336304,0,0
dominant_frequency,0.021198077127337456,0,0
contrast_3_mean,0.01781330443918705,0,0
mfcc_15_p90,0.016833912581205368,0,0
rolloff85_p90,0.014317605644464493,0,0
contrast_5_p90,0.014003665186464787,0,0
mfcc_2_p90,0.012712715193629265,0,0
contrast_0_p90,0.012340019457042217,0,0
mfcc_1_mean,0.012229101732373238,0,0
mfcc_2_mean,0.011509044095873833,0,0
contrast_0_mean,0.010777926072478294,0,0
mfcc_11_mean,0.010644338093698025,0,0
mfcc_2_p10,0.009915642440319061,0,0
contrast_5_p10,0.009831835515797138,0,0
mfcc_11_p10,0.009320741519331932,0,0
centroid_p90,0.009292886592447758,0,0
zero_crossing_rate_p90,0.008389262482523918,0,0
contrast_4_p10,0.008188197389245033,0,0
contrast_0_std,0.008116554468870163,0,0
contrast_3_p90,0.008084122091531754,0,0
rolloff85_mean,0.007924184203147888,0,0
rms_p90,0.0076765865087509155,0,0
spectral_entropy_mean,0.007578732445836067,0,0
bandwidth_p90,0.007530785631388426,0,0
mfcc_14_std,0.007454355247318745,0,0
contrast_0_p10,0.00729032326489687,0,0
mfcc_8_p90,0.00728041585534811,0,0
contrast_5_mean,0.006907630246132612,0,0
dominant_frequency_ratio,0.006803660187870264,0,0
spectral_entropy_std,0.006730078719556332,0,0
contrast_4_std,0.00635524420067668,0,0
contrast_3_p10,0.006251584738492966,0,0
mfcc_4_p10,0.005880245007574558,0,0
contrast_3_std,0.005573076196014881,0,0
rms_p10,0.005484709516167641,0,0
mfcc_10_p10,0.0049604088999331,0,0
mfcc_3_p10,0.00481271231546998,0,0
flatness_std,0.004775967914611101,0,0
mfcc_6_mean,0.004760231822729111,0,0
mfcc_delta_0_std,0.004657978657633066,0,0
mfcc_17_p90,0.004335419740527868,0,0
zero_crossing_rate_p10,0.00433306721970439,0,0
bandwidth_std,0.004297562874853611,0,0
mfcc_8_mean,0.004218969959765673,0,0
bandwidth_mean,0.004200424067676067,0,0
mfcc_4_mean,0.004183995071798563,0,0
contrast_1_mean,0.004138641525059938,0,0
zero_crossing_rate_mean,0.004129727371037006,0,0
mfcc_delta_1_std,0.00401673698797822,0,0
contrast_1_p10,0.003958059474825859,0,0
mfcc_9_p90,0.003710848046466708,0,0
mfcc_8_p10,0.0035442200023680925,0,0
mfcc_1_p10,0.10874613374471664,0,1
contrast_4_mean,0.07745921611785889,0,1
contrast_0_p10,0.07530798763036728,0,1
contrast_2_std,0.05946866050362587,0,1
contrast_4_p90,0.04288027435541153,0,1
contrast_5_p90,0.03512655571103096,0,1
zero_crossing_rate_p90,0.033853400498628616,0,1
rms_mean,0.03218594938516617,0,1
mfcc_2_p90,0.020033834502100945,0,1
mfcc_1_mean,0.019383234903216362,0,1
spectral_entropy_p10,0.018528694286942482,0,1
contrast_0_mean,0.01736145280301571,0,1
mfcc_5_p90,0.013875383883714676,0,1
zero_crossing_rate_mean,0.011891684494912624,0,1
mfcc_8_p90,0.01184533815830946,0,1
contrast_3_mean,0.011538264341652393,0,1
mfcc_16_std,0.011072861962020397,0,1
mfcc_1_p90,0.010884232819080353,0,1
mfcc_15_std,0.010690761730074883,0,1
mfcc_0_mean,0.009905792772769928,0,1
mfcc_0_p90,0.009638885967433453,0,1
mfcc_5_mean,0.008907541632652283,0,1
rms_p10,0.008299997076392174,0,1
contrast_3_std,0.007855898700654507,0,1
mfcc_delta_6_std,0.007737902458757162,0,1
mfcc_8_mean,0.007635476533323526,0,1
mfcc_2_mean,0.007478966843336821,0,1
contrast_3_p90,0.007259673904627562,0,1
contrast_5_mean,0.007233463693410158,0,1
mfcc_14_std,0.007143604569137096,0,1
zero_crossing_rate_p10,0.007077990565448999,0,1
spectral_entropy_mean,0.0065973540768027306,0,1
mfcc_delta_0_std,0.005762916058301926,0,1
mfcc_12_p90,0.00575606431812048,0,1
flatness_mean,0.005415712483227253,0,1
centroid_mean,0.0053940932266414165,0,1
contrast_3_p10,0.005286543630063534,0,1
mfcc_3_mean,0.005280510522425175,0,1
rms_p90,0.005188600160181522,0,1
centroid_p10,0.004920555744320154,0,1
zero_crossing_rate_std,0.004876034799963236,0,1
rms_std,0.004709972534328699,0,1
contrast_1_p90,0.004697152879089117,0,1
contrast_0_p90,0.0045919762924313545,0,1
spectral_entropy_p90,0.004511023405939341,0,1
bandwidth_p90,0.00439358688890934,0,1
bandwidth_mean,0.004375247284770012,0,1
contrast_4_std,0.004106617067009211,0,1
mfcc_delta_1_std,0.004057120531797409,0,1
mfcc_11_p10,0.004020071122795343,0,1
mfcc_7_std,0.003941801842302084,0,1
mfcc_7_p10,0.0038688068743795156,0,1
mfcc_19_mean,0.0037830760702490807,0,1
rolloff85_mean,0.003774121403694153,0,1
mfcc_2_p10,0.0035814414732158184,0,1
contrast_5_p10,0.003578710136935115,0,1
contrast_1_mean,0.003515814198181033,0,1
centroid_p90,0.003431463148444891,0,1
contrast_0_std,0.00324590178206563,0,1
mfcc_19_p90,0.003223269246518612,0,1
mfcc_16_std,0.15346187353134155,0,2
rms_p10,0.07379082590341568,0,2
dominant_frequency,0.07355111092329025,0,2
contrast_0_p10,0.04286475107073784,0,2
rms_mean,0.03361973166465759,0,2
flatness_std,0.030567597597837448,0,2
contrast_2_std,0.02883259207010269,0,2
contrast_0_mean,0.026165248826146126,0,2
rolloff85_mean,0.02437061071395874,0,2
mfcc_14_std,0.02269434556365013,0,2
zero_crossing_rate_std,0.022170215845108032,0,2
rolloff85_p90,0.021356550976634026,0,2
flatness_mean,0.02002992108464241,0,2
flatness_p90,0.019730770960450172,0,2
mfcc_15_std,0.01714414730668068,0,2
mfcc_19_std,0.014212423004209995,0,2
contrast_0_std,0.01102195680141449,0,2
mfcc_4_p10,0.00978079717606306,0,2
mfcc_2_p10,0.009519737213850021,0,2
rms_std,0.008964198641479015,0,2
contrast_4_p90,0.008963213302195072,0,2
contrast_3_p10,0.008446545340120792,0,2
mfcc_delta_9_std,0.0078048426657915115,0,2
mfcc_18_std,0.007749756798148155,0,2
contrast_5_mean,0.007667811121791601,0,2
contrast_5_p10,0.0075632440857589245,0,2
mfcc_delta_0_std,0.007362358272075653,0,2
zero_crossing_rate_p90,0.0070457118563354015,0,2
contrast_5_p90,0.006896631326526403,0,2
mfcc_1_p90,0.006888546049594879,0,2
contrast_4_mean,0.006782895419746637,0,2
spectral_entropy_p90,0.006250631995499134,0,2
mfcc_2_mean,0.006242233794182539,0,2
mfcc_2_p90,0.006145879626274109,0,2
centroid_p10,0.0053916433826088905,0,2
contrast_3_mean,0.00515690166503191,0,2
mfcc_13_std,0.005025250371545553,0,2
mfcc_delta_14_std,0.004474102519452572,0,2
centroid_mean,0.004273186903446913,0,2
mfcc_19_p90,0.004272643476724625,0,2
mfcc_1_mean,0.004061545245349407,0,2
flatness_p10,0.00390413636341691,0,2
mfcc_12_std,0.0038742683827877045,0,2
mfcc_9_std,0.003772732336074114,0,2
mfcc_1_p10,0.003746036672964692,0,2
mfcc_6_mean,0.003707836614921689,0,2
mfcc_12_p90,0.003662266070023179,0,2
contrast_2_p90,0.003626831341534853,0,2
mfcc_3_p10,0.003502335399389267,0,2
rolloff85_std,0.0034000875893980265,0,2
contrast_0_p90,0.003397210966795683,0,2
rolloff85_p10,0.0033622209448367357,0,2
mfcc_delta_1_p90,0.0032933028414845467,0,2
mfcc_delta_0_p10,0.0031422812025994062,0,2
mfcc_7_std,0.0031104625668376684,0,2
contrast_3_p90,0.002955612726509571,0,2
mfcc_12_mean,0.002952317474409938,0,2
mfcc_delta_0_p90,0.002933182055130601,0,2
rms_p90,0.0029157826211303473,0,2
contrast_1_p90,0.0028855546843260527,0,2
mfcc_16_std,0.16252857446670532,0,3
contrast_2_std,0.08647095412015915,0,3
mfcc_15_std,0.045949939638376236,0,3
rms_p10,0.044939808547496796,0,3
contrast_0_p10,0.04413282126188278,0,3
flatness_p90,0.026946501806378365,0,3
spectral_entropy_p90,0.025431428104639053,0,3
mfcc_1_p10,0.02221650257706642,0,3
rolloff85_p90,0.02203250303864479,0,3
mfcc_2_mean,0.02015143260359764,0,3
mfcc_14_std,0.018099768087267876,0,3
spectral_entropy_p10,0.01688934676349163,0,3
rms_mean,0.01345080230385065,0,3
bandwidth_p10,0.012823307886719704,0,3
dominant_frequency,0.011149623431265354,0,3
zero_crossing_rate_mean,0.011008561588823795,0,3
contrast_2_p90,0.010581904090940952,0,3
mfcc_1_mean,0.01002332754433155,0,3
zero_crossing_rate_std,0.009992853738367558,0,3
mfcc_delta_8_std,0.0097731314599514,0,3
mfcc_2_p90,0.00972234271466732,0,3
dominant_frequency_ratio,0.009181816130876541,0,3
contrast_0_mean,0.009052300825715065,0,3
contrast_3_std,0.00902506709098816,0,3
mfcc_2_p10,0.00895382184535265,0,3
mfcc_delta_7_std,0.008514083921909332,0,3
mfcc_17_mean,0.00791868381202221,0,3
contrast_3_mean,0.007518977392464876,0,3
contrast_5_p10,0.007437990978360176,0,3
mfcc_delta_0_std,0.007040990982204676,0,3
spectral_entropy_mean,0.006613509263843298,0,3
rolloff85_mean,0.006408505141735077,0,3
contrast_5_mean,0.006390178110450506,0,3
mfcc_0_p10,0.006147830281406641,0,3
zero_crossing_rate_p10,0.006114717572927475,0,3
contrast_5_p90,0.006009467411786318,0,3
contrast_5_std,0.005549923051148653,0,3
rms_std,0.005331278312951326,0,3
contrast_3_p90,0.0052029467187821865,0,3
mfcc_8_mean,0.0051902178674936295,0,3
contrast_0_p90,0.004857294261455536,0,3
contrast_0_std,0.004567691590636969,0,3
flatness_mean,0.004433849360793829,0,3
contrast_4_mean,0.004391036927700043,0,3
mfcc_8_p90,0.0043637934140861034,0,3
mfcc_4_mean,0.0043340460397303104,0,3
zero_crossing_rate_p90,0.004026011098176241,0,3
contrast_3_p10,0.00401286780834198,0,3
mfcc_5_mean,0.003932640887796879,0,3
mfcc_delta_15_std,0.003926429897546768,0,3
mfcc_3_p10,0.0039194799028337,0,3
contrast_4_p90,0.0035392935387790203,0,3
flatness_p10,0.003332930849865079,0,3
mfcc_5_p90,0.0033076119143515825,0,3
mfcc_1_p90,0.0032943515107035637,0,3
mfcc_18_std,0.003247937886044383,0,3
mfcc_9_p90,0.003122904570773244,0,3
bandwidth_std,0.003035046858713031,0,3
mfcc_13_std,0.0029052665922790766,0,3
mfcc_delta_9_p90,0.0028902345802634954,0,3
mfcc_16_std,0.11389604955911636,0,4
contrast_2_std,0.09817652404308319,0,4
mfcc_15_std,0.06502325087785721,0,4
mfcc_2_mean,0.058101460337638855,0,4
mfcc_2_p10,0.04509107023477554,0,4
flatness_p90,0.028233341872692108,0,4
mfcc_14_std,0.02822045423090458,0,4
mfcc_2_p90,0.024716591462492943,0,4
mfcc_4_p10,0.019488878548145294,0,4
spectral_entropy_p90,0.016774293035268784,0,4
mfcc_3_std,0.014547573402523994,0,4
mfcc_4_mean,0.01419354509562254,0,4
mfcc_11_mean,0.013041655533015728,0,4
contrast_0_p90,0.012744909152388573,0,4
contrast_0_std,0.011802923865616322,0,4
dominant_frequency,0.011738292872905731,0,4
dominant_frequency_ratio,0.010487010702490807,0,4
rms_p10,0.01046075951308012,0,4
contrast_0_mean,0.01032982487231493,0,4
mfcc_delta_0_std,0.00996046420186758,0,4
mfcc_1_p10,0.009218244813382626,0,4
contrast_5_p90,0.008283828385174274,0,4
contrast_5_std,0.007476076018065214,0,4
mfcc_8_p90,0.006494662258774042,0,4
mfcc_delta_0_p10,0.0064087966457009315,0,4
contrast_4_p90,0.006236786488443613,0,4
contrast_5_p10,0.005604752339422703,0,4
mfcc_3_mean,0.005489150062203407,0,4
mfcc_13_std,0.005463763605803251,0,4
contrast_3_std,0.005223103798925877,0,4
contrast_0_p10,0.005184546113014221,0,4
mfcc_delta_13_std,0.005166389513760805,0,4
contrast_2_p90,0.005102071445435286,0,4
mfcc_0_p90,0.005088938400149345,0,4
mfcc_7_std,0.00504474900662899,0,4
zero_crossing_rate_std,0.005018005147576332,0,4
mfcc_5_p90,0.0049355910159647465,0,4
mfcc_delta_14_p10,0.0048223622143268585,0,4
zero_crossing_rate_p90,0.004749491810798645,0,4
contrast_4_mean,0.004669327288866043,0,4
contrast_5_mean,0.004622667096555233,0,4
mfcc_6_p90,0.004583122208714485,0,4
mfcc_delta_3_p10,0.004582514986395836,0,4
mfcc_14_p90,0.0045104906894266605,0,4
bandwidth_p90,0.0044611054472625256,0,4
mfcc_15_p90,0.0042207324877381325,0,4
rms_mean,0.00419647665694356,0,4
mfcc_1_mean,0.004157937131822109,0,4
centroid_mean,0.004137649666517973,0,4
mfcc_delta_1_p10,0.004116843920201063,0,4
rms_std,0.0041074506007134914,0,4
mfcc_3_p10,0.004079681821167469,0,4
rolloff85_mean,0.0038494577165693045,0,4
flatness_mean,0.0037665129639208317,0,4
mfcc_7_p90,0.003727720119059086,0,4
mfcc_12_p90,0.003671020735055208,0,4
mfcc_5_mean,0.0036662970669567585,0,4
contrast_4_p10,0.003608768107369542,0,4
flatness_std,0.0035960227251052856,0,4
mfcc_6_mean,0.00351650919765234,0,4
mfcc_1_p10,0.11621274799108505,1,0
contrast_4_mean,0.07093323767185211,1,0
zero_crossing_rate_std,0.0656900629401207,1,0
rms_mean,0.039130013436079025,1,0
contrast_2_std,0.03542220965027809,1,0
mfcc_1_p90,0.030304856598377228,1,0
contrast_4_p90,0.024885375052690506,1,0
dominant_frequency,0.022329354658722878,1,0
mfcc_16_std,0.021759608760476112,1,0
mfcc_15_std,0.020129568874835968,1,0
contrast_3_mean,0.015523983165621758,1,0
spectral_entropy_p10,0.013859163038432598,1,0
contrast_3_p90,0.013844083063304424,1,0
mfcc_2_p90,0.013682103715837002,1,0
mfcc_2_mean,0.013615512289106846,1,0
rolloff85_p90,0.01354731060564518,1,0
mfcc_15_p90,0.012457896023988724,1,0
contrast_4_p10,0.012035523541271687,1,0
centroid_p90,0.011342101730406284,1,0
mfcc_1_mean,0.010980481281876564,1,0
zero_crossing_rate_p10,0.010679724626243114,1,0
contrast_0_mean,0.010569846257567406,1,0
contrast_5_mean,0.010293703526258469,1,0
contrast_5_p90,0.010134209878742695,1,0
mfcc_3_p10,0.009559099562466145,1,0
mfcc_4_p10,0.009501752443611622,1,0
bandwidth_p90,0.009460872039198875,1,0
mfcc_11_mean,0.009345936588943005,1,0
spectral_entropy_p90,0.009053844958543777,1,0
mfcc_11_p10,0.008968803100287914,1,0
rms_p90,0.008063293993473053,1,0
mfcc_delta_11_std,0.008029045537114143,1,0
mfcc_14_std,0.007514918688684702,1,0
mfcc_2_p10,0.0073501961305737495,1,0
centroid_p10,0.007169269025325775,1,0
contrast_3_p10,0.006544296629726887,1,0
contrast_0_p10,0.006496312562376261,1,0
contrast_4_std,0.006291968747973442,1,0
contrast_5_p10,0.005899440031498671,1,0
mfcc_8_p90,0.005619571078568697,1,0
mfcc_delta_16_p90,0.005565158557146788,1,0
mfcc_delta_0_std,0.005452044773846865,1,0
rms_p10,0.005223686806857586,1,0
zero_crossing_rate_p90,0.005211681593209505,1,0
contrast_0_std,0.005056669935584068,1,0
contrast_0_p90,0.0050117867067456245,1,0
dominant_frequency_ratio,0.0048895543441176414,1,0
flatness_std,0.004573996644467115,1,0
mfcc_9_p90,0.0045155794359743595,1,0
contrast_1_mean,0.004471731372177601,1,0
flatness_p90,0.0040306877344846725,1,0
rolloff85_mean,0.0039260429330170155,1,0
bandwidth_mean,0.0038955656345933676,1,0
mfcc_15_mean,0.0038066443521529436,1,0
contrast_3_std,0.003773229196667671,1,0
mfcc_6_p90,0.0036445744335651398,1,0
mfcc_17_mean,0.0035057931672781706,1,0
mfcc_delta_1_std,0.0034905264619737864,1,0
zero_crossing_rate_mean,0.0034624545369297266,1,0
bandwidth_p10,0.0033163302578032017,1,0
mfcc_1_p10,0.11125566810369492,1,1
contrast_4_mean,0.08445633947849274,1,1
contrast_0_p10,0.08041269332170486,1,1
contrast_2_std,0.06717085093259811,1,1
zero_crossing_rate_p90,0.03573756292462349,1,1
contrast_4_p90,0.03463245555758476,1,1
rms_mean,0.03293200954794884,1,1
mfcc_2_p90,0.024941088631749153,1,1
contrast_5_p90,0.022649850696325302,1,1
contrast_0_mean,0.020884376019239426,1,1
mfcc_1_mean,0.019922934472560883,1,1
mfcc_16_std,0.016254309564828873,1,1
mfcc_5_mean,0.012859116308391094,1,1
contrast_3_std,0.012275923043489456,1,1
spectral_entropy_p10,0.011053130030632019,1,1
mfcc_1_p90,0.010693179443478584,1,1
mfcc_5_p90,0.00987234152853489,1,1
mfcc_8_p90,0.009151034988462925,1,1
contrast_5_mean,0.008507492020726204,1,1
mfcc_0_mean,0.008322381414473057,1,1
centroid_p90,0.00821683183312416,1,1
rms_p10,0.007955282926559448,1,1
mfcc_15_std,0.007787057664245367,1,1
mfcc_2_mean,0.007688896264880896,1,1
contrast_3_mean,0.007585350889712572,1,1
mfcc_delta_8_std,0.007385256700217724,1,1
zero_crossing_rate_mean,0.00725929532200098,1,1
zero_crossing_rate_std,0.007166127674281597,1,1
centroid_mean,0.006988102104514837,1,1
contrast_0_p90,0.006986486725509167,1,1
mfcc_delta_1_std,0.006929751485586166,1,1
contrast_3_p90,0.006639203988015652,1,1
mfcc_0_p90,0.006504481192678213,1,1
contrast_3_p10,0.006264727097004652,1,1
rms_p90,0.006135991308838129,1,1
contrast_4_p10,0.006108677014708519,1,1
zero_crossing_rate_p10,0.006039666943252087,1,1
rms_std,0.005707005504518747,1,1
contrast_0_std,0.005078026559203863,1,1
mfcc_delta_0_std,0.005049150437116623,1,1
mfcc_3_mean,0.004998065531253815,1,1
dominant_frequency,0.004795475862920284,1,1
centroid_p10,0.004761609714478254,1,1
mfcc_14_std,0.004658982157707214,1,1
bandwidth_p90,0.004581074696034193,1,1
mfcc_0_p10,0.0043201749213039875,1,1
dominant_frequency_ratio,0.0041607399471104145,1,1
spectral_entropy_mean,0.003919827286154032,1,1
rolloff85_mean,0.0038525082636624575,1,1
mfcc_4_p10,0.003822585567831993,1,1
mfcc_19_p90,0.0037875534035265446,1,1
rolloff85_p90,0.003701057517901063,1,1
spectral_entropy_p90,0.0036945438478142023,1,1
mfcc_11_p10,0.0035697242710739374,1,1
contrast_5_p10,0.003543004859238863,1,1
mfcc_14_p10,0.0035080856177955866,1,1
mfcc_delta_15_std,0.0034642294049263,1,1
mfcc_2_p10,0.0033575501292943954,1,1
mfcc_8_mean,0.0032245428301393986,1,1
contrast_4_std,0.003211402799934149,1,1
mfcc_16_std,0.16769002377986908,1,2
dominant_frequency,0.10057847946882248,1,2
contrast_0_mean,0.04379047080874443,1,2
contrast_0_p10,0.039166852831840515,1,2
rms_p10,0.03213081136345863,1,2
mfcc_15_std,0.02543533407151699,1,2
flatness_std,0.02370348572731018,1,2
zero_crossing_rate_std,0.022783789783716202,1,2
spectral_entropy_p10,0.020080994814634323,1,2
zero_crossing_rate_p90,0.020038189366459846,1,2
rolloff85_mean,0.017844971269369125,1,2
contrast_2_std,0.01769888773560524,1,2
mfcc_14_std,0.017161738127470016,1,2
flatness_p90,0.016255415976047516,1,2
rms_mean,0.01461030077189207,1,2
rolloff85_p90,0.014174802228808403,1,2
contrast_5_mean,0.011013981886208057,1,2
contrast_3_p10,0.010103899985551834,1,2
bandwidth_p10,0.009665940888226032,1,2
spectral_entropy_mean,0.008732709102332592,1,2
rms_p90,0.008664103224873543,1,2
mfcc_delta_0_std,0.008467313833534718,1,2
mfcc_1_p90,0.008222985081374645,1,2
contrast_4_p90,0.008199391886591911,1,2
contrast_0_std,0.007753012236207724,1,2
contrast_5_p10,0.007444913499057293,1,2
spectral_entropy_p90,0.0073839398100972176,1,2
zero_crossing_rate_mean,0.007314315065741539,1,2
contrast_4_mean,0.007238202728331089,1,2
mfcc_8_p90,0.006734977476298809,1,2
mfcc_12_p90,0.0064148083329200745,1,2
contrast_0_p90,0.006197184789925814,1,2
mfcc_15_p90,0.005959778092801571,1,2
mfcc_0_p10,0.005627059377729893,1,2
centroid_mean,0.005556103307753801,1,2
mfcc_2_p90,0.005550093483179808,1,2
mfcc_7_std,0.004948311019688845,1,2
rolloff85_p10,0.004677402786910534,1,2
mfcc_19_p90,0.0046440246514976025,1,2
flatness_mean,0.004480651579797268,1,2
mfcc_delta_14_std,0.004431255627423525,1,2
contrast_3_mean,0.004370212554931641,1,2
mfcc_1_p10,0.004263233859091997,1,2
mfcc_delta_14_p10,0.0041709900833666325,1,2
contrast_5_p90,0.004010352771729231,1,2
mfcc_1_mean,0.003998447675257921,1,2
mfcc_8_mean,0.003972818609327078,1,2
mfcc_9_p10,0.0039052965585142374,1,2
rms_std,0.0038753757253289223,1,2
mfcc_12_mean,0.0038113475311547518,1,2
mfcc_2_mean,0.0037240195088088512,1,2
mfcc_19_std,0.003679696936160326,1,2
mfcc_2_p10,0.0036316062323749065,1,2
mfcc_delta_9_p90,0.0035959691740572453,1,2
contrast_2_p90,0.0035270461812615395,1,2
mfcc_7_p10,0.0035109836608171463,1,2
bandwidth_mean,0.0035069421865046024,1,2
mfcc_13_p90,0.003460854757577181,1,2
mfcc_14_p90,0.003353059757500887,1,2
mfcc_13_std,0.003349174978211522,1,2
mfcc_16_std,0.18760940432548523,1,3
contrast_2_std,0.08991020172834396,1,3
contrast_0_p10,0.054362453520298004,1,3
rms_p10,0.045860763639211655,1,3
flatness_p90,0.033715587109327316,1,3
spectral_entropy_p90,0.030576428398489952,1,3
mfcc_15_std,0.02599572390317917,1,3
mfcc_14_std,0.02212812565267086,1,3
mfcc_1_p10,0.020563064143061638,1,3
mfcc_2_mean,0.019539695233106613,1,3
rms_mean,0.013492346741259098,1,3
contrast_2_p90,0.013023993000388145,1,3
spectral_entropy_p10,0.011835958808660507,1,3
mfcc_3_p10,0.011596500873565674,1,3
contrast_3_std,0.011155998334288597,1,3
zero_crossing_rate_mean,0.010430724360048771,1,3
mfcc_2_p90,0.010366923175752163,1,3
contrast_0_mean,0.010323924943804741,1,3
mfcc_1_mean,0.010064849629998207,1,3
spectral_entropy_mean,0.009295745752751827,1,3
dominant_frequency_ratio,0.00923700537532568,1,3
mfcc_2_p10,0.009022287093102932,1,3
zero_crossing_rate_std,0.008768935687839985,1,3
dominant_frequency,0.008549127727746964,1,3
contrast_3_mean,0.008173362351953983,1,3
mfcc_0_p90,0.008023153059184551,1,3
contrast_5_std,0.007856018841266632,1,3
contrast_0_std,0.007585263345390558,1,3
mfcc_delta_8_std,0.007250252179801464,1,3
bandwidth_mean,0.0071238246746361256,1,3
mfcc_8_mean,0.006696630269289017,1,3
flatness_mean,0.006469094660133123,1,3
mfcc_5_mean,0.006408142391592264,1,3
mfcc_delta_0_std,0.0060426113195717335,1,3
rms_p90,0.0059906248934566975,1,3
contrast_0_p90,0.0058358353562653065,1,3
rolloff85_p90,0.005512096919119358,1,3
mfcc_1_p90,0.005278968717902899,1,3
contrast_3_p90,0.0050765653140842915,1,3
contrast_5_p90,0.005049244966357946,1,3
bandwidth_std,0.004836549051105976,1,3
contrast_5_p10,0.004808638710528612,1,3
rms_std,0.004785408265888691,1,3
mfcc_delta_7_std,0.0044773537665605545,1,3
mfcc_13_std,0.004333497490733862,1,3
mfcc_delta_9_p10,0.004262270871549845,1,3
contrast_4_p90,0.004252821207046509,1,3
centroid_p90,0.004102323669940233,1,3
mfcc_5_p90,0.003976298030465841,1,3
mfcc_3_mean,0.003916816785931587,1,3
mfcc_0_p10,0.003908870276063681,1,3
mfcc_1_std,0.003798792604357004,1,3
contrast_5_mean,0.003700255649164319,1,3
mfcc_4_p10,0.0035977934021502733,1,3
contrast_4_mean,0.0034200376830995083,1,3
mfcc_8_p90,0.0033445730805397034,1,3
flatness_std,0.003105471609160304,1,3
mfcc_11_p10,0.003053803462535143,1,3
mfcc_6_p10,0.0029337594751268625,1,3
mfcc_4_mean,0.0027868240140378475,1,3
mfcc_16_std,0.16018331050872803,1,4
flatness_p90,0.07205211371183395,1,4
mfcc_2_mean,0.07047951221466064,1,4
contrast_2_std,0.045047782361507416,1,4
mfcc_2_p10,0.04420698434114456,1,4
mfcc_4_p10,0.0258589219301939,1,4
mfcc_2_p90,0.025405235588550568,1,4
mfcc_14_std,0.02392655611038208,1,4
mfcc_15_std,0.020349297672510147,1,4
mfcc_4_mean,0.019207358360290527,1,4
contrast_0_p90,0.017729487270116806,1,4
contrast_0_std,0.01669016294181347,1,4
spectral_entropy_p90,0.015559794381260872,1,4
mfcc_8_p90,0.01367927622050047,1,4
rms_p10,0.011545473709702492,1,4
mfcc_3_std,0.011048533953726292,1,4
mfcc_delta_0_std,0.010124688036739826,1,4
contrast_0_mean,0.009856976568698883,1,4
dominant_frequency_ratio,0.00978773832321167,1,4
mfcc_0_p90,0.007912763394415379,1,4
mfcc_delta_0_p10,0.007648522965610027,1,4
mfcc_3_mean,0.0076190703548491,1,4
mfcc_delta_9_p90,0.0068692415952682495,1,4
zero_crossing_rate_std,0.006792224943637848,1,4
contrast_4_p90,0.006680093705654144,1,4
contrast_5_p90,0.006584716495126486,1,4
mfcc_5_p90,0.006574602331966162,1,4
mfcc_1_p10,0.006429532077163458,1,4
contrast_2_p90,0.006134502589702606,1,4
mfcc_delta_9_std,0.006077783647924662,1,4
dominant_frequency,0.0059074112214148045,1,4
spectral_entropy_p10,0.0058661531656980515,1,4
mfcc_13_std,0.005725025665014982,1,4
spectral_entropy_mean,0.00564363831654191,1,4
contrast_5_p10,0.005590587854385376,1,4
zero_crossing_rate_p90,0.005325911566615105,1,4
contrast_0_p10,0.005235330667346716,1,4
contrast_5_mean,0.0051124319434165955,1,4
contrast_3_std,0.005030978471040726,1,4
rms_std,0.0048021068796515465,1,4
mfcc_6_p90,0.004590305034071207,1,4
mfcc_11_mean,0.004556630272418261,1,4
centroid_std,0.004520773887634277,1,4
mfcc_9_std,0.004442225210368633,1,4
mfcc_1_mean,0.00432271882891655,1,4
mfcc_5_std,0.004295539576560259,1,4
mfcc_0_mean,0.0041068606078624725,1,4
mfcc_8_mean,0.004101262893527746,1,4
mfcc_delta_14_std,0.0040784901939332485,1,4
mfcc_15_p90,0.003995598293840885,1,4
rolloff85_mean,0.0039855074137449265,1,4
contrast_3_mean,0.00387677364051342,1,4
mfcc_delta_13_std,0.0038105426356196404,1,4
rms_mean,0.003691417397931218,1,4
mfcc_19_p90,0.003675344865769148,1,4
centroid_mean,0.0036118098068982363,1,4
mfcc_delta_0_p90,0.003609469858929515,1,4
contrast_3_p10,0.0034445016644895077,1,4
contrast_4_mean,0.003365474985912442,1,4
contrast_3_p90,0.0031985838431864977,1,4
mfcc_1_p10,0.11414746940135956,2,0
zero_crossing_rate_std,0.09184356778860092,2,0
mfcc_15_std,0.050925590097904205,2,0
contrast_4_mean,0.04929587244987488,2,0
contrast_2_std,0.04145943000912666,2,0
rms_mean,0.03314545005559921,2,0
contrast_4_p90,0.027043234556913376,2,0
spectral_entropy_p10,0.026607675477862358,2,0
mfcc_16_std,0.023347418755292892,2,0
dominant_frequency,0.02214604616165161,2,0
mfcc_15_p90,0.01648477464914322,2,0
mfcc_2_p90,0.014371703378856182,2,0
contrast_3_mean,0.014253787696361542,2,0
mfcc_1_mean,0.014042389579117298,2,0
mfcc_3_p10,0.013951634056866169,2,0
contrast_5_p90,0.01355899777263403,2,0
mfcc_2_p10,0.012942850589752197,2,0
spectral_entropy_mean,0.011420576833188534,2,0
mfcc_11_mean,0.01119204517453909,2,0
contrast_3_p90,0.01114457007497549,2,0
dominant_frequency_ratio,0.009720910340547562,2,0
contrast_0_p10,0.009640958160161972,2,0
mfcc_14_std,0.009073153138160706,2,0
contrast_5_p10,0.008926939219236374,2,0
mfcc_2_mean,0.0077710566110908985,2,0
contrast_0_p90,0.007734128274023533,2,0
bandwidth_p90,0.007214297540485859,2,0
rms_p90,0.007092275656759739,2,0
contrast_5_mean,0.0070677329786121845,2,0
zero_crossing_rate_p10,0.007055207155644894,2,0
contrast_0_std,0.006932742428034544,2,0
rms_p10,0.006811573635786772,2,0
mfcc_delta_10_std,0.006688286550343037,2,0
mfcc_delta_16_p90,0.0065869856625795364,2,0
bandwidth_std,0.006271777208894491,2,0
rolloff85_p90,0.006178871262818575,2,0
mfcc_8_p90,0.005890544503927231,2,0
mfcc_4_p10,0.0056326366029679775,2,0
mfcc_11_p10,0.005507504101842642,2,0
centroid_p90,0.005298137199133635,2,0
contrast_0_mean,0.005246225744485855,2,0
rolloff85_mean,0.005181163549423218,2,0
zero_crossing_rate_mean,0.00497575756162405,2,0
zero_crossing_rate_p90,0.00494344113394618,2,0
flatness_std,0.004919013008475304,2,0
mfcc_delta_15_p10,0.004859738051891327,2,0
contrast_4_p10,0.004717725794762373,2,0
contrast_4_std,0.0045676156878471375,2,0
mfcc_10_p10,0.004547216929495335,2,0
mfcc_delta_0_std,0.004308534786105156,2,0
contrast_3_std,0.004266074858605862,2,0
centroid_p10,0.003856662893667817,2,0
mfcc_17_p90,0.003833677154034376,2,0
mfcc_15_mean,0.0037754846271127462,2,0
contrast_3_p10,0.0037657718639820814,2,0
mfcc_8_mean,0.0037271545734256506,2,0
contrast_1_p10,0.0037008076906204224,2,0
mfcc_delta_1_std,0.0035871558357030153,2,0
mfcc_12_p90,0.00346579821780324,2,0
bandwidth_mean,0.0034200281370431185,2,0
mfcc_1_p10,0.09968892484903336,2,1
contrast_4_mean,0.08348587900400162,2,1
contrast_0_p10,0.07472221553325653,2,1
contrast_2_std,0.05726296827197075,2,1
contrast_4_p90,0.04635398089885712,2,1
zero_crossing_rate_p90,0.04097709059715271,2,1
rms_mean,0.03796740621328354,2,1
contrast_5_p90,0.029431289061903954,2,1
zero_crossing_rate_mean,0.024724476039409637,2,1
mfcc_2_p90,0.021276364102959633,2,1
spectral_entropy_p10,0.0185990147292614,2,1
mfcc_5_p90,0.017700547352433205,2,1
contrast_0_mean,0.0161503404378891,2,1
mfcc_1_mean,0.0142995435744524,2,1
mfcc_5_mean,0.01176345907151699,2,1
mfcc_8_p90,0.01119620818644762,2,1
mfcc_8_mean,0.010127002373337746,2,1
contrast_3_std,0.010097839869558811,2,1
contrast_3_mean,0.009760105982422829,2,1
contrast_3_p90,0.009550264105200768,2,1
centroid_p10,0.009137201122939587,2,1
mfcc_14_std,0.008239798247814178,2,1
contrast_5_mean,0.008157734759151936,2,1
spectral_entropy_mean,0.00796364527195692,2,1
mfcc_0_mean,0.007445040158927441,2,1
mfcc_0_p90,0.007320489268749952,2,1
centroid_p90,0.006949062924832106,2,1
rms_std,0.00635154452174902,2,1
rms_p10,0.006280441302806139,2,1
mfcc_15_std,0.006134816445410252,2,1
mfcc_2_mean,0.006132193375378847,2,1
mfcc_delta_12_std,0.006056137848645449,2,1
zero_crossing_rate_p10,0.005963686387985945,2,1
mfcc_16_std,0.005939065013080835,2,1
contrast_5_p10,0.005365376826375723,2,1
contrast_0_p90,0.005360092967748642,2,1
contrast_4_std,0.0050279232673347,2,1
mfcc_12_p90,0.004593622405081987,2,1
mfcc_delta_0_std,0.0044999755918979645,2,1
zero_crossing_rate_std,0.004388702102005482,2,1
mfcc_delta_1_std,0.0043053640983998775,2,1
mfcc_3_mean,0.004283940885215998,2,1
spectral_entropy_p90,0.004195466637611389,2,1
mfcc_delta_1_p90,0.004101151134818792,2,1
rms_p90,0.00408016424626112,2,1
centroid_mean,0.004020559135824442,2,1
bandwidth_p90,0.004000162240117788,2,1
contrast_3_p10,0.00397488521412015,2,1
rolloff85_mean,0.0038965812418609858,2,1
mfcc_2_p10,0.003852137364447117,2,1
mfcc_1_p90,0.0036761306691914797,2,1
contrast_1_p10,0.0035816135350614786,2,1
mfcc_7_std,0.0034152145963162184,2,1
mfcc_4_std,0.003414412960410118,2,1
contrast_0_std,0.0032804913353174925,2,1
flatness_std,0.0031389505602419376,2,1
mfcc_11_p10,0.003133235964924097,2,1
contrast_4_p10,0.0030865531880408525,2,1
mfcc_8_p10,0.0030582621693611145,2,1
mfcc_4_p10,0.0030560859013348818,2,1
mfcc_16_std,0.1629452407360077,2,2
dominant_frequency,0.08740351349115372,2,2
contrast_2_std,0.05541635677218437,2,2
rms_p10,0.04608524218201637,2,2
contrast_0_p10,0.03230991214513779,2,2
mfcc_14_std,0.03098572976887226,2,2
flatness_p90,0.028803246095776558,2,2
flatness_mean,0.02745174989104271,2,2
flatness_std,0.026201272383332253,2,2
contrast_0_mean,0.023172225803136826,2,2
mfcc_15_std,0.021048028022050858,2,2
rolloff85_p90,0.020086001604795456,2,2
zero_crossing_rate_std,0.01515087578445673,2,2
mfcc_19_std,0.0133511982858181,2,2
rms_mean,0.012758604250848293,2,2
mfcc_1_p90,0.011924328282475471,2,2
rolloff85_mean,0.011706709861755371,2,2
spectral_entropy_mean,0.010055587626993656,2,2
mfcc_4_p10,0.010025481693446636,2,2
contrast_5_mean,0.009899481199681759,2,2
mfcc_12_p90,0.008357695303857327,2,2
mfcc_18_std,0.008079771883785725,2,2
contrast_4_p90,0.008063088171184063,2,2
contrast_5_p10,0.007711481768637896,2,2
zero_crossing_rate_p90,0.007367732468992472,2,2
mfcc_2_p10,0.007288120221346617,2,2
mfcc_delta_0_std,0.007109134923666716,2,2
spectral_entropy_p90,0.0066901203244924545,2,2
contrast_0_std,0.006643079686909914,2,2
rms_std,0.006304649170488119,2,2
contrast_3_p10,0.0062308902852237225,2,2
centroid_mean,0.006188077852129936,2,2
mfcc_19_p90,0.006169003900140524,2,2
mfcc_14_p90,0.006139830686151981,2,2
contrast_4_mean,0.005907070357352495,2,2
mfcc_2_mean,0.005586583167314529,2,2
contrast_3_mean,0.005509583745151758,2,2
mfcc_2_p90,0.005431103985756636,2,2
contrast_5_p90,0.005347633734345436,2,2
mfcc_18_p90,0.0052563645876944065,2,2
mfcc_7_std,0.005013859830796719,2,2
flatness_p10,0.0040682656690478325,2,2
contrast_0_p90,0.003971019294112921,2,2
contrast_1_p10,0.003933688625693321,2,2
mfcc_1_mean,0.003864574246108532,2,2
contrast_3_p90,0.003805865067988634,2,2
contrast_2_p90,0.003706291550770402,2,2
mfcc_5_p10,0.003706233808770776,2,2
mfcc_1_p10,0.003500012680888176,2,2
mfcc_delta_6_std,0.0031663095578551292,2,2
rms_p90,0.003099929541349411,2,2
mfcc_7_p10,0.002909489907324314,2,2
mfcc_delta_8_std,0.0028773110825568438,2,2
mfcc_8_mean,0.0027708732523024082,2,2
centroid_p10,0.0027558067813515663,2,2
mfcc_delta_1_std,0.002738518174737692,2,2
mfcc_15_p90,0.002736303023993969,2,2
mfcc_11_p10,0.0027100984007120132,2,2
zero_crossing_rate_p10,0.0026003646198660135,2,2
mfcc_delta_0_p10,0.002591085387393832,2,2
mfcc_16_std,0.17215490341186523,2,3
contrast_2_std,0.07669345289468765,2,3
mfcc_15_std,0.061346635222435,2,3
rms_p10,0.05172158032655716,2,3
contrast_0_p10,0.03449951484799385,2,3
flatness_p90,0.0283415038138628,2,3
mfcc_14_std,0.02168973721563816,2,3
mfcc_2_p10,0.019810376688838005,2,3
mfcc_1_p10,0.018741579726338387,2,3
mfcc_2_mean,0.0178354624658823,2,3
spectral_entropy_mean,0.017322631552815437,2,3
zero_crossing_rate_mean,0.01574341394007206,2,3
spectral_entropy_p90,0.01568567007780075,2,3
dominant_frequency,0.015383372083306313,2,3
spectral_entropy_p10,0.015237710438668728,2,3
zero_crossing_rate_std,0.015181493945419788,2,3
rms_mean,0.014497300609946251,2,3
contrast_2_p90,0.012227450497448444,2,3
contrast_0_mean,0.010032285936176777,2,3
mfcc_1_mean,0.009799984283745289,2,3
rms_std,0.00837309006601572,2,3
contrast_3_std,0.007967093959450722,2,3
mfcc_delta_0_std,0.00784324947744608,2,3
mfcc_delta_7_std,0.007734398357570171,2,3
mfcc_2_p90,0.007335892878472805,2,3
rolloff85_p90,0.007168572396039963,2,3
contrast_3_mean,0.006954758893698454,2,3
mfcc_delta_9_std,0.006891304161399603,2,3
contrast_3_p90,0.006649315822869539,2,3
mfcc_0_p90,0.006483582779765129,2,3
mfcc_0_p10,0.00631520664319396,2,3
contrast_5_std,0.006289105396717787,2,3
mfcc_delta_5_std,0.005881612654775381,2,3
contrast_5_p10,0.005700650159269571,2,3
dominant_frequency_ratio,0.005597549956291914,2,3
mfcc_8_mean,0.005433907266706228,2,3
rms_p90,0.005093588028103113,2,3
zero_crossing_rate_p10,0.005037391092628241,2,3
contrast_3_p10,0.0049485210329294205,2,3
flatness_mean,0.004814520478248596,2,3
mfcc_4_mean,0.004721709992736578,2,3
mfcc_1_p90,0.004675146657973528,2,3
mfcc_delta_8_std,0.004596523474901915,2,3
centroid_mean,0.004515036474913359,2,3
mfcc_19_mean,0.0045007262378931046,2,3
contrast_4_mean,0.004465095233172178,2,3
centroid_p90,0.00436768215149641,2,3
contrast_0_std,0.004292502999305725,2,3
mfcc_5_p90,0.004278718493878841,2,3
mfcc_8_p90,0.004176197573542595,2,3
mfcc_3_mean,0.004039315972477198,2,3
contrast_5_p90,0.0037916996516287327,2,3
mfcc_3_p10,0.003676986088976264,2,3
flatness_std,0.003603653283789754,2,3
contrast_5_mean,0.003471343545243144,2,3
bandwidth_mean,0.003432157449424267,2,3
mfcc_19_p90,0.0034319411497563124,2,3
mfcc_18_std,0.0032227307092398405,2,3
spectral_entropy_std,0.0032042916864156723,2,3
mfcc_4_p10,0.0031932529527693987,2,3
mfcc_16_std,0.1264134645462036,2,4
contrast_2_std,0.09622425585985184,2,4
mfcc_2_mean,0.07640085369348526,2,4
mfcc_15_std,0.03468721732497215,2,4
mfcc_2_p10,0.034617118537425995,2,4
flatness_p90,0.02921268530189991,2,4
mfcc_14_std,0.02601180598139763,2,4
mfcc_2_p90,0.02576981484889984,2,4
spectral_entropy_p90,0.022541185840964317,2,4
mfcc_4_p10,0.019108768552541733,2,4
contrast_0_std,0.014688314869999886,2,4
mfcc_4_mean,0.014123932458460331,2,4
contrast_0_p90,0.012878794223070145,2,4
mfcc_8_p90,0.01127400528639555,2,4
mfcc_3_std,0.01116146333515644,2,4
rms_p10,0.011097722686827183,2,4
dominant_frequency_ratio,0.010700881481170654,2,4
zero_crossing_rate_std,0.01067492924630642,2,4
mfcc_11_mean,0.01006792951375246,2,4
contrast_5_p90,0.00908339861780405,2,4
mfcc_delta_0_std,0.008834957145154476,2,4
mfcc_6_p90,0.008752088062465191,2,4
mfcc_1_p10,0.008615989238023758,2,4
mfcc_delta_14_p90,0.007530953735113144,2,4
contrast_0_mean,0.007390025537461042,2,4
dominant_frequency,0.007100400514900684,2,4
mfcc_0_p90,0.007052270695567131,2,4
mfcc_8_std,0.006491863168776035,2,4
spectral_entropy_mean,0.00628871563822031,2,4
contrast_2_p90,0.006069111172109842,2,4
contrast_4_mean,0.00577604491263628,2,4
contrast_3_p90,0.00539166945964098,2,4
contrast_3_std,0.005318670999258757,2,4
contrast_5_mean,0.005242685321718454,2,4
mfcc_14_p90,0.005194670986384153,2,4
mfcc_delta_8_std,0.00489165959879756,2,4
rolloff85_mean,0.004753365181386471,2,4
spectral_entropy_p10,0.00470485957339406,2,4
centroid_mean,0.00469646230340004,2,4
rms_mean,0.004573334474116564,2,4
mfcc_5_p90,0.0045235659927129745,2,4
contrast_4_p10,0.004502854309976101,2,4
contrast_0_p10,0.004435626789927483,2,4
contrast_5_p10,0.004404573701322079,2,4
zero_crossing_rate_p90,0.004403611179441214,2,4
mfcc_13_std,0.0042849695309996605,2,4
contrast_4_p90,0.0042487033642828465,2,4
mfcc_8_mean,0.0042228358797729015,2,4
contrast_5_std,0.004179251380264759,2,4
rolloff85_std,0.004152417182922363,2,4
mfcc_1_mean,0.004130266141146421,2,4
mfcc_delta_13_std,0.004036412574350834,2,4
zero_crossing_rate_mean,0.003836247371509671,2,4
mfcc_delta_0_p90,0.0037212753668427467,2,4
bandwidth_p90,0.003679360030218959,2,4
mfcc_7_p90,0.003675612388178706,2,4
mfcc_3_mean,0.0035876876208931208,2,4
mfcc_9_p90,0.0034245348069816828,2,4
mfcc_5_mean,0.0034030000679194927,2,4
mfcc_delta_0_p10,0.003354394342750311,2,4
mfcc_1_p10,0.12465815991163254,3,0
zero_crossing_rate_std,0.08008509874343872,3,0
contrast_4_mean,0.05443742871284485,3,0
contrast_0_p10,0.03938679024577141,3,0
contrast_4_p90,0.036141280084848404,3,0
rms_mean,0.03342432528734207,3,0
contrast_2_std,0.033089779317379,3,0
mfcc_15_std,0.03206702321767807,3,0
mfcc_16_std,0.025674642994999886,3,0
mfcc_1_p90,0.018560338765382767,3,0
mfcc_1_mean,0.016040507704019547,3,0
dominant_frequency,0.015218366868793964,3,0
rms_p10,0.014808406122028828,3,0
mfcc_2_p90,0.013794563710689545,3,0
contrast_5_p90,0.013544087298214436,3,0
zero_crossing_rate_p90,0.013279056176543236,3,0
contrast_3_p90,0.013122142292559147,3,0
contrast_3_mean,0.012914314866065979,3,0
mfcc_11_mean,0.01133042387664318,3,0
mfcc_3_p10,0.011017439886927605,3,0
rms_p90,0.01060172263532877,3,0
centroid_p10,0.010517038404941559,3,0
zero_crossing_rate_p10,0.009505681693553925,3,0
mfcc_delta_7_std,0.009050078690052032,3,0
dominant_frequency_ratio,0.008827701210975647,3,0
contrast_5_mean,0.008826942183077335,3,0
rolloff85_p90,0.008140487596392632,3,0
mfcc_2_p10,0.008100255392491817,3,0
mfcc_delta_16_std,0.007631395943462849,3,0
centroid_mean,0.007496363949030638,3,0
bandwidth_p90,0.007002038881182671,3,0
spectral_entropy_p90,0.006911911070346832,3,0
mfcc_2_mean,0.006910782307386398,3,0
mfcc_14_std,0.006684980355203152,3,0
mfcc_4_p10,0.006592808291316032,3,0
rolloff85_mean,0.006486292462795973,3,0
contrast_3_std,0.006214692257344723,3,0
mfcc_17_mean,0.005558301229029894,3,0
mfcc_delta_1_p10,0.005462310742586851,3,0
mfcc_delta_10_std,0.005382985342293978,3,0
contrast_4_std,0.00526114646345377,3,0
contrast_1_p10,0.005138998851180077,3,0
spectral_entropy_mean,0.005109318532049656,3,0
contrast_0_mean,0.005107204895466566,3,0
contrast_4_p10,0.004710495471954346,3,0
spectral_entropy_p10,0.00470523489639163,3,0
mfcc_delta_1_std,0.004455238580703735,3,0
mfcc_delta_0_p90,0.004397515207529068,3,0
mfcc_delta_0_std,0.004300327505916357,3,0
mfcc_11_p10,0.004295961000025272,3,0
mfcc_15_p90,0.004175662994384766,3,0
bandwidth_mean,0.004162121098488569,3,0
contrast_0_std,0.004115713760256767,3,0
flatness_std,0.0038548491429537535,3,0
mfcc_10_p10,0.003482519183307886,3,0
mfcc_3_mean,0.003442533314228058,3,0
centroid_p90,0.0034047786612063646,3,0
contrast_1_mean,0.003267922205850482,3,0
contrast_0_p90,0.0031873006373643875,3,0
contrast_5_p10,0.0031581823714077473,3,0
mfcc_1_p10,0.10860131680965424,3,1
contrast_0_p10,0.07597588002681732,3,1
contrast_4_mean,0.07521466910839081,3,1
contrast_2_std,0.05118450149893761,3,1
contrast_4_p90,0.041786279529333115,3,1
rms_mean,0.03542596846818924,3,1
zero_crossing_rate_p90,0.030771436169743538,3,1
mfcc_2_p90,0.025379523634910583,3,1
mfcc_5_mean,0.023228425532579422,3,1
mfcc_1_mean,0.02248823083937168,3,1
spectral_entropy_p10,0.020562490448355675,3,1
contrast_5_p90,0.020293723791837692,3,1
contrast_0_mean,0.01886541210114956,3,1
mfcc_5_p90,0.01297579426318407,3,1
mfcc_8_p90,0.012872288934886456,3,1
mfcc_1_p90,0.010334637947380543,3,1
zero_crossing_rate_mean,0.010145243257284164,3,1
mfcc_15_std,0.009885839186608791,3,1
mfcc_0_p90,0.009863356128334999,3,1
contrast_3_std,0.008780762553215027,3,1
contrast_0_p90,0.008533240295946598,3,1
rms_p10,0.008108874782919884,3,1
mfcc_2_mean,0.007881080731749535,3,1
mfcc_14_std,0.007862058468163013,3,1
mfcc_delta_7_std,0.0076820082031190395,3,1
mfcc_0_mean,0.007489586248993874,3,1
mfcc_8_mean,0.007254189811646938,3,1
zero_crossing_rate_p10,0.007153790444135666,3,1
centroid_mean,0.007079394068568945,3,1
contrast_5_mean,0.006814806722104549,3,1
flatness_std,0.006754329893738031,3,1
contrast_4_std,0.006684215739369392,3,1
spectral_entropy_mean,0.006534154526889324,3,1
mfcc_2_p10,0.006231412757188082,3,1
rms_std,0.006080066319555044,3,1
rms_p90,0.005738347303122282,3,1
mfcc_3_mean,0.005547058302909136,3,1
mfcc_delta_0_std,0.005511208903044462,3,1
mfcc_12_p90,0.005401922855526209,3,1
contrast_4_p10,0.004815269727259874,3,1
contrast_3_p90,0.004595985636115074,3,1
rolloff85_mean,0.004453314933925867,3,1
zero_crossing_rate_std,0.004183212295174599,3,1
bandwidth_std,0.0041744038462638855,3,1
mfcc_delta_1_std,0.004129114095121622,3,1
dominant_frequency,0.004019242245703936,3,1
spectral_entropy_p90,0.0039794254116714,3,1
mfcc_0_p10,0.003937971778213978,3,1
centroid_p10,0.0037854244001209736,3,1
contrast_1_p90,0.003677662927657366,3,1
mfcc_delta_6_std,0.003638114081695676,3,1
mfcc_4_p10,0.00363609055057168,3,1
mfcc_14_p10,0.0035876622423529625,3,1
mfcc_7_p10,0.0035397850442677736,3,1
contrast_3_mean,0.0034906473010778427,3,1
mfcc_8_p10,0.003441456239670515,3,1
contrast_5_p10,0.0033537764102220535,3,1
contrast_1_mean,0.0032923256512731314,3,1
mfcc_delta_8_std,0.003232005750760436,3,1
mfcc_delta_1_p90,0.003185116918757558,3,1
mfcc_16_std,0.13555948436260223,3,2
dominant_frequency,0.10881847888231277,3,2
rms_p10,0.06434544920921326,3,2
contrast_0_p10,0.03923261538147926,3,2
flatness_std,0.029334118589758873,3,2
contrast_2_std,0.02611120231449604,3,2
mfcc_0_p10,0.02337876707315445,3,2
mfcc_15_std,0.02184486575424671,3,2
zero_crossing_rate_std,0.020964449271559715,3,2
rolloff85_p90,0.020694192498922348,3,2
contrast_4_p90,0.01953267864882946,3,2
rms_mean,0.01921151950955391,3,2
mfcc_8_std,0.014103731140494347,3,2
mfcc_14_std,0.01383289135992527,3,2
flatness_p90,0.013652615249156952,3,2
contrast_0_mean,0.013520167209208012,3,2
contrast_0_std,0.011363801546394825,3,2
flatness_mean,0.011029369197785854,3,2
bandwidth_p10,0.011020831763744354,3,2
contrast_5_mean,0.009933201596140862,3,2
rolloff85_mean,0.009668204933404922,3,2
contrast_3_p10,0.009368033148348331,3,2
mfcc_18_std,0.008764206431806087,3,2
mfcc_2_p90,0.008731897920370102,3,2
zero_crossing_rate_p90,0.008296086452901363,3,2
mfcc_12_mean,0.008097315207123756,3,2
mfcc_delta_0_std,0.008074858225882053,3,2
contrast_5_p90,0.008048943243920803,3,2
mfcc_1_p90,0.0076449960470199585,3,2
contrast_4_mean,0.007431667763739824,3,2
contrast_3_p90,0.007260944228619337,3,2
rms_std,0.007212101947516203,3,2
mfcc_2_p10,0.007135872729122639,3,2
spectral_entropy_p90,0.006850447040051222,3,2
mfcc_2_mean,0.006618444807827473,3,2
contrast_5_p10,0.006203391123563051,3,2
mfcc_19_mean,0.006157668307423592,3,2
mfcc_12_p90,0.005544937215745449,3,2
mfcc_11_std,0.00549111794680357,3,2
mfcc_1_p10,0.005265964660793543,3,2
mfcc_9_std,0.005197259597480297,3,2
centroid_mean,0.00500528747215867,3,2
mfcc_10_mean,0.004987302236258984,3,2
contrast_3_mean,0.004741758108139038,3,2
contrast_0_p90,0.004691564943641424,3,2
mfcc_delta_7_std,0.004496015142649412,3,2
mfcc_7_std,0.004143450874835253,3,2
centroid_p90,0.004051393363624811,3,2
mfcc_1_mean,0.004017998464405537,3,2
mfcc_10_p10,0.00395673094317317,3,2
dominant_frequency_ratio,0.003947448916733265,3,2
contrast_2_p90,0.003937473054975271,3,2
mfcc_11_p10,0.003885074984282255,3,2
centroid_p10,0.0038814032450318336,3,2
mfcc_19_p90,0.003801298327744007,3,2
rms_p90,0.0036594863049685955,3,2
rolloff85_p10,0.0034499894827604294,3,2
zero_crossing_rate_mean,0.003416289109736681,3,2
bandwidth_mean,0.0032957380171865225,3,2
contrast_4_p10,0.003283450147137046,3,2
mfcc_16_std,0.1401969939470291,3,3
mfcc_2_p10,0.09070665389299393,3,3
contrast_2_std,0.08924175798892975,3,3
mfcc_2_p90,0.03969810530543327,3,3
mfcc_4_mean,0.029757842421531677,3,3
mfcc_15_std,0.029309624806046486,3,3
flatness_p90,0.025012098252773285,3,3
mfcc_13_std,0.023516584187746048,3,3
mfcc_14_std,0.022364551201462746,3,3
rms_p10,0.02210335247218609,3,3
contrast_0_p10,0.0192886833101511,3,3
mfcc_2_mean,0.015003207139670849,3,3
mfcc_4_p10,0.014023788273334503,3,3
mfcc_7_p90,0.012916826643049717,3,3
mfcc_delta_0_std,0.01139198150485754,3,3
contrast_0_p90,0.01028149388730526,3,3
zero_crossing_rate_p90,0.010055509395897388,3,3
zero_crossing_rate_std,0.009366008453071117,3,3
contrast_0_std,0.009234222583472729,3,3
mfcc_8_p90,0.008644132874906063,3,3
contrast_2_p90,0.008479860611259937,3,3
rms_std,0.00790178682655096,3,3
rms_mean,0.007886925712227821,3,3
mfcc_3_std,0.007766999304294586,3,3
contrast_4_mean,0.007736410945653915,3,3
contrast_4_p90,0.007720309775322676,3,3
spectral_entropy_p10,0.007641898933798075,3,3
mfcc_1_mean,0.007555430755019188,3,3
mfcc_delta_1_std,0.007430230267345905,3,3
mfcc_1_p10,0.0072219278663396835,3,3
mfcc_0_p90,0.007110679056495428,3,3
centroid_mean,0.007002313621342182,3,3
contrast_0_mean,0.006522670388221741,3,3
bandwidth_mean,0.006309976801276207,3,3
mfcc_19_mean,0.006227114703506231,3,3
rolloff85_p90,0.00606596888974309,3,3
rolloff85_mean,0.005920039024204016,3,3
mfcc_11_mean,0.005864888429641724,3,3
bandwidth_std,0.005567948333919048,3,3
mfcc_delta_9_std,0.005478277802467346,3,3
contrast_3_std,0.005244375206530094,3,3
mfcc_delta_14_std,0.0049407570622861385,3,3
flatness_p10,0.004927416797727346,3,3
mfcc_4_p90,0.004834992345422506,3,3
mfcc_8_mean,0.004701800178736448,3,3
mfcc_5_mean,0.004667097702622414,3,3
mfcc_12_p90,0.004643828608095646,3,3
mfcc_delta_6_std,0.004495337605476379,3,3
bandwidth_p90,0.004335678648203611,3,3
mfcc_1_p90,0.0042837513610720634,3,3
contrast_5_p90,0.004105703439563513,3,3
mfcc_11_p90,0.003949494566768408,3,3
contrast_5_mean,0.0038551934994757175,3,3
flatness_mean,0.0038139105308800936,3,3
mfcc_5_p90,0.0034687870647758245,3,3
mfcc_11_p10,0.0034467908553779125,3,3
spectral_entropy_p90,0.003402471076697111,3,3
centroid_std,0.003340480849146843,3,3
flatness_std,0.0033203568309545517,3,3
mfcc_delta_13_p10,0.0031639295630156994,3,3
mfcc_16_std,0.18251533806324005,3,4
contrast_2_std,0.09914330393075943,3,4
rms_p10,0.046777866780757904,3,4
mfcc_2_p10,0.04434140771627426,3,4
flatness_p90,0.03041769005358219,3,4
rms_mean,0.025302521884441376,3,4
mfcc_2_mean,0.024284573271870613,3,4
mfcc_1_p10,0.024219751358032227,3,4
contrast_0_p10,0.02282399870455265,3,4
mfcc_15_std,0.019205138087272644,3,4
mfcc_14_std,0.01859886199235916,3,4
mfcc_1_p90,0.014217122457921505,3,4
mfcc_delta_0_std,0.012729356065392494,3,4
mfcc_8_p90,0.012447713874280453,3,4
contrast_2_p90,0.011209783144295216,3,4
contrast_0_mean,0.011190181598067284,3,4
spectral_entropy_p90,0.011130318976938725,3,4
contrast_5_p90,0.010729813948273659,3,4
mfcc_2_p90,0.010541612282395363,3,4
contrast_5_std,0.009991857223212719,3,4
dominant_frequency,0.009072934277355671,3,4
rolloff85_mean,0.008788752369582653,3,4
mfcc_3_p10,0.008548520505428314,3,4
contrast_3_std,0.008530371822416782,3,4
zero_crossing_rate_p10,0.0084378682076931,3,4
rolloff85_p10,0.008220525458455086,3,4
flatness_std,0.007410896010696888,3,4
mfcc_1_mean,0.007351052947342396,3,4
zero_crossing_rate_p90,0.007326710503548384,3,4
mfcc_3_mean,0.005746922921389341,3,4
contrast_4_p90,0.005697145592421293,3,4
dominant_frequency_ratio,0.005333757493644953,3,4
mfcc_5_p90,0.005254380404949188,3,4
bandwidth_p90,0.005053280387073755,3,4
mfcc_4_p10,0.00499733816832304,3,4
mfcc_5_mean,0.00475715659558773,3,4
zero_crossing_rate_std,0.004604134242981672,3,4
centroid_p90,0.004476178903132677,3,4
mfcc_11_p10,0.0044616456143558025,3,4
mfcc_0_p90,0.004213843494653702,3,4
mfcc_0_std,0.004131141118705273,3,4
mfcc_delta_9_std,0.004040529951453209,3,4
mfcc_6_mean,0.0040208217687904835,3,4
rolloff85_p90,0.003947579767554998,3,4
mfcc_18_std,0.0038131107576191425,3,4
contrast_5_p10,0.003793717361986637,3,4
centroid_p10,0.003745394991710782,3,4
mfcc_4_mean,0.0037440485320985317,3,4
rms_p90,0.003686043433845043,3,4
mfcc_2_std,0.003548614913597703,3,4
centroid_mean,0.0035161441192030907,3,4
contrast_0_std,0.003500354243442416,3,4
contrast_5_mean,0.0034093144349753857,3,4
contrast_0_p90,0.003395511070266366,3,4
contrast_3_p90,0.0033022179268300533,3,4
spectral_entropy_p10,0.0032713126856833696,3,4
mfcc_delta_0_p10,0.003214184194803238,3,4
mfcc_delta_0_p90,0.0031735720112919807,3,4
mfcc_15_p90,0.003146328730508685,3,4
mfcc_13_p10,0.003134539583697915,3,4
mfcc_1_p10,0.10644702613353729,4,0
zero_crossing_rate_std,0.09474699199199677,4,0
mfcc_15_std,0.09028591215610504,4,0
mfcc_16_std,0.057135894894599915,4,0
contrast_2_std,0.03952807933092117,4,0
rms_mean,0.029509615153074265,4,0
contrast_4_mean,0.02732360176742077,4,0
dominant_frequency,0.024438364431262016,4,0
mfcc_3_p10,0.019776059314608574,4,0
rms_p90,0.019037147983908653,4,0
spectral_entropy_p10,0.015935106202960014,4,0
flatness_std,0.015167714096605778,4,0
mfcc_14_std,0.014865840785205364,4,0
contrast_4_p90,0.013907600194215775,4,0
contrast_3_p90,0.013019861653447151,4,0
mfcc_2_p90,0.012240136042237282,4,0
mfcc_19_mean,0.011496174149215221,4,0
mfcc_1_mean,0.010136157274246216,4,0
contrast_3_mean,0.010040516033768654,4,0
dominant_frequency_ratio,0.009911835193634033,4,0
mfcc_11_mean,0.009296126663684845,4,0
contrast_0_std,0.00920331571251154,4,0
mfcc_16_p90,0.009199067950248718,4,0
contrast_0_p10,0.00899425707757473,4,0
rolloff85_p90,0.008728982880711555,4,0
rms_p10,0.00756880221888423,4,0
mfcc_12_p90,0.007263359613716602,4,0
mfcc_delta_10_std,0.007052065338939428,4,0
mfcc_8_mean,0.006774417124688625,4,0
contrast_5_p90,0.006604906637221575,4,0
flatness_p90,0.006260934751480818,4,0
mfcc_8_p90,0.005964600946754217,4,0
zero_crossing_rate_p10,0.005946947727352381,4,0
mfcc_2_mean,0.005935642868280411,4,0
bandwidth_p90,0.0058567407540977,4,0
mfcc_4_p10,0.005510346498340368,4,0
centroid_p10,0.005286831874400377,4,0
mfcc_2_p10,0.005203002132475376,4,0
contrast_1_p90,0.005088042467832565,4,0
centroid_p90,0.004745007026940584,4,0
contrast_3_std,0.00470964377745986,4,0
contrast_4_std,0.004698604345321655,4,0
mfcc_11_p10,0.004668730776757002,4,0
mfcc_6_p90,0.004572237841784954,4,0
mfcc_17_mean,0.004535514861345291,4,0
mfcc_delta_0_std,0.0040926807560026646,4,0
zero_crossing_rate_p90,0.0039909156039357185,4,0
mfcc_delta_1_std,0.003951245918869972,4,0
centroid_mean,0.003907392267137766,4,0
mfcc_delta_8_std,0.003786712186411023,4,0
contrast_1_p10,0.003739576553925872,4,0
contrast_5_p10,0.0034583539236336946,4,0
mfcc_0_mean,0.0032374942675232887,4,0
rolloff85_mean,0.003234026487916708,4,0
mfcc_3_p90,0.0032280951272696257,4,0
bandwidth_p10,0.003210490569472313,4,0
contrast_5_mean,0.003190691815689206,4,0
bandwidth_mean,0.0031887723598629236,4,0
mfcc_7_p10,0.0030581641476601362,4,0
rolloff85_p10,0.0029830043204128742,4,0
mfcc_1_p10,0.09655842185020447,4,1
contrast_0_p10,0.08124852180480957,4,1
contrast_4_mean,0.07031127065420151,4,1
contrast_2_std,0.06368769705295563,4,1
contrast_4_p90,0.040715038776397705,4,1
rms_mean,0.032905302941799164,4,1
contrast_5_p90,0.02543921396136284,4,1
mfcc_2_p90,0.02391050010919571,4,1
zero_crossing_rate_p90,0.02030705101788044,4,1
contrast_0_mean,0.01983185112476349,4,1
mfcc_1_p90,0.019788425415754318,4,1
mfcc_16_std,0.019379479810595512,4,1
mfcc_1_mean,0.015358613803982735,4,1
mfcc_15_std,0.012375338934361935,4,1
spectral_entropy_p10,0.011923728510737419,4,1
mfcc_5_p90,0.011431501246988773,4,1
zero_crossing_rate_mean,0.010787933133542538,4,1
mfcc_5_mean,0.010110869072377682,4,1
mfcc_14_std,0.0098041370511055,4,1
contrast_3_std,0.009730808436870575,4,1
mfcc_8_p90,0.00941733829677105,4,1
mfcc_delta_7_std,0.009164921008050442,4,1
mfcc_0_p90,0.008929338306188583,4,1
rms_p90,0.008792756125330925,4,1
rms_p10,0.008789697661995888,4,1
mfcc_10_p10,0.008738168515264988,4,1
mfcc_delta_8_std,0.00794990174472332,4,1
mfcc_0_mean,0.007592578884214163,4,1
contrast_0_p90,0.00747193256393075,4,1
contrast_5_mean,0.007352802436798811,4,1
contrast_3_p90,0.007308332249522209,4,1
rms_std,0.006759172771126032,4,1
centroid_p10,0.00674072140827775,4,1
bandwidth_p90,0.0066138505935668945,4,1
contrast_4_p10,0.006563487928360701,4,1
mfcc_2_mean,0.006527354475110769,4,1
mfcc_delta_1_std,0.006342955399304628,4,1
dominant_frequency,0.0062119062058627605,4,1
contrast_3_mean,0.005798070691525936,4,1
mfcc_3_mean,0.0056818630546331406,4,1
flatness_std,0.005132642108947039,4,1
dominant_frequency_ratio,0.005006860010325909,4,1
flatness_mean,0.004799124784767628,4,1
mfcc_delta_0_std,0.0047038234770298,4,1
zero_crossing_rate_p10,0.00465249503031373,4,1
zero_crossing_rate_std,0.00460503064095974,4,1
mfcc_19_p90,0.004468792118132114,4,1
contrast_1_mean,0.0042888810858130455,4,1
spectral_entropy_mean,0.004255534615367651,4,1
mfcc_2_p10,0.004090571776032448,4,1
mfcc_12_p90,0.004071226343512535,4,1
mfcc_13_std,0.0039838445372879505,4,1
contrast_0_std,0.003975692205131054,4,1
contrast_5_p10,0.003972489852458239,4,1
contrast_3_p10,0.0039542559534311295,4,1
spectral_entropy_p90,0.0039291526190936565,4,1
centroid_mean,0.0038594966754317284,4,1
mfcc_4_std,0.0037560879718512297,4,1
centroid_p90,0.0035215241368860006,4,1
rolloff85_mean,0.003519228659570217,4,1
mfcc_16_std,0.1270923614501953,4,2
dominant_frequency,0.08879099786281586,4,2
contrast_0_mean,0.05168537050485611,4,2
contrast_2_std,0.0381634347140789,4,2
contrast_4_p90,0.03787276893854141,4,2
rms_p10,0.02586517482995987,4,2
flatness_std,0.024249009788036346,4,2
spectral_entropy_p10,0.02234972082078457,4,2
contrast_0_p10,0.022174524143338203,4,2
flatness_p90,0.020525876432657242,4,2
flatness_mean,0.01999371312558651,4,2
rms_mean,0.017446070909500122,4,2
rolloff85_p90,0.01712987758219242,4,2
mfcc_1_p90,0.017018496990203857,4,2
zero_crossing_rate_std,0.01596650294959545,4,2
mfcc_15_std,0.015653342008590698,4,2
mfcc_14_std,0.015079573728144169,4,2
zero_crossing_rate_p90,0.013748127035796642,4,2
rolloff85_mean,0.013625780120491982,4,2
contrast_2_p90,0.012596397660672665,4,2
mfcc_delta_0_std,0.012190067209303379,4,2
contrast_0_std,0.01189352199435234,4,2
mfcc_0_mean,0.011142171919345856,4,2
spectral_entropy_mean,0.010113426484167576,4,2
contrast_5_p10,0.0101096723228693,4,2
mfcc_1_mean,0.009467222727835178,4,2
flatness_p10,0.00910099595785141,4,2
contrast_4_mean,0.008836237713694572,4,2
contrast_3_p90,0.008655889891088009,4,2
mfcc_1_p10,0.00856071524322033,4,2
contrast_5_mean,0.0085128890350461,4,2
spectral_entropy_p90,0.008412332274019718,4,2
centroid_p90,0.007729324512183666,4,2
contrast_3_p10,0.006993354298174381,4,2
centroid_mean,0.005558112170547247,4,2
mfcc_8_mean,0.005477725062519312,4,2
rolloff85_p10,0.005292085465043783,4,2
zero_crossing_rate_mean,0.005238739307969809,4,2
contrast_5_p90,0.005146040581166744,4,2
rms_p90,0.005016570445150137,4,2
mfcc_12_p90,0.004899416584521532,4,2
zero_crossing_rate_p10,0.004880094435065985,4,2
mfcc_5_p10,0.004814076237380505,4,2
contrast_3_mean,0.004602762404829264,4,2
mfcc_8_p90,0.004590863361954689,4,2
rms_std,0.004497246351093054,4,2
dominant_frequency_ratio,0.004411156754940748,4,2
contrast_0_p90,0.004376478958874941,4,2
mfcc_delta_8_std,0.004292566794902086,4,2
mfcc_delta_14_std,0.004165122751146555,4,2
mfcc_2_p10,0.004034486133605242,4,2
mfcc_2_mean,0.003837540512904525,4,2
contrast_4_p10,0.00363685330376029,4,2
mfcc_19_std,0.003629466751590371,4,2
mfcc_delta_0_p10,0.0034737633541226387,4,2
mfcc_15_p90,0.0034127389080822468,4,2
bandwidth_p10,0.003408442484214902,4,2
centroid_p10,0.0031908247619867325,4,2
contrast_1_p10,0.003082598326727748,4,2
mfcc_2_p90,0.0030235499143600464,4,2
mfcc_16_std,0.16402293741703033,4,3
mfcc_2_p10,0.060544975101947784,4,3
contrast_2_std,0.05431060120463371,4,3
flatness_p90,0.04767968878149986,4,3
contrast_0_mean,0.036507539451122284,4,3
mfcc_2_mean,0.025659088045358658,4,3
mfcc_2_p90,0.025577964261174202,4,3
mfcc_14_std,0.02280852198600769,4,3
mfcc_4_mean,0.0215036328881979,4,3
contrast_0_p10,0.019184088334441185,4,3
mfcc_15_std,0.01843550242483616,4,3
mfcc_4_p10,0.015959760174155235,4,3
rms_p10,0.01539356354624033,4,3
zero_crossing_rate_std,0.01406347006559372,4,3
contrast_0_p90,0.013222669251263142,4,3
spectral_entropy_mean,0.013110977597534657,4,3
contrast_5_p90,0.010329924523830414,4,3
mfcc_1_mean,0.010204130783677101,4,3
mfcc_1_p90,0.01009175181388855,4,3
spectral_entropy_p90,0.010050446726381779,4,3
rms_p90,0.009177015163004398,4,3
mfcc_1_p10,0.008728692308068275,4,3
mfcc_13_p90,0.008384120650589466,4,3
spectral_entropy_p10,0.007565826177597046,4,3
mfcc_5_p90,0.007432070095092058,4,3
contrast_4_p90,0.007229209411889315,4,3
contrast_5_p10,0.007122803945094347,4,3
dominant_frequency_ratio,0.007103434763848782,4,3
rolloff85_p90,0.0070983534678816795,4,3
rms_std,0.006993280258029699,4,3
rolloff85_mean,0.00698881084099412,4,3
contrast_3_std,0.006809970363974571,4,3
rms_mean,0.006663659121841192,4,3
mfcc_delta_0_p10,0.006632640957832336,4,3
contrast_5_mean,0.006528347264975309,4,3
mfcc_delta_0_std,0.0060451519675552845,4,3
centroid_mean,0.005830081645399332,4,3
bandwidth_mean,0.005671958439052105,4,3
contrast_0_std,0.0056062364019453526,4,3
mfcc_0_p90,0.005516506731510162,4,3
rolloff85_p10,0.005453857593238354,4,3
mfcc_5_mean,0.005394237581640482,4,3
mfcc_delta_0_p90,0.005391860846430063,4,3
contrast_4_mean,0.005172458477318287,4,3
dominant_frequency,0.004828405100852251,4,3
mfcc_19_p90,0.00479977997019887,4,3
mfcc_0_mean,0.004684129264205694,4,3
mfcc_7_p90,0.0044630435295403,4,3
flatness_mean,0.004192987456917763,4,3
zero_crossing_rate_p90,0.004145760554820299,4,3
mfcc_delta_13_std,0.004075733013451099,4,3
mfcc_delta_8_std,0.004073167685419321,4,3
centroid_p10,0.003948023077100515,4,3
contrast_1_mean,0.0038771862164139748,4,3
bandwidth_p10,0.0038765675853937864,4,3
mfcc_8_p90,0.003723991336300969,4,3
contrast_1_p10,0.003691155696287751,4,3
bandwidth_p90,0.003604256547987461,4,3
contrast_5_std,0.003417783649638295,4,3
mfcc_9_std,0.0034118986222893,4,3
mfcc_16_std,0.17235861718654633,4,4
contrast_2_std,0.09408912062644958,4,4
mfcc_2_p10,0.051495689898729324,4,4
rms_p10,0.03876499459147453,4,4
mfcc_2_mean,0.029730094596743584,4,4
spectral_entropy_p90,0.0255709458142519,4,4
mfcc_1_p10,0.023366980254650116,4,4
flatness_p90,0.020101182162761688,4,4
rms_mean,0.018971584737300873,4,4
mfcc_15_std,0.018627382814884186,4,4
mfcc_14_std,0.017245382070541382,4,4
mfcc_8_p90,0.01551730278879404,4,4
contrast_2_p90,0.014064952731132507,4,4
mfcc_2_p90,0.012511027045547962,4,4
contrast_5_p90,0.011475690640509129,4,4
dominant_frequency,0.010987642221152782,4,4
mfcc_1_p90,0.010213680565357208,4,4
flatness_std,0.010034311562776566,4,4
contrast_0_std,0.009115622378885746,4,4
contrast_0_mean,0.009049240499734879,4,4
mfcc_3_p10,0.008903578855097294,4,4
mfcc_delta_0_std,0.008648081682622433,4,4
contrast_5_std,0.008565191179513931,4,4
contrast_3_std,0.008424914442002773,4,4
zero_crossing_rate_std,0.007914590649306774,4,4
mfcc_delta_8_std,0.00763349886983633,4,4
dominant_frequency_ratio,0.0075371903367340565,4,4
contrast_0_p10,0.007462239358574152,4,4
mfcc_1_mean,0.007328108884394169,4,4
mfcc_8_mean,0.005944940727204084,4,4
contrast_4_p90,0.005725754424929619,4,4
centroid_mean,0.005711515434086323,4,4
bandwidth_p90,0.005521087907254696,4,4
mfcc_12_p90,0.005473587661981583,4,4
rolloff85_mean,0.005414903163909912,4,4
mfcc_4_mean,0.0053572882898151875,4,4
zero_crossing_rate_p10,0.005122357979416847,4,4
centroid_p90,0.0050461008213460445,4,4
rolloff85_p10,0.0050352211110293865,4,4
mfcc_4_p10,0.0049018822610378265,4,4
mfcc_5_mean,0.004790708888322115,4,4
contrast_3_p90,0.0047509754076600075,4,4
rms_std,0.0045334515161812305,4,4
mfcc_delta_7_std,0.004506116267293692,4,4
rms_p90,0.004496192559599876,4,4
mfcc_16_p90,0.004473139066249132,4,4
mfcc_5_p90,0.004458141513168812,4,4
mfcc_delta_16_p90,0.004411646164953709,4,4
mfcc_3_mean,0.004408232402056456,4,4
flatness_mean,0.004057280253618956,4,4
mfcc_delta_9_std,0.004050820134580135,4,4
mfcc_7_p90,0.003917634021490812,4,4
mfcc_3_p90,0.003908087499439716,4,4
mfcc_delta_15_p10,0.003876958042383194,4,4
contrast_5_p10,0.0037811833899468184,4,4
mfcc_15_p90,0.00377605645917356,4,4
rolloff85_p90,0.003759168554097414,4,4
contrast_0_p90,0.0035721196327358484,4,4
mfcc_5_p10,0.0035537448711693287,4,4
spectral_entropy_mean,0.003515477292239666,4,4
mfcc_1_p10,0.1242559477686882,5,0
zero_crossing_rate_std,0.08332806080579758,5,0
contrast_4_mean,0.053212281316518784,5,0
contrast_2_std,0.033833906054496765,5,0
contrast_4_p90,0.031782764941453934,5,0
mfcc_16_std,0.029816269874572754,5,0
mfcc_15_std,0.02863113023340702,5,0
rms_mean,0.02855873852968216,5,0
mfcc_3_p10,0.021648280322551727,5,0
spectral_entropy_p10,0.0215589739382267,5,0
dominant_frequency,0.020227745175361633,5,0
mfcc_13_std,0.017288535833358765,5,0
mfcc_15_p90,0.016002923250198364,5,0
contrast_3_mean,0.014299758709967136,5,0
mfcc_2_p90,0.013539335690438747,5,0
mfcc_2_p10,0.012747302651405334,5,0
mfcc_1_mean,0.012433628551661968,5,0
dominant_frequency_ratio,0.01179652288556099,5,0
contrast_5_p90,0.01162880938500166,5,0
mfcc_11_mean,0.0108162397518754,5,0
contrast_0_p10,0.009921303018927574,5,0
centroid_p10,0.008541137911379337,5,0
zero_crossing_rate_p10,0.008524212054908276,5,0
contrast_3_p90,0.008447878994047642,5,0
mfcc_14_std,0.00829166267067194,5,0
spectral_entropy_p90,0.008198212832212448,5,0
mfcc_4_p10,0.007972871884703636,5,0
contrast_0_p90,0.0079197958111763,5,0
contrast_0_std,0.007541610859334469,5,0
rms_p90,0.007340490352362394,5,0
mfcc_11_p10,0.007115858606994152,5,0
rms_p10,0.006786780431866646,5,0
bandwidth_mean,0.006784981582313776,5,0
bandwidth_p90,0.00669529102742672,5,0
mfcc_2_mean,0.006310909520834684,5,0
rolloff85_p90,0.006272999104112387,5,0
contrast_5_mean,0.006228084210306406,5,0
contrast_4_p10,0.006178693380206823,5,0
mfcc_10_p10,0.006033414509147406,5,0
mfcc_12_p90,0.005880383774638176,5,0
contrast_4_std,0.00547929247841239,5,0
zero_crossing_rate_p90,0.005394032225012779,5,0
zero_crossing_rate_mean,0.005381068214774132,5,0
contrast_1_p10,0.005263753701001406,5,0
flatness_std,0.005256060045212507,5,0
mfcc_delta_1_std,0.004827855154871941,5,0
mfcc_12_mean,0.004730820190161467,5,0
rolloff85_mean,0.0046949139796197414,5,0
contrast_0_mean,0.004408708307892084,5,0
contrast_3_p10,0.004314212128520012,5,0
bandwidth_std,0.004262328613549471,5,0
mfcc_delta_0_std,0.004240247420966625,5,0
mfcc_8_mean,0.0042260694317519665,5,0
mfcc_8_p90,0.0038427324034273624,5,0
mfcc_delta_2_std,0.003713803831487894,5,0
mfcc_6_p90,0.0036513737868517637,5,0
mfcc_15_mean,0.003577738767489791,5,0
mfcc_3_mean,0.0035734751727432013,5,0
mfcc_7_p10,0.003566101659089327,5,0
mfcc_17_mean,0.003524710424244404,5,0
mfcc_1_p10,0.11112797260284424,5,1
contrast_0_p10,0.08552833646535873,5,1
contrast_4_mean,0.07633892446756363,5,1
contrast_2_std,0.05878118798136711,5,1
contrast_4_p90,0.036590490490198135,5,1
rms_mean,0.030618231743574142,5,1
rolloff85_mean,0.0299200601875782,5,1
zero_crossing_rate_p90,0.027473488822579384,5,1
contrast_5_p90,0.02344416081905365,5,1
spectral_entropy_p10,0.022454267367720604,5,1
mfcc_2_p90,0.020646797493100166,5,1
mfcc_1_mean,0.019184600561857224,5,1
contrast_0_mean,0.01612699404358864,5,1
mfcc_8_p90,0.015623217448592186,5,1
mfcc_5_p90,0.014241905882954597,5,1
mfcc_1_p90,0.012566368095576763,5,1
mfcc_8_mean,0.011582436971366405,5,1
mfcc_5_mean,0.010725671425461769,5,1
contrast_3_p90,0.009227014146745205,5,1
mfcc_15_std,0.008474037982523441,5,1
mfcc_0_p90,0.008457197807729244,5,1
rms_p10,0.008224179036915302,5,1
mfcc_14_std,0.008158192969858646,5,1
rms_p90,0.007828162983059883,5,1
zero_crossing_rate_mean,0.00774419168010354,5,1
flatness_std,0.007658652029931545,5,1
contrast_3_mean,0.0075095780193805695,5,1
contrast_3_std,0.007463653571903706,5,1
dominant_frequency,0.007200844585895538,5,1
mfcc_delta_7_std,0.0071870991960167885,5,1
contrast_5_mean,0.007013664115220308,5,1
mfcc_2_mean,0.0067122518084943295,5,1
rms_std,0.006384639069437981,5,1
centroid_mean,0.00634681386873126,5,1
mfcc_0_mean,0.006337407045066357,5,1
zero_crossing_rate_p10,0.006216768641024828,5,1
mfcc_12_p90,0.006186277139931917,5,1
contrast_0_p90,0.0056235576048493385,5,1
spectral_entropy_mean,0.005446564871817827,5,1
mfcc_delta_0_std,0.005206183064728975,5,1
mfcc_2_p10,0.004882703069597483,5,1
mfcc_10_p10,0.0046243309043347836,5,1
contrast_1_p10,0.004246372263878584,5,1
mfcc_10_mean,0.004244024399667978,5,1
spectral_entropy_p90,0.004204506520181894,5,1
mfcc_14_p10,0.004124523140490055,5,1
mfcc_delta_1_std,0.0039988923817873,5,1
zero_crossing_rate_std,0.003923694137483835,5,1
mfcc_3_mean,0.003815264208242297,5,1
contrast_4_std,0.00368090090341866,5,1
mfcc_delta_0_p10,0.0036571482196450233,5,1
mfcc_8_p10,0.003428882919251919,5,1
centroid_p10,0.0033707201946526766,5,1
contrast_5_p10,0.003366670571267605,5,1
flatness_mean,0.003242800012230873,5,1
flatness_p10,0.0032375443261116743,5,1
mfcc_delta_6_std,0.00322319520637393,5,1
contrast_4_p10,0.0032198578119277954,5,1
mfcc_0_p10,0.003190424293279648,5,1
mfcc_0_std,0.0031040257308632135,5,1
mfcc_16_std,0.15983381867408752,5,2
dominant_frequency,0.06793926656246185,5,2
rms_p10,0.05727192386984825,5,2
contrast_2_std,0.05637334659695625,5,2
rolloff85_mean,0.03233414143323898,5,2
rms_mean,0.028835099190473557,5,2
contrast_0_p10,0.025413090363144875,5,2
flatness_std,0.024760067462921143,5,2
flatness_p90,0.02304217591881752,5,2
centroid_mean,0.021392473950982094,5,2
zero_crossing_rate_std,0.020147224888205528,5,2
mfcc_14_std,0.01991482451558113,5,2
contrast_0_mean,0.018692567944526672,5,2
contrast_3_p90,0.016927627846598625,5,2
mfcc_15_std,0.013769567012786865,5,2
mfcc_0_p10,0.012552718631923199,5,2
rms_std,0.011716952547430992,5,2
contrast_4_p90,0.010866883210837841,5,2
contrast_2_p90,0.010691455565392971,5,2
contrast_3_p10,0.010339527390897274,5,2
spectral_entropy_p90,0.01009643729776144,5,2
centroid_p90,0.009534966200590134,5,2
mfcc_2_p10,0.009275703690946102,5,2
rolloff85_p90,0.00898395199328661,5,2
mfcc_delta_14_std,0.008188644424080849,5,2
contrast_0_std,0.008116589859127998,5,2
contrast_5_mean,0.00784999132156372,5,2
mfcc_2_p90,0.00740439910441637,5,2
contrast_5_p90,0.007245376706123352,5,2
mfcc_1_p90,0.007176575250923634,5,2
rms_p90,0.007113159168511629,5,2
flatness_mean,0.007089704740792513,5,2
spectral_entropy_p10,0.0067719630897045135,5,2
contrast_4_mean,0.006590049248188734,5,2
mfcc_delta_0_std,0.006581734865903854,5,2
zero_crossing_rate_p90,0.006341096945106983,5,2
contrast_5_p10,0.0060734874568879604,5,2
contrast_3_mean,0.005861314479261637,5,2
contrast_1_p10,0.00464051216840744,5,2
mfcc_1_p10,0.004571906756609678,5,2
mfcc_1_mean,0.004346304107457399,5,2
mfcc_3_p10,0.004251602105796337,5,2
mfcc_2_mean,0.00423059519380331,5,2
mfcc_4_p10,0.004180189222097397,5,2
mfcc_6_std,0.00392061285674572,5,2
bandwidth_p10,0.003891745815053582,5,2
mfcc_12_mean,0.003724419977515936,5,2
mfcc_12_p90,0.0037212655879557133,5,2
mfcc_10_p10,0.003652970539405942,5,2
contrast_0_p90,0.0036422028206288815,5,2
mfcc_6_mean,0.0035333195701241493,5,2
mfcc_4_mean,0.003116778563708067,5,2
mfcc_3_mean,0.0031098821200430393,5,2
mfcc_9_p90,0.0030676228925585747,5,2
mfcc_delta_0_p10,0.002968622837215662,5,2
mfcc_8_p10,0.0029520096722990274,5,2
mfcc_19_p90,0.0029517814982682467,5,2
mfcc_11_p10,0.002926350338384509,5,2
mfcc_8_p90,0.002926069311797619,5,2
centroid_p10,0.0029130233451724052,5,2
mfcc_16_std,0.16857755184173584,5,3
contrast_2_std,0.07599794119596481,5,3
contrast_0_p10,0.04601150006055832,5,3
mfcc_15_std,0.04190593585371971,5,3
mfcc_2_p10,0.0385180339217186,5,3
rms_p10,0.032637737691402435,5,3
flatness_p90,0.02408508025109768,5,3
mfcc_2_mean,0.018168792128562927,5,3
contrast_0_mean,0.017816618084907532,5,3
mfcc_14_std,0.017721811309456825,5,3
mfcc_1_p10,0.01770780049264431,5,3
rms_mean,0.017194921150803566,5,3
spectral_entropy_p90,0.01647133007645607,5,3
dominant_frequency,0.01590568758547306,5,3
contrast_5_p90,0.01523382868617773,5,3
spectral_entropy_p10,0.01516706682741642,5,3
zero_crossing_rate_std,0.014762375503778458,5,3
mfcc_delta_7_std,0.011604850180447102,5,3
mfcc_delta_0_std,0.011503548361361027,5,3
mfcc_2_p90,0.010323948226869106,5,3
dominant_frequency_ratio,0.009957135654985905,5,3
spectral_entropy_mean,0.00987662561237812,5,3
mfcc_8_p90,0.009642161428928375,5,3
mfcc_delta_8_std,0.009397746063768864,5,3
contrast_3_std,0.008929239585995674,5,3
flatness_p10,0.008062715642154217,5,3
rms_p90,0.007841289974749088,5,3
bandwidth_mean,0.00765347620472312,5,3
mfcc_18_std,0.007568106055259705,5,3
centroid_p10,0.0074687073938548565,5,3
contrast_0_std,0.007435031700879335,5,3
mfcc_17_mean,0.00673547713086009,5,3
mfcc_delta_5_std,0.006632786709815264,5,3
rolloff85_mean,0.006248404271900654,5,3
contrast_5_p10,0.006123521830886602,5,3
flatness_mean,0.0059443628415465355,5,3
rms_std,0.005480692721903324,5,3
mfcc_1_mean,0.005467867478728294,5,3
contrast_2_p90,0.005297334864735603,5,3
mfcc_0_p90,0.0052440655417740345,5,3
contrast_3_p90,0.005237766075879335,5,3
zero_crossing_rate_p10,0.005160565488040447,5,3
contrast_3_mean,0.005151655059307814,5,3
mfcc_8_mean,0.005086419638246298,5,3
zero_crossing_rate_p90,0.005063692573457956,5,3
mfcc_delta_9_p10,0.004509761463850737,5,3
flatness_std,0.004508564714342356,5,3
mfcc_3_p10,0.004419935401529074,5,3
mfcc_4_mean,0.004381272941827774,5,3
mfcc_5_mean,0.0043774619698524475,5,3
contrast_4_mean,0.004127176012843847,5,3
contrast_0_p90,0.003790611634030938,5,3
mfcc_4_p10,0.0037696862127631903,5,3
mfcc_7_std,0.0034964734222739935,5,3
mfcc_5_p90,0.0034179554786533117,5,3
mfcc_13_p90,0.003382533323019743,5,3
mfcc_delta_0_p90,0.0032374407164752483,5,3
contrast_5_mean,0.0031283050775527954,5,3
mfcc_11_p10,0.003068069228902459,5,3
mfcc_1_p90,0.002914370968937874,5,3
mfcc_16_std,0.14297424256801605,5,4
contrast_2_std,0.0819297805428505,5,4
mfcc_2_mean,0.05484409257769585,5,4
mfcc_15_std,0.05114008113741875,5,4
flatness_p90,0.04905799403786659,5,4
mfcc_2_p10,0.029141848906874657,5,4
contrast_0_std,0.027157463133335114,5,4
mfcc_14_std,0.025105856359004974,5,4
mfcc_4_p10,0.023437153548002243,5,4
mfcc_2_p90,0.021408172324299812,5,4
contrast_0_p90,0.015169178135693073,5,4
zero_crossing_rate_std,0.015083401463925838,5,4
rms_p10,0.014660532586276531,5,4
dominant_frequency_ratio,0.012787719257175922,5,4
spectral_entropy_p90,0.012183718383312225,5,4
contrast_5_p90,0.010658787563443184,5,4
mfcc_3_std,0.010430100373923779,5,4
mfcc_4_mean,0.009628272615373135,5,4
dominant_frequency,0.009088610298931599,5,4
contrast_0_mean,0.008928326889872551,5,4
mfcc_11_mean,0.008733140304684639,5,4
contrast_3_std,0.007940168492496014,5,4
mfcc_delta_0_std,0.007930462248623371,5,4
mfcc_delta_15_p10,0.007151077501475811,5,4
mfcc_delta_13_std,0.007076370995491743,5,4
spectral_entropy_mean,0.007004893384873867,5,4
flatness_mean,0.00640920689329505,5,4
mfcc_0_mean,0.005981236696243286,5,4
mfcc_1_p10,0.005779291968792677,5,4
mfcc_5_p90,0.005722645204514265,5,4
contrast_5_std,0.005541370715945959,5,4
mfcc_13_std,0.0054684532806277275,5,4
contrast_4_p90,0.005441309884190559,5,4
contrast_2_p90,0.005355400033295155,5,4
mfcc_8_p90,0.005341853480786085,5,4
contrast_5_p10,0.005128195509314537,5,4
mfcc_delta_0_p10,0.004956962540745735,5,4
contrast_5_mean,0.004865135531872511,5,4
contrast_4_p10,0.004836750216782093,5,4
contrast_0_p10,0.004712953232228756,5,4
contrast_4_mean,0.0046933903358876705,5,4
mfcc_0_p90,0.004623835906386375,5,4
mfcc_15_p90,0.00455852085724473,5,4
mfcc_9_std,0.004470842890441418,5,4
mfcc_1_mean,0.0044602262787520885,5,4
flatness_std,0.004441295750439167,5,4
mfcc_delta_13_p90,0.004404331091791391,5,4
mfcc_delta_0_p90,0.004250671714544296,5,4
rolloff85_mean,0.004215294029563665,5,4
mfcc_19_p90,0.0040832022204995155,5,4
rms_mean,0.0038997477386146784,5,4
zero_crossing_rate_p90,0.0037737556267529726,5,4
rms_std,0.0037269059102982283,5,4
mfcc_delta_8_p10,0.0037127737887203693,5,4
mfcc_6_p90,0.003592658555135131,5,4
mfcc_0_p10,0.0035564869176596403,5,4
spectral_entropy_p10,0.0033613184932619333,5,4
mfcc_1_p90,0.003321153111755848,5,4
mfcc_12_p90,0.003217861754819751,5,4
bandwidth_p90,0.0032116565853357315,5,4
mfcc_1_p10,0.1075235903263092,6,0
zero_crossing_rate_std,0.08737032860517502,6,0
mfcc_15_std,0.08092451095581055,6,0
mfcc_16_std,0.04689371958374977,6,0
contrast_2_std,0.035125818103551865,6,0
rms_mean,0.03451748192310333,6,0
contrast_4_mean,0.028678840026259422,6,0
dominant_frequency,0.026906808838248253,6,0
contrast_4_p90,0.020247137174010277,6,0
rms_p90,0.018884573131799698,6,0
spectral_entropy_p10,0.017949022352695465,6,0
mfcc_3_p10,0.014611576683819294,6,0
mfcc_2_p90,0.013216225430369377,6,0
flatness_std,0.012967455200850964,6,0
mfcc_1_mean,0.010881832800805569,6,0
contrast_3_mean,0.010864385403692722,6,0
mfcc_8_p90,0.010799191892147064,6,0
mfcc_14_std,0.010425775311887264,6,0
contrast_0_std,0.010011166334152222,6,0
contrast_0_p90,0.009687625803053379,6,0
dominant_frequency_ratio,0.009549178183078766,6,0
contrast_0_p10,0.009396958164870739,6,0
mfcc_11_mean,0.009166237898170948,6,0
contrast_5_p90,0.008235708810389042,6,0
flatness_p90,0.0078072259202599525,6,0
mfcc_12_p90,0.007524299435317516,6,0
mfcc_8_mean,0.007486718241125345,6,0
mfcc_14_p90,0.007465703878551722,6,0
mfcc_2_p10,0.007416103035211563,6,0
mfcc_0_p10,0.007300110068172216,6,0
mfcc_17_p90,0.0068242186680436134,6,0
rolloff85_p90,0.006432912778109312,6,0
zero_crossing_rate_p90,0.006285327021032572,6,0
contrast_3_p90,0.006239992566406727,6,0
mfcc_2_mean,0.006019758991897106,6,0
mfcc_11_p90,0.005973328836262226,6,0
bandwidth_p90,0.005958110094070435,6,0
rms_p10,0.0058555202558636665,6,0
contrast_1_p10,0.005840933881700039,6,0
mfcc_10_p10,0.0054473658092319965,6,0
contrast_0_mean,0.005355517845600843,6,0
contrast_3_std,0.004915935453027487,6,0
mfcc_4_p10,0.004884263500571251,6,0
zero_crossing_rate_p10,0.004815663676708937,6,0
contrast_5_mean,0.00469556637108326,6,0
mfcc_13_p90,0.004673589952290058,6,0
centroid_mean,0.004601568914949894,6,0
mfcc_19_p90,0.004491720348596573,6,0
centroid_p90,0.004440003074705601,6,0
mfcc_11_p10,0.004354170989245176,6,0
contrast_4_std,0.00433097081258893,6,0
zero_crossing_rate_mean,0.004177624359726906,6,0
spectral_entropy_mean,0.00417158380150795,6,0
mfcc_12_mean,0.004109164234250784,6,0
centroid_p10,0.004086353350430727,6,0
mfcc_2_std,0.004029824398458004,6,0
mfcc_3_mean,0.00392169551923871,6,0
spectral_entropy_p90,0.0038238337729126215,6,0
mfcc_10_p90,0.0037466606590896845,6,0
rolloff85_mean,0.0035916578490287066,6,0
mfcc_1_p10,0.10416805744171143,6,1
contrast_0_p10,0.08209113031625748,6,1
contrast_4_mean,0.07901591062545776,6,1
contrast_2_std,0.056512583047151566,6,1
contrast_4_p90,0.03834757208824158,6,1
rms_mean,0.03401115909218788,6,1
zero_crossing_rate_p90,0.028622593730688095,6,1
contrast_5_p90,0.023858692497015,6,1
mfcc_2_p90,0.022884521633386612,6,1
spectral_entropy_p10,0.019076121971011162,6,1
mfcc_1_mean,0.01745341531932354,6,1
contrast_0_mean,0.016691993921995163,6,1
mfcc_5_p90,0.014259998686611652,6,1
mfcc_5_mean,0.012328004464507103,6,1
mfcc_1_p90,0.011703448370099068,6,1
contrast_3_std,0.011681854724884033,6,1
mfcc_15_std,0.011348006315529346,6,1
mfcc_8_p90,0.011142099276185036,6,1
zero_crossing_rate_p10,0.009375955909490585,6,1
mfcc_14_std,0.008935515768826008,6,1
zero_crossing_rate_mean,0.008767160587012768,6,1
contrast_5_mean,0.008473487570881844,6,1
mfcc_2_mean,0.007584758102893829,6,1
mfcc_10_p10,0.007512243930250406,6,1
rms_p10,0.007463051006197929,6,1
contrast_3_mean,0.007164886686950922,6,1
mfcc_8_mean,0.007144743576645851,6,1
rms_p90,0.007010480388998985,6,1
flatness_std,0.006932067684829235,6,1
mfcc_3_mean,0.006866815034300089,6,1
rms_std,0.0068214586935937405,6,1
mfcc_0_p90,0.00669230567291379,6,1
contrast_3_p90,0.006688845809549093,6,1
contrast_0_p90,0.005735941231250763,6,1
mfcc_delta_17_std,0.005669350270181894,6,1
centroid_mean,0.00552477827295661,6,1
rolloff85_p10,0.0053381845355033875,6,1
spectral_entropy_mean,0.005086888093501329,6,1
mfcc_11_mean,0.005080097354948521,6,1
contrast_1_p10,0.005069237668067217,6,1
dominant_frequency_ratio,0.005008820444345474,6,1
mfcc_7_p10,0.005000773351639509,6,1
centroid_p10,0.004981239326298237,6,1
dominant_frequency,0.004974528681486845,6,1
mfcc_delta_1_std,0.00483156880363822,6,1
mfcc_2_p10,0.004751401487737894,6,1
mfcc_delta_0_std,0.004723576828837395,6,1
contrast_4_p10,0.004686921834945679,6,1
flatness_mean,0.0045954324305057526,6,1
mfcc_19_p90,0.004564052913337946,6,1
mfcc_19_mean,0.004438323434442282,6,1
mfcc_delta_7_std,0.004369543865323067,6,1
contrast_5_p10,0.0042528132908046246,6,1
mfcc_delta_15_std,0.004197937902063131,6,1
zero_crossing_rate_std,0.003991857636719942,6,1
mfcc_delta_1_p90,0.003981569316238165,6,1
mfcc_delta_9_std,0.003911115694791079,6,1
mfcc_12_p90,0.003756885649636388,6,1
mfcc_0_mean,0.0036438729148358107,6,1
mfcc_delta_6_std,0.003412736114114523,6,1
mfcc_16_std,0.16356521844863892,6,2
rms_p10,0.07092122733592987,6,2
dominant_frequency,0.05399773642420769,6,2
contrast_2_std,0.04817567020654678,6,2
flatness_p90,0.03144674375653267,6,2
rms_mean,0.02943843975663185,6,2
flatness_std,0.027798771858215332,6,2
mfcc_15_std,0.026848776265978813,6,2
rolloff85_mean,0.02610708959400654,6,2
contrast_3_p90,0.02407568320631981,6,2
zero_crossing_rate_std,0.022502055391669273,6,2
contrast_0_p10,0.021878965198993683,6,2
contrast_0_mean,0.0212272796779871,6,2
centroid_mean,0.01966037042438984,6,2
mfcc_14_std,0.018596848472952843,6,2
rolloff85_p90,0.010702813044190407,6,2
spectral_entropy_p90,0.009541640989482403,6,2
mfcc_12_p90,0.009320693090558052,6,2
spectral_entropy_p10,0.009004353545606136,6,2
contrast_4_p90,0.008926477283239365,6,2
contrast_5_mean,0.008448769338428974,6,2
contrast_2_p90,0.008371257223188877,6,2
mfcc_2_p10,0.00805659219622612,6,2
contrast_0_std,0.007950612343847752,6,2
contrast_5_p10,0.007547707296907902,6,2
mfcc_delta_7_std,0.007026920560747385,6,2
rms_std,0.0069117471575737,6,2
mfcc_2_mean,0.006745895836502314,6,2
mfcc_delta_0_std,0.006127237807959318,6,2
mfcc_2_p90,0.005880317650735378,6,2
contrast_3_mean,0.005801979918032885,6,2
mfcc_19_p90,0.005671175196766853,6,2
centroid_p10,0.005634129047393799,6,2
mfcc_1_p90,0.005536965094506741,6,2
rms_p90,0.005107071716338396,6,2
mfcc_1_p10,0.004684545565396547,6,2
flatness_mean,0.004604564514011145,6,2
mfcc_12_mean,0.004405037499964237,6,2
mfcc_8_p90,0.004327214788645506,6,2
zero_crossing_rate_p90,0.004228707868605852,6,2
contrast_5_p90,0.004223505966365337,6,2
contrast_3_p10,0.004174299072474241,6,2
contrast_0_p90,0.003983317408710718,6,2
mfcc_14_p90,0.003963331691920757,6,2
mfcc_1_mean,0.003921832889318466,6,2
rolloff85_p10,0.003850006964057684,6,2
mfcc_4_mean,0.00381733407266438,6,2
mfcc_5_p10,0.0036983289755880833,6,2
contrast_4_mean,0.0036952311638742685,6,2
mfcc_4_p10,0.0035925565753132105,6,2
mfcc_6_p10,0.003529519308358431,6,2
mfcc_8_mean,0.0034945346415042877,6,2
mfcc_9_mean,0.003374804276973009,6,2
centroid_p90,0.003287538420408964,6,2
bandwidth_p10,0.0032845495734363794,6,2
mfcc_delta_14_std,0.0032400223426520824,6,2
mfcc_0_p10,0.00320264114998281,6,2
contrast_1_p10,0.003100823378190398,6,2
mfcc_11_mean,0.0030459219124168158,6,2
mfcc_15_p90,0.003017652314156294,6,2
mfcc_16_std,0.16590555012226105,6,3
mfcc_2_p10,0.07089633494615555,6,3
flatness_p90,0.06528233736753464,6,3
contrast_2_std,0.03777065873146057,6,3
mfcc_2_mean,0.029919544234871864,6,3
spectral_entropy_p90,0.02680194191634655,6,3
mfcc_15_std,0.02371237799525261,6,3
mfcc_2_p90,0.02364935353398323,6,3
mfcc_4_p10,0.023083241656422615,6,3
mfcc_14_std,0.020698783919215202,6,3
zero_crossing_rate_std,0.018484078347682953,6,3
contrast_0_p90,0.016073213890194893,6,3
contrast_0_mean,0.015713496133685112,6,3
rms_p10,0.01508673932403326,6,3
spectral_entropy_mean,0.013259227387607098,6,3
mfcc_4_mean,0.012946587055921555,6,3
contrast_0_p10,0.0127896498888731,6,3
rms_std,0.012348534539341927,6,3
spectral_entropy_p10,0.011034799739718437,6,3
contrast_0_std,0.010473569855093956,6,3
dominant_frequency,0.009593038819730282,6,3
contrast_5_p10,0.00941185187548399,6,3
rms_mean,0.009163749404251575,6,3
mfcc_delta_0_std,0.008562572300434113,6,3
mfcc_delta_0_p10,0.008358682505786419,6,3
mfcc_3_std,0.008237835019826889,6,3
zero_crossing_rate_mean,0.008006059564650059,6,3
contrast_3_std,0.0076158675365149975,6,3
dominant_frequency_ratio,0.00726496335119009,6,3
contrast_4_p90,0.007171041797846556,6,3
mfcc_5_p90,0.006998525466769934,6,3
mfcc_1_p90,0.006067176349461079,6,3
contrast_5_p90,0.005982659291476011,6,3
mfcc_0_p90,0.005982362665235996,6,3
mfcc_0_mean,0.005758443381637335,6,3
mfcc_1_p10,0.005649046041071415,6,3
flatness_mean,0.005351186729967594,6,3
contrast_5_mean,0.005325745325535536,6,3
mfcc_12_p90,0.005192314274609089,6,3
mfcc_delta_0_p90,0.0050346944481134415,6,3
mfcc_1_mean,0.004591201897710562,6,3
bandwidth_p10,0.004447735846042633,6,3
rolloff85_mean,0.004040963482111692,6,3
mfcc_19_std,0.00383143057115376,6,3
mfcc_8_p90,0.0037966270465403795,6,3
contrast_4_mean,0.003764562075957656,6,3
bandwidth_p90,0.0037205105181783438,6,3
contrast_2_p90,0.003691980615258217,6,3
mfcc_0_p10,0.0036717127077281475,6,3
mfcc_delta_3_std,0.0035061382222920656,6,3
mfcc_13_p90,0.003455658443272114,6,3
mfcc_5_mean,0.0034523336216807365,6,3
mfcc_19_mean,0.0034399584401398897,6,3
mfcc_8_mean,0.003432804485782981,6,3
mfcc_12_mean,0.0034290109761059284,6,3
mfcc_3_mean,0.0033811749890446663,6,3
zero_crossing_rate_p10,0.0033028798643499613,6,3
rms_p90,0.0031970154959708452,6,3
contrast_1_p10,0.0031200754456222057,6,3
contrast_3_mean,0.0031187920831143856,6,3
mfcc_16_std,0.1563858836889267,6,4
contrast_2_std,0.11461606621742249,6,4
rms_p10,0.048774316906929016,6,4
contrast_0_p10,0.030617626383900642,6,4
spectral_entropy_p90,0.02933129109442234,6,4
mfcc_1_p10,0.024777814745903015,6,4
mfcc_2_mean,0.02300288900732994,6,4
contrast_2_p90,0.02202608250081539,6,4
mfcc_2_p90,0.021164752542972565,6,4
flatness_p90,0.020850451663136482,6,4
mfcc_15_std,0.018260713666677475,6,4
mfcc_14_std,0.016694853082299232,6,4
rms_mean,0.015410913154482841,6,4
contrast_0_mean,0.014855066314339638,6,4
zero_crossing_rate_std,0.01476488821208477,6,4
flatness_std,0.014270899817347527,6,4
mfcc_8_p90,0.011625266633927822,6,4
contrast_0_std,0.011541072279214859,6,4
spectral_entropy_p10,0.011006857268512249,6,4
zero_crossing_rate_p90,0.010861353017389774,6,4
contrast_3_std,0.009854815900325775,6,4
contrast_5_p90,0.009531437419354916,6,4
mfcc_delta_7_std,0.009060380049049854,6,4
mfcc_2_p10,0.00902838446199894,6,4
mfcc_1_p90,0.008408059366047382,6,4
dominant_frequency,0.008382676169276237,6,4
mfcc_3_p10,0.007734526880085468,6,4
mfcc_delta_0_std,0.007488197181373835,6,4
mfcc_5_mean,0.0072280350141227245,6,4
contrast_5_std,0.007190042175352573,6,4
spectral_entropy_mean,0.00707597890868783,6,4
zero_crossing_rate_p10,0.006788206286728382,6,4
contrast_5_p10,0.006514925975352526,6,4
mfcc_delta_15_p10,0.006476698908954859,6,4
mfcc_1_mean,0.0063756247982382774,6,4
mfcc_delta_8_std,0.006284323520958424,6,4
dominant_frequency_ratio,0.006235103588551283,6,4
mfcc_5_p90,0.005593415815383196,6,4
mfcc_16_p90,0.005415967665612698,6,4
mfcc_1_std,0.005396648775786161,6,4
contrast_4_p90,0.005326739512383938,6,4
mfcc_delta_0_p90,0.005173359531909227,6,4
bandwidth_mean,0.0048768725246191025,6,4
mfcc_8_mean,0.004807235673069954,6,4
rms_std,0.004435920622199774,6,4
mfcc_11_p90,0.004362135194242001,6,4
rms_p90,0.004247638862580061,6,4
mfcc_6_p10,0.0041165584698319435,6,4
mfcc_4_p10,0.004020840860903263,6,4
spectral_entropy_std,0.003981650806963444,6,4
rolloff85_mean,0.0039507439360022545,6,4
bandwidth_p90,0.003913827706128359,6,4
mfcc_18_std,0.0037646437995135784,6,4
centroid_p90,0.0037229685112833977,6,4
mfcc_0_p10,0.003570788772776723,6,4
mfcc_3_mean,0.0035664914175868034,6,4
mfcc_4_mean,0.0035372688435018063,6,4
mfcc_delta_9_std,0.003516125725582242,6,4
contrast_4_mean,0.0034229352604597807,6,4
flatness_mean,0.0033148613292723894,6,4
mfcc_1_p10,0.1103183701634407,7,0
zero_crossing_rate_std,0.09359180182218552,7,0
mfcc_15_std,0.06959878653287888,7,0
mfcc_16_std,0.0403292141854763,7,0
contrast_2_std,0.038880202919244766,7,0
contrast_4_mean,0.038501713424921036,7,0
rms_mean,0.0321827195584774,7,0
dominant_frequency,0.025093577802181244,7,0
spectral_entropy_p10,0.021019110456109047,7,0
contrast_4_p90,0.017238469794392586,7,0
mfcc_1_mean,0.014649009332060814,7,0
mfcc_2_p10,0.013636755757033825,7,0
mfcc_3_p10,0.013089438900351524,7,0
contrast_0_p10,0.013003142550587654,7,0
mfcc_8_p90,0.012311544269323349,7,0
contrast_3_mean,0.01167431753128767,7,0
mfcc_11_mean,0.011581961065530777,7,0
mfcc_2_p90,0.01118816900998354,7,0
contrast_0_p90,0.01084895245730877,7,0
mfcc_2_mean,0.010461978614330292,7,0
flatness_std,0.010292491875588894,7,0
contrast_0_std,0.00992521084845066,7,0
rms_p10,0.009309411980211735,7,0
mfcc_1_p90,0.008935838006436825,7,0
rolloff85_p90,0.008880901150405407,7,0
mfcc_13_std,0.00823165662586689,7,0
spectral_entropy_mean,0.008213631808757782,7,0
mfcc_4_p10,0.008123980835080147,7,0
mfcc_8_mean,0.00809747539460659,7,0
mfcc_14_std,0.007850097492337227,7,0
contrast_5_p90,0.007788470014929771,7,0
contrast_5_p10,0.007293348200619221,7,0
mfcc_11_p10,0.006876685190945864,7,0
contrast_5_mean,0.006677352823317051,7,0
contrast_3_p90,0.006496408022940159,7,0
dominant_frequency_ratio,0.006325725466012955,7,0
bandwidth_p90,0.006148498971015215,7,0
contrast_0_mean,0.005718503147363663,7,0
mfcc_12_p90,0.005670513026416302,7,0
mfcc_0_p10,0.005630339961498976,7,0
rms_p90,0.005619838833808899,7,0
contrast_3_std,0.005474518518894911,7,0
mfcc_13_p90,0.005418947897851467,7,0
mfcc_10_p10,0.005354090128093958,7,0
contrast_4_std,0.0049872552044689655,7,0
mfcc_0_std,0.004889533389359713,7,0
bandwidth_std,0.0045862807892262936,7,0
centroid_p10,0.00440253596752882,7,0
mfcc_6_mean,0.00424892408773303,7,0
flatness_p90,0.003995849285274744,7,0
mfcc_9_p10,0.0039806067943573,7,0
mfcc_17_p90,0.003828382818028331,7,0
zero_crossing_rate_p90,0.0037212781608104706,7,0
rolloff85_mean,0.0036793595645576715,7,0
contrast_1_mean,0.0036148459184914827,7,0
centroid_p90,0.0035595023073256016,7,0
contrast_4_p10,0.003308204934000969,7,0
mfcc_9_p90,0.0032913770992308855,7,0
contrast_1_p10,0.003278322285041213,7,0
mfcc_delta_1_std,0.003275766968727112,7,0
mfcc_1_p10,0.10954011231660843,7,1
contrast_4_mean,0.08797056972980499,7,1
contrast_0_p10,0.06853518635034561,7,1
contrast_2_std,0.05889333039522171,7,1
contrast_4_p90,0.052894484251737595,7,1
rms_mean,0.04398692771792412,7,1
zero_crossing_rate_p90,0.03457356616854668,7,1
contrast_5_p90,0.02561754360795021,7,1
mfcc_2_p90,0.02177930437028408,7,1
mfcc_1_mean,0.021523434668779373,7,1
contrast_0_mean,0.017661428079009056,7,1
zero_crossing_rate_mean,0.015550829470157623,7,1
mfcc_16_std,0.012953324243426323,7,1
mfcc_5_p90,0.011538181453943253,7,1
mfcc_0_mean,0.010833811946213245,7,1
mfcc_5_mean,0.01011449471116066,7,1
mfcc_0_p90,0.009639205411076546,7,1
spectral_entropy_p10,0.009232793934643269,7,1
mfcc_1_p90,0.00901546236127615,7,1
centroid_p10,0.008886575698852539,7,1
contrast_5_mean,0.008723769336938858,7,1
rms_p10,0.00861646980047226,7,1
mfcc_14_std,0.008588827215135098,7,1
contrast_3_std,0.007396752014756203,7,1
mfcc_8_p90,0.006829236168414354,7,1
contrast_0_p90,0.0066948216408491135,7,1
mfcc_2_mean,0.006692041642963886,7,1
mfcc_15_std,0.006144938990473747,7,1
centroid_mean,0.006127235479652882,7,1
contrast_3_p90,0.0058379811234772205,7,1
mfcc_delta_1_std,0.005738725885748863,7,1
contrast_4_p10,0.0054971505887806416,7,1
zero_crossing_rate_p10,0.005301624070852995,7,1
mfcc_delta_7_std,0.005085872020572424,7,1
mfcc_19_p90,0.005026230122894049,7,1
rms_p90,0.004968581721186638,7,1
rms_std,0.004964299965649843,7,1
mfcc_3_mean,0.0047636800445616245,7,1
mfcc_delta_0_std,0.004759188275784254,7,1
mfcc_2_p10,0.004722314421087503,7,1
mfcc_17_mean,0.004713646601885557,7,1
dominant_frequency,0.0046246908605098724,7,1
dominant_frequency_ratio,0.004613642580807209,7,1
spectral_entropy_mean,0.004279501736164093,7,1
contrast_5_p10,0.003659767098724842,7,1
spectral_entropy_p90,0.003599327988922596,7,1
contrast_3_mean,0.003573427442461252,7,1
mfcc_10_p10,0.003547519678249955,7,1
contrast_1_mean,0.003480602754279971,7,1
centroid_p90,0.0034224647097289562,7,1
mfcc_12_p90,0.003410645294934511,7,1
mfcc_delta_1_p90,0.0033938768319785595,7,1
contrast_0_std,0.003339992603287101,7,1
contrast_1_p90,0.0032241668086498976,7,1
zero_crossing_rate_std,0.0032162501011043787,7,1
rolloff85_p90,0.0031930638942867517,7,1
mfcc_delta_0_p10,0.0030769864097237587,7,1
mfcc_19_mean,0.003049202961847186,7,1
bandwidth_mean,0.0029827000107616186,7,1
mfcc_0_p10,0.0029330928809940815,7,1
mfcc_16_std,0.1508629024028778,7,2
contrast_0_mean,0.07626670598983765,7,2
dominant_frequency,0.055669255554676056,7,2
contrast_2_std,0.04777855798602104,7,2
rms_p10,0.03438720479607582,7,2
contrast_0_p10,0.03434580937027931,7,2
flatness_mean,0.028403423726558685,7,2
mfcc_14_std,0.027026379480957985,7,2
flatness_p90,0.026154737919569016,7,2
flatness_std,0.02268167771399021,7,2
spectral_entropy_p10,0.02203437127172947,7,2
mfcc_15_std,0.021000368520617485,7,2
zero_crossing_rate_std,0.018630128353834152,7,2
rolloff85_mean,0.017577990889549255,7,2
zero_crossing_rate_p90,0.016417555510997772,7,2
rolloff85_p90,0.014448393136262894,7,2
mfcc_19_std,0.012726064771413803,7,2
contrast_3_p10,0.01114158146083355,7,2
mfcc_1_p90,0.010807245038449764,7,2
rms_mean,0.010265531949698925,7,2
contrast_5_mean,0.00934173259884119,7,2
contrast_5_p10,0.009192348457872868,7,2
mfcc_delta_0_std,0.009175071492791176,7,2
spectral_entropy_mean,0.008346372283995152,7,2
spectral_entropy_p90,0.008230259642004967,7,2
mfcc_4_p10,0.007792182732373476,7,2
contrast_4_mean,0.007494786288589239,7,2
mfcc_18_std,0.0073341866955161095,7,2
contrast_4_p90,0.007264698855578899,7,2
contrast_0_std,0.006646991707384586,7,2
zero_crossing_rate_mean,0.006080029997974634,7,2
mfcc_7_std,0.006038815248757601,7,2
mfcc_14_p90,0.005963185802102089,7,2
zero_crossing_rate_p10,0.005931770894676447,7,2
centroid_p10,0.005643974058330059,7,2
mfcc_19_p90,0.005436141509562731,7,2
mfcc_2_p10,0.005109669174998999,7,2
mfcc_2_p90,0.005001241806894541,7,2
centroid_mean,0.004954831209033728,7,2
rms_std,0.004623941145837307,7,2
mfcc_12_p90,0.004495419096201658,7,2
flatness_p10,0.004263693001121283,7,2
mfcc_1_p10,0.004257676657289267,7,2
contrast_2_p90,0.004204702563583851,7,2
mfcc_delta_1_p90,0.004058291669934988,7,2
rms_p90,0.003887420753017068,7,2
contrast_3_mean,0.0038781973998993635,7,2
mfcc_18_p90,0.003875092603266239,7,2
mfcc_delta_0_p10,0.003790403250604868,7,2
mfcc_1_mean,0.003742166329175234,7,2
mfcc_2_mean,0.0036109103821218014,7,2
contrast_0_p90,0.003574731294065714,7,2
contrast_1_p10,0.0033630637917667627,7,2
contrast_3_p90,0.0032690230291336775,7,2
mfcc_3_p90,0.003249078756198287,7,2
mfcc_3_p10,0.0029263573233038187,7,2
contrast_5_p90,0.002873967168852687,7,2
mfcc_delta_1_p10,0.0027292475569993258,7,2
bandwidth_p10,0.002661249367520213,7,2
mfcc_13_std,0.0026263007894158363,7,2
mfcc_16_std,0.14030395448207855,7,3
contrast_2_std,0.08516769111156464,7,3
mfcc_15_std,0.06329308450222015,7,3
rms_p10,0.05045095458626747,7,3
contrast_0_p10,0.03211389109492302,7,3
flatness_p90,0.02832532860338688,7,3
spectral_entropy_p10,0.02414897084236145,7,3
mfcc_1_p10,0.021298963576555252,7,3
zero_crossing_rate_mean,0.019362904131412506,7,3
mfcc_2_mean,0.019326213747262955,7,3
mfcc_14_std,0.01840011589229107,7,3
spectral_entropy_p90,0.01777764968574047,7,3
spectral_entropy_mean,0.016187531873583794,7,3
rms_mean,0.015022444538772106,7,3
contrast_0_mean,0.014290543273091316,7,3
zero_crossing_rate_std,0.01417192816734314,7,3
contrast_2_p90,0.013990000821650028,7,3
rolloff85_p90,0.013054754585027695,7,3
dominant_frequency,0.012334835715591908,7,3
dominant_frequency_ratio,0.012027213349938393,7,3
mfcc_2_p10,0.01071882527321577,7,3
mfcc_delta_7_std,0.010122990235686302,7,3
mfcc_2_p90,0.01012143213301897,7,3
mfcc_delta_9_std,0.009720430709421635,7,3
mfcc_1_mean,0.009592372924089432,7,3
mfcc_delta_8_std,0.008612392470240593,7,3
contrast_3_std,0.008146136999130249,7,3
mfcc_delta_0_std,0.007977581582963467,7,3
bandwidth_p10,0.007903658784925938,7,3
contrast_5_std,0.007717933040112257,7,3
rolloff85_mean,0.007434979546815157,7,3
mfcc_1_p90,0.006826177705079317,7,3
contrast_0_std,0.006534551735967398,7,3
rms_p90,0.006524066440761089,7,3
mfcc_0_p90,0.006401830818504095,7,3
rms_std,0.006072853226214647,7,3
contrast_5_p10,0.005883441772311926,7,3
mfcc_0_p10,0.005548155400902033,7,3
contrast_4_mean,0.005485204979777336,7,3
flatness_mean,0.005316745024174452,7,3
contrast_3_p90,0.005126190837472677,7,3
contrast_5_p90,0.004807750694453716,7,3
zero_crossing_rate_p10,0.004523862153291702,7,3
mfcc_7_std,0.004333985038101673,7,3
bandwidth_mean,0.004306433256715536,7,3
mfcc_5_p90,0.004144280217587948,7,3
flatness_std,0.004029260016977787,7,3
mfcc_4_p90,0.004001413471996784,7,3
mfcc_8_p90,0.003970630466938019,7,3
zero_crossing_rate_p90,0.0038893993478268385,7,3
bandwidth_std,0.0036342767998576164,7,3
mfcc_5_mean,0.0035144544672220945,7,3
centroid_p90,0.0034885010682046413,7,3
contrast_5_mean,0.0034670690074563026,7,3
mfcc_4_p10,0.003454830264672637,7,3
contrast_0_p90,0.0034483775962144136,7,3
mfcc_13_p90,0.003337906440719962,7,3
mfcc_11_p90,0.003327581798657775,7,3
contrast_3_mean,0.003261784790083766,7,3
mfcc_11_p10,0.0031932820565998554,7,3
mfcc_16_std,0.16021668910980225,7,4
contrast_2_std,0.07055705785751343,7,4
mfcc_2_mean,0.0700768306851387,7,4
flatness_p90,0.042429421097040176,7,4
mfcc_2_p10,0.04012634977698326,7,4
mfcc_15_std,0.03909118473529816,7,4
mfcc_2_p90,0.025628145784139633,7,4
contrast_0_std,0.024758972227573395,7,4
mfcc_4_p10,0.024523600935935974,7,4
mfcc_14_std,0.023042157292366028,7,4
contrast_0_p90,0.01894933357834816,7,4
zero_crossing_rate_std,0.015844447538256645,7,4
dominant_frequency_ratio,0.013957259245216846,7,4
rms_p10,0.012202777899801731,7,4
mfcc_8_p90,0.012016172520816326,7,4
spectral_entropy_p90,0.011955692432820797,7,4
mfcc_3_std,0.011070426553487778,7,4
dominant_frequency,0.00988815724849701,7,4
contrast_5_p90,0.009841546416282654,7,4
mfcc_11_mean,0.009728895500302315,7,4
mfcc_4_mean,0.009465555660426617,7,4
contrast_0_mean,0.009243340231478214,7,4
mfcc_delta_0_std,0.007688614539802074,7,4
contrast_5_std,0.0072760689072310925,7,4
mfcc_1_p10,0.007253134157508612,7,4
contrast_3_std,0.006810171063989401,7,4
mfcc_5_p90,0.006735815200954676,7,4
mfcc_delta_8_p10,0.006287337746471167,7,4
contrast_0_p10,0.005640911869704723,7,4
contrast_2_p90,0.0055442191660404205,7,4
mfcc_6_p90,0.0054779681377112865,7,4
centroid_p10,0.005343934521079063,7,4
mfcc_0_p90,0.005330231040716171,7,4
mfcc_12_p90,0.005011492874473333,7,4
bandwidth_p90,0.0049346513114869595,7,4
contrast_5_mean,0.004892795346677303,7,4
mfcc_delta_9_std,0.004812717903405428,7,4
rolloff85_mean,0.004571454133838415,7,4
mfcc_0_mean,0.004556221887469292,7,4
mfcc_19_std,0.004521847236901522,7,4
contrast_5_p10,0.0045046620070934296,7,4
mfcc_delta_0_p10,0.004432841669768095,7,4
contrast_4_mean,0.00439185556024313,7,4
flatness_mean,0.004364978522062302,7,4
mfcc_3_mean,0.004346856381744146,7,4
spectral_entropy_mean,0.004201391711831093,7,4
zero_crossing_rate_p90,0.004086756147444248,7,4
rms_mean,0.004005696624517441,7,4
contrast_1_p10,0.003986111842095852,7,4
contrast_4_p90,0.003932897001504898,7,4
mfcc_15_p90,0.003887810045853257,7,4
mfcc_7_std,0.0036841165274381638,7,4
contrast_4_p10,0.003678821725770831,7,4
rolloff85_std,0.003623091382905841,7,4
flatness_std,0.003417006693780422,7,4
mfcc_delta_7_std,0.0032245360780507326,7,4
mfcc_11_p90,0.0031528333202004433,7,4
spectral_entropy_p10,0.0031528291292488575,7,4
mfcc_13_std,0.0030170243699103594,7,4
rms_p90,0.003004402155056596,7,4
mfcc_1_p10,0.1255534589290619,8,0
zero_crossing_rate_std,0.07365814596414566,8,0
contrast_4_mean,0.06562391668558121,8,0
contrast_2_std,0.03407116234302521,8,0
contrast_4_p90,0.031847208738327026,8,0
rms_mean,0.029024885967373848,8,0
contrast_0_p10,0.028295140713453293,8,0
dominant_frequency,0.02193186990916729,8,0
mfcc_15_std,0.021420545876026154,8,0
mfcc_16_std,0.01830148510634899,8,0
mfcc_3_p10,0.018063997849822044,8,0
mfcc_1_mean,0.016346028074622154,8,0
centroid_p10,0.01614641584455967,8,0
contrast_3_mean,0.015827564522624016,8,0
zero_crossing_rate_p10,0.015560781583189964,8,0
mfcc_2_p90,0.014848963357508183,8,0
spectral_entropy_p10,0.014190113171935081,8,0
mfcc_2_mean,0.012893096543848515,8,0
mfcc_15_p90,0.011198320426046848,8,0
contrast_3_p90,0.010548560880124569,8,0
zero_crossing_rate_p90,0.009654989466071129,8,0
mfcc_14_std,0.009611574001610279,8,0
mfcc_11_mean,0.009390948340296745,8,0
rms_p10,0.009313959628343582,8,0
mfcc_4_p10,0.008805313147604465,8,0
contrast_5_p90,0.00875327829271555,8,0
mfcc_11_p10,0.008611300960183144,8,0
mfcc_delta_16_p90,0.008366188034415245,8,0
mfcc_2_p10,0.008365921676158905,8,0
bandwidth_p90,0.008180643431842327,8,0
mfcc_delta_10_std,0.008134867064654827,8,0
rms_p90,0.007759212516248226,8,0
rolloff85_p90,0.007493013050407171,8,0
mfcc_delta_0_std,0.007357475347816944,8,0
bandwidth_mean,0.007216040976345539,8,0
centroid_mean,0.006235258653759956,8,0
contrast_3_std,0.006083635147660971,8,0
contrast_5_p10,0.006066730711609125,8,0
mfcc_9_p90,0.005873513873666525,8,0
mfcc_1_p90,0.005712802521884441,8,0
zero_crossing_rate_mean,0.005385200027376413,8,0
contrast_0_std,0.005221192259341478,8,0
contrast_5_mean,0.005128055345267057,8,0
mfcc_13_p90,0.005120917689055204,8,0
contrast_4_std,0.005015588365495205,8,0
contrast_0_mean,0.004719710908830166,8,0
bandwidth_std,0.004718630108982325,8,0
mfcc_delta_0_p90,0.004323003813624382,8,0
mfcc_17_mean,0.004276469349861145,8,0
dominant_frequency_ratio,0.0042415158823132515,8,0
contrast_4_p10,0.004228545818477869,8,0
mfcc_3_p90,0.004063970874994993,8,0
mfcc_3_mean,0.004008071031421423,8,0
mfcc_delta_1_std,0.003949734847992659,8,0
bandwidth_p10,0.0038206542376428843,8,0
mfcc_7_p10,0.0036561961751431227,8,0
contrast_1_p10,0.00359287834726274,8,0
contrast_0_p90,0.0035877639893442392,8,0
rolloff85_mean,0.003551576752215624,8,0
mfcc_9_mean,0.003482569707557559,8,0
mfcc_1_p10,0.08639204502105713,8,1
contrast_4_mean,0.07376047968864441,8,1
contrast_2_std,0.06958513706922531,8,1
contrast_0_p10,0.06853485852479935,8,1
contrast_5_p90,0.04671858623623848,8,1
rms_mean,0.040063731372356415,8,1
zero_crossing_rate_p90,0.040005024522542953,8,1
contrast_4_p90,0.036399632692337036,8,1
mfcc_2_p90,0.0249940138310194,8,1
spectral_entropy_p10,0.02169552817940712,8,1
contrast_0_mean,0.016299517825245857,8,1
zero_crossing_rate_mean,0.012278988026082516,8,1
mfcc_1_mean,0.012148842215538025,8,1
mfcc_15_p90,0.011974608525633812,8,1
mfcc_5_p90,0.011878988705575466,8,1
contrast_3_p90,0.009785602800548077,8,1
contrast_3_std,0.009765147231519222,8,1
mfcc_1_p90,0.009513775818049908,8,1
mfcc_5_mean,0.009204823523759842,8,1
contrast_3_mean,0.008791577070951462,8,1
rms_p90,0.008544816635549068,8,1
contrast_5_p10,0.008447590284049511,8,1
mfcc_14_std,0.008151810616254807,8,1
mfcc_8_p90,0.00787593238055706,8,1
centroid_mean,0.007531408220529556,8,1
mfcc_2_mean,0.007357295602560043,8,1
rms_std,0.0072668674401938915,8,1
mfcc_15_std,0.007107713725417852,8,1
rms_p10,0.006961038336157799,8,1
contrast_3_p10,0.00691282469779253,8,1
contrast_5_mean,0.006895042490214109,8,1
mfcc_0_mean,0.006209359038621187,8,1
zero_crossing_rate_std,0.005813779309391975,8,1
spectral_entropy_mean,0.005706672556698322,8,1
contrast_0_p90,0.005213229451328516,8,1
mfcc_11_p10,0.005064815748482943,8,1
mfcc_0_p90,0.005009084939956665,8,1
mfcc_3_mean,0.004968749824911356,8,1
zero_crossing_rate_p10,0.0049523040652275085,8,1
dominant_frequency,0.00495196133852005,8,1
mfcc_delta_1_p90,0.004872178193181753,8,1
mfcc_delta_17_std,0.004807691089808941,8,1
mfcc_delta_0_std,0.004729363601654768,8,1
mfcc_16_std,0.004618441686034203,8,1
dominant_frequency_ratio,0.004467723425477743,8,1
mfcc_19_p90,0.004258141387254,8,1
mfcc_2_p10,0.004224520642310381,8,1
mfcc_12_p90,0.004196771886199713,8,1
centroid_p10,0.004097266588360071,8,1
contrast_4_p10,0.004053892567753792,8,1
mfcc_7_p10,0.003952049650251865,8,1
centroid_p90,0.0038364429492503405,8,1
contrast_1_p90,0.0038156677037477493,8,1
mfcc_4_p10,0.0037298204842954874,8,1
spectral_entropy_p90,0.003706583520397544,8,1
mfcc_delta_1_std,0.0036268981639295816,8,1
rolloff85_mean,0.0035507988650351763,8,1
contrast_0_std,0.003478974336758256,8,1
flatness_mean,0.003451228141784668,8,1
contrast_4_std,0.0032637452241033316,8,1
mfcc_16_std,0.1540132462978363,8,2
dominant_frequency,0.07910997420549393,8,2
rms_p10,0.058649204671382904,8,2
contrast_2_std,0.04818565770983696,8,2
rms_mean,0.03360671550035477,8,2
contrast_0_p10,0.029643626883625984,8,2
centroid_mean,0.028137600049376488,8,2
contrast_2_p90,0.026329731568694115,8,2
flatness_std,0.026211237534880638,8,2
contrast_0_mean,0.022617239505052567,8,2
flatness_p90,0.021304981783032417,8,2
rolloff85_mean,0.021246174350380898,8,2
zero_crossing_rate_std,0.01979394629597664,8,2
mfcc_15_std,0.019549960270524025,8,2
mfcc_14_std,0.013996520079672337,8,2
centroid_p90,0.013408790342509747,8,2
mfcc_2_p10,0.01309678889811039,8,2
contrast_0_std,0.012408056296408176,8,2
contrast_3_p90,0.01233379915356636,8,2
mfcc_0_p10,0.010424052365124226,8,2
mfcc_8_std,0.01020814199000597,8,2
contrast_4_p90,0.010172747075557709,8,2
spectral_entropy_p90,0.008594480343163013,8,2
contrast_5_mean,0.008383276872336864,8,2
mfcc_2_p90,0.008379674516618252,8,2
mfcc_1_p90,0.007876519113779068,8,2
mfcc_2_mean,0.007868519052863121,8,2
contrast_5_p10,0.007800631690770388,8,2
mfcc_6_std,0.007495859172195196,8,2
mfcc_delta_0_std,0.007401792798191309,8,2
contrast_3_p10,0.007288943510502577,8,2
flatness_mean,0.007072421722114086,8,2
rms_std,0.006868927739560604,8,2
contrast_5_p90,0.006336733233183622,8,2
mfcc_8_p90,0.006298300810158253,8,2
contrast_3_mean,0.004964042920619249,8,2
contrast_4_mean,0.004941568244248629,8,2
mfcc_7_std,0.004528122488409281,8,2
mfcc_7_p90,0.004461478441953659,8,2
rolloff85_p90,0.0044611296616494656,8,2
zero_crossing_rate_p90,0.0041777328588068485,8,2
mfcc_10_std,0.004088605288416147,8,2
dominant_frequency_ratio,0.003845126833766699,8,2
flatness_p10,0.003677723463624716,8,2
contrast_0_p90,0.003506754757836461,8,2
mfcc_10_p10,0.0035030499566346407,8,2
mfcc_12_p90,0.003484866814687848,8,2
mfcc_19_std,0.0034568377304822206,8,2
mfcc_4_p10,0.0034286268055438995,8,2
mfcc_1_mean,0.0033610856626182795,8,2
contrast_5_std,0.0033508134074509144,8,2
mfcc_1_p10,0.003308587707579136,8,2
mfcc_delta_7_std,0.0032678002025932074,8,2
mfcc_8_mean,0.0031332201324403286,8,2
rms_p90,0.002864549867808819,8,2
mfcc_delta_0_p90,0.0028538259211927652,8,2
mfcc_9_std,0.0028502040077000856,8,2
mfcc_13_p90,0.0026856842450797558,8,2
mfcc_18_std,0.0026379702612757683,8,2
contrast_1_mean,0.002583162160590291,8,2
mfcc_16_std,0.16734321415424347,8,3
contrast_2_std,0.060712967067956924,8,3
contrast_0_p10,0.056494053453207016,8,3
mfcc_15_std,0.0492078922688961,8,3
rms_p10,0.04223695024847984,8,3
flatness_p90,0.0332334041595459,8,3
dominant_frequency,0.027237707749009132,8,3
mfcc_2_mean,0.025298727676272392,8,3
mfcc_2_p10,0.022227516397833824,8,3
mfcc_1_p10,0.019423160701990128,8,3
rms_mean,0.01743931695818901,8,3
mfcc_delta_0_std,0.01699206791818142,8,3
spectral_entropy_p10,0.016906410455703735,8,3
mfcc_14_std,0.015837758779525757,8,3
dominant_frequency_ratio,0.01393473707139492,8,3
zero_crossing_rate_std,0.0134914955124259,8,3
centroid_mean,0.012376511469483376,8,3
spectral_entropy_p90,0.011656642891466618,8,3
contrast_0_mean,0.011543966829776764,8,3
mfcc_8_p90,0.011099816299974918,8,3
mfcc_2_p90,0.010073820129036903,8,3
contrast_5_p90,0.009607788175344467,8,3
mfcc_delta_8_std,0.009202239103615284,8,3
contrast_0_std,0.009125416167080402,8,3
rolloff85_mean,0.009026482701301575,8,3
centroid_p10,0.007632289081811905,8,3
spectral_entropy_mean,0.007322332821786404,8,3
mfcc_delta_7_std,0.0072094290517270565,8,3
flatness_std,0.007126924116164446,8,3
contrast_3_std,0.007088144775480032,8,3
contrast_5_p10,0.00665303086861968,8,3
zero_crossing_rate_p10,0.0066250902600586414,8,3
rms_std,0.00661521777510643,8,3
mfcc_0_p90,0.006516110152006149,8,3
flatness_mean,0.005042594391852617,8,3
contrast_4_mean,0.004809788428246975,8,3
bandwidth_std,0.004614181350916624,8,3
mfcc_4_mean,0.004517845343798399,8,3
mfcc_1_mean,0.004478046670556068,8,3
contrast_3_p90,0.004401662386953831,8,3
rms_p90,0.0043687280267477036,8,3
mfcc_4_p10,0.004361145664006472,8,3
zero_crossing_rate_p90,0.004359250422567129,8,3
mfcc_5_mean,0.004305602516978979,8,3
mfcc_3_p10,0.004127449821680784,8,3
bandwidth_p10,0.004116397351026535,8,3
contrast_3_mean,0.004026126582175493,8,3
centroid_std,0.004022964276373386,8,3
mfcc_16_p90,0.0040108319371938705,8,3
mfcc_delta_15_std,0.0038487843703478575,8,3
mfcc_5_p90,0.003763783723115921,8,3
mfcc_15_p90,0.003720293054357171,8,3
mfcc_8_mean,0.003631949657574296,8,3
mfcc_18_std,0.0035527299623936415,8,3
bandwidth_p90,0.0034933683928102255,8,3
mfcc_13_p90,0.0034345025196671486,8,3
rolloff85_p90,0.003417863044887781,8,3
contrast_0_p90,0.0032828268595039845,8,3
mfcc_delta_15_p10,0.0031637772917747498,8,3
contrast_5_mean,0.0031014191918075085,8,3
mfcc_16_std,0.14628998935222626,8,4
contrast_2_std,0.07401953637599945,8,4
mfcc_2_mean,0.06938871741294861,8,4
mfcc_2_p10,0.04387172684073448,8,4
flatness_p90,0.04046395793557167,8,4
mfcc_14_std,0.025287803262472153,8,4
spectral_entropy_p90,0.024697722867131233,8,4
mfcc_2_p90,0.022341465577483177,8,4
mfcc_15_std,0.01947971060872078,8,4
zero_crossing_rate_std,0.016495350748300552,8,4
mfcc_4_mean,0.014636100269854069,8,4
mfcc_4_p10,0.013379923067986965,8,4
contrast_0_std,0.013358167372643948,8,4
contrast_5_p90,0.012302061542868614,8,4
contrast_0_p90,0.012021012604236603,8,4
mfcc_3_std,0.011995022185146809,8,4
rms_p10,0.01191683579236269,8,4
dominant_frequency_ratio,0.009536457248032093,8,4
mfcc_delta_0_std,0.009480706416070461,8,4
contrast_0_mean,0.009003695100545883,8,4
mfcc_1_p10,0.008523297496140003,8,4
mfcc_delta_14_p10,0.007852818816900253,8,4
mfcc_delta_14_std,0.007430733181536198,8,4
mfcc_8_p90,0.007038722280412912,8,4
mfcc_5_p90,0.00695990351960063,8,4
contrast_3_std,0.0068990630097687244,8,4
mfcc_15_p90,0.006840030197054148,8,4
mfcc_11_p90,0.006780537310987711,8,4
dominant_frequency,0.006752229295670986,8,4
contrast_5_std,0.0064435419626533985,8,4
flatness_std,0.0062635550275444984,8,4
mfcc_0_p90,0.006228768266737461,8,4
mfcc_11_mean,0.00620770500972867,8,4
contrast_4_p90,0.006203250493854284,8,4
contrast_2_p90,0.006082696374505758,8,4
contrast_5_mean,0.005284011363983154,8,4
contrast_5_p10,0.005263327620923519,8,4
mfcc_8_std,0.005135709419846535,8,4
zero_crossing_rate_p90,0.004899709019809961,8,4
rms_mean,0.004756528418511152,8,4
mfcc_delta_0_p10,0.00473048584535718,8,4
rms_p90,0.00456664152443409,8,4
mfcc_6_p90,0.0045019835233688354,8,4
contrast_4_p10,0.004461448639631271,8,4
rms_std,0.0044571515172719955,8,4
centroid_p90,0.0044518266804516315,8,4
zero_crossing_rate_mean,0.004333456978201866,8,4
mfcc_12_p90,0.004332373384386301,8,4
spectral_entropy_std,0.004221638664603233,8,4
mfcc_3_mean,0.004183836746960878,8,4
flatness_p10,0.004127372521907091,8,4
mfcc_1_mean,0.004049914889037609,8,4
centroid_p10,0.004037375096231699,8,4
mfcc_delta_13_std,0.004034517332911491,8,4
rolloff85_mean,0.003909657709300518,8,4
mfcc_delta_8_std,0.003879081690683961,8,4
mfcc_0_mean,0.0038234374951571226,8,4
mfcc_13_p90,0.003759956220164895,8,4
mfcc_delta_0_p90,0.0037265541031956673,8,4
mfcc_9_p10,0.003652500221505761,8,4
mfcc_1_p10,0.1393793374300003,9,0
contrast_4_mean,0.05246073007583618,9,0
mfcc_15_std,0.04068419709801674,9,0
mfcc_16_std,0.03857211396098137,9,0
rms_mean,0.036630816757678986,9,0
contrast_2_std,0.03583912551403046,9,0
zero_crossing_rate_std,0.03492970019578934,9,0
spectral_entropy_mean,0.02174658514559269,9,0
spectral_entropy_p10,0.021219173446297646,9,0
contrast_4_p90,0.02116912044584751,9,0
centroid_p90,0.016390778124332428,9,0
contrast_0_mean,0.016368135809898376,9,0
contrast_3_mean,0.01586945913732052,9,0
dominant_frequency,0.014696480706334114,9,0
mfcc_2_mean,0.0138092627748847,9,0
mfcc_1_mean,0.01310704555362463,9,0
mfcc_14_std,0.012070519849658012,9,0
mfcc_2_p90,0.011401982977986336,9,0
rolloff85_p90,0.011162192560732365,9,0
contrast_0_p10,0.01096265483647585,9,0
contrast_3_p90,0.010136866942048073,9,0
zero_crossing_rate_p10,0.009443697519600391,9,0
mfcc_0_p10,0.009265703149139881,9,0
contrast_5_p10,0.008795230649411678,9,0
mfcc_2_p10,0.008562106639146805,9,0
mfcc_11_mean,0.008518718183040619,9,0
flatness_std,0.008414112031459808,9,0
bandwidth_p90,0.008254007436335087,9,0
mfcc_4_p10,0.00823040958493948,9,0
contrast_0_std,0.0075238533318042755,9,0
rms_p10,0.007304075174033642,9,0
mfcc_delta_16_p90,0.007021969184279442,9,0
rolloff85_mean,0.006917349994182587,9,0
spectral_entropy_p90,0.00671183317899704,9,0
dominant_frequency_ratio,0.0066451579332351685,9,0
contrast_4_p10,0.00634031742811203,9,0
mfcc_3_p10,0.006094885058701038,9,0
contrast_4_std,0.006087205372750759,9,0
rms_p90,0.006066485308110714,9,0
contrast_5_p90,0.005893339402973652,9,0
mfcc_delta_8_p90,0.005385005846619606,9,0
mfcc_3_mean,0.005322889890521765,9,0
contrast_0_p90,0.00511474534869194,9,0
mfcc_delta_1_p90,0.005111233796924353,9,0
flatness_p90,0.005041464231908321,9,0
contrast_5_mean,0.005034266039729118,9,0
mfcc_delta_0_std,0.0050004818476736546,9,0
mfcc_17_mean,0.0048713479191064835,9,0
mfcc_11_p10,0.004742624703794718,9,0
mfcc_delta_7_std,0.0044539510272443295,9,0
mfcc_8_p90,0.004396274220198393,9,0
centroid_p10,0.004368241876363754,9,0
bandwidth_mean,0.004364478401839733,9,0
contrast_3_std,0.004360271152108908,9,0
mfcc_delta_1_std,0.00431955698877573,9,0
spectral_entropy_std,0.004295741207897663,9,0
contrast_1_p10,0.0042656054720282555,9,0
mfcc_17_p90,0.0041689337231218815,9,0
mfcc_5_mean,0.004110786598175764,9,0
mfcc_19_p90,0.004089860245585442,9,0
mfcc_1_p10,0.1269274801015854,9,1
contrast_0_p10,0.0797150731086731,9,1
contrast_4_mean,0.07368993014097214,9,1
contrast_2_std,0.057597748935222626,9,1
contrast_4_p90,0.04102523252367973,9,1
rms_mean,0.037410441786050797,9,1
zero_crossing_rate_p90,0.030133137479424477,9,1
contrast_5_p90,0.02652701362967491,9,1
mfcc_2_p90,0.024067135527729988,9,1
spectral_entropy_p10,0.019646821543574333,9,1
mfcc_1_mean,0.01916096732020378,9,1
mfcc_5_mean,0.017203323543071747,9,1
contrast_0_mean,0.016692956909537315,9,1
mfcc_5_p90,0.01498046051710844,9,1
zero_crossing_rate_mean,0.012342610396444798,9,1
mfcc_8_p90,0.011141668073832989,9,1
contrast_3_std,0.011001848615705967,9,1
mfcc_8_mean,0.01001708023250103,9,1
zero_crossing_rate_p10,0.009432656690478325,9,1
mfcc_16_std,0.0091083450242877,9,1
mfcc_15_std,0.007970374077558517,9,1
mfcc_2_mean,0.007877472788095474,9,1
rms_p10,0.007576215546578169,9,1
rms_p90,0.007327537052333355,9,1
mfcc_12_p90,0.007231360301375389,9,1
mfcc_1_p90,0.007133039645850658,9,1
mfcc_delta_7_std,0.006946819368749857,9,1
mfcc_14_std,0.006781609263271093,9,1
contrast_3_p90,0.0065771667286753654,9,1
contrast_3_mean,0.006522789131850004,9,1
mfcc_3_mean,0.006458244752138853,9,1
contrast_5_mean,0.006374798249453306,9,1
rms_std,0.006372442934662104,9,1
bandwidth_p90,0.006192270666360855,9,1
mfcc_0_p90,0.005990393925458193,9,1
contrast_0_p90,0.00551958754658699,9,1
centroid_p10,0.005184725392609835,9,1
centroid_mean,0.0050934357568621635,9,1
dominant_frequency_ratio,0.0050308131612837315,9,1
mfcc_delta_0_std,0.004947613924741745,9,1
rolloff85_mean,0.0048534744419157505,9,1
mfcc_0_mean,0.004846539814025164,9,1
mfcc_delta_1_std,0.004843111615628004,9,1
mfcc_2_p10,0.004461437929421663,9,1
flatness_mean,0.004419911652803421,9,1
mfcc_11_p10,0.004283114802092314,9,1
mfcc_4_std,0.0040246229618787766,9,1
spectral_entropy_mean,0.003908692859113216,9,1
contrast_3_p10,0.003869591746479273,9,1
contrast_5_p10,0.0037113414146006107,9,1
mfcc_19_p90,0.0036949063651263714,9,1
contrast_4_p10,0.0036188976373523474,9,1
zero_crossing_rate_std,0.0035904571413993835,9,1
mfcc_14_p10,0.003539139172062278,9,1
flatness_p90,0.0035238810814917088,9,1
rolloff85_p10,0.003441481851041317,9,1
contrast_0_std,0.0033731742296367884,9,1
contrast_1_mean,0.003370122518390417,9,1
bandwidth_std,0.003365226788446307,9,1
mfcc_13_p90,0.0031523057259619236,9,1
mfcc_16_std,0.11669554561376572,9,2
contrast_2_std,0.06968947499990463,9,2
dominant_frequency,0.060456182807683945,9,2
contrast_4_p90,0.054961178451776505,9,2
contrast_0_mean,0.05207836255431175,9,2
spectral_entropy_mean,0.03260601684451103,9,2
rms_p10,0.029855871573090553,9,2
flatness_mean,0.028146440163254738,9,2
flatness_p90,0.02600397914648056,9,2
rolloff85_mean,0.025179727002978325,9,2
contrast_0_p10,0.0250566229224205,9,2
flatness_std,0.01922345906496048,9,2
mfcc_4_p10,0.017289455980062485,9,2
mfcc_15_std,0.015505766496062279,9,2
spectral_entropy_p90,0.013925589621067047,9,2
zero_crossing_rate_std,0.012420175597071648,9,2
mfcc_14_std,0.012383893132209778,9,2
contrast_4_mean,0.0106978639960289,9,2
mfcc_1_mean,0.010642936453223228,9,2
centroid_mean,0.010211795568466187,9,2
rolloff85_p90,0.009636110626161098,9,2
mfcc_delta_9_std,0.009245562367141247,9,2
zero_crossing_rate_p90,0.009031402878463268,9,2
contrast_5_p90,0.008879474364221096,9,2
contrast_5_mean,0.008731011301279068,9,2
rms_p90,0.0085728969424963,9,2
mfcc_delta_0_std,0.008562661707401276,9,2
mfcc_1_p90,0.007509296294301748,9,2
rms_mean,0.0069777267053723335,9,2
flatness_p10,0.006767081096768379,9,2
mfcc_2_p10,0.006766928359866142,9,2
contrast_5_p10,0.006711483001708984,9,2
mfcc_11_p90,0.00647017965093255,9,2
rms_std,0.0064582377672195435,9,2
spectral_entropy_p10,0.006264009512960911,9,2
contrast_2_p90,0.0058957855217158794,9,2
contrast_0_std,0.0058143045753240585,9,2
contrast_3_mean,0.005522109568119049,9,2
contrast_1_p10,0.005165603943169117,9,2
mfcc_2_p90,0.005089414771646261,9,2
centroid_p10,0.005023352336138487,9,2
mfcc_2_mean,0.004436514340341091,9,2
mfcc_1_p10,0.004370559006929398,9,2
contrast_3_p10,0.004340242128819227,9,2
mfcc_delta_4_p90,0.004108362831175327,9,2
rolloff85_p10,0.004078271333128214,9,2
contrast_4_p10,0.00402871984988451,9,2
mfcc_12_p90,0.004024558234959841,9,2
mfcc_3_mean,0.003964755218476057,9,2
zero_crossing_rate_p10,0.003908513113856316,9,2
contrast_0_p90,0.0035640879068523645,9,2
mfcc_19_std,0.0035020599607378244,9,2
bandwidth_mean,0.0034365663304924965,9,2
centroid_p90,0.0033389958553016186,9,2
mfcc_5_mean,0.003323352662846446,9,2
mfcc_18_p90,0.0032593042124062777,9,2
mfcc_3_p10,0.003241107566282153,9,2
mfcc_8_p90,0.003144101472571492,9,2
mfcc_14_p90,0.0030825231224298477,9,2
mfcc_15_p90,0.0029776946175843477,9,2
mfcc_16_std,0.18731003999710083,9,3
mfcc_2_p10,0.08140597492456436,9,3
flatness_p90,0.04248786345124245,9,3
contrast_2_std,0.040900055319070816,9,3
contrast_0_mean,0.03866412863135338,9,3
mfcc_15_std,0.03192635998129845,9,3
contrast_0_p10,0.0298002902418375,9,3
mfcc_4_p10,0.02782410755753517,9,3
mfcc_2_p90,0.0259772390127182,9,3
mfcc_14_std,0.023255279287695885,9,3
mfcc_4_mean,0.017892001196742058,9,3
zero_crossing_rate_std,0.015065898187458515,9,3
contrast_0_p90,0.014701197855174541,9,3
rms_p10,0.014444750733673573,9,3
spectral_entropy_p10,0.012652995064854622,9,3
mfcc_2_mean,0.012300009839236736,9,3
spectral_entropy_mean,0.0119685810059309,9,3
mfcc_7_p90,0.011789144948124886,9,3
spectral_entropy_p90,0.009412006475031376,9,3
mfcc_1_p90,0.009198669344186783,9,3
contrast_0_std,0.009173615835607052,9,3
contrast_5_p10,0.007743184920400381,9,3
contrast_5_p90,0.007193355821073055,9,3
zero_crossing_rate_p10,0.006635858677327633,9,3
rms_std,0.006454132031649351,9,3
contrast_4_p90,0.006118790712207556,9,3
mfcc_1_mean,0.006056184880435467,9,3
centroid_mean,0.006050677038729191,9,3
dominant_frequency_ratio,0.005885020364075899,9,3
mfcc_delta_0_std,0.005723433569073677,9,3
mfcc_1_p10,0.005525795742869377,9,3
dominant_frequency,0.0055200583301484585,9,3
mfcc_delta_15_p10,0.005276522599160671,9,3
mfcc_13_p90,0.0052079143933951855,9,3
zero_crossing_rate_p90,0.0051946090534329414,9,3
contrast_3_std,0.0050919558852910995,9,3
mfcc_5_p90,0.005080094560980797,9,3
mfcc_delta_0_p10,0.0049508404918015,9,3
mfcc_10_mean,0.004777658265084028,9,3
mfcc_0_p90,0.004775941371917725,9,3
bandwidth_std,0.004741174168884754,9,3
flatness_mean,0.004614223726093769,9,3
bandwidth_p90,0.00457506300881505,9,3
rolloff85_p90,0.004415789619088173,9,3
contrast_1_p10,0.004375162534415722,9,3
rms_mean,0.004237479064613581,9,3
contrast_1_mean,0.004181340802460909,9,3
bandwidth_mean,0.004173940047621727,9,3
contrast_4_mean,0.004049940966069698,9,3
contrast_2_p90,0.003925420809537172,9,3
contrast_5_mean,0.003923130687326193,9,3
mfcc_5_mean,0.0038681759033352137,9,3
mfcc_8_p90,0.003800999838858843,9,3
mfcc_delta_0_p90,0.0037244383711367846,9,3
mfcc_3_p10,0.003530662041157484,9,3
mfcc_0_std,0.0033282171934843063,9,3
rolloff85_p10,0.003246868960559368,9,3
flatness_std,0.0032154563814401627,9,3
contrast_3_mean,0.00316494214348495,9,3
mfcc_10_std,0.0031423289328813553,9,3
mfcc_16_std,0.17585964500904083,9,4
contrast_2_std,0.09117846190929413,9,4
rms_p10,0.050877586007118225,9,4
contrast_0_p10,0.042754631489515305,9,4
flatness_p90,0.028798915445804596,9,4
mfcc_2_mean,0.02483268827199936,9,4
rms_mean,0.02291027083992958,9,4
mfcc_15_std,0.02286950685083866,9,4
mfcc_1_p10,0.02113020420074463,9,4
mfcc_14_std,0.017788520082831383,9,4
mfcc_2_p90,0.017587097361683846,9,4
mfcc_1_p90,0.01632448099553585,9,4
contrast_0_mean,0.015354076400399208,9,4
mfcc_8_p90,0.01528291217982769,9,4
contrast_2_p90,0.015214022248983383,9,4
mfcc_delta_0_std,0.014871272258460522,9,4
spectral_entropy_p90,0.013860248029232025,9,4
contrast_5_p90,0.013096243143081665,9,4
mfcc_2_p10,0.013027139008045197,9,4
mfcc_3_p10,0.0124253174290061,9,4
zero_crossing_rate_p90,0.010919081047177315,9,4
dominant_frequency,0.010255781002342701,9,4
contrast_5_std,0.009646228514611721,9,4
mfcc_1_mean,0.008052590303122997,9,4
zero_crossing_rate_p10,0.007678875233978033,9,4
contrast_3_std,0.007150895893573761,9,4
zero_crossing_rate_std,0.006712140049785376,9,4
contrast_5_p10,0.006682319100946188,9,4
contrast_5_mean,0.006596054881811142,9,4
mfcc_5_std,0.006128133274614811,9,4
rolloff85_mean,0.006107293535023928,9,4
centroid_mean,0.005993336904793978,9,4
mfcc_delta_6_std,0.005750733427703381,9,4
contrast_4_p90,0.005611404776573181,9,4
contrast_4_mean,0.005332247819751501,9,4
spectral_entropy_mean,0.0052094776183366776,9,4
bandwidth_p90,0.005093201994895935,9,4
mfcc_delta_9_std,0.004826871678233147,9,4
dominant_frequency_ratio,0.004626658745110035,9,4
rolloff85_p90,0.004520389251410961,9,4
mfcc_0_p10,0.0044021825306117535,9,4
spectral_entropy_p10,0.004341454710811377,9,4
mfcc_3_mean,0.004310010466724634,9,4
mfcc_5_mean,0.003929687663912773,9,4
mfcc_6_p10,0.00391372898593545,9,4
mfcc_16_p90,0.003831811249256134,9,4
mfcc_5_p90,0.0038170097395777702,9,4
centroid_p10,0.0037084603682160378,9,4
rms_std,0.003611483611166477,9,4
contrast_0_p90,0.0034789820201694965,9,4
mfcc_delta_0_p90,0.003379915840923786,9,4
rms_p90,0.0033787402790039778,9,4
mfcc_delta_0_p10,0.003354121698066592,9,4
mfcc_6_std,0.00330369477160275,9,4
spectral_entropy_std,0.003296993672847748,9,4
mfcc_delta_8_std,0.0032477518543601036,9,4
contrast_3_p90,0.003138541243970394,9,4
mfcc_11_p10,0.0030474397353827953,9,4
mfcc_delta_1_std,0.003023373894393444,9,4
bandwidth_mean,0.00298760156147182,9,4
