feature,gain,repeat,fold
contrast_2_p90,0.0904906615614891,0,0
mfcc_15_std,0.06619194895029068,0,0
mfcc_14_std,0.0632261335849762,0,0
contrast_4_p90,0.03226239234209061,0,0
contrast_3_mean,0.024963367730379105,0,0
contrast_2_std,0.022811563685536385,0,0
rms_p10,0.021924927830696106,0,0
mfcc_delta_4_p10,0.02072206139564514,0,0
zero_crossing_rate_p90,0.02011863701045513,0,0
mfcc_13_std,0.019003283232450485,0,0
dominant_frequency,0.01249256357550621,0,0
rms_mean,0.0122182946652174,0,0
mfcc_16_p90,0.011935976333916187,0,0
mfcc_13_p90,0.011343846097588539,0,0
mfcc_delta_4_p90,0.01078274566680193,0,0
mfcc_delta_8_p10,0.010676741600036621,0,0
contrast_3_p90,0.009848330169916153,0,0
contrast_2_mean,0.009538033045828342,0,0
mfcc_16_std,0.009098632261157036,0,0
flatness_std,0.009080829098820686,0,0
mfcc_16_p10,0.008598984219133854,0,0
mfcc_14_p90,0.008408695459365845,0,0
flatness_mean,0.008187694475054741,0,0
contrast_1_std,0.007841404527425766,0,0
mfcc_15_p10,0.007793030701577663,0,0
spectral_entropy_p90,0.007783133536577225,0,0
mfcc_19_std,0.007691443432122469,0,0
mfcc_delta_0_p10,0.007653503213077784,0,0
contrast_3_p10,0.007553532719612122,0,0
mfcc_delta_0_std,0.007060281466692686,0,0
mfcc_7_std,0.006952433381229639,0,0
zero_crossing_rate_p10,0.006640167906880379,0,0
rms_std,0.0062601263634860516,0,0
zero_crossing_rate_std,0.006156776566058397,0,0
mfcc_delta_5_p10,0.00613126065582037,0,0
mfcc_delta_7_p90,0.0060616726987063885,0,0
mfcc_14_p10,0.006055878940969706,0,0
mfcc_delta_0_p90,0.006003418006002903,0,0
zero_crossing_rate_mean,0.005731943994760513,0,0
rms_p90,0.005507778842002153,0,0
contrast_4_std,0.005268178880214691,0,0
centroid_p10,0.005218822509050369,0,0
flatness_p90,0.004953093361109495,0,0
mfcc_18_std,0.004873719997704029,0,0
mfcc_delta_6_std,0.0048637595027685165,0,0
mfcc_16_mean,0.004831995815038681,0,0
contrast_3_std,0.00469381595030427,0,0
flatness_p10,0.004611832555383444,0,0
mfcc_delta_14_p10,0.0045997328124940395,0,0
mfcc_8_p10,0.00455014081671834,0,0
mfcc_4_p90,0.004527231212705374,0,0
mfcc_13_p10,0.004476439673453569,0,0
mfcc_1_mean,0.004215647000819445,0,0
mfcc_delta_14_std,0.004203959833830595,0,0
contrast_1_p90,0.004136225674301386,0,0
mfcc_2_std,0.004012707620859146,0,0
mfcc_3_std,0.003922083880752325,0,0
mfcc_delta_1_p10,0.0036771672312170267,0,0
mfcc_8_std,0.0036429802421480417,0,0
mfcc_delta_3_p10,0.003627106547355652,0,0
contrast_2_p90,0.06475886702537537,0,1
mfcc_15_std,0.056754060089588165,0,1
mfcc_14_std,0.04802742227911949,0,1
contrast_2_std,0.025806501507759094,0,1
contrast_3_mean,0.023457439616322517,0,1
mfcc_13_std,0.018452467396855354,0,1
flatness_p10,0.018343299627304077,0,1
mfcc_16_p10,0.01783469319343567,0,1
rms_p10,0.016918091103434563,0,1
contrast_4_p90,0.015882015228271484,0,1
dominant_frequency,0.014229514636099339,0,1
flatness_std,0.01290268823504448,0,1
mfcc_14_p10,0.012511618435382843,0,1
flatness_mean,0.012129523791372776,0,1
bandwidth_p90,0.011565487831830978,0,1
mfcc_16_mean,0.011556856334209442,0,1
rms_std,0.011348004452884197,0,1
mfcc_16_p90,0.01099854800850153,0,1
dominant_frequency_ratio,0.01081469189375639,0,1
rms_mean,0.010705762542784214,0,1
zero_crossing_rate_std,0.01069711335003376,0,1
mfcc_14_p90,0.010404834523797035,0,1
mfcc_16_std,0.009976997971534729,0,1
mfcc_8_p10,0.008729794062674046,0,1
mfcc_9_std,0.008610621094703674,0,1
zero_crossing_rate_p90,0.008602749556303024,0,1
mfcc_13_p90,0.008285274729132652,0,1
contrast_3_p90,0.0082384729757905,0,1
mfcc_7_std,0.008056209422647953,0,1
contrast_1_std,0.007708377204835415,0,1
mfcc_delta_4_p10,0.007352658547461033,0,1
zero_crossing_rate_mean,0.006980768404901028,0,1
mfcc_delta_0_p90,0.0069066728465259075,0,1
mfcc_delta_0_p10,0.0068558091297745705,0,1
mfcc_13_p10,0.006827150471508503,0,1
rms_p90,0.006714450195431709,0,1
mfcc_delta_0_std,0.006543702445924282,0,1
centroid_mean,0.006424336228519678,0,1
mfcc_delta_14_p10,0.006320728920400143,0,1
mfcc_19_std,0.006142341066151857,0,1
contrast_5_mean,0.005940498784184456,0,1
contrast_2_mean,0.005903197918087244,0,1
flatness_p90,0.005627696868032217,0,1
mfcc_delta_5_p10,0.00553890410810709,0,1
mfcc_8_std,0.00552579527720809,0,1
mfcc_1_mean,0.0055203624069690704,0,1
mfcc_delta_14_std,0.005495788063853979,0,1
mfcc_delta_8_p10,0.005494253244251013,0,1
contrast_0_std,0.005377491004765034,0,1
spectral_entropy_p90,0.005242187529802322,0,1
mfcc_8_p90,0.005121040623635054,0,1
contrast_3_p10,0.005020993761718273,0,1
contrast_4_std,0.004930670373141766,0,1
mfcc_delta_4_p90,0.004923065192997456,0,1
mfcc_6_p90,0.004741578362882137,0,1
mfcc_1_p90,0.004635477904230356,0,1
mfcc_15_p10,0.0045286486856639385,0,1
bandwidth_std,0.004413885995745659,0,1
contrast_5_p10,0.0043606325052678585,0,1
mfcc_delta_7_p90,0.004312779288738966,0,1
contrast_2_p90,0.058262601494789124,0,2
mfcc_15_std,0.04844709485769272,0,2
mfcc_14_std,0.04445992037653923,0,2
contrast_3_p10,0.04365578666329384,0,2
rms_p10,0.03983033448457718,0,2
contrast_3_mean,0.03606032207608223,0,2
contrast_2_mean,0.03586750105023384,0,2
mfcc_14_p90,0.02326362393796444,0,2
mfcc_16_std,0.02100626938045025,0,2
mfcc_13_std,0.017409302294254303,0,2
contrast_3_p90,0.017154650762677193,0,2
contrast_5_mean,0.014341697096824646,0,2
mfcc_18_std,0.01369570940732956,0,2
dominant_frequency,0.013529849238693714,0,2
zero_crossing_rate_std,0.0127011863514781,0,2
rms_mean,0.01165060605853796,0,2
contrast_2_std,0.011439446359872818,0,2
mfcc_delta_4_p90,0.011213752441108227,0,2
mfcc_delta_4_p10,0.01120922714471817,0,2
contrast_5_p10,0.011116676963865757,0,2
rolloff85_mean,0.010947317816317081,0,2
mfcc_8_std,0.010748989880084991,0,2
mfcc_9_std,0.009734642691910267,0,2
contrast_4_p90,0.009662431664764881,0,2
mfcc_14_p10,0.00939007569104433,0,2
mfcc_2_p10,0.008690990507602692,0,2
mfcc_7_std,0.00791141577064991,0,2
mfcc_delta_6_p90,0.00791021715849638,0,2
mfcc_17_std,0.007663297466933727,0,2
mfcc_19_std,0.007234249729663134,0,2
mfcc_12_std,0.006771635264158249,0,2
rms_std,0.006244301795959473,0,2
contrast_0_p90,0.006208622362464666,0,2
mfcc_delta_7_p90,0.006196559872478247,0,2
mfcc_delta_8_p90,0.005954098887741566,0,2
mfcc_2_mean,0.005798711907118559,0,2
mfcc_delta_7_p10,0.0057073598727583885,0,2
bandwidth_mean,0.005634892266243696,0,2
mfcc_delta_0_std,0.005321009084582329,0,2
mfcc_delta_0_p10,0.00523883244022727,0,2
bandwidth_p90,0.005235026590526104,0,2
mfcc_14_mean,0.004972438793629408,0,2
flatness_p10,0.004892047494649887,0,2
zero_crossing_rate_p10,0.0048294346779584885,0,2
rolloff85_p10,0.004731134045869112,0,2
flatness_mean,0.004706111736595631,0,2
mfcc_2_p90,0.00459175044670701,0,2
mfcc_delta_0_mean,0.004552799742668867,0,2
mfcc_1_p90,0.004541311878710985,0,2
contrast_4_std,0.004468436818569899,0,2
contrast_3_std,0.004304341971874237,0,2
mfcc_10_p90,0.004291881807148457,0,2
rms_p90,0.00416370015591383,0,2
rolloff85_p90,0.004014947917312384,0,2
mfcc_delta_5_p10,0.0037610281724482775,0,2
mfcc_1_std,0.003709465963765979,0,2
mfcc_delta_0_p90,0.0036627664230763912,0,2
mfcc_6_std,0.0035667880438268185,0,2
contrast_2_p10,0.003425593487918377,0,2
mfcc_9_p10,0.0033832869958132505,0,2
mfcc_14_std,0.06344056874513626,0,3
rms_p10,0.05377668887376785,0,3
mfcc_15_std,0.0528985895216465,0,3
contrast_3_p90,0.05269655957818031,0,3
contrast_2_p90,0.045590706169605255,0,3
mfcc_13_std,0.025644076988101006,0,3
dominant_frequency,0.023727791383862495,0,3
rms_mean,0.021097332239151,0,3
contrast_2_std,0.020171208307147026,0,3
mfcc_16_std,0.01940978318452835,0,3
contrast_3_mean,0.017489952966570854,0,3
contrast_4_p90,0.015255875885486603,0,3
mfcc_9_std,0.011350628919899464,0,3
contrast_3_std,0.01128895953297615,0,3
mfcc_19_std,0.010662037879228592,0,3
contrast_1_p90,0.009980211034417152,0,3
mfcc_8_std,0.009891793131828308,0,3
mfcc_7_std,0.0084178876131773,0,3
mfcc_delta_3_p10,0.008109861053526402,0,3
zero_crossing_rate_p90,0.007824935019016266,0,3
mfcc_delta_6_std,0.0073641142807900906,0,3
zero_crossing_rate_std,0.007316687610000372,0,3
contrast_1_std,0.007187299896031618,0,3
contrast_5_mean,0.006858117878437042,0,3
spectral_entropy_p90,0.006271210499107838,0,3
mfcc_14_mean,0.006154438480734825,0,3
flatness_mean,0.006050104275345802,0,3
flatness_p90,0.006028440315276384,0,3
mfcc_delta_14_std,0.005990631878376007,0,3
zero_crossing_rate_mean,0.005947750061750412,0,3
dominant_frequency_ratio,0.005767683498561382,0,3
rms_p90,0.005668021738529205,0,3
mfcc_delta_0_p10,0.005646021105349064,0,3
rms_std,0.005530575755983591,0,3
flatness_p10,0.005374524742364883,0,3
spectral_entropy_mean,0.005287019070237875,0,3
mfcc_delta_0_p90,0.0052178725600242615,0,3
contrast_2_mean,0.00521581107750535,0,3
mfcc_delta_0_std,0.00499955378472805,0,3
mfcc_delta_7_p90,0.004952254239469767,0,3
mfcc_delta_1_std,0.004815458785742521,0,3
mfcc_17_std,0.004806635435670614,0,3
mfcc_11_p90,0.004737454000860453,0,3
mfcc_3_mean,0.00459000701084733,0,3
mfcc_delta_15_p10,0.00443329568952322,0,3
mfcc_14_p90,0.004369230475276709,0,3
contrast_4_std,0.00420413026586175,0,3
mfcc_3_p10,0.004087227862328291,0,3
mfcc_0_p10,0.004072846844792366,0,3
centroid_p90,0.004017101135104895,0,3
mfcc_delta_19_std,0.003987970761954784,0,3
mfcc_delta_13_mean,0.003983427304774523,0,3
centroid_p10,0.0039276424795389175,0,3
mfcc_delta_14_p10,0.003926418721675873,0,3
mfcc_delta_18_mean,0.003878318704664707,0,3
mfcc_13_p10,0.0037880593445152044,0,3
rolloff85_mean,0.003766397014260292,0,3
mfcc_6_mean,0.003764114109799266,0,3
mfcc_delta_8_p90,0.003753781784325838,0,3
spectral_entropy_p10,0.0036496310494840145,0,3
contrast_2_p90,0.0784517452120781,0,4
mfcc_15_std,0.06633505970239639,0,4
mfcc_14_std,0.030765453353524208,0,4
rms_p10,0.02996123395860195,0,4
mfcc_delta_6_p90,0.022872017696499825,0,4
mfcc_16_std,0.022023707628250122,0,4
contrast_2_mean,0.020746078342199326,0,4
contrast_2_std,0.020514847710728645,0,4
mfcc_13_std,0.01862737536430359,0,4
contrast_3_mean,0.017636118456721306,0,4
mfcc_delta_8_p10,0.0174584798514843,0,4
zero_crossing_rate_std,0.015665683895349503,0,4
contrast_1_std,0.012377886101603508,0,4
mfcc_8_std,0.01153486967086792,0,4
mfcc_2_std,0.011441431939601898,0,4
contrast_3_p10,0.011212550103664398,0,4
mfcc_11_std,0.010596731677651405,0,4
rms_mean,0.010209329426288605,0,4
mfcc_19_std,0.009759359993040562,0,4
mfcc_delta_8_p90,0.009134162217378616,0,4
spectral_entropy_mean,0.008845803327858448,0,4
contrast_4_p90,0.008746265433728695,0,4
dominant_frequency,0.008704747073352337,0,4
zero_crossing_rate_p10,0.008622545748949051,0,4
rms_std,0.00818029697984457,0,4
contrast_4_std,0.007886338979005814,0,4
mfcc_delta_7_p90,0.007407480385154486,0,4
zero_crossing_rate_p90,0.006915243808180094,0,4
flatness_p10,0.006891206838190556,0,4
mfcc_delta_9_p90,0.00688510574400425,0,4
dominant_frequency_ratio,0.006870987359434366,0,4
mfcc_17_std,0.006817189045250416,0,4
flatness_p90,0.006523179356008768,0,4
mfcc_delta_6_p10,0.006287781521677971,0,4
mfcc_16_p90,0.006147913634777069,0,4
mfcc_9_p90,0.006004479248076677,0,4
mfcc_9_std,0.005907669197767973,0,4
mfcc_delta_14_p90,0.005679362919181585,0,4
mfcc_11_mean,0.005609421990811825,0,4
mfcc_12_p90,0.0054470538161695,0,4
mfcc_1_std,0.005130070261657238,0,4
rms_p90,0.005068252794444561,0,4
mfcc_delta_7_p10,0.004969894886016846,0,4
mfcc_delta_12_std,0.004895559977740049,0,4
mfcc_delta_1_std,0.004886472597718239,0,4
mfcc_10_p90,0.004885357804596424,0,4
mfcc_7_std,0.0048753670416772366,0,4
mfcc_11_p10,0.0048676710575819016,0,4
contrast_1_p10,0.004769011400640011,0,4
mfcc_delta_0_p10,0.0046930694952607155,0,4
mfcc_1_p90,0.0046055917628109455,0,4
mfcc_delta_15_p90,0.004578611347824335,0,4
mfcc_delta_9_p10,0.004432602319866419,0,4
contrast_1_p90,0.004420426208525896,0,4
mfcc_3_std,0.004379065707325935,0,4
mfcc_delta_1_p10,0.0043383496813476086,0,4
mfcc_delta_19_p10,0.004321047570556402,0,4
contrast_3_p90,0.00431377999484539,0,4
flatness_mean,0.0041375188156962395,0,4
spectral_entropy_p90,0.0040962425991892815,0,4
contrast_2_p90,0.0904906615614891,1,0
mfcc_15_std,0.06619194895029068,1,0
mfcc_14_std,0.0632261335849762,1,0
contrast_4_p90,0.03226239234209061,1,0
contrast_3_mean,0.024963367730379105,1,0
contrast_2_std,0.022811563685536385,1,0
rms_p10,0.021924927830696106,1,0
mfcc_delta_4_p10,0.02072206139564514,1,0
zero_crossing_rate_p90,0.02011863701045513,1,0
mfcc_13_std,0.019003283232450485,1,0
dominant_frequency,0.01249256357550621,1,0
rms_mean,0.0122182946652174,1,0
mfcc_16_p90,0.011935976333916187,1,0
mfcc_13_p90,0.011343846097588539,1,0
mfcc_delta_4_p90,0.01078274566680193,1,0
mfcc_delta_8_p10,0.010676741600036621,1,0
contrast_3_p90,0.009848330169916153,1,0
contrast_2_mean,0.009538033045828342,1,0
mfcc_16_std,0.009098632261157036,1,0
flatness_std,0.009080829098820686,1,0
mfcc_16_p10,0.008598984219133854,1,0
mfcc_14_p90,0.008408695459365845,1,0
flatness_mean,0.008187694475054741,1,0
contrast_1_std,0.007841404527425766,1,0
mfcc_15_p10,0.007793030701577663,1,0
spectral_entropy_p90,0.007783133536577225,1,0
mfcc_19_std,0.007691443432122469,1,0
mfcc_delta_0_p10,0.007653503213077784,1,0
contrast_3_p10,0.007553532719612122,1,0
mfcc_delta_0_std,0.007060281466692686,1,0
mfcc_7_std,0.006952433381229639,1,0
zero_crossing_rate_p10,0.006640167906880379,1,0
rms_std,0.0062601263634860516,1,0
zero_crossing_rate_std,0.006156776566058397,1,0
mfcc_delta_5_p10,0.00613126065582037,1,0
mfcc_delta_7_p90,0.0060616726987063885,1,0
mfcc_14_p10,0.006055878940969706,1,0
mfcc_delta_0_p90,0.006003418006002903,1,0
zero_crossing_rate_mean,0.005731943994760513,1,0
rms_p90,0.005507778842002153,1,0
contrast_4_std,0.005268178880214691,1,0
centroid_p10,0.005218822509050369,1,0
flatness_p90,0.004953093361109495,1,0
mfcc_18_std,0.004873719997704029,1,0
mfcc_delta_6_std,0.0048637595027685165,1,0
mfcc_16_mean,0.004831995815038681,1,0
contrast_3_std,0.00469381595030427,1,0
flatness_p10,0.004611832555383444,1,0
mfcc_delta_14_p10,0.0045997328124940395,1,0
mfcc_8_p10,0.00455014081671834,1,0
mfcc_4_p90,0.004527231212705374,1,0
mfcc_13_p10,0.004476439673453569,1,0
mfcc_1_mean,0.004215647000819445,1,0
mfcc_delta_14_std,0.004203959833830595,1,0
contrast_1_p90,0.004136225674301386,1,0
mfcc_2_std,0.004012707620859146,1,0
mfcc_3_std,0.003922083880752325,1,0
mfcc_delta_1_p10,0.0036771672312170267,1,0
mfcc_8_std,0.0036429802421480417,1,0
mfcc_delta_3_p10,0.003627106547355652,1,0
contrast_2_p90,0.06475886702537537,1,1
mfcc_15_std,0.056754060089588165,1,1
mfcc_14_std,0.04802742227911949,1,1
contrast_2_std,0.025806501507759094,1,1
contrast_3_mean,0.023457439616322517,1,1
mfcc_13_std,0.018452467396855354,1,1
flatness_p10,0.018343299627304077,1,1
mfcc_16_p10,0.01783469319343567,1,1
rms_p10,0.016918091103434563,1,1
contrast_4_p90,0.015882015228271484,1,1
dominant_frequency,0.014229514636099339,1,1
flatness_std,0.01290268823504448,1,1
mfcc_14_p10,0.012511618435382843,1,1
flatness_mean,0.012129523791372776,1,1
bandwidth_p90,0.011565487831830978,1,1
mfcc_16_mean,0.011556856334209442,1,1
rms_std,0.011348004452884197,1,1
mfcc_16_p90,0.01099854800850153,1,1
dominant_frequency_ratio,0.01081469189375639,1,1
rms_mean,0.010705762542784214,1,1
zero_crossing_rate_std,0.01069711335003376,1,1
mfcc_14_p90,0.010404834523797035,1,1
mfcc_16_std,0.009976997971534729,1,1
mfcc_8_p10,0.008729794062674046,1,1
mfcc_9_std,0.008610621094703674,1,1
zero_crossing_rate_p90,0.008602749556303024,1,1
mfcc_13_p90,0.008285274729132652,1,1
contrast_3_p90,0.0082384729757905,1,1
mfcc_7_std,0.008056209422647953,1,1
contrast_1_std,0.007708377204835415,1,1
mfcc_delta_4_p10,0.007352658547461033,1,1
zero_crossing_rate_mean,0.006980768404901028,1,1
mfcc_delta_0_p90,0.0069066728465259075,1,1
mfcc_delta_0_p10,0.0068558091297745705,1,1
mfcc_13_p10,0.006827150471508503,1,1
rms_p90,0.006714450195431709,1,1
mfcc_delta_0_std,0.006543702445924282,1,1
centroid_mean,0.006424336228519678,1,1
mfcc_delta_14_p10,0.006320728920400143,1,1
mfcc_19_std,0.006142341066151857,1,1
contrast_5_mean,0.005940498784184456,1,1
contrast_2_mean,0.005903197918087244,1,1
flatness_p90,0.005627696868032217,1,1
mfcc_delta_5_p10,0.00553890410810709,1,1
mfcc_8_std,0.00552579527720809,1,1
mfcc_1_mean,0.0055203624069690704,1,1
mfcc_delta_14_std,0.005495788063853979,1,1
mfcc_delta_8_p10,0.005494253244251013,1,1
contrast_0_std,0.005377491004765034,1,1
spectral_entropy_p90,0.005242187529802322,1,1
mfcc_8_p90,0.005121040623635054,1,1
contrast_3_p10,0.005020993761718273,1,1
contrast_4_std,0.004930670373141766,1,1
mfcc_delta_4_p90,0.004923065192997456,1,1
mfcc_6_p90,0.004741578362882137,1,1
mfcc_1_p90,0.004635477904230356,1,1
mfcc_15_p10,0.0045286486856639385,1,1
bandwidth_std,0.004413885995745659,1,1
contrast_5_p10,0.0043606325052678585,1,1
mfcc_delta_7_p90,0.004312779288738966,1,1
contrast_2_p90,0.058262601494789124,1,2
mfcc_15_std,0.04844709485769272,1,2
mfcc_14_std,0.04445992037653923,1,2
contrast_3_p10,0.04365578666329384,1,2
rms_p10,0.03983033448457718,1,2
contrast_3_mean,0.03606032207608223,1,2
contrast_2_mean,0.03586750105023384,1,2
mfcc_14_p90,0.02326362393796444,1,2
mfcc_16_std,0.02100626938045025,1,2
mfcc_13_std,0.017409302294254303,1,2
contrast_3_p90,0.017154650762677193,1,2
contrast_5_mean,0.014341697096824646,1,2
mfcc_18_std,0.01369570940732956,1,2
dominant_frequency,0.013529849238693714,1,2
zero_crossing_rate_std,0.0127011863514781,1,2
rms_mean,0.01165060605853796,1,2
contrast_2_std,0.011439446359872818,1,2
mfcc_delta_4_p90,0.011213752441108227,1,2
mfcc_delta_4_p10,0.01120922714471817,1,2
contrast_5_p10,0.011116676963865757,1,2
rolloff85_mean,0.010947317816317081,1,2
mfcc_8_std,0.010748989880084991,1,2
mfcc_9_std,0.009734642691910267,1,2
contrast_4_p90,0.009662431664764881,1,2
mfcc_14_p10,0.00939007569104433,1,2
mfcc_2_p10,0.008690990507602692,1,2
mfcc_7_std,0.00791141577064991,1,2
mfcc_delta_6_p90,0.00791021715849638,1,2
mfcc_17_std,0.007663297466933727,1,2
mfcc_19_std,0.007234249729663134,1,2
mfcc_12_std,0.006771635264158249,1,2
rms_std,0.006244301795959473,1,2
contrast_0_p90,0.006208622362464666,1,2
mfcc_delta_7_p90,0.006196559872478247,1,2
mfcc_delta_8_p90,0.005954098887741566,1,2
mfcc_2_mean,0.005798711907118559,1,2
mfcc_delta_7_p10,0.0057073598727583885,1,2
bandwidth_mean,0.005634892266243696,1,2
mfcc_delta_0_std,0.005321009084582329,1,2
mfcc_delta_0_p10,0.00523883244022727,1,2
bandwidth_p90,0.005235026590526104,1,2
mfcc_14_mean,0.004972438793629408,1,2
flatness_p10,0.004892047494649887,1,2
zero_crossing_rate_p10,0.0048294346779584885,1,2
rolloff85_p10,0.004731134045869112,1,2
flatness_mean,0.004706111736595631,1,2
mfcc_2_p90,0.00459175044670701,1,2
mfcc_delta_0_mean,0.004552799742668867,1,2
mfcc_1_p90,0.004541311878710985,1,2
contrast_4_std,0.004468436818569899,1,2
contrast_3_std,0.004304341971874237,1,2
mfcc_10_p90,0.004291881807148457,1,2
rms_p90,0.00416370015591383,1,2
rolloff85_p90,0.004014947917312384,1,2
mfcc_delta_5_p10,0.0037610281724482775,1,2
mfcc_1_std,0.003709465963765979,1,2
mfcc_delta_0_p90,0.0036627664230763912,1,2
mfcc_6_std,0.0035667880438268185,1,2
contrast_2_p10,0.003425593487918377,1,2
mfcc_9_p10,0.0033832869958132505,1,2
mfcc_14_std,0.06344056874513626,1,3
rms_p10,0.05377668887376785,1,3
mfcc_15_std,0.0528985895216465,1,3
contrast_3_p90,0.05269655957818031,1,3
contrast_2_p90,0.045590706169605255,1,3
mfcc_13_std,0.025644076988101006,1,3
dominant_frequency,0.023727791383862495,1,3
rms_mean,0.021097332239151,1,3
contrast_2_std,0.020171208307147026,1,3
mfcc_16_std,0.01940978318452835,1,3
contrast_3_mean,0.017489952966570854,1,3
contrast_4_p90,0.015255875885486603,1,3
mfcc_9_std,0.011350628919899464,1,3
contrast_3_std,0.01128895953297615,1,3
mfcc_19_std,0.010662037879228592,1,3
contrast_1_p90,0.009980211034417152,1,3
mfcc_8_std,0.009891793131828308,1,3
mfcc_7_std,0.0084178876131773,1,3
mfcc_delta_3_p10,0.008109861053526402,1,3
zero_crossing_rate_p90,0.007824935019016266,1,3
mfcc_delta_6_std,0.0073641142807900906,1,3
zero_crossing_rate_std,0.007316687610000372,1,3
contrast_1_std,0.007187299896031618,1,3
contrast_5_mean,0.006858117878437042,1,3
spectral_entropy_p90,0.006271210499107838,1,3
mfcc_14_mean,0.006154438480734825,1,3
flatness_mean,0.006050104275345802,1,3
flatness_p90,0.006028440315276384,1,3
mfcc_delta_14_std,0.005990631878376007,1,3
zero_crossing_rate_mean,0.005947750061750412,1,3
dominant_frequency_ratio,0.005767683498561382,1,3
rms_p90,0.005668021738529205,1,3
mfcc_delta_0_p10,0.005646021105349064,1,3
rms_std,0.005530575755983591,1,3
flatness_p10,0.005374524742364883,1,3
spectral_entropy_mean,0.005287019070237875,1,3
mfcc_delta_0_p90,0.0052178725600242615,1,3
contrast_2_mean,0.00521581107750535,1,3
mfcc_delta_0_std,0.00499955378472805,1,3
mfcc_delta_7_p90,0.004952254239469767,1,3
mfcc_delta_1_std,0.004815458785742521,1,3
mfcc_17_std,0.004806635435670614,1,3
mfcc_11_p90,0.004737454000860453,1,3
mfcc_3_mean,0.00459000701084733,1,3
mfcc_delta_15_p10,0.00443329568952322,1,3
mfcc_14_p90,0.004369230475276709,1,3
contrast_4_std,0.00420413026586175,1,3
mfcc_3_p10,0.004087227862328291,1,3
mfcc_0_p10,0.004072846844792366,1,3
centroid_p90,0.004017101135104895,1,3
mfcc_delta_19_std,0.003987970761954784,1,3
mfcc_delta_13_mean,0.003983427304774523,1,3
centroid_p10,0.0039276424795389175,1,3
mfcc_delta_14_p10,0.003926418721675873,1,3
mfcc_delta_18_mean,0.003878318704664707,1,3
mfcc_13_p10,0.0037880593445152044,1,3
rolloff85_mean,0.003766397014260292,1,3
mfcc_6_mean,0.003764114109799266,1,3
mfcc_delta_8_p90,0.003753781784325838,1,3
spectral_entropy_p10,0.0036496310494840145,1,3
contrast_2_p90,0.0784517452120781,1,4
mfcc_15_std,0.06633505970239639,1,4
mfcc_14_std,0.030765453353524208,1,4
rms_p10,0.02996123395860195,1,4
mfcc_delta_6_p90,0.022872017696499825,1,4
mfcc_16_std,0.022023707628250122,1,4
contrast_2_mean,0.020746078342199326,1,4
contrast_2_std,0.020514847710728645,1,4
mfcc_13_std,0.01862737536430359,1,4
contrast_3_mean,0.017636118456721306,1,4
mfcc_delta_8_p10,0.0174584798514843,1,4
zero_crossing_rate_std,0.015665683895349503,1,4
contrast_1_std,0.012377886101603508,1,4
mfcc_8_std,0.01153486967086792,1,4
mfcc_2_std,0.011441431939601898,1,4
contrast_3_p10,0.011212550103664398,1,4
mfcc_11_std,0.010596731677651405,1,4
rms_mean,0.010209329426288605,1,4
mfcc_19_std,0.009759359993040562,1,4
mfcc_delta_8_p90,0.009134162217378616,1,4
spectral_entropy_mean,0.008845803327858448,1,4
contrast_4_p90,0.008746265433728695,1,4
dominant_frequency,0.008704747073352337,1,4
zero_crossing_rate_p10,0.008622545748949051,1,4
rms_std,0.00818029697984457,1,4
contrast_4_std,0.007886338979005814,1,4
mfcc_delta_7_p90,0.007407480385154486,1,4
zero_crossing_rate_p90,0.006915243808180094,1,4
flatness_p10,0.006891206838190556,1,4
mfcc_delta_9_p90,0.00688510574400425,1,4
dominant_frequency_ratio,0.006870987359434366,1,4
mfcc_17_std,0.006817189045250416,1,4
flatness_p90,0.006523179356008768,1,4
mfcc_delta_6_p10,0.006287781521677971,1,4
mfcc_16_p90,0.006147913634777069,1,4
mfcc_9_p90,0.006004479248076677,1,4
mfcc_9_std,0.005907669197767973,1,4
mfcc_delta_14_p90,0.005679362919181585,1,4
mfcc_11_mean,0.005609421990811825,1,4
mfcc_12_p90,0.0054470538161695,1,4
mfcc_1_std,0.005130070261657238,1,4
rms_p90,0.005068252794444561,1,4
mfcc_delta_7_p10,0.004969894886016846,1,4
mfcc_delta_12_std,0.004895559977740049,1,4
mfcc_delta_1_std,0.004886472597718239,1,4
mfcc_10_p90,0.004885357804596424,1,4
mfcc_7_std,0.0048753670416772366,1,4
mfcc_11_p10,0.0048676710575819016,1,4
contrast_1_p10,0.004769011400640011,1,4
mfcc_delta_0_p10,0.0046930694952607155,1,4
mfcc_1_p90,0.0046055917628109455,1,4
mfcc_delta_15_p90,0.004578611347824335,1,4
mfcc_delta_9_p10,0.004432602319866419,1,4
contrast_1_p90,0.004420426208525896,1,4
mfcc_3_std,0.004379065707325935,1,4
mfcc_delta_1_p10,0.0043383496813476086,1,4
mfcc_delta_19_p10,0.004321047570556402,1,4
contrast_3_p90,0.00431377999484539,1,4
flatness_mean,0.0041375188156962395,1,4
spectral_entropy_p90,0.0040962425991892815,1,4
contrast_2_p90,0.0904906615614891,2,0
mfcc_15_std,0.06619194895029068,2,0
mfcc_14_std,0.0632261335849762,2,0
contrast_4_p90,0.03226239234209061,2,0
contrast_3_mean,0.024963367730379105,2,0
contrast_2_std,0.022811563685536385,2,0
rms_p10,0.021924927830696106,2,0
mfcc_delta_4_p10,0.02072206139564514,2,0
zero_crossing_rate_p90,0.02011863701045513,2,0
mfcc_13_std,0.019003283232450485,2,0
dominant_frequency,0.01249256357550621,2,0
rms_mean,0.0122182946652174,2,0
mfcc_16_p90,0.011935976333916187,2,0
mfcc_13_p90,0.011343846097588539,2,0
mfcc_delta_4_p90,0.01078274566680193,2,0
mfcc_delta_8_p10,0.010676741600036621,2,0
contrast_3_p90,0.009848330169916153,2,0
contrast_2_mean,0.009538033045828342,2,0
mfcc_16_std,0.009098632261157036,2,0
flatness_std,0.009080829098820686,2,0
mfcc_16_p10,0.008598984219133854,2,0
mfcc_14_p90,0.008408695459365845,2,0
flatness_mean,0.008187694475054741,2,0
contrast_1_std,0.007841404527425766,2,0
mfcc_15_p10,0.007793030701577663,2,0
spectral_entropy_p90,0.007783133536577225,2,0
mfcc_19_std,0.007691443432122469,2,0
mfcc_delta_0_p10,0.007653503213077784,2,0
contrast_3_p10,0.007553532719612122,2,0
mfcc_delta_0_std,0.007060281466692686,2,0
mfcc_7_std,0.006952433381229639,2,0
zero_crossing_rate_p10,0.006640167906880379,2,0
rms_std,0.0062601263634860516,2,0
zero_crossing_rate_std,0.006156776566058397,2,0
mfcc_delta_5_p10,0.00613126065582037,2,0
mfcc_delta_7_p90,0.0060616726987063885,2,0
mfcc_14_p10,0.006055878940969706,2,0
mfcc_delta_0_p90,0.006003418006002903,2,0
zero_crossing_rate_mean,0.005731943994760513,2,0
rms_p90,0.005507778842002153,2,0
contrast_4_std,0.005268178880214691,2,0
centroid_p10,0.005218822509050369,2,0
flatness_p90,0.004953093361109495,2,0
mfcc_18_std,0.004873719997704029,2,0
mfcc_delta_6_std,0.0048637595027685165,2,0
mfcc_16_mean,0.004831995815038681,2,0
contrast_3_std,0.00469381595030427,2,0
flatness_p10,0.004611832555383444,2,0
mfcc_delta_14_p10,0.0045997328124940395,2,0
mfcc_8_p10,0.00455014081671834,2,0
mfcc_4_p90,0.004527231212705374,2,0
mfcc_13_p10,0.004476439673453569,2,0
mfcc_1_mean,0.004215647000819445,2,0
mfcc_delta_14_std,0.004203959833830595,2,0
contrast_1_p90,0.004136225674301386,2,0
mfcc_2_std,0.004012707620859146,2,0
mfcc_3_std,0.003922083880752325,2,0
mfcc_delta_1_p10,0.0036771672312170267,2,0
mfcc_8_std,0.0036429802421480417,2,0
mfcc_delta_3_p10,0.003627106547355652,2,0
contrast_2_p90,0.06475886702537537,2,1
mfcc_15_std,0.056754060089588165,2,1
mfcc_14_std,0.04802742227911949,2,1
contrast_2_std,0.025806501507759094,2,1
contrast_3_mean,0.023457439616322517,2,1
mfcc_13_std,0.018452467396855354,2,1
flatness_p10,0.018343299627304077,2,1
mfcc_16_p10,0.01783469319343567,2,1
rms_p10,0.016918091103434563,2,1
contrast_4_p90,0.015882015228271484,2,1
dominant_frequency,0.014229514636099339,2,1
flatness_std,0.01290268823504448,2,1
mfcc_14_p10,0.012511618435382843,2,1
flatness_mean,0.012129523791372776,2,1
bandwidth_p90,0.011565487831830978,2,1
mfcc_16_mean,0.011556856334209442,2,1
rms_std,0.011348004452884197,2,1
mfcc_16_p90,0.01099854800850153,2,1
dominant_frequency_ratio,0.01081469189375639,2,1
rms_mean,0.010705762542784214,2,1
zero_crossing_rate_std,0.01069711335003376,2,1
mfcc_14_p90,0.010404834523797035,2,1
mfcc_16_std,0.009976997971534729,2,1
mfcc_8_p10,0.008729794062674046,2,1
mfcc_9_std,0.008610621094703674,2,1
zero_crossing_rate_p90,0.008602749556303024,2,1
mfcc_13_p90,0.008285274729132652,2,1
contrast_3_p90,0.0082384729757905,2,1
mfcc_7_std,0.008056209422647953,2,1
contrast_1_std,0.007708377204835415,2,1
mfcc_delta_4_p10,0.007352658547461033,2,1
zero_crossing_rate_mean,0.006980768404901028,2,1
mfcc_delta_0_p90,0.0069066728465259075,2,1
mfcc_delta_0_p10,0.0068558091297745705,2,1
mfcc_13_p10,0.006827150471508503,2,1
rms_p90,0.006714450195431709,2,1
mfcc_delta_0_std,0.006543702445924282,2,1
centroid_mean,0.006424336228519678,2,1
mfcc_delta_14_p10,0.006320728920400143,2,1
mfcc_19_std,0.006142341066151857,2,1
contrast_5_mean,0.005940498784184456,2,1
contrast_2_mean,0.005903197918087244,2,1
flatness_p90,0.005627696868032217,2,1
mfcc_delta_5_p10,0.00553890410810709,2,1
mfcc_8_std,0.00552579527720809,2,1
mfcc_1_mean,0.0055203624069690704,2,1
mfcc_delta_14_std,0.005495788063853979,2,1
mfcc_delta_8_p10,0.005494253244251013,2,1
contrast_0_std,0.005377491004765034,2,1
spectral_entropy_p90,0.005242187529802322,2,1
mfcc_8_p90,0.005121040623635054,2,1
contrast_3_p10,0.005020993761718273,2,1
contrast_4_std,0.004930670373141766,2,1
mfcc_delta_4_p90,0.004923065192997456,2,1
mfcc_6_p90,0.004741578362882137,2,1
mfcc_1_p90,0.004635477904230356,2,1
mfcc_15_p10,0.0045286486856639385,2,1
bandwidth_std,0.004413885995745659,2,1
contrast_5_p10,0.0043606325052678585,2,1
mfcc_delta_7_p90,0.004312779288738966,2,1
contrast_2_p90,0.058262601494789124,2,2
mfcc_15_std,0.04844709485769272,2,2
mfcc_14_std,0.04445992037653923,2,2
contrast_3_p10,0.04365578666329384,2,2
rms_p10,0.03983033448457718,2,2
contrast_3_mean,0.03606032207608223,2,2
contrast_2_mean,0.03586750105023384,2,2
mfcc_14_p90,0.02326362393796444,2,2
mfcc_16_std,0.02100626938045025,2,2
mfcc_13_std,0.017409302294254303,2,2
contrast_3_p90,0.017154650762677193,2,2
contrast_5_mean,0.014341697096824646,2,2
mfcc_18_std,0.01369570940732956,2,2
dominant_frequency,0.013529849238693714,2,2
zero_crossing_rate_std,0.0127011863514781,2,2
rms_mean,0.01165060605853796,2,2
contrast_2_std,0.011439446359872818,2,2
mfcc_delta_4_p90,0.011213752441108227,2,2
mfcc_delta_4_p10,0.01120922714471817,2,2
contrast_5_p10,0.011116676963865757,2,2
rolloff85_mean,0.010947317816317081,2,2
mfcc_8_std,0.010748989880084991,2,2
mfcc_9_std,0.009734642691910267,2,2
contrast_4_p90,0.009662431664764881,2,2
mfcc_14_p10,0.00939007569104433,2,2
mfcc_2_p10,0.008690990507602692,2,2
mfcc_7_std,0.00791141577064991,2,2
mfcc_delta_6_p90,0.00791021715849638,2,2
mfcc_17_std,0.007663297466933727,2,2
mfcc_19_std,0.007234249729663134,2,2
mfcc_12_std,0.006771635264158249,2,2
rms_std,0.006244301795959473,2,2
contrast_0_p90,0.006208622362464666,2,2
mfcc_delta_7_p90,0.006196559872478247,2,2
mfcc_delta_8_p90,0.005954098887741566,2,2
mfcc_2_mean,0.005798711907118559,2,2
mfcc_delta_7_p10,0.0057073598727583885,2,2
bandwidth_mean,0.005634892266243696,2,2
mfcc_delta_0_std,0.005321009084582329,2,2
mfcc_delta_0_p10,0.00523883244022727,2,2
bandwidth_p90,0.005235026590526104,2,2
mfcc_14_mean,0.004972438793629408,2,2
flatness_p10,0.004892047494649887,2,2
zero_crossing_rate_p10,0.0048294346779584885,2,2
rolloff85_p10,0.004731134045869112,2,2
flatness_mean,0.004706111736595631,2,2
mfcc_2_p90,0.00459175044670701,2,2
mfcc_delta_0_mean,0.004552799742668867,2,2
mfcc_1_p90,0.004541311878710985,2,2
contrast_4_std,0.004468436818569899,2,2
contrast_3_std,0.004304341971874237,2,2
mfcc_10_p90,0.004291881807148457,2,2
rms_p90,0.00416370015591383,2,2
rolloff85_p90,0.004014947917312384,2,2
mfcc_delta_5_p10,0.0037610281724482775,2,2
mfcc_1_std,0.003709465963765979,2,2
mfcc_delta_0_p90,0.0036627664230763912,2,2
mfcc_6_std,0.0035667880438268185,2,2
contrast_2_p10,0.003425593487918377,2,2
mfcc_9_p10,0.0033832869958132505,2,2
mfcc_14_std,0.06344056874513626,2,3
rms_p10,0.05377668887376785,2,3
mfcc_15_std,0.0528985895216465,2,3
contrast_3_p90,0.05269655957818031,2,3
contrast_2_p90,0.045590706169605255,2,3
mfcc_13_std,0.025644076988101006,2,3
dominant_frequency,0.023727791383862495,2,3
rms_mean,0.021097332239151,2,3
contrast_2_std,0.020171208307147026,2,3
mfcc_16_std,0.01940978318452835,2,3
contrast_3_mean,0.017489952966570854,2,3
contrast_4_p90,0.015255875885486603,2,3
mfcc_9_std,0.011350628919899464,2,3
contrast_3_std,0.01128895953297615,2,3
mfcc_19_std,0.010662037879228592,2,3
contrast_1_p90,0.009980211034417152,2,3
mfcc_8_std,0.009891793131828308,2,3
mfcc_7_std,0.0084178876131773,2,3
mfcc_delta_3_p10,0.008109861053526402,2,3
zero_crossing_rate_p90,0.007824935019016266,2,3
mfcc_delta_6_std,0.0073641142807900906,2,3
zero_crossing_rate_std,0.007316687610000372,2,3
contrast_1_std,0.007187299896031618,2,3
contrast_5_mean,0.006858117878437042,2,3
spectral_entropy_p90,0.006271210499107838,2,3
mfcc_14_mean,0.006154438480734825,2,3
flatness_mean,0.006050104275345802,2,3
flatness_p90,0.006028440315276384,2,3
mfcc_delta_14_std,0.005990631878376007,2,3
zero_crossing_rate_mean,0.005947750061750412,2,3
dominant_frequency_ratio,0.005767683498561382,2,3
rms_p90,0.005668021738529205,2,3
mfcc_delta_0_p10,0.005646021105349064,2,3
rms_std,0.005530575755983591,2,3
flatness_p10,0.005374524742364883,2,3
spectral_entropy_mean,0.005287019070237875,2,3
mfcc_delta_0_p90,0.0052178725600242615,2,3
contrast_2_mean,0.00521581107750535,2,3
mfcc_delta_0_std,0.00499955378472805,2,3
mfcc_delta_7_p90,0.004952254239469767,2,3
mfcc_delta_1_std,0.004815458785742521,2,3
mfcc_17_std,0.004806635435670614,2,3
mfcc_11_p90,0.004737454000860453,2,3
mfcc_3_mean,0.00459000701084733,2,3
mfcc_delta_15_p10,0.00443329568952322,2,3
mfcc_14_p90,0.004369230475276709,2,3
contrast_4_std,0.00420413026586175,2,3
mfcc_3_p10,0.004087227862328291,2,3
mfcc_0_p10,0.004072846844792366,2,3
centroid_p90,0.004017101135104895,2,3
mfcc_delta_19_std,0.003987970761954784,2,3
mfcc_delta_13_mean,0.003983427304774523,2,3
centroid_p10,0.0039276424795389175,2,3
mfcc_delta_14_p10,0.003926418721675873,2,3
mfcc_delta_18_mean,0.003878318704664707,2,3
mfcc_13_p10,0.0037880593445152044,2,3
rolloff85_mean,0.003766397014260292,2,3
mfcc_6_mean,0.003764114109799266,2,3
mfcc_delta_8_p90,0.003753781784325838,2,3
spectral_entropy_p10,0.0036496310494840145,2,3
contrast_2_p90,0.0784517452120781,2,4
mfcc_15_std,0.06633505970239639,2,4
mfcc_14_std,0.030765453353524208,2,4
rms_p10,0.02996123395860195,2,4
mfcc_delta_6_p90,0.022872017696499825,2,4
mfcc_16_std,0.022023707628250122,2,4
contrast_2_mean,0.020746078342199326,2,4
contrast_2_std,0.020514847710728645,2,4
mfcc_13_std,0.01862737536430359,2,4
contrast_3_mean,0.017636118456721306,2,4
mfcc_delta_8_p10,0.0174584798514843,2,4
zero_crossing_rate_std,0.015665683895349503,2,4
contrast_1_std,0.012377886101603508,2,4
mfcc_8_std,0.01153486967086792,2,4
mfcc_2_std,0.011441431939601898,2,4
contrast_3_p10,0.011212550103664398,2,4
mfcc_11_std,0.010596731677651405,2,4
rms_mean,0.010209329426288605,2,4
mfcc_19_std,0.009759359993040562,2,4
mfcc_delta_8_p90,0.009134162217378616,2,4
spectral_entropy_mean,0.008845803327858448,2,4
contrast_4_p90,0.008746265433728695,2,4
dominant_frequency,0.008704747073352337,2,4
zero_crossing_rate_p10,0.008622545748949051,2,4
rms_std,0.00818029697984457,2,4
contrast_4_std,0.007886338979005814,2,4
mfcc_delta_7_p90,0.007407480385154486,2,4
zero_crossing_rate_p90,0.006915243808180094,2,4
flatness_p10,0.006891206838190556,2,4
mfcc_delta_9_p90,0.00688510574400425,2,4
dominant_frequency_ratio,0.006870987359434366,2,4
mfcc_17_std,0.006817189045250416,2,4
flatness_p90,0.006523179356008768,2,4
mfcc_delta_6_p10,0.006287781521677971,2,4
mfcc_16_p90,0.006147913634777069,2,4
mfcc_9_p90,0.006004479248076677,2,4
mfcc_9_std,0.005907669197767973,2,4
mfcc_delta_14_p90,0.005679362919181585,2,4
mfcc_11_mean,0.005609421990811825,2,4
mfcc_12_p90,0.0054470538161695,2,4
mfcc_1_std,0.005130070261657238,2,4
rms_p90,0.005068252794444561,2,4
mfcc_delta_7_p10,0.004969894886016846,2,4
mfcc_delta_12_std,0.004895559977740049,2,4
mfcc_delta_1_std,0.004886472597718239,2,4
mfcc_10_p90,0.004885357804596424,2,4
mfcc_7_std,0.0048753670416772366,2,4
mfcc_11_p10,0.0048676710575819016,2,4
contrast_1_p10,0.004769011400640011,2,4
mfcc_delta_0_p10,0.0046930694952607155,2,4
mfcc_1_p90,0.0046055917628109455,2,4
mfcc_delta_15_p90,0.004578611347824335,2,4
mfcc_delta_9_p10,0.004432602319866419,2,4
contrast_1_p90,0.004420426208525896,2,4
mfcc_3_std,0.004379065707325935,2,4
mfcc_delta_1_p10,0.0043383496813476086,2,4
mfcc_delta_19_p10,0.004321047570556402,2,4
contrast_3_p90,0.00431377999484539,2,4
flatness_mean,0.0041375188156962395,2,4
spectral_entropy_p90,0.0040962425991892815,2,4
contrast_2_p90,0.0904906615614891,3,0
mfcc_15_std,0.06619194895029068,3,0
mfcc_14_std,0.0632261335849762,3,0
contrast_4_p90,0.03226239234209061,3,0
contrast_3_mean,0.024963367730379105,3,0
contrast_2_std,0.022811563685536385,3,0
rms_p10,0.021924927830696106,3,0
mfcc_delta_4_p10,0.02072206139564514,3,0
zero_crossing_rate_p90,0.02011863701045513,3,0
mfcc_13_std,0.019003283232450485,3,0
dominant_frequency,0.01249256357550621,3,0
rms_mean,0.0122182946652174,3,0
mfcc_16_p90,0.011935976333916187,3,0
mfcc_13_p90,0.011343846097588539,3,0
mfcc_delta_4_p90,0.01078274566680193,3,0
mfcc_delta_8_p10,0.010676741600036621,3,0
contrast_3_p90,0.009848330169916153,3,0
contrast_2_mean,0.009538033045828342,3,0
mfcc_16_std,0.009098632261157036,3,0
flatness_std,0.009080829098820686,3,0
mfcc_16_p10,0.008598984219133854,3,0
mfcc_14_p90,0.008408695459365845,3,0
flatness_mean,0.008187694475054741,3,0
contrast_1_std,0.007841404527425766,3,0
mfcc_15_p10,0.007793030701577663,3,0
spectral_entropy_p90,0.007783133536577225,3,0
mfcc_19_std,0.007691443432122469,3,0
mfcc_delta_0_p10,0.007653503213077784,3,0
contrast_3_p10,0.007553532719612122,3,0
mfcc_delta_0_std,0.007060281466692686,3,0
mfcc_7_std,0.006952433381229639,3,0
zero_crossing_rate_p10,0.006640167906880379,3,0
rms_std,0.0062601263634860516,3,0
zero_crossing_rate_std,0.006156776566058397,3,0
mfcc_delta_5_p10,0.00613126065582037,3,0
mfcc_delta_7_p90,0.0060616726987063885,3,0
mfcc_14_p10,0.006055878940969706,3,0
mfcc_delta_0_p90,0.006003418006002903,3,0
zero_crossing_rate_mean,0.005731943994760513,3,0
rms_p90,0.005507778842002153,3,0
contrast_4_std,0.005268178880214691,3,0
centroid_p10,0.005218822509050369,3,0
flatness_p90,0.004953093361109495,3,0
mfcc_18_std,0.004873719997704029,3,0
mfcc_delta_6_std,0.0048637595027685165,3,0
mfcc_16_mean,0.004831995815038681,3,0
contrast_3_std,0.00469381595030427,3,0
flatness_p10,0.004611832555383444,3,0
mfcc_delta_14_p10,0.0045997328124940395,3,0
mfcc_8_p10,0.00455014081671834,3,0
mfcc_4_p90,0.004527231212705374,3,0
mfcc_13_p10,0.004476439673453569,3,0
mfcc_1_mean,0.004215647000819445,3,0
mfcc_delta_14_std,0.004203959833830595,3,0
contrast_1_p90,0.004136225674301386,3,0
mfcc_2_std,0.004012707620859146,3,0
mfcc_3_std,0.003922083880752325,3,0
mfcc_delta_1_p10,0.0036771672312170267,3,0
mfcc_8_std,0.0036429802421480417,3,0
mfcc_delta_3_p10,0.003627106547355652,3,0
contrast_2_p90,0.06475886702537537,3,1
mfcc_15_std,0.056754060089588165,3,1
mfcc_14_std,0.04802742227911949,3,1
contrast_2_std,0.025806501507759094,3,1
contrast_3_mean,0.023457439616322517,3,1
mfcc_13_std,0.018452467396855354,3,1
flatness_p10,0.018343299627304077,3,1
mfcc_16_p10,0.01783469319343567,3,1
rms_p10,0.016918091103434563,3,1
contrast_4_p90,0.015882015228271484,3,1
dominant_frequency,0.014229514636099339,3,1
flatness_std,0.01290268823504448,3,1
mfcc_14_p10,0.012511618435382843,3,1
flatness_mean,0.012129523791372776,3,1
bandwidth_p90,0.011565487831830978,3,1
mfcc_16_mean,0.011556856334209442,3,1
rms_std,0.011348004452884197,3,1
mfcc_16_p90,0.01099854800850153,3,1
dominant_frequency_ratio,0.01081469189375639,3,1
rms_mean,0.010705762542784214,3,1
zero_crossing_rate_std,0.01069711335003376,3,1
mfcc_14_p90,0.010404834523797035,3,1
mfcc_16_std,0.009976997971534729,3,1
mfcc_8_p10,0.008729794062674046,3,1
mfcc_9_std,0.008610621094703674,3,1
zero_crossing_rate_p90,0.008602749556303024,3,1
mfcc_13_p90,0.008285274729132652,3,1
contrast_3_p90,0.0082384729757905,3,1
mfcc_7_std,0.008056209422647953,3,1
contrast_1_std,0.007708377204835415,3,1
mfcc_delta_4_p10,0.007352658547461033,3,1
zero_crossing_rate_mean,0.006980768404901028,3,1
mfcc_delta_0_p90,0.0069066728465259075,3,1
mfcc_delta_0_p10,0.0068558091297745705,3,1
mfcc_13_p10,0.006827150471508503,3,1
rms_p90,0.006714450195431709,3,1
mfcc_delta_0_std,0.006543702445924282,3,1
centroid_mean,0.006424336228519678,3,1
mfcc_delta_14_p10,0.006320728920400143,3,1
mfcc_19_std,0.006142341066151857,3,1
contrast_5_mean,0.005940498784184456,3,1
contrast_2_mean,0.005903197918087244,3,1
flatness_p90,0.005627696868032217,3,1
mfcc_delta_5_p10,0.00553890410810709,3,1
mfcc_8_std,0.00552579527720809,3,1
mfcc_1_mean,0.0055203624069690704,3,1
mfcc_delta_14_std,0.005495788063853979,3,1
mfcc_delta_8_p10,0.005494253244251013,3,1
contrast_0_std,0.005377491004765034,3,1
spectral_entropy_p90,0.005242187529802322,3,1
mfcc_8_p90,0.005121040623635054,3,1
contrast_3_p10,0.005020993761718273,3,1
contrast_4_std,0.004930670373141766,3,1
mfcc_delta_4_p90,0.004923065192997456,3,1
mfcc_6_p90,0.004741578362882137,3,1
mfcc_1_p90,0.004635477904230356,3,1
mfcc_15_p10,0.0045286486856639385,3,1
bandwidth_std,0.004413885995745659,3,1
contrast_5_p10,0.0043606325052678585,3,1
mfcc_delta_7_p90,0.004312779288738966,3,1
contrast_2_p90,0.058262601494789124,3,2
mfcc_15_std,0.04844709485769272,3,2
mfcc_14_std,0.04445992037653923,3,2
contrast_3_p10,0.04365578666329384,3,2
rms_p10,0.03983033448457718,3,2
contrast_3_mean,0.03606032207608223,3,2
contrast_2_mean,0.03586750105023384,3,2
mfcc_14_p90,0.02326362393796444,3,2
mfcc_16_std,0.02100626938045025,3,2
mfcc_13_std,0.017409302294254303,3,2
contrast_3_p90,0.017154650762677193,3,2
contrast_5_mean,0.014341697096824646,3,2
mfcc_18_std,0.01369570940732956,3,2
dominant_frequency,0.013529849238693714,3,2
zero_crossing_rate_std,0.0127011863514781,3,2
rms_mean,0.01165060605853796,3,2
contrast_2_std,0.011439446359872818,3,2
mfcc_delta_4_p90,0.011213752441108227,3,2
mfcc_delta_4_p10,0.01120922714471817,3,2
contrast_5_p10,0.011116676963865757,3,2
rolloff85_mean,0.010947317816317081,3,2
mfcc_8_std,0.010748989880084991,3,2
mfcc_9_std,0.009734642691910267,3,2
contrast_4_p90,0.009662431664764881,3,2
mfcc_14_p10,0.00939007569104433,3,2
mfcc_2_p10,0.008690990507602692,3,2
mfcc_7_std,0.00791141577064991,3,2
mfcc_delta_6_p90,0.00791021715849638,3,2
mfcc_17_std,0.007663297466933727,3,2
mfcc_19_std,0.007234249729663134,3,2
mfcc_12_std,0.006771635264158249,3,2
rms_std,0.006244301795959473,3,2
contrast_0_p90,0.006208622362464666,3,2
mfcc_delta_7_p90,0.006196559872478247,3,2
mfcc_delta_8_p90,0.005954098887741566,3,2
mfcc_2_mean,0.005798711907118559,3,2
mfcc_delta_7_p10,0.0057073598727583885,3,2
bandwidth_mean,0.005634892266243696,3,2
mfcc_delta_0_std,0.005321009084582329,3,2
mfcc_delta_0_p10,0.00523883244022727,3,2
bandwidth_p90,0.005235026590526104,3,2
mfcc_14_mean,0.004972438793629408,3,2
flatness_p10,0.004892047494649887,3,2
zero_crossing_rate_p10,0.0048294346779584885,3,2
rolloff85_p10,0.004731134045869112,3,2
flatness_mean,0.004706111736595631,3,2
mfcc_2_p90,0.00459175044670701,3,2
mfcc_delta_0_mean,0.004552799742668867,3,2
mfcc_1_p90,0.004541311878710985,3,2
contrast_4_std,0.004468436818569899,3,2
contrast_3_std,0.004304341971874237,3,2
mfcc_10_p90,0.004291881807148457,3,2
rms_p90,0.00416370015591383,3,2
rolloff85_p90,0.004014947917312384,3,2
mfcc_delta_5_p10,0.0037610281724482775,3,2
mfcc_1_std,0.003709465963765979,3,2
mfcc_delta_0_p90,0.0036627664230763912,3,2
mfcc_6_std,0.0035667880438268185,3,2
contrast_2_p10,0.003425593487918377,3,2
mfcc_9_p10,0.0033832869958132505,3,2
mfcc_14_std,0.06344056874513626,3,3
rms_p10,0.05377668887376785,3,3
mfcc_15_std,0.0528985895216465,3,3
contrast_3_p90,0.05269655957818031,3,3
contrast_2_p90,0.045590706169605255,3,3
mfcc_13_std,0.025644076988101006,3,3
dominant_frequency,0.023727791383862495,3,3
rms_mean,0.021097332239151,3,3
contrast_2_std,0.020171208307147026,3,3
mfcc_16_std,0.01940978318452835,3,3
contrast_3_mean,0.017489952966570854,3,3
contrast_4_p90,0.015255875885486603,3,3
mfcc_9_std,0.011350628919899464,3,3
contrast_3_std,0.01128895953297615,3,3
mfcc_19_std,0.010662037879228592,3,3
contrast_1_p90,0.009980211034417152,3,3
mfcc_8_std,0.009891793131828308,3,3
mfcc_7_std,0.0084178876131773,3,3
mfcc_delta_3_p10,0.008109861053526402,3,3
zero_crossing_rate_p90,0.007824935019016266,3,3
mfcc_delta_6_std,0.0073641142807900906,3,3
zero_crossing_rate_std,0.007316687610000372,3,3
contrast_1_std,0.007187299896031618,3,3
contrast_5_mean,0.006858117878437042,3,3
spectral_entropy_p90,0.006271210499107838,3,3
mfcc_14_mean,0.006154438480734825,3,3
flatness_mean,0.006050104275345802,3,3
flatness_p90,0.006028440315276384,3,3
mfcc_delta_14_std,0.005990631878376007,3,3
zero_crossing_rate_mean,0.005947750061750412,3,3
dominant_frequency_ratio,0.005767683498561382,3,3
rms_p90,0.005668021738529205,3,3
mfcc_delta_0_p10,0.005646021105349064,3,3
rms_std,0.005530575755983591,3,3
flatness_p10,0.005374524742364883,3,3
spectral_entropy_mean,0.005287019070237875,3,3
mfcc_delta_0_p90,0.0052178725600242615,3,3
contrast_2_mean,0.00521581107750535,3,3
mfcc_delta_0_std,0.00499955378472805,3,3
mfcc_delta_7_p90,0.004952254239469767,3,3
mfcc_delta_1_std,0.004815458785742521,3,3
mfcc_17_std,0.004806635435670614,3,3
mfcc_11_p90,0.004737454000860453,3,3
mfcc_3_mean,0.00459000701084733,3,3
mfcc_delta_15_p10,0.00443329568952322,3,3
mfcc_14_p90,0.004369230475276709,3,3
contrast_4_std,0.00420413026586175,3,3
mfcc_3_p10,0.004087227862328291,3,3
mfcc_0_p10,0.004072846844792366,3,3
centroid_p90,0.004017101135104895,3,3
mfcc_delta_19_std,0.003987970761954784,3,3
mfcc_delta_13_mean,0.003983427304774523,3,3
centroid_p10,0.0039276424795389175,3,3
mfcc_delta_14_p10,0.003926418721675873,3,3
mfcc_delta_18_mean,0.003878318704664707,3,3
mfcc_13_p10,0.0037880593445152044,3,3
rolloff85_mean,0.003766397014260292,3,3
mfcc_6_mean,0.003764114109799266,3,3
mfcc_delta_8_p90,0.003753781784325838,3,3
spectral_entropy_p10,0.0036496310494840145,3,3
contrast_2_p90,0.0784517452120781,3,4
mfcc_15_std,0.06633505970239639,3,4
mfcc_14_std,0.030765453353524208,3,4
rms_p10,0.02996123395860195,3,4
mfcc_delta_6_p90,0.022872017696499825,3,4
mfcc_16_std,0.022023707628250122,3,4
contrast_2_mean,0.020746078342199326,3,4
contrast_2_std,0.020514847710728645,3,4
mfcc_13_std,0.01862737536430359,3,4
contrast_3_mean,0.017636118456721306,3,4
mfcc_delta_8_p10,0.0174584798514843,3,4
zero_crossing_rate_std,0.015665683895349503,3,4
contrast_1_std,0.012377886101603508,3,4
mfcc_8_std,0.01153486967086792,3,4
mfcc_2_std,0.011441431939601898,3,4
contrast_3_p10,0.011212550103664398,3,4
mfcc_11_std,0.010596731677651405,3,4
rms_mean,0.010209329426288605,3,4
mfcc_19_std,0.009759359993040562,3,4
mfcc_delta_8_p90,0.009134162217378616,3,4
spectral_entropy_mean,0.008845803327858448,3,4
contrast_4_p90,0.008746265433728695,3,4
dominant_frequency,0.008704747073352337,3,4
zero_crossing_rate_p10,0.008622545748949051,3,4
rms_std,0.00818029697984457,3,4
contrast_4_std,0.007886338979005814,3,4
mfcc_delta_7_p90,0.007407480385154486,3,4
zero_crossing_rate_p90,0.006915243808180094,3,4
flatness_p10,0.006891206838190556,3,4
mfcc_delta_9_p90,0.00688510574400425,3,4
dominant_frequency_ratio,0.006870987359434366,3,4
mfcc_17_std,0.006817189045250416,3,4
flatness_p90,0.006523179356008768,3,4
mfcc_delta_6_p10,0.006287781521677971,3,4
mfcc_16_p90,0.006147913634777069,3,4
mfcc_9_p90,0.006004479248076677,3,4
mfcc_9_std,0.005907669197767973,3,4
mfcc_delta_14_p90,0.005679362919181585,3,4
mfcc_11_mean,0.005609421990811825,3,4
mfcc_12_p90,0.0054470538161695,3,4
mfcc_1_std,0.005130070261657238,3,4
rms_p90,0.005068252794444561,3,4
mfcc_delta_7_p10,0.004969894886016846,3,4
mfcc_delta_12_std,0.004895559977740049,3,4
mfcc_delta_1_std,0.004886472597718239,3,4
mfcc_10_p90,0.004885357804596424,3,4
mfcc_7_std,0.0048753670416772366,3,4
mfcc_11_p10,0.0048676710575819016,3,4
contrast_1_p10,0.004769011400640011,3,4
mfcc_delta_0_p10,0.0046930694952607155,3,4
mfcc_1_p90,0.0046055917628109455,3,4
mfcc_delta_15_p90,0.004578611347824335,3,4
mfcc_delta_9_p10,0.004432602319866419,3,4
contrast_1_p90,0.004420426208525896,3,4
mfcc_3_std,0.004379065707325935,3,4
mfcc_delta_1_p10,0.0043383496813476086,3,4
mfcc_delta_19_p10,0.004321047570556402,3,4
contrast_3_p90,0.00431377999484539,3,4
flatness_mean,0.0041375188156962395,3,4
spectral_entropy_p90,0.0040962425991892815,3,4
contrast_2_p90,0.0904906615614891,4,0
mfcc_15_std,0.06619194895029068,4,0
mfcc_14_std,0.0632261335849762,4,0
contrast_4_p90,0.03226239234209061,4,0
contrast_3_mean,0.024963367730379105,4,0
contrast_2_std,0.022811563685536385,4,0
rms_p10,0.021924927830696106,4,0
mfcc_delta_4_p10,0.02072206139564514,4,0
zero_crossing_rate_p90,0.02011863701045513,4,0
mfcc_13_std,0.019003283232450485,4,0
dominant_frequency,0.01249256357550621,4,0
rms_mean,0.0122182946652174,4,0
mfcc_16_p90,0.011935976333916187,4,0
mfcc_13_p90,0.011343846097588539,4,0
mfcc_delta_4_p90,0.01078274566680193,4,0
mfcc_delta_8_p10,0.010676741600036621,4,0
contrast_3_p90,0.009848330169916153,4,0
contrast_2_mean,0.009538033045828342,4,0
mfcc_16_std,0.009098632261157036,4,0
flatness_std,0.009080829098820686,4,0
mfcc_16_p10,0.008598984219133854,4,0
mfcc_14_p90,0.008408695459365845,4,0
flatness_mean,0.008187694475054741,4,0
contrast_1_std,0.007841404527425766,4,0
mfcc_15_p10,0.007793030701577663,4,0
spectral_entropy_p90,0.007783133536577225,4,0
mfcc_19_std,0.007691443432122469,4,0
mfcc_delta_0_p10,0.007653503213077784,4,0
contrast_3_p10,0.007553532719612122,4,0
mfcc_delta_0_std,0.007060281466692686,4,0
mfcc_7_std,0.006952433381229639,4,0
zero_crossing_rate_p10,0.006640167906880379,4,0
rms_std,0.0062601263634860516,4,0
zero_crossing_rate_std,0.006156776566058397,4,0
mfcc_delta_5_p10,0.00613126065582037,4,0
mfcc_delta_7_p90,0.0060616726987063885,4,0
mfcc_14_p10,0.006055878940969706,4,0
mfcc_delta_0_p90,0.006003418006002903,4,0
zero_crossing_rate_mean,0.005731943994760513,4,0
rms_p90,0.005507778842002153,4,0
contrast_4_std,0.005268178880214691,4,0
centroid_p10,0.005218822509050369,4,0
flatness_p90,0.004953093361109495,4,0
mfcc_18_std,0.004873719997704029,4,0
mfcc_delta_6_std,0.0048637595027685165,4,0
mfcc_16_mean,0.004831995815038681,4,0
contrast_3_std,0.00469381595030427,4,0
flatness_p10,0.004611832555383444,4,0
mfcc_delta_14_p10,0.0045997328124940395,4,0
mfcc_8_p10,0.00455014081671834,4,0
mfcc_4_p90,0.004527231212705374,4,0
mfcc_13_p10,0.004476439673453569,4,0
mfcc_1_mean,0.004215647000819445,4,0
mfcc_delta_14_std,0.004203959833830595,4,0
contrast_1_p90,0.004136225674301386,4,0
mfcc_2_std,0.004012707620859146,4,0
mfcc_3_std,0.003922083880752325,4,0
mfcc_delta_1_p10,0.0036771672312170267,4,0
mfcc_8_std,0.0036429802421480417,4,0
mfcc_delta_3_p10,0.003627106547355652,4,0
contrast_2_p90,0.06475886702537537,4,1
mfcc_15_std,0.056754060089588165,4,1
mfcc_14_std,0.04802742227911949,4,1
contrast_2_std,0.025806501507759094,4,1
contrast_3_mean,0.023457439616322517,4,1
mfcc_13_std,0.018452467396855354,4,1
flatness_p10,0.018343299627304077,4,1
mfcc_16_p10,0.01783469319343567,4,1
rms_p10,0.016918091103434563,4,1
contrast_4_p90,0.015882015228271484,4,1
dominant_frequency,0.014229514636099339,4,1
flatness_std,0.01290268823504448,4,1
mfcc_14_p10,0.012511618435382843,4,1
flatness_mean,0.012129523791372776,4,1
bandwidth_p90,0.011565487831830978,4,1
mfcc_16_mean,0.011556856334209442,4,1
rms_std,0.011348004452884197,4,1
mfcc_16_p90,0.01099854800850153,4,1
dominant_frequency_ratio,0.01081469189375639,4,1
rms_mean,0.010705762542784214,4,1
zero_crossing_rate_std,0.01069711335003376,4,1
mfcc_14_p90,0.010404834523797035,4,1
mfcc_16_std,0.009976997971534729,4,1
mfcc_8_p10,0.008729794062674046,4,1
mfcc_9_std,0.008610621094703674,4,1
zero_crossing_rate_p90,0.008602749556303024,4,1
mfcc_13_p90,0.008285274729132652,4,1
contrast_3_p90,0.0082384729757905,4,1
mfcc_7_std,0.008056209422647953,4,1
contrast_1_std,0.007708377204835415,4,1
mfcc_delta_4_p10,0.007352658547461033,4,1
zero_crossing_rate_mean,0.006980768404901028,4,1
mfcc_delta_0_p90,0.0069066728465259075,4,1
mfcc_delta_0_p10,0.0068558091297745705,4,1
mfcc_13_p10,0.006827150471508503,4,1
rms_p90,0.006714450195431709,4,1
mfcc_delta_0_std,0.006543702445924282,4,1
centroid_mean,0.006424336228519678,4,1
mfcc_delta_14_p10,0.006320728920400143,4,1
mfcc_19_std,0.006142341066151857,4,1
contrast_5_mean,0.005940498784184456,4,1
contrast_2_mean,0.005903197918087244,4,1
flatness_p90,0.005627696868032217,4,1
mfcc_delta_5_p10,0.00553890410810709,4,1
mfcc_8_std,0.00552579527720809,4,1
mfcc_1_mean,0.0055203624069690704,4,1
mfcc_delta_14_std,0.005495788063853979,4,1
mfcc_delta_8_p10,0.005494253244251013,4,1
contrast_0_std,0.005377491004765034,4,1
spectral_entropy_p90,0.005242187529802322,4,1
mfcc_8_p90,0.005121040623635054,4,1
contrast_3_p10,0.005020993761718273,4,1
contrast_4_std,0.004930670373141766,4,1
mfcc_delta_4_p90,0.004923065192997456,4,1
mfcc_6_p90,0.004741578362882137,4,1
mfcc_1_p90,0.004635477904230356,4,1
mfcc_15_p10,0.0045286486856639385,4,1
bandwidth_std,0.004413885995745659,4,1
contrast_5_p10,0.0043606325052678585,4,1
mfcc_delta_7_p90,0.004312779288738966,4,1
contrast_2_p90,0.058262601494789124,4,2
mfcc_15_std,0.04844709485769272,4,2
mfcc_14_std,0.04445992037653923,4,2
contrast_3_p10,0.04365578666329384,4,2
rms_p10,0.03983033448457718,4,2
contrast_3_mean,0.03606032207608223,4,2
contrast_2_mean,0.03586750105023384,4,2
mfcc_14_p90,0.02326362393796444,4,2
mfcc_16_std,0.02100626938045025,4,2
mfcc_13_std,0.017409302294254303,4,2
contrast_3_p90,0.017154650762677193,4,2
contrast_5_mean,0.014341697096824646,4,2
mfcc_18_std,0.01369570940732956,4,2
dominant_frequency,0.013529849238693714,4,2
zero_crossing_rate_std,0.0127011863514781,4,2
rms_mean,0.01165060605853796,4,2
contrast_2_std,0.011439446359872818,4,2
mfcc_delta_4_p90,0.011213752441108227,4,2
mfcc_delta_4_p10,0.01120922714471817,4,2
contrast_5_p10,0.011116676963865757,4,2
rolloff85_mean,0.010947317816317081,4,2
mfcc_8_std,0.010748989880084991,4,2
mfcc_9_std,0.009734642691910267,4,2
contrast_4_p90,0.009662431664764881,4,2
mfcc_14_p10,0.00939007569104433,4,2
mfcc_2_p10,0.008690990507602692,4,2
mfcc_7_std,0.00791141577064991,4,2
mfcc_delta_6_p90,0.00791021715849638,4,2
mfcc_17_std,0.007663297466933727,4,2
mfcc_19_std,0.007234249729663134,4,2
mfcc_12_std,0.006771635264158249,4,2
rms_std,0.006244301795959473,4,2
contrast_0_p90,0.006208622362464666,4,2
mfcc_delta_7_p90,0.006196559872478247,4,2
mfcc_delta_8_p90,0.005954098887741566,4,2
mfcc_2_mean,0.005798711907118559,4,2
mfcc_delta_7_p10,0.0057073598727583885,4,2
bandwidth_mean,0.005634892266243696,4,2
mfcc_delta_0_std,0.005321009084582329,4,2
mfcc_delta_0_p10,0.00523883244022727,4,2
bandwidth_p90,0.005235026590526104,4,2
mfcc_14_mean,0.004972438793629408,4,2
flatness_p10,0.004892047494649887,4,2
zero_crossing_rate_p10,0.0048294346779584885,4,2
rolloff85_p10,0.004731134045869112,4,2
flatness_mean,0.004706111736595631,4,2
mfcc_2_p90,0.00459175044670701,4,2
mfcc_delta_0_mean,0.004552799742668867,4,2
mfcc_1_p90,0.004541311878710985,4,2
contrast_4_std,0.004468436818569899,4,2
contrast_3_std,0.004304341971874237,4,2
mfcc_10_p90,0.004291881807148457,4,2
rms_p90,0.00416370015591383,4,2
rolloff85_p90,0.004014947917312384,4,2
mfcc_delta_5_p10,0.0037610281724482775,4,2
mfcc_1_std,0.003709465963765979,4,2
mfcc_delta_0_p90,0.0036627664230763912,4,2
mfcc_6_std,0.0035667880438268185,4,2
contrast_2_p10,0.003425593487918377,4,2
mfcc_9_p10,0.0033832869958132505,4,2
mfcc_14_std,0.06344056874513626,4,3
rms_p10,0.05377668887376785,4,3
mfcc_15_std,0.0528985895216465,4,3
contrast_3_p90,0.05269655957818031,4,3
contrast_2_p90,0.045590706169605255,4,3
mfcc_13_std,0.025644076988101006,4,3
dominant_frequency,0.023727791383862495,4,3
rms_mean,0.021097332239151,4,3
contrast_2_std,0.020171208307147026,4,3
mfcc_16_std,0.01940978318452835,4,3
contrast_3_mean,0.017489952966570854,4,3
contrast_4_p90,0.015255875885486603,4,3
mfcc_9_std,0.011350628919899464,4,3
contrast_3_std,0.01128895953297615,4,3
mfcc_19_std,0.010662037879228592,4,3
contrast_1_p90,0.009980211034417152,4,3
mfcc_8_std,0.009891793131828308,4,3
mfcc_7_std,0.0084178876131773,4,3
mfcc_delta_3_p10,0.008109861053526402,4,3
zero_crossing_rate_p90,0.007824935019016266,4,3
mfcc_delta_6_std,0.0073641142807900906,4,3
zero_crossing_rate_std,0.007316687610000372,4,3
contrast_1_std,0.007187299896031618,4,3
contrast_5_mean,0.006858117878437042,4,3
spectral_entropy_p90,0.006271210499107838,4,3
mfcc_14_mean,0.006154438480734825,4,3
flatness_mean,0.006050104275345802,4,3
flatness_p90,0.006028440315276384,4,3
mfcc_delta_14_std,0.005990631878376007,4,3
zero_crossing_rate_mean,0.005947750061750412,4,3
dominant_frequency_ratio,0.005767683498561382,4,3
rms_p90,0.005668021738529205,4,3
mfcc_delta_0_p10,0.005646021105349064,4,3
rms_std,0.005530575755983591,4,3
flatness_p10,0.005374524742364883,4,3
spectral_entropy_mean,0.005287019070237875,4,3
mfcc_delta_0_p90,0.0052178725600242615,4,3
contrast_2_mean,0.00521581107750535,4,3
mfcc_delta_0_std,0.00499955378472805,4,3
mfcc_delta_7_p90,0.004952254239469767,4,3
mfcc_delta_1_std,0.004815458785742521,4,3
mfcc_17_std,0.004806635435670614,4,3
mfcc_11_p90,0.004737454000860453,4,3
mfcc_3_mean,0.00459000701084733,4,3
mfcc_delta_15_p10,0.00443329568952322,4,3
mfcc_14_p90,0.004369230475276709,4,3
contrast_4_std,0.00420413026586175,4,3
mfcc_3_p10,0.004087227862328291,4,3
mfcc_0_p10,0.004072846844792366,4,3
centroid_p90,0.004017101135104895,4,3
mfcc_delta_19_std,0.003987970761954784,4,3
mfcc_delta_13_mean,0.003983427304774523,4,3
centroid_p10,0.0039276424795389175,4,3
mfcc_delta_14_p10,0.003926418721675873,4,3
mfcc_delta_18_mean,0.003878318704664707,4,3
mfcc_13_p10,0.0037880593445152044,4,3
rolloff85_mean,0.003766397014260292,4,3
mfcc_6_mean,0.003764114109799266,4,3
mfcc_delta_8_p90,0.003753781784325838,4,3
spectral_entropy_p10,0.0036496310494840145,4,3
contrast_2_p90,0.0784517452120781,4,4
mfcc_15_std,0.06633505970239639,4,4
mfcc_14_std,0.030765453353524208,4,4
rms_p10,0.02996123395860195,4,4
mfcc_delta_6_p90,0.022872017696499825,4,4
mfcc_16_std,0.022023707628250122,4,4
contrast_2_mean,0.020746078342199326,4,4
contrast_2_std,0.020514847710728645,4,4
mfcc_13_std,0.01862737536430359,4,4
contrast_3_mean,0.017636118456721306,4,4
mfcc_delta_8_p10,0.0174584798514843,4,4
zero_crossing_rate_std,0.015665683895349503,4,4
contrast_1_std,0.012377886101603508,4,4
mfcc_8_std,0.01153486967086792,4,4
mfcc_2_std,0.011441431939601898,4,4
contrast_3_p10,0.011212550103664398,4,4
mfcc_11_std,0.010596731677651405,4,4
rms_mean,0.010209329426288605,4,4
mfcc_19_std,0.009759359993040562,4,4
mfcc_delta_8_p90,0.009134162217378616,4,4
spectral_entropy_mean,0.008845803327858448,4,4
contrast_4_p90,0.008746265433728695,4,4
dominant_frequency,0.008704747073352337,4,4
zero_crossing_rate_p10,0.008622545748949051,4,4
rms_std,0.00818029697984457,4,4
contrast_4_std,0.007886338979005814,4,4
mfcc_delta_7_p90,0.007407480385154486,4,4
zero_crossing_rate_p90,0.006915243808180094,4,4
flatness_p10,0.006891206838190556,4,4
mfcc_delta_9_p90,0.00688510574400425,4,4
dominant_frequency_ratio,0.006870987359434366,4,4
mfcc_17_std,0.006817189045250416,4,4
flatness_p90,0.006523179356008768,4,4
mfcc_delta_6_p10,0.006287781521677971,4,4
mfcc_16_p90,0.006147913634777069,4,4
mfcc_9_p90,0.006004479248076677,4,4
mfcc_9_std,0.005907669197767973,4,4
mfcc_delta_14_p90,0.005679362919181585,4,4
mfcc_11_mean,0.005609421990811825,4,4
mfcc_12_p90,0.0054470538161695,4,4
mfcc_1_std,0.005130070261657238,4,4
rms_p90,0.005068252794444561,4,4
mfcc_delta_7_p10,0.004969894886016846,4,4
mfcc_delta_12_std,0.004895559977740049,4,4
mfcc_delta_1_std,0.004886472597718239,4,4
mfcc_10_p90,0.004885357804596424,4,4
mfcc_7_std,0.0048753670416772366,4,4
mfcc_11_p10,0.0048676710575819016,4,4
contrast_1_p10,0.004769011400640011,4,4
mfcc_delta_0_p10,0.0046930694952607155,4,4
mfcc_1_p90,0.0046055917628109455,4,4
mfcc_delta_15_p90,0.004578611347824335,4,4
mfcc_delta_9_p10,0.004432602319866419,4,4
contrast_1_p90,0.004420426208525896,4,4
mfcc_3_std,0.004379065707325935,4,4
mfcc_delta_1_p10,0.0043383496813476086,4,4
mfcc_delta_19_p10,0.004321047570556402,4,4
contrast_3_p90,0.00431377999484539,4,4
flatness_mean,0.0041375188156962395,4,4
spectral_entropy_p90,0.0040962425991892815,4,4
contrast_2_p90,0.0904906615614891,5,0
mfcc_15_std,0.06619194895029068,5,0
mfcc_14_std,0.0632261335849762,5,0
contrast_4_p90,0.03226239234209061,5,0
contrast_3_mean,0.024963367730379105,5,0
contrast_2_std,0.022811563685536385,5,0
rms_p10,0.021924927830696106,5,0
mfcc_delta_4_p10,0.02072206139564514,5,0
zero_crossing_rate_p90,0.02011863701045513,5,0
mfcc_13_std,0.019003283232450485,5,0
dominant_frequency,0.01249256357550621,5,0
rms_mean,0.0122182946652174,5,0
mfcc_16_p90,0.011935976333916187,5,0
mfcc_13_p90,0.011343846097588539,5,0
mfcc_delta_4_p90,0.01078274566680193,5,0
mfcc_delta_8_p10,0.010676741600036621,5,0
contrast_3_p90,0.009848330169916153,5,0
contrast_2_mean,0.009538033045828342,5,0
mfcc_16_std,0.009098632261157036,5,0
flatness_std,0.009080829098820686,5,0
mfcc_16_p10,0.008598984219133854,5,0
mfcc_14_p90,0.008408695459365845,5,0
flatness_mean,0.008187694475054741,5,0
contrast_1_std,0.007841404527425766,5,0
mfcc_15_p10,0.007793030701577663,5,0
spectral_entropy_p90,0.007783133536577225,5,0
mfcc_19_std,0.007691443432122469,5,0
mfcc_delta_0_p10,0.007653503213077784,5,0
contrast_3_p10,0.007553532719612122,5,0
mfcc_delta_0_std,0.007060281466692686,5,0
mfcc_7_std,0.006952433381229639,5,0
zero_crossing_rate_p10,0.006640167906880379,5,0
rms_std,0.0062601263634860516,5,0
zero_crossing_rate_std,0.006156776566058397,5,0
mfcc_delta_5_p10,0.00613126065582037,5,0
mfcc_delta_7_p90,0.0060616726987063885,5,0
mfcc_14_p10,0.006055878940969706,5,0
mfcc_delta_0_p90,0.006003418006002903,5,0
zero_crossing_rate_mean,0.005731943994760513,5,0
rms_p90,0.005507778842002153,5,0
contrast_4_std,0.005268178880214691,5,0
centroid_p10,0.005218822509050369,5,0
flatness_p90,0.004953093361109495,5,0
mfcc_18_std,0.004873719997704029,5,0
mfcc_delta_6_std,0.0048637595027685165,5,0
mfcc_16_mean,0.004831995815038681,5,0
contrast_3_std,0.00469381595030427,5,0
flatness_p10,0.004611832555383444,5,0
mfcc_delta_14_p10,0.0045997328124940395,5,0
mfcc_8_p10,0.00455014081671834,5,0
mfcc_4_p90,0.004527231212705374,5,0
mfcc_13_p10,0.004476439673453569,5,0
mfcc_1_mean,0.004215647000819445,5,0
mfcc_delta_14_std,0.004203959833830595,5,0
contrast_1_p90,0.004136225674301386,5,0
mfcc_2_std,0.004012707620859146,5,0
mfcc_3_std,0.003922083880752325,5,0
mfcc_delta_1_p10,0.0036771672312170267,5,0
mfcc_8_std,0.0036429802421480417,5,0
mfcc_delta_3_p10,0.003627106547355652,5,0
contrast_2_p90,0.06475886702537537,5,1
mfcc_15_std,0.056754060089588165,5,1
mfcc_14_std,0.04802742227911949,5,1
contrast_2_std,0.025806501507759094,5,1
contrast_3_mean,0.023457439616322517,5,1
mfcc_13_std,0.018452467396855354,5,1
flatness_p10,0.018343299627304077,5,1
mfcc_16_p10,0.01783469319343567,5,1
rms_p10,0.016918091103434563,5,1
contrast_4_p90,0.015882015228271484,5,1
dominant_frequency,0.014229514636099339,5,1
flatness_std,0.01290268823504448,5,1
mfcc_14_p10,0.012511618435382843,5,1
flatness_mean,0.012129523791372776,5,1
bandwidth_p90,0.011565487831830978,5,1
mfcc_16_mean,0.011556856334209442,5,1
rms_std,0.011348004452884197,5,1
mfcc_16_p90,0.01099854800850153,5,1
dominant_frequency_ratio,0.01081469189375639,5,1
rms_mean,0.010705762542784214,5,1
zero_crossing_rate_std,0.01069711335003376,5,1
mfcc_14_p90,0.010404834523797035,5,1
mfcc_16_std,0.009976997971534729,5,1
mfcc_8_p10,0.008729794062674046,5,1
mfcc_9_std,0.008610621094703674,5,1
zero_crossing_rate_p90,0.008602749556303024,5,1
mfcc_13_p90,0.008285274729132652,5,1
contrast_3_p90,0.0082384729757905,5,1
mfcc_7_std,0.008056209422647953,5,1
contrast_1_std,0.007708377204835415,5,1
mfcc_delta_4_p10,0.007352658547461033,5,1
zero_crossing_rate_mean,0.006980768404901028,5,1
mfcc_delta_0_p90,0.0069066728465259075,5,1
mfcc_delta_0_p10,0.0068558091297745705,5,1
mfcc_13_p10,0.006827150471508503,5,1
rms_p90,0.006714450195431709,5,1
mfcc_delta_0_std,0.006543702445924282,5,1
centroid_mean,0.006424336228519678,5,1
mfcc_delta_14_p10,0.006320728920400143,5,1
mfcc_19_std,0.006142341066151857,5,1
contrast_5_mean,0.005940498784184456,5,1
contrast_2_mean,0.005903197918087244,5,1
flatness_p90,0.005627696868032217,5,1
mfcc_delta_5_p10,0.00553890410810709,5,1
mfcc_8_std,0.00552579527720809,5,1
mfcc_1_mean,0.0055203624069690704,5,1
mfcc_delta_14_std,0.005495788063853979,5,1
mfcc_delta_8_p10,0.005494253244251013,5,1
contrast_0_std,0.005377491004765034,5,1
spectral_entropy_p90,0.005242187529802322,5,1
mfcc_8_p90,0.005121040623635054,5,1
contrast_3_p10,0.005020993761718273,5,1
contrast_4_std,0.004930670373141766,5,1
mfcc_delta_4_p90,0.004923065192997456,5,1
mfcc_6_p90,0.004741578362882137,5,1
mfcc_1_p90,0.004635477904230356,5,1
mfcc_15_p10,0.0045286486856639385,5,1
bandwidth_std,0.004413885995745659,5,1
contrast_5_p10,0.0043606325052678585,5,1
mfcc_delta_7_p90,0.004312779288738966,5,1
contrast_2_p90,0.058262601494789124,5,2
mfcc_15_std,0.04844709485769272,5,2
mfcc_14_std,0.04445992037653923,5,2
contrast_3_p10,0.04365578666329384,5,2
rms_p10,0.03983033448457718,5,2
contrast_3_mean,0.03606032207608223,5,2
contrast_2_mean,0.03586750105023384,5,2
mfcc_14_p90,0.02326362393796444,5,2
mfcc_16_std,0.02100626938045025,5,2
mfcc_13_std,0.017409302294254303,5,2
contrast_3_p90,0.017154650762677193,5,2
contrast_5_mean,0.014341697096824646,5,2
mfcc_18_std,0.01369570940732956,5,2
dominant_frequency,0.013529849238693714,5,2
zero_crossing_rate_std,0.0127011863514781,5,2
rms_mean,0.01165060605853796,5,2
contrast_2_std,0.011439446359872818,5,2
mfcc_delta_4_p90,0.011213752441108227,5,2
mfcc_delta_4_p10,0.01120922714471817,5,2
contrast_5_p10,0.011116676963865757,5,2
rolloff85_mean,0.010947317816317081,5,2
mfcc_8_std,0.010748989880084991,5,2
mfcc_9_std,0.009734642691910267,5,2
contrast_4_p90,0.009662431664764881,5,2
mfcc_14_p10,0.00939007569104433,5,2
mfcc_2_p10,0.008690990507602692,5,2
mfcc_7_std,0.00791141577064991,5,2
mfcc_delta_6_p90,0.00791021715849638,5,2
mfcc_17_std,0.007663297466933727,5,2
mfcc_19_std,0.007234249729663134,5,2
mfcc_12_std,0.006771635264158249,5,2
rms_std,0.006244301795959473,5,2
contrast_0_p90,0.006208622362464666,5,2
mfcc_delta_7_p90,0.006196559872478247,5,2
mfcc_delta_8_p90,0.005954098887741566,5,2
mfcc_2_mean,0.005798711907118559,5,2
mfcc_delta_7_p10,0.0057073598727583885,5,2
bandwidth_mean,0.005634892266243696,5,2
mfcc_delta_0_std,0.005321009084582329,5,2
mfcc_delta_0_p10,0.00523883244022727,5,2
bandwidth_p90,0.005235026590526104,5,2
mfcc_14_mean,0.004972438793629408,5,2
flatness_p10,0.004892047494649887,5,2
zero_crossing_rate_p10,0.0048294346779584885,5,2
rolloff85_p10,0.004731134045869112,5,2
flatness_mean,0.004706111736595631,5,2
mfcc_2_p90,0.00459175044670701,5,2
mfcc_delta_0_mean,0.004552799742668867,5,2
mfcc_1_p90,0.004541311878710985,5,2
contrast_4_std,0.004468436818569899,5,2
contrast_3_std,0.004304341971874237,5,2
mfcc_10_p90,0.004291881807148457,5,2
rms_p90,0.00416370015591383,5,2
rolloff85_p90,0.004014947917312384,5,2
mfcc_delta_5_p10,0.0037610281724482775,5,2
mfcc_1_std,0.003709465963765979,5,2
mfcc_delta_0_p90,0.0036627664230763912,5,2
mfcc_6_std,0.0035667880438268185,5,2
contrast_2_p10,0.003425593487918377,5,2
mfcc_9_p10,0.0033832869958132505,5,2
mfcc_14_std,0.06344056874513626,5,3
rms_p10,0.05377668887376785,5,3
mfcc_15_std,0.0528985895216465,5,3
contrast_3_p90,0.05269655957818031,5,3
contrast_2_p90,0.045590706169605255,5,3
mfcc_13_std,0.025644076988101006,5,3
dominant_frequency,0.023727791383862495,5,3
rms_mean,0.021097332239151,5,3
contrast_2_std,0.020171208307147026,5,3
mfcc_16_std,0.01940978318452835,5,3
contrast_3_mean,0.017489952966570854,5,3
contrast_4_p90,0.015255875885486603,5,3
mfcc_9_std,0.011350628919899464,5,3
contrast_3_std,0.01128895953297615,5,3
mfcc_19_std,0.010662037879228592,5,3
contrast_1_p90,0.009980211034417152,5,3
mfcc_8_std,0.009891793131828308,5,3
mfcc_7_std,0.0084178876131773,5,3
mfcc_delta_3_p10,0.008109861053526402,5,3
zero_crossing_rate_p90,0.007824935019016266,5,3
mfcc_delta_6_std,0.0073641142807900906,5,3
zero_crossing_rate_std,0.007316687610000372,5,3
contrast_1_std,0.007187299896031618,5,3
contrast_5_mean,0.006858117878437042,5,3
spectral_entropy_p90,0.006271210499107838,5,3
mfcc_14_mean,0.006154438480734825,5,3
flatness_mean,0.006050104275345802,5,3
flatness_p90,0.006028440315276384,5,3
mfcc_delta_14_std,0.005990631878376007,5,3
zero_crossing_rate_mean,0.005947750061750412,5,3
dominant_frequency_ratio,0.005767683498561382,5,3
rms_p90,0.005668021738529205,5,3
mfcc_delta_0_p10,0.005646021105349064,5,3
rms_std,0.005530575755983591,5,3
flatness_p10,0.005374524742364883,5,3
spectral_entropy_mean,0.005287019070237875,5,3
mfcc_delta_0_p90,0.0052178725600242615,5,3
contrast_2_mean,0.00521581107750535,5,3
mfcc_delta_0_std,0.00499955378472805,5,3
mfcc_delta_7_p90,0.004952254239469767,5,3
mfcc_delta_1_std,0.004815458785742521,5,3
mfcc_17_std,0.004806635435670614,5,3
mfcc_11_p90,0.004737454000860453,5,3
mfcc_3_mean,0.00459000701084733,5,3
mfcc_delta_15_p10,0.00443329568952322,5,3
mfcc_14_p90,0.004369230475276709,5,3
contrast_4_std,0.00420413026586175,5,3
mfcc_3_p10,0.004087227862328291,5,3
mfcc_0_p10,0.004072846844792366,5,3
centroid_p90,0.004017101135104895,5,3
mfcc_delta_19_std,0.003987970761954784,5,3
mfcc_delta_13_mean,0.003983427304774523,5,3
centroid_p10,0.0039276424795389175,5,3
mfcc_delta_14_p10,0.003926418721675873,5,3
mfcc_delta_18_mean,0.003878318704664707,5,3
mfcc_13_p10,0.0037880593445152044,5,3
rolloff85_mean,0.003766397014260292,5,3
mfcc_6_mean,0.003764114109799266,5,3
mfcc_delta_8_p90,0.003753781784325838,5,3
spectral_entropy_p10,0.0036496310494840145,5,3
contrast_2_p90,0.0784517452120781,5,4
mfcc_15_std,0.06633505970239639,5,4
mfcc_14_std,0.030765453353524208,5,4
rms_p10,0.02996123395860195,5,4
mfcc_delta_6_p90,0.022872017696499825,5,4
mfcc_16_std,0.022023707628250122,5,4
contrast_2_mean,0.020746078342199326,5,4
contrast_2_std,0.020514847710728645,5,4
mfcc_13_std,0.01862737536430359,5,4
contrast_3_mean,0.017636118456721306,5,4
mfcc_delta_8_p10,0.0174584798514843,5,4
zero_crossing_rate_std,0.015665683895349503,5,4
contrast_1_std,0.012377886101603508,5,4
mfcc_8_std,0.01153486967086792,5,4
mfcc_2_std,0.011441431939601898,5,4
contrast_3_p10,0.011212550103664398,5,4
mfcc_11_std,0.010596731677651405,5,4
rms_mean,0.010209329426288605,5,4
mfcc_19_std,0.009759359993040562,5,4
mfcc_delta_8_p90,0.009134162217378616,5,4
spectral_entropy_mean,0.008845803327858448,5,4
contrast_4_p90,0.008746265433728695,5,4
dominant_frequency,0.008704747073352337,5,4
zero_crossing_rate_p10,0.008622545748949051,5,4
rms_std,0.00818029697984457,5,4
contrast_4_std,0.007886338979005814,5,4
mfcc_delta_7_p90,0.007407480385154486,5,4
zero_crossing_rate_p90,0.006915243808180094,5,4
flatness_p10,0.006891206838190556,5,4
mfcc_delta_9_p90,0.00688510574400425,5,4
dominant_frequency_ratio,0.006870987359434366,5,4
mfcc_17_std,0.006817189045250416,5,4
flatness_p90,0.006523179356008768,5,4
mfcc_delta_6_p10,0.006287781521677971,5,4
mfcc_16_p90,0.006147913634777069,5,4
mfcc_9_p90,0.006004479248076677,5,4
mfcc_9_std,0.005907669197767973,5,4
mfcc_delta_14_p90,0.005679362919181585,5,4
mfcc_11_mean,0.005609421990811825,5,4
mfcc_12_p90,0.0054470538161695,5,4
mfcc_1_std,0.005130070261657238,5,4
rms_p90,0.005068252794444561,5,4
mfcc_delta_7_p10,0.004969894886016846,5,4
mfcc_delta_12_std,0.004895559977740049,5,4
mfcc_delta_1_std,0.004886472597718239,5,4
mfcc_10_p90,0.004885357804596424,5,4
mfcc_7_std,0.0048753670416772366,5,4
mfcc_11_p10,0.0048676710575819016,5,4
contrast_1_p10,0.004769011400640011,5,4
mfcc_delta_0_p10,0.0046930694952607155,5,4
mfcc_1_p90,0.0046055917628109455,5,4
mfcc_delta_15_p90,0.004578611347824335,5,4
mfcc_delta_9_p10,0.004432602319866419,5,4
contrast_1_p90,0.004420426208525896,5,4
mfcc_3_std,0.004379065707325935,5,4
mfcc_delta_1_p10,0.0043383496813476086,5,4
mfcc_delta_19_p10,0.004321047570556402,5,4
contrast_3_p90,0.00431377999484539,5,4
flatness_mean,0.0041375188156962395,5,4
spectral_entropy_p90,0.0040962425991892815,5,4
contrast_2_p90,0.0904906615614891,6,0
mfcc_15_std,0.06619194895029068,6,0
mfcc_14_std,0.0632261335849762,6,0
contrast_4_p90,0.03226239234209061,6,0
contrast_3_mean,0.024963367730379105,6,0
contrast_2_std,0.022811563685536385,6,0
rms_p10,0.021924927830696106,6,0
mfcc_delta_4_p10,0.02072206139564514,6,0
zero_crossing_rate_p90,0.02011863701045513,6,0
mfcc_13_std,0.019003283232450485,6,0
dominant_frequency,0.01249256357550621,6,0
rms_mean,0.0122182946652174,6,0
mfcc_16_p90,0.011935976333916187,6,0
mfcc_13_p90,0.011343846097588539,6,0
mfcc_delta_4_p90,0.01078274566680193,6,0
mfcc_delta_8_p10,0.010676741600036621,6,0
contrast_3_p90,0.009848330169916153,6,0
contrast_2_mean,0.009538033045828342,6,0
mfcc_16_std,0.009098632261157036,6,0
flatness_std,0.009080829098820686,6,0
mfcc_16_p10,0.008598984219133854,6,0
mfcc_14_p90,0.008408695459365845,6,0
flatness_mean,0.008187694475054741,6,0
contrast_1_std,0.007841404527425766,6,0
mfcc_15_p10,0.007793030701577663,6,0
spectral_entropy_p90,0.007783133536577225,6,0
mfcc_19_std,0.007691443432122469,6,0
mfcc_delta_0_p10,0.007653503213077784,6,0
contrast_3_p10,0.007553532719612122,6,0
mfcc_delta_0_std,0.007060281466692686,6,0
mfcc_7_std,0.006952433381229639,6,0
zero_crossing_rate_p10,0.006640167906880379,6,0
rms_std,0.0062601263634860516,6,0
zero_crossing_rate_std,0.006156776566058397,6,0
mfcc_delta_5_p10,0.00613126065582037,6,0
mfcc_delta_7_p90,0.0060616726987063885,6,0
mfcc_14_p10,0.006055878940969706,6,0
mfcc_delta_0_p90,0.006003418006002903,6,0
zero_crossing_rate_mean,0.005731943994760513,6,0
rms_p90,0.005507778842002153,6,0
contrast_4_std,0.005268178880214691,6,0
centroid_p10,0.005218822509050369,6,0
flatness_p90,0.004953093361109495,6,0
mfcc_18_std,0.004873719997704029,6,0
mfcc_delta_6_std,0.0048637595027685165,6,0
mfcc_16_mean,0.004831995815038681,6,0
contrast_3_std,0.00469381595030427,6,0
flatness_p10,0.004611832555383444,6,0
mfcc_delta_14_p10,0.0045997328124940395,6,0
mfcc_8_p10,0.00455014081671834,6,0
mfcc_4_p90,0.004527231212705374,6,0
mfcc_13_p10,0.004476439673453569,6,0
mfcc_1_mean,0.004215647000819445,6,0
mfcc_delta_14_std,0.004203959833830595,6,0
contrast_1_p90,0.004136225674301386,6,0
mfcc_2_std,0.004012707620859146,6,0
mfcc_3_std,0.003922083880752325,6,0
mfcc_delta_1_p10,0.0036771672312170267,6,0
mfcc_8_std,0.0036429802421480417,6,0
mfcc_delta_3_p10,0.003627106547355652,6,0
contrast_2_p90,0.06475886702537537,6,1
mfcc_15_std,0.056754060089588165,6,1
mfcc_14_std,0.04802742227911949,6,1
contrast_2_std,0.025806501507759094,6,1
contrast_3_mean,0.023457439616322517,6,1
mfcc_13_std,0.018452467396855354,6,1
flatness_p10,0.018343299627304077,6,1
mfcc_16_p10,0.01783469319343567,6,1
rms_p10,0.016918091103434563,6,1
contrast_4_p90,0.015882015228271484,6,1
dominant_frequency,0.014229514636099339,6,1
flatness_std,0.01290268823504448,6,1
mfcc_14_p10,0.012511618435382843,6,1
flatness_mean,0.012129523791372776,6,1
bandwidth_p90,0.011565487831830978,6,1
mfcc_16_mean,0.011556856334209442,6,1
rms_std,0.011348004452884197,6,1
mfcc_16_p90,0.01099854800850153,6,1
dominant_frequency_ratio,0.01081469189375639,6,1
rms_mean,0.010705762542784214,6,1
zero_crossing_rate_std,0.01069711335003376,6,1
mfcc_14_p90,0.010404834523797035,6,1
mfcc_16_std,0.009976997971534729,6,1
mfcc_8_p10,0.008729794062674046,6,1
mfcc_9_std,0.008610621094703674,6,1
zero_crossing_rate_p90,0.008602749556303024,6,1
mfcc_13_p90,0.008285274729132652,6,1
contrast_3_p90,0.0082384729757905,6,1
mfcc_7_std,0.008056209422647953,6,1
contrast_1_std,0.007708377204835415,6,1
mfcc_delta_4_p10,0.007352658547461033,6,1
zero_crossing_rate_mean,0.006980768404901028,6,1
mfcc_delta_0_p90,0.0069066728465259075,6,1
mfcc_delta_0_p10,0.0068558091297745705,6,1
mfcc_13_p10,0.006827150471508503,6,1
rms_p90,0.006714450195431709,6,1
mfcc_delta_0_std,0.006543702445924282,6,1
centroid_mean,0.006424336228519678,6,1
mfcc_delta_14_p10,0.006320728920400143,6,1
mfcc_19_std,0.006142341066151857,6,1
contrast_5_mean,0.005940498784184456,6,1
contrast_2_mean,0.005903197918087244,6,1
flatness_p90,0.005627696868032217,6,1
mfcc_delta_5_p10,0.00553890410810709,6,1
mfcc_8_std,0.00552579527720809,6,1
mfcc_1_mean,0.0055203624069690704,6,1
mfcc_delta_14_std,0.005495788063853979,6,1
mfcc_delta_8_p10,0.005494253244251013,6,1
contrast_0_std,0.005377491004765034,6,1
spectral_entropy_p90,0.005242187529802322,6,1
mfcc_8_p90,0.005121040623635054,6,1
contrast_3_p10,0.005020993761718273,6,1
contrast_4_std,0.004930670373141766,6,1
mfcc_delta_4_p90,0.004923065192997456,6,1
mfcc_6_p90,0.004741578362882137,6,1
mfcc_1_p90,0.004635477904230356,6,1
mfcc_15_p10,0.0045286486856639385,6,1
bandwidth_std,0.004413885995745659,6,1
contrast_5_p10,0.0043606325052678585,6,1
mfcc_delta_7_p90,0.004312779288738966,6,1
contrast_2_p90,0.058262601494789124,6,2
mfcc_15_std,0.04844709485769272,6,2
mfcc_14_std,0.04445992037653923,6,2
contrast_3_p10,0.04365578666329384,6,2
rms_p10,0.03983033448457718,6,2
contrast_3_mean,0.03606032207608223,6,2
contrast_2_mean,0.03586750105023384,6,2
mfcc_14_p90,0.02326362393796444,6,2
mfcc_16_std,0.02100626938045025,6,2
mfcc_13_std,0.017409302294254303,6,2
contrast_3_p90,0.017154650762677193,6,2
contrast_5_mean,0.014341697096824646,6,2
mfcc_18_std,0.01369570940732956,6,2
dominant_frequency,0.013529849238693714,6,2
zero_crossing_rate_std,0.0127011863514781,6,2
rms_mean,0.01165060605853796,6,2
contrast_2_std,0.011439446359872818,6,2
mfcc_delta_4_p90,0.011213752441108227,6,2
mfcc_delta_4_p10,0.01120922714471817,6,2
contrast_5_p10,0.011116676963865757,6,2
rolloff85_mean,0.010947317816317081,6,2
mfcc_8_std,0.010748989880084991,6,2
mfcc_9_std,0.009734642691910267,6,2
contrast_4_p90,0.009662431664764881,6,2
mfcc_14_p10,0.00939007569104433,6,2
mfcc_2_p10,0.008690990507602692,6,2
mfcc_7_std,0.00791141577064991,6,2
mfcc_delta_6_p90,0.00791021715849638,6,2
mfcc_17_std,0.007663297466933727,6,2
mfcc_19_std,0.007234249729663134,6,2
mfcc_12_std,0.006771635264158249,6,2
rms_std,0.006244301795959473,6,2
contrast_0_p90,0.006208622362464666,6,2
mfcc_delta_7_p90,0.006196559872478247,6,2
mfcc_delta_8_p90,0.005954098887741566,6,2
mfcc_2_mean,0.005798711907118559,6,2
mfcc_delta_7_p10,0.0057073598727583885,6,2
bandwidth_mean,0.005634892266243696,6,2
mfcc_delta_0_std,0.005321009084582329,6,2
mfcc_delta_0_p10,0.00523883244022727,6,2
bandwidth_p90,0.005235026590526104,6,2
mfcc_14_mean,0.004972438793629408,6,2
flatness_p10,0.004892047494649887,6,2
zero_crossing_rate_p10,0.0048294346779584885,6,2
rolloff85_p10,0.004731134045869112,6,2
flatness_mean,0.004706111736595631,6,2
mfcc_2_p90,0.00459175044670701,6,2
mfcc_delta_0_mean,0.004552799742668867,6,2
mfcc_1_p90,0.004541311878710985,6,2
contrast_4_std,0.004468436818569899,6,2
contrast_3_std,0.004304341971874237,6,2
mfcc_10_p90,0.004291881807148457,6,2
rms_p90,0.00416370015591383,6,2
rolloff85_p90,0.004014947917312384,6,2
mfcc_delta_5_p10,0.0037610281724482775,6,2
mfcc_1_std,0.003709465963765979,6,2
mfcc_delta_0_p90,0.0036627664230763912,6,2
mfcc_6_std,0.0035667880438268185,6,2
contrast_2_p10,0.003425593487918377,6,2
mfcc_9_p10,0.0033832869958132505,6,2
mfcc_14_std,0.06344056874513626,6,3
rms_p10,0.05377668887376785,6,3
mfcc_15_std,0.0528985895216465,6,3
contrast_3_p90,0.05269655957818031,6,3
contrast_2_p90,0.045590706169605255,6,3
mfcc_13_std,0.025644076988101006,6,3
dominant_frequency,0.023727791383862495,6,3
rms_mean,0.021097332239151,6,3
contrast_2_std,0.020171208307147026,6,3
mfcc_16_std,0.01940978318452835,6,3
contrast_3_mean,0.017489952966570854,6,3
contrast_4_p90,0.015255875885486603,6,3
mfcc_9_std,0.011350628919899464,6,3
contrast_3_std,0.01128895953297615,6,3
mfcc_19_std,0.010662037879228592,6,3
contrast_1_p90,0.009980211034417152,6,3
mfcc_8_std,0.009891793131828308,6,3
mfcc_7_std,0.0084178876131773,6,3
mfcc_delta_3_p10,0.008109861053526402,6,3
zero_crossing_rate_p90,0.007824935019016266,6,3
mfcc_delta_6_std,0.0073641142807900906,6,3
zero_crossing_rate_std,0.007316687610000372,6,3
contrast_1_std,0.007187299896031618,6,3
contrast_5_mean,0.006858117878437042,6,3
spectral_entropy_p90,0.006271210499107838,6,3
mfcc_14_mean,0.006154438480734825,6,3
flatness_mean,0.006050104275345802,6,3
flatness_p90,0.006028440315276384,6,3
mfcc_delta_14_std,0.005990631878376007,6,3
zero_crossing_rate_mean,0.005947750061750412,6,3
dominant_frequency_ratio,0.005767683498561382,6,3
rms_p90,0.005668021738529205,6,3
mfcc_delta_0_p10,0.005646021105349064,6,3
rms_std,0.005530575755983591,6,3
flatness_p10,0.005374524742364883,6,3
spectral_entropy_mean,0.005287019070237875,6,3
mfcc_delta_0_p90,0.0052178725600242615,6,3
contrast_2_mean,0.00521581107750535,6,3
mfcc_delta_0_std,0.00499955378472805,6,3
mfcc_delta_7_p90,0.004952254239469767,6,3
mfcc_delta_1_std,0.004815458785742521,6,3
mfcc_17_std,0.004806635435670614,6,3
mfcc_11_p90,0.004737454000860453,6,3
mfcc_3_mean,0.00459000701084733,6,3
mfcc_delta_15_p10,0.00443329568952322,6,3
mfcc_14_p90,0.004369230475276709,6,3
contrast_4_std,0.00420413026586175,6,3
mfcc_3_p10,0.004087227862328291,6,3
mfcc_0_p10,0.004072846844792366,6,3
centroid_p90,0.004017101135104895,6,3
mfcc_delta_19_std,0.003987970761954784,6,3
mfcc_delta_13_mean,0.003983427304774523,6,3
centroid_p10,0.0039276424795389175,6,3
mfcc_delta_14_p10,0.003926418721675873,6,3
mfcc_delta_18_mean,0.003878318704664707,6,3
mfcc_13_p10,0.0037880593445152044,6,3
rolloff85_mean,0.003766397014260292,6,3
mfcc_6_mean,0.003764114109799266,6,3
mfcc_delta_8_p90,0.003753781784325838,6,3
spectral_entropy_p10,0.0036496310494840145,6,3
contrast_2_p90,0.0784517452120781,6,4
mfcc_15_std,0.06633505970239639,6,4
mfcc_14_std,0.030765453353524208,6,4
rms_p10,0.02996123395860195,6,4
mfcc_delta_6_p90,0.022872017696499825,6,4
mfcc_16_std,0.022023707628250122,6,4
contrast_2_mean,0.020746078342199326,6,4
contrast_2_std,0.020514847710728645,6,4
mfcc_13_std,0.01862737536430359,6,4
contrast_3_mean,0.017636118456721306,6,4
mfcc_delta_8_p10,0.0174584798514843,6,4
zero_crossing_rate_std,0.015665683895349503,6,4
contrast_1_std,0.012377886101603508,6,4
mfcc_8_std,0.01153486967086792,6,4
mfcc_2_std,0.011441431939601898,6,4
contrast_3_p10,0.011212550103664398,6,4
mfcc_11_std,0.010596731677651405,6,4
rms_mean,0.010209329426288605,6,4
mfcc_19_std,0.009759359993040562,6,4
mfcc_delta_8_p90,0.009134162217378616,6,4
spectral_entropy_mean,0.008845803327858448,6,4
contrast_4_p90,0.008746265433728695,6,4
dominant_frequency,0.008704747073352337,6,4
zero_crossing_rate_p10,0.008622545748949051,6,4
rms_std,0.00818029697984457,6,4
contrast_4_std,0.007886338979005814,6,4
mfcc_delta_7_p90,0.007407480385154486,6,4
zero_crossing_rate_p90,0.006915243808180094,6,4
flatness_p10,0.006891206838190556,6,4
mfcc_delta_9_p90,0.00688510574400425,6,4
dominant_frequency_ratio,0.006870987359434366,6,4
mfcc_17_std,0.006817189045250416,6,4
flatness_p90,0.006523179356008768,6,4
mfcc_delta_6_p10,0.006287781521677971,6,4
mfcc_16_p90,0.006147913634777069,6,4
mfcc_9_p90,0.006004479248076677,6,4
mfcc_9_std,0.005907669197767973,6,4
mfcc_delta_14_p90,0.005679362919181585,6,4
mfcc_11_mean,0.005609421990811825,6,4
mfcc_12_p90,0.0054470538161695,6,4
mfcc_1_std,0.005130070261657238,6,4
rms_p90,0.005068252794444561,6,4
mfcc_delta_7_p10,0.004969894886016846,6,4
mfcc_delta_12_std,0.004895559977740049,6,4
mfcc_delta_1_std,0.004886472597718239,6,4
mfcc_10_p90,0.004885357804596424,6,4
mfcc_7_std,0.0048753670416772366,6,4
mfcc_11_p10,0.0048676710575819016,6,4
contrast_1_p10,0.004769011400640011,6,4
mfcc_delta_0_p10,0.0046930694952607155,6,4
mfcc_1_p90,0.0046055917628109455,6,4
mfcc_delta_15_p90,0.004578611347824335,6,4
mfcc_delta_9_p10,0.004432602319866419,6,4
contrast_1_p90,0.004420426208525896,6,4
mfcc_3_std,0.004379065707325935,6,4
mfcc_delta_1_p10,0.0043383496813476086,6,4
mfcc_delta_19_p10,0.004321047570556402,6,4
contrast_3_p90,0.00431377999484539,6,4
flatness_mean,0.0041375188156962395,6,4
spectral_entropy_p90,0.0040962425991892815,6,4
contrast_2_p90,0.0904906615614891,7,0
mfcc_15_std,0.06619194895029068,7,0
mfcc_14_std,0.0632261335849762,7,0
contrast_4_p90,0.03226239234209061,7,0
contrast_3_mean,0.024963367730379105,7,0
contrast_2_std,0.022811563685536385,7,0
rms_p10,0.021924927830696106,7,0
mfcc_delta_4_p10,0.02072206139564514,7,0
zero_crossing_rate_p90,0.02011863701045513,7,0
mfcc_13_std,0.019003283232450485,7,0
dominant_frequency,0.01249256357550621,7,0
rms_mean,0.0122182946652174,7,0
mfcc_16_p90,0.011935976333916187,7,0
mfcc_13_p90,0.011343846097588539,7,0
mfcc_delta_4_p90,0.01078274566680193,7,0
mfcc_delta_8_p10,0.010676741600036621,7,0
contrast_3_p90,0.009848330169916153,7,0
contrast_2_mean,0.009538033045828342,7,0
mfcc_16_std,0.009098632261157036,7,0
flatness_std,0.009080829098820686,7,0
mfcc_16_p10,0.008598984219133854,7,0
mfcc_14_p90,0.008408695459365845,7,0
flatness_mean,0.008187694475054741,7,0
contrast_1_std,0.007841404527425766,7,0
mfcc_15_p10,0.007793030701577663,7,0
spectral_entropy_p90,0.007783133536577225,7,0
mfcc_19_std,0.007691443432122469,7,0
mfcc_delta_0_p10,0.007653503213077784,7,0
contrast_3_p10,0.007553532719612122,7,0
mfcc_delta_0_std,0.007060281466692686,7,0
mfcc_7_std,0.006952433381229639,7,0
zero_crossing_rate_p10,0.006640167906880379,7,0
rms_std,0.0062601263634860516,7,0
zero_crossing_rate_std,0.006156776566058397,7,0
mfcc_delta_5_p10,0.00613126065582037,7,0
mfcc_delta_7_p90,0.0060616726987063885,7,0
mfcc_14_p10,0.006055878940969706,7,0
mfcc_delta_0_p90,0.006003418006002903,7,0
zero_crossing_rate_mean,0.005731943994760513,7,0
rms_p90,0.005507778842002153,7,0
contrast_4_std,0.005268178880214691,7,0
centroid_p10,0.005218822509050369,7,0
flatness_p90,0.004953093361109495,7,0
mfcc_18_std,0.004873719997704029,7,0
mfcc_delta_6_std,0.0048637595027685165,7,0
mfcc_16_mean,0.004831995815038681,7,0
contrast_3_std,0.00469381595030427,7,0
flatness_p10,0.004611832555383444,7,0
mfcc_delta_14_p10,0.0045997328124940395,7,0
mfcc_8_p10,0.00455014081671834,7,0
mfcc_4_p90,0.004527231212705374,7,0
mfcc_13_p10,0.004476439673453569,7,0
mfcc_1_mean,0.004215647000819445,7,0
mfcc_delta_14_std,0.004203959833830595,7,0
contrast_1_p90,0.004136225674301386,7,0
mfcc_2_std,0.004012707620859146,7,0
mfcc_3_std,0.003922083880752325,7,0
mfcc_delta_1_p10,0.0036771672312170267,7,0
mfcc_8_std,0.0036429802421480417,7,0
mfcc_delta_3_p10,0.003627106547355652,7,0
contrast_2_p90,0.06475886702537537,7,1
mfcc_15_std,0.056754060089588165,7,1
mfcc_14_std,0.04802742227911949,7,1
contrast_2_std,0.025806501507759094,7,1
contrast_3_mean,0.023457439616322517,7,1
mfcc_13_std,0.018452467396855354,7,1
flatness_p10,0.018343299627304077,7,1
mfcc_16_p10,0.01783469319343567,7,1
rms_p10,0.016918091103434563,7,1
contrast_4_p90,0.015882015228271484,7,1
dominant_frequency,0.014229514636099339,7,1
flatness_std,0.01290268823504448,7,1
mfcc_14_p10,0.012511618435382843,7,1
flatness_mean,0.012129523791372776,7,1
bandwidth_p90,0.011565487831830978,7,1
mfcc_16_mean,0.011556856334209442,7,1
rms_std,0.011348004452884197,7,1
mfcc_16_p90,0.01099854800850153,7,1
dominant_frequency_ratio,0.01081469189375639,7,1
rms_mean,0.010705762542784214,7,1
zero_crossing_rate_std,0.01069711335003376,7,1
mfcc_14_p90,0.010404834523797035,7,1
mfcc_16_std,0.009976997971534729,7,1
mfcc_8_p10,0.008729794062674046,7,1
mfcc_9_std,0.008610621094703674,7,1
zero_crossing_rate_p90,0.008602749556303024,7,1
mfcc_13_p90,0.008285274729132652,7,1
contrast_3_p90,0.0082384729757905,7,1
mfcc_7_std,0.008056209422647953,7,1
contrast_1_std,0.007708377204835415,7,1
mfcc_delta_4_p10,0.007352658547461033,7,1
zero_crossing_rate_mean,0.006980768404901028,7,1
mfcc_delta_0_p90,0.0069066728465259075,7,1
mfcc_delta_0_p10,0.0068558091297745705,7,1
mfcc_13_p10,0.006827150471508503,7,1
rms_p90,0.006714450195431709,7,1
mfcc_delta_0_std,0.006543702445924282,7,1
centroid_mean,0.006424336228519678,7,1
mfcc_delta_14_p10,0.006320728920400143,7,1
mfcc_19_std,0.006142341066151857,7,1
contrast_5_mean,0.005940498784184456,7,1
contrast_2_mean,0.005903197918087244,7,1
flatness_p90,0.005627696868032217,7,1
mfcc_delta_5_p10,0.00553890410810709,7,1
mfcc_8_std,0.00552579527720809,7,1
mfcc_1_mean,0.0055203624069690704,7,1
mfcc_delta_14_std,0.005495788063853979,7,1
mfcc_delta_8_p10,0.005494253244251013,7,1
contrast_0_std,0.005377491004765034,7,1
spectral_entropy_p90,0.005242187529802322,7,1
mfcc_8_p90,0.005121040623635054,7,1
contrast_3_p10,0.005020993761718273,7,1
contrast_4_std,0.004930670373141766,7,1
mfcc_delta_4_p90,0.004923065192997456,7,1
mfcc_6_p90,0.004741578362882137,7,1
mfcc_1_p90,0.004635477904230356,7,1
mfcc_15_p10,0.0045286486856639385,7,1
bandwidth_std,0.004413885995745659,7,1
contrast_5_p10,0.0043606325052678585,7,1
mfcc_delta_7_p90,0.004312779288738966,7,1
contrast_2_p90,0.058262601494789124,7,2
mfcc_15_std,0.04844709485769272,7,2
mfcc_14_std,0.04445992037653923,7,2
contrast_3_p10,0.04365578666329384,7,2
rms_p10,0.03983033448457718,7,2
contrast_3_mean,0.03606032207608223,7,2
contrast_2_mean,0.03586750105023384,7,2
mfcc_14_p90,0.02326362393796444,7,2
mfcc_16_std,0.02100626938045025,7,2
mfcc_13_std,0.017409302294254303,7,2
contrast_3_p90,0.017154650762677193,7,2
contrast_5_mean,0.014341697096824646,7,2
mfcc_18_std,0.01369570940732956,7,2
dominant_frequency,0.013529849238693714,7,2
zero_crossing_rate_std,0.0127011863514781,7,2
rms_mean,0.01165060605853796,7,2
contrast_2_std,0.011439446359872818,7,2
mfcc_delta_4_p90,0.011213752441108227,7,2
mfcc_delta_4_p10,0.01120922714471817,7,2
contrast_5_p10,0.011116676963865757,7,2
rolloff85_mean,0.010947317816317081,7,2
mfcc_8_std,0.010748989880084991,7,2
mfcc_9_std,0.009734642691910267,7,2
contrast_4_p90,0.009662431664764881,7,2
mfcc_14_p10,0.00939007569104433,7,2
mfcc_2_p10,0.008690990507602692,7,2
mfcc_7_std,0.00791141577064991,7,2
mfcc_delta_6_p90,0.00791021715849638,7,2
mfcc_17_std,0.007663297466933727,7,2
mfcc_19_std,0.007234249729663134,7,2
mfcc_12_std,0.006771635264158249,7,2
rms_std,0.006244301795959473,7,2
contrast_0_p90,0.006208622362464666,7,2
mfcc_delta_7_p90,0.006196559872478247,7,2
mfcc_delta_8_p90,0.005954098887741566,7,2
mfcc_2_mean,0.005798711907118559,7,2
mfcc_delta_7_p10,0.0057073598727583885,7,2
bandwidth_mean,0.005634892266243696,7,2
mfcc_delta_0_std,0.005321009084582329,7,2
mfcc_delta_0_p10,0.00523883244022727,7,2
bandwidth_p90,0.005235026590526104,7,2
mfcc_14_mean,0.004972438793629408,7,2
flatness_p10,0.004892047494649887,7,2
zero_crossing_rate_p10,0.0048294346779584885,7,2
rolloff85_p10,0.004731134045869112,7,2
flatness_mean,0.004706111736595631,7,2
mfcc_2_p90,0.00459175044670701,7,2
mfcc_delta_0_mean,0.004552799742668867,7,2
mfcc_1_p90,0.004541311878710985,7,2
contrast_4_std,0.004468436818569899,7,2
contrast_3_std,0.004304341971874237,7,2
mfcc_10_p90,0.004291881807148457,7,2
rms_p90,0.00416370015591383,7,2
rolloff85_p90,0.004014947917312384,7,2
mfcc_delta_5_p10,0.0037610281724482775,7,2
mfcc_1_std,0.003709465963765979,7,2
mfcc_delta_0_p90,0.0036627664230763912,7,2
mfcc_6_std,0.0035667880438268185,7,2
contrast_2_p10,0.003425593487918377,7,2
mfcc_9_p10,0.0033832869958132505,7,2
mfcc_14_std,0.06344056874513626,7,3
rms_p10,0.05377668887376785,7,3
mfcc_15_std,0.0528985895216465,7,3
contrast_3_p90,0.05269655957818031,7,3
contrast_2_p90,0.045590706169605255,7,3
mfcc_13_std,0.025644076988101006,7,3
dominant_frequency,0.023727791383862495,7,3
rms_mean,0.021097332239151,7,3
contrast_2_std,0.020171208307147026,7,3
mfcc_16_std,0.01940978318452835,7,3
contrast_3_mean,0.017489952966570854,7,3
contrast_4_p90,0.015255875885486603,7,3
mfcc_9_std,0.011350628919899464,7,3
contrast_3_std,0.01128895953297615,7,3
mfcc_19_std,0.010662037879228592,7,3
contrast_1_p90,0.009980211034417152,7,3
mfcc_8_std,0.009891793131828308,7,3
mfcc_7_std,0.0084178876131773,7,3
mfcc_delta_3_p10,0.008109861053526402,7,3
zero_crossing_rate_p90,0.007824935019016266,7,3
mfcc_delta_6_std,0.0073641142807900906,7,3
zero_crossing_rate_std,0.007316687610000372,7,3
contrast_1_std,0.007187299896031618,7,3
contrast_5_mean,0.006858117878437042,7,3
spectral_entropy_p90,0.006271210499107838,7,3
mfcc_14_mean,0.006154438480734825,7,3
flatness_mean,0.006050104275345802,7,3
flatness_p90,0.006028440315276384,7,3
mfcc_delta_14_std,0.005990631878376007,7,3
zero_crossing_rate_mean,0.005947750061750412,7,3
dominant_frequency_ratio,0.005767683498561382,7,3
rms_p90,0.005668021738529205,7,3
mfcc_delta_0_p10,0.005646021105349064,7,3
rms_std,0.005530575755983591,7,3
flatness_p10,0.005374524742364883,7,3
spectral_entropy_mean,0.005287019070237875,7,3
mfcc_delta_0_p90,0.0052178725600242615,7,3
contrast_2_mean,0.00521581107750535,7,3
mfcc_delta_0_std,0.00499955378472805,7,3
mfcc_delta_7_p90,0.004952254239469767,7,3
mfcc_delta_1_std,0.004815458785742521,7,3
mfcc_17_std,0.004806635435670614,7,3
mfcc_11_p90,0.004737454000860453,7,3
mfcc_3_mean,0.00459000701084733,7,3
mfcc_delta_15_p10,0.00443329568952322,7,3
mfcc_14_p90,0.004369230475276709,7,3
contrast_4_std,0.00420413026586175,7,3
mfcc_3_p10,0.004087227862328291,7,3
mfcc_0_p10,0.004072846844792366,7,3
centroid_p90,0.004017101135104895,7,3
mfcc_delta_19_std,0.003987970761954784,7,3
mfcc_delta_13_mean,0.003983427304774523,7,3
centroid_p10,0.0039276424795389175,7,3
mfcc_delta_14_p10,0.003926418721675873,7,3
mfcc_delta_18_mean,0.003878318704664707,7,3
mfcc_13_p10,0.0037880593445152044,7,3
rolloff85_mean,0.003766397014260292,7,3
mfcc_6_mean,0.003764114109799266,7,3
mfcc_delta_8_p90,0.003753781784325838,7,3
spectral_entropy_p10,0.0036496310494840145,7,3
contrast_2_p90,0.0784517452120781,7,4
mfcc_15_std,0.06633505970239639,7,4
mfcc_14_std,0.030765453353524208,7,4
rms_p10,0.02996123395860195,7,4
mfcc_delta_6_p90,0.022872017696499825,7,4
mfcc_16_std,0.022023707628250122,7,4
contrast_2_mean,0.020746078342199326,7,4
contrast_2_std,0.020514847710728645,7,4
mfcc_13_std,0.01862737536430359,7,4
contrast_3_mean,0.017636118456721306,7,4
mfcc_delta_8_p10,0.0174584798514843,7,4
zero_crossing_rate_std,0.015665683895349503,7,4
contrast_1_std,0.012377886101603508,7,4
mfcc_8_std,0.01153486967086792,7,4
mfcc_2_std,0.011441431939601898,7,4
contrast_3_p10,0.011212550103664398,7,4
mfcc_11_std,0.010596731677651405,7,4
rms_mean,0.010209329426288605,7,4
mfcc_19_std,0.009759359993040562,7,4
mfcc_delta_8_p90,0.009134162217378616,7,4
spectral_entropy_mean,0.008845803327858448,7,4
contrast_4_p90,0.008746265433728695,7,4
dominant_frequency,0.008704747073352337,7,4
zero_crossing_rate_p10,0.008622545748949051,7,4
rms_std,0.00818029697984457,7,4
contrast_4_std,0.007886338979005814,7,4
mfcc_delta_7_p90,0.007407480385154486,7,4
zero_crossing_rate_p90,0.006915243808180094,7,4
flatness_p10,0.006891206838190556,7,4
mfcc_delta_9_p90,0.00688510574400425,7,4
dominant_frequency_ratio,0.006870987359434366,7,4
mfcc_17_std,0.006817189045250416,7,4
flatness_p90,0.006523179356008768,7,4
mfcc_delta_6_p10,0.006287781521677971,7,4
mfcc_16_p90,0.006147913634777069,7,4
mfcc_9_p90,0.006004479248076677,7,4
mfcc_9_std,0.005907669197767973,7,4
mfcc_delta_14_p90,0.005679362919181585,7,4
mfcc_11_mean,0.005609421990811825,7,4
mfcc_12_p90,0.0054470538161695,7,4
mfcc_1_std,0.005130070261657238,7,4
rms_p90,0.005068252794444561,7,4
mfcc_delta_7_p10,0.004969894886016846,7,4
mfcc_delta_12_std,0.004895559977740049,7,4
mfcc_delta_1_std,0.004886472597718239,7,4
mfcc_10_p90,0.004885357804596424,7,4
mfcc_7_std,0.0048753670416772366,7,4
mfcc_11_p10,0.0048676710575819016,7,4
contrast_1_p10,0.004769011400640011,7,4
mfcc_delta_0_p10,0.0046930694952607155,7,4
mfcc_1_p90,0.0046055917628109455,7,4
mfcc_delta_15_p90,0.004578611347824335,7,4
mfcc_delta_9_p10,0.004432602319866419,7,4
contrast_1_p90,0.004420426208525896,7,4
mfcc_3_std,0.004379065707325935,7,4
mfcc_delta_1_p10,0.0043383496813476086,7,4
mfcc_delta_19_p10,0.004321047570556402,7,4
contrast_3_p90,0.00431377999484539,7,4
flatness_mean,0.0041375188156962395,7,4
spectral_entropy_p90,0.0040962425991892815,7,4
contrast_2_p90,0.0904906615614891,8,0
mfcc_15_std,0.06619194895029068,8,0
mfcc_14_std,0.0632261335849762,8,0
contrast_4_p90,0.03226239234209061,8,0
contrast_3_mean,0.024963367730379105,8,0
contrast_2_std,0.022811563685536385,8,0
rms_p10,0.021924927830696106,8,0
mfcc_delta_4_p10,0.02072206139564514,8,0
zero_crossing_rate_p90,0.02011863701045513,8,0
mfcc_13_std,0.019003283232450485,8,0
dominant_frequency,0.01249256357550621,8,0
rms_mean,0.0122182946652174,8,0
mfcc_16_p90,0.011935976333916187,8,0
mfcc_13_p90,0.011343846097588539,8,0
mfcc_delta_4_p90,0.01078274566680193,8,0
mfcc_delta_8_p10,0.010676741600036621,8,0
contrast_3_p90,0.009848330169916153,8,0
contrast_2_mean,0.009538033045828342,8,0
mfcc_16_std,0.009098632261157036,8,0
flatness_std,0.009080829098820686,8,0
mfcc_16_p10,0.008598984219133854,8,0
mfcc_14_p90,0.008408695459365845,8,0
flatness_mean,0.008187694475054741,8,0
contrast_1_std,0.007841404527425766,8,0
mfcc_15_p10,0.007793030701577663,8,0
spectral_entropy_p90,0.007783133536577225,8,0
mfcc_19_std,0.007691443432122469,8,0
mfcc_delta_0_p10,0.007653503213077784,8,0
contrast_3_p10,0.007553532719612122,8,0
mfcc_delta_0_std,0.007060281466692686,8,0
mfcc_7_std,0.006952433381229639,8,0
zero_crossing_rate_p10,0.006640167906880379,8,0
rms_std,0.0062601263634860516,8,0
zero_crossing_rate_std,0.006156776566058397,8,0
mfcc_delta_5_p10,0.00613126065582037,8,0
mfcc_delta_7_p90,0.0060616726987063885,8,0
mfcc_14_p10,0.006055878940969706,8,0
mfcc_delta_0_p90,0.006003418006002903,8,0
zero_crossing_rate_mean,0.005731943994760513,8,0
rms_p90,0.005507778842002153,8,0
contrast_4_std,0.005268178880214691,8,0
centroid_p10,0.005218822509050369,8,0
flatness_p90,0.004953093361109495,8,0
mfcc_18_std,0.004873719997704029,8,0
mfcc_delta_6_std,0.0048637595027685165,8,0
mfcc_16_mean,0.004831995815038681,8,0
contrast_3_std,0.00469381595030427,8,0
flatness_p10,0.004611832555383444,8,0
mfcc_delta_14_p10,0.0045997328124940395,8,0
mfcc_8_p10,0.00455014081671834,8,0
mfcc_4_p90,0.004527231212705374,8,0
mfcc_13_p10,0.004476439673453569,8,0
mfcc_1_mean,0.004215647000819445,8,0
mfcc_delta_14_std,0.004203959833830595,8,0
contrast_1_p90,0.004136225674301386,8,0
mfcc_2_std,0.004012707620859146,8,0
mfcc_3_std,0.003922083880752325,8,0
mfcc_delta_1_p10,0.0036771672312170267,8,0
mfcc_8_std,0.0036429802421480417,8,0
mfcc_delta_3_p10,0.003627106547355652,8,0
contrast_2_p90,0.06475886702537537,8,1
mfcc_15_std,0.056754060089588165,8,1
mfcc_14_std,0.04802742227911949,8,1
contrast_2_std,0.025806501507759094,8,1
contrast_3_mean,0.023457439616322517,8,1
mfcc_13_std,0.018452467396855354,8,1
flatness_p10,0.018343299627304077,8,1
mfcc_16_p10,0.01783469319343567,8,1
rms_p10,0.016918091103434563,8,1
contrast_4_p90,0.015882015228271484,8,1
dominant_frequency,0.014229514636099339,8,1
flatness_std,0.01290268823504448,8,1
mfcc_14_p10,0.012511618435382843,8,1
flatness_mean,0.012129523791372776,8,1
bandwidth_p90,0.011565487831830978,8,1
mfcc_16_mean,0.011556856334209442,8,1
rms_std,0.011348004452884197,8,1
mfcc_16_p90,0.01099854800850153,8,1
dominant_frequency_ratio,0.01081469189375639,8,1
rms_mean,0.010705762542784214,8,1
zero_crossing_rate_std,0.01069711335003376,8,1
mfcc_14_p90,0.010404834523797035,8,1
mfcc_16_std,0.009976997971534729,8,1
mfcc_8_p10,0.008729794062674046,8,1
mfcc_9_std,0.008610621094703674,8,1
zero_crossing_rate_p90,0.008602749556303024,8,1
mfcc_13_p90,0.008285274729132652,8,1
contrast_3_p90,0.0082384729757905,8,1
mfcc_7_std,0.008056209422647953,8,1
contrast_1_std,0.007708377204835415,8,1
mfcc_delta_4_p10,0.007352658547461033,8,1
zero_crossing_rate_mean,0.006980768404901028,8,1
mfcc_delta_0_p90,0.0069066728465259075,8,1
mfcc_delta_0_p10,0.0068558091297745705,8,1
mfcc_13_p10,0.006827150471508503,8,1
rms_p90,0.006714450195431709,8,1
mfcc_delta_0_std,0.006543702445924282,8,1
centroid_mean,0.006424336228519678,8,1
mfcc_delta_14_p10,0.006320728920400143,8,1
mfcc_19_std,0.006142341066151857,8,1
contrast_5_mean,0.005940498784184456,8,1
contrast_2_mean,0.005903197918087244,8,1
flatness_p90,0.005627696868032217,8,1
mfcc_delta_5_p10,0.00553890410810709,8,1
mfcc_8_std,0.00552579527720809,8,1
mfcc_1_mean,0.0055203624069690704,8,1
mfcc_delta_14_std,0.005495788063853979,8,1
mfcc_delta_8_p10,0.005494253244251013,8,1
contrast_0_std,0.005377491004765034,8,1
spectral_entropy_p90,0.005242187529802322,8,1
mfcc_8_p90,0.005121040623635054,8,1
contrast_3_p10,0.005020993761718273,8,1
contrast_4_std,0.004930670373141766,8,1
mfcc_delta_4_p90,0.004923065192997456,8,1
mfcc_6_p90,0.004741578362882137,8,1
mfcc_1_p90,0.004635477904230356,8,1
mfcc_15_p10,0.0045286486856639385,8,1
bandwidth_std,0.004413885995745659,8,1
contrast_5_p10,0.0043606325052678585,8,1
mfcc_delta_7_p90,0.004312779288738966,8,1
contrast_2_p90,0.058262601494789124,8,2
mfcc_15_std,0.04844709485769272,8,2
mfcc_14_std,0.04445992037653923,8,2
contrast_3_p10,0.04365578666329384,8,2
rms_p10,0.03983033448457718,8,2
contrast_3_mean,0.03606032207608223,8,2
contrast_2_mean,0.03586750105023384,8,2
mfcc_14_p90,0.02326362393796444,8,2
mfcc_16_std,0.02100626938045025,8,2
mfcc_13_std,0.017409302294254303,8,2
contrast_3_p90,0.017154650762677193,8,2
contrast_5_mean,0.014341697096824646,8,2
mfcc_18_std,0.01369570940732956,8,2
dominant_frequency,0.013529849238693714,8,2
zero_crossing_rate_std,0.0127011863514781,8,2
rms_mean,0.01165060605853796,8,2
contrast_2_std,0.011439446359872818,8,2
mfcc_delta_4_p90,0.011213752441108227,8,2
mfcc_delta_4_p10,0.01120922714471817,8,2
contrast_5_p10,0.011116676963865757,8,2
rolloff85_mean,0.010947317816317081,8,2
mfcc_8_std,0.010748989880084991,8,2
mfcc_9_std,0.009734642691910267,8,2
contrast_4_p90,0.009662431664764881,8,2
mfcc_14_p10,0.00939007569104433,8,2
mfcc_2_p10,0.008690990507602692,8,2
mfcc_7_std,0.00791141577064991,8,2
mfcc_delta_6_p90,0.00791021715849638,8,2
mfcc_17_std,0.007663297466933727,8,2
mfcc_19_std,0.007234249729663134,8,2
mfcc_12_std,0.006771635264158249,8,2
rms_std,0.006244301795959473,8,2
contrast_0_p90,0.006208622362464666,8,2
mfcc_delta_7_p90,0.006196559872478247,8,2
mfcc_delta_8_p90,0.005954098887741566,8,2
mfcc_2_mean,0.005798711907118559,8,2
mfcc_delta_7_p10,0.0057073598727583885,8,2
bandwidth_mean,0.005634892266243696,8,2
mfcc_delta_0_std,0.005321009084582329,8,2
mfcc_delta_0_p10,0.00523883244022727,8,2
bandwidth_p90,0.005235026590526104,8,2
mfcc_14_mean,0.004972438793629408,8,2
flatness_p10,0.004892047494649887,8,2
zero_crossing_rate_p10,0.0048294346779584885,8,2
rolloff85_p10,0.004731134045869112,8,2
flatness_mean,0.004706111736595631,8,2
mfcc_2_p90,0.00459175044670701,8,2
mfcc_delta_0_mean,0.004552799742668867,8,2
mfcc_1_p90,0.004541311878710985,8,2
contrast_4_std,0.004468436818569899,8,2
contrast_3_std,0.004304341971874237,8,2
mfcc_10_p90,0.004291881807148457,8,2
rms_p90,0.00416370015591383,8,2
rolloff85_p90,0.004014947917312384,8,2
mfcc_delta_5_p10,0.0037610281724482775,8,2
mfcc_1_std,0.003709465963765979,8,2
mfcc_delta_0_p90,0.0036627664230763912,8,2
mfcc_6_std,0.0035667880438268185,8,2
contrast_2_p10,0.003425593487918377,8,2
mfcc_9_p10,0.0033832869958132505,8,2
mfcc_14_std,0.06344056874513626,8,3
rms_p10,0.05377668887376785,8,3
mfcc_15_std,0.0528985895216465,8,3
contrast_3_p90,0.05269655957818031,8,3
contrast_2_p90,0.045590706169605255,8,3
mfcc_13_std,0.025644076988101006,8,3
dominant_frequency,0.023727791383862495,8,3
rms_mean,0.021097332239151,8,3
contrast_2_std,0.020171208307147026,8,3
mfcc_16_std,0.01940978318452835,8,3
contrast_3_mean,0.017489952966570854,8,3
contrast_4_p90,0.015255875885486603,8,3
mfcc_9_std,0.011350628919899464,8,3
contrast_3_std,0.01128895953297615,8,3
mfcc_19_std,0.010662037879228592,8,3
contrast_1_p90,0.009980211034417152,8,3
mfcc_8_std,0.009891793131828308,8,3
mfcc_7_std,0.0084178876131773,8,3
mfcc_delta_3_p10,0.008109861053526402,8,3
zero_crossing_rate_p90,0.007824935019016266,8,3
mfcc_delta_6_std,0.0073641142807900906,8,3
zero_crossing_rate_std,0.007316687610000372,8,3
contrast_1_std,0.007187299896031618,8,3
contrast_5_mean,0.006858117878437042,8,3
spectral_entropy_p90,0.006271210499107838,8,3
mfcc_14_mean,0.006154438480734825,8,3
flatness_mean,0.006050104275345802,8,3
flatness_p90,0.006028440315276384,8,3
mfcc_delta_14_std,0.005990631878376007,8,3
zero_crossing_rate_mean,0.005947750061750412,8,3
dominant_frequency_ratio,0.005767683498561382,8,3
rms_p90,0.005668021738529205,8,3
mfcc_delta_0_p10,0.005646021105349064,8,3
rms_std,0.005530575755983591,8,3
flatness_p10,0.005374524742364883,8,3
spectral_entropy_mean,0.005287019070237875,8,3
mfcc_delta_0_p90,0.0052178725600242615,8,3
contrast_2_mean,0.00521581107750535,8,3
mfcc_delta_0_std,0.00499955378472805,8,3
mfcc_delta_7_p90,0.004952254239469767,8,3
mfcc_delta_1_std,0.004815458785742521,8,3
mfcc_17_std,0.004806635435670614,8,3
mfcc_11_p90,0.004737454000860453,8,3
mfcc_3_mean,0.00459000701084733,8,3
mfcc_delta_15_p10,0.00443329568952322,8,3
mfcc_14_p90,0.004369230475276709,8,3
contrast_4_std,0.00420413026586175,8,3
mfcc_3_p10,0.004087227862328291,8,3
mfcc_0_p10,0.004072846844792366,8,3
centroid_p90,0.004017101135104895,8,3
mfcc_delta_19_std,0.003987970761954784,8,3
mfcc_delta_13_mean,0.003983427304774523,8,3
centroid_p10,0.0039276424795389175,8,3
mfcc_delta_14_p10,0.003926418721675873,8,3
mfcc_delta_18_mean,0.003878318704664707,8,3
mfcc_13_p10,0.0037880593445152044,8,3
rolloff85_mean,0.003766397014260292,8,3
mfcc_6_mean,0.003764114109799266,8,3
mfcc_delta_8_p90,0.003753781784325838,8,3
spectral_entropy_p10,0.0036496310494840145,8,3
contrast_2_p90,0.0784517452120781,8,4
mfcc_15_std,0.06633505970239639,8,4
mfcc_14_std,0.030765453353524208,8,4
rms_p10,0.02996123395860195,8,4
mfcc_delta_6_p90,0.022872017696499825,8,4
mfcc_16_std,0.022023707628250122,8,4
contrast_2_mean,0.020746078342199326,8,4
contrast_2_std,0.020514847710728645,8,4
mfcc_13_std,0.01862737536430359,8,4
contrast_3_mean,0.017636118456721306,8,4
mfcc_delta_8_p10,0.0174584798514843,8,4
zero_crossing_rate_std,0.015665683895349503,8,4
contrast_1_std,0.012377886101603508,8,4
mfcc_8_std,0.01153486967086792,8,4
mfcc_2_std,0.011441431939601898,8,4
contrast_3_p10,0.011212550103664398,8,4
mfcc_11_std,0.010596731677651405,8,4
rms_mean,0.010209329426288605,8,4
mfcc_19_std,0.009759359993040562,8,4
mfcc_delta_8_p90,0.009134162217378616,8,4
spectral_entropy_mean,0.008845803327858448,8,4
contrast_4_p90,0.008746265433728695,8,4
dominant_frequency,0.008704747073352337,8,4
zero_crossing_rate_p10,0.008622545748949051,8,4
rms_std,0.00818029697984457,8,4
contrast_4_std,0.007886338979005814,8,4
mfcc_delta_7_p90,0.007407480385154486,8,4
zero_crossing_rate_p90,0.006915243808180094,8,4
flatness_p10,0.006891206838190556,8,4
mfcc_delta_9_p90,0.00688510574400425,8,4
dominant_frequency_ratio,0.006870987359434366,8,4
mfcc_17_std,0.006817189045250416,8,4
flatness_p90,0.006523179356008768,8,4
mfcc_delta_6_p10,0.006287781521677971,8,4
mfcc_16_p90,0.006147913634777069,8,4
mfcc_9_p90,0.006004479248076677,8,4
mfcc_9_std,0.005907669197767973,8,4
mfcc_delta_14_p90,0.005679362919181585,8,4
mfcc_11_mean,0.005609421990811825,8,4
mfcc_12_p90,0.0054470538161695,8,4
mfcc_1_std,0.005130070261657238,8,4
rms_p90,0.005068252794444561,8,4
mfcc_delta_7_p10,0.004969894886016846,8,4
mfcc_delta_12_std,0.004895559977740049,8,4
mfcc_delta_1_std,0.004886472597718239,8,4
mfcc_10_p90,0.004885357804596424,8,4
mfcc_7_std,0.0048753670416772366,8,4
mfcc_11_p10,0.0048676710575819016,8,4
contrast_1_p10,0.004769011400640011,8,4
mfcc_delta_0_p10,0.0046930694952607155,8,4
mfcc_1_p90,0.0046055917628109455,8,4
mfcc_delta_15_p90,0.004578611347824335,8,4
mfcc_delta_9_p10,0.004432602319866419,8,4
contrast_1_p90,0.004420426208525896,8,4
mfcc_3_std,0.004379065707325935,8,4
mfcc_delta_1_p10,0.0043383496813476086,8,4
mfcc_delta_19_p10,0.004321047570556402,8,4
contrast_3_p90,0.00431377999484539,8,4
flatness_mean,0.0041375188156962395,8,4
spectral_entropy_p90,0.0040962425991892815,8,4
contrast_2_p90,0.0904906615614891,9,0
mfcc_15_std,0.06619194895029068,9,0
mfcc_14_std,0.0632261335849762,9,0
contrast_4_p90,0.03226239234209061,9,0
contrast_3_mean,0.024963367730379105,9,0
contrast_2_std,0.022811563685536385,9,0
rms_p10,0.021924927830696106,9,0
mfcc_delta_4_p10,0.02072206139564514,9,0
zero_crossing_rate_p90,0.02011863701045513,9,0
mfcc_13_std,0.019003283232450485,9,0
dominant_frequency,0.01249256357550621,9,0
rms_mean,0.0122182946652174,9,0
mfcc_16_p90,0.011935976333916187,9,0
mfcc_13_p90,0.011343846097588539,9,0
mfcc_delta_4_p90,0.01078274566680193,9,0
mfcc_delta_8_p10,0.010676741600036621,9,0
contrast_3_p90,0.009848330169916153,9,0
contrast_2_mean,0.009538033045828342,9,0
mfcc_16_std,0.009098632261157036,9,0
flatness_std,0.009080829098820686,9,0
mfcc_16_p10,0.008598984219133854,9,0
mfcc_14_p90,0.008408695459365845,9,0
flatness_mean,0.008187694475054741,9,0
contrast_1_std,0.007841404527425766,9,0
mfcc_15_p10,0.007793030701577663,9,0
spectral_entropy_p90,0.007783133536577225,9,0
mfcc_19_std,0.007691443432122469,9,0
mfcc_delta_0_p10,0.007653503213077784,9,0
contrast_3_p10,0.007553532719612122,9,0
mfcc_delta_0_std,0.007060281466692686,9,0
mfcc_7_std,0.006952433381229639,9,0
zero_crossing_rate_p10,0.006640167906880379,9,0
rms_std,0.0062601263634860516,9,0
zero_crossing_rate_std,0.006156776566058397,9,0
mfcc_delta_5_p10,0.00613126065582037,9,0
mfcc_delta_7_p90,0.0060616726987063885,9,0
mfcc_14_p10,0.006055878940969706,9,0
mfcc_delta_0_p90,0.006003418006002903,9,0
zero_crossing_rate_mean,0.005731943994760513,9,0
rms_p90,0.005507778842002153,9,0
contrast_4_std,0.005268178880214691,9,0
centroid_p10,0.005218822509050369,9,0
flatness_p90,0.004953093361109495,9,0
mfcc_18_std,0.004873719997704029,9,0
mfcc_delta_6_std,0.0048637595027685165,9,0
mfcc_16_mean,0.004831995815038681,9,0
contrast_3_std,0.00469381595030427,9,0
flatness_p10,0.004611832555383444,9,0
mfcc_delta_14_p10,0.0045997328124940395,9,0
mfcc_8_p10,0.00455014081671834,9,0
mfcc_4_p90,0.004527231212705374,9,0
mfcc_13_p10,0.004476439673453569,9,0
mfcc_1_mean,0.004215647000819445,9,0
mfcc_delta_14_std,0.004203959833830595,9,0
contrast_1_p90,0.004136225674301386,9,0
mfcc_2_std,0.004012707620859146,9,0
mfcc_3_std,0.003922083880752325,9,0
mfcc_delta_1_p10,0.0036771672312170267,9,0
mfcc_8_std,0.0036429802421480417,9,0
mfcc_delta_3_p10,0.003627106547355652,9,0
contrast_2_p90,0.06475886702537537,9,1
mfcc_15_std,0.056754060089588165,9,1
mfcc_14_std,0.04802742227911949,9,1
contrast_2_std,0.025806501507759094,9,1
contrast_3_mean,0.023457439616322517,9,1
mfcc_13_std,0.018452467396855354,9,1
flatness_p10,0.018343299627304077,9,1
mfcc_16_p10,0.01783469319343567,9,1
rms_p10,0.016918091103434563,9,1
contrast_4_p90,0.015882015228271484,9,1
dominant_frequency,0.014229514636099339,9,1
flatness_std,0.01290268823504448,9,1
mfcc_14_p10,0.012511618435382843,9,1
flatness_mean,0.012129523791372776,9,1
bandwidth_p90,0.011565487831830978,9,1
mfcc_16_mean,0.011556856334209442,9,1
rms_std,0.011348004452884197,9,1
mfcc_16_p90,0.01099854800850153,9,1
dominant_frequency_ratio,0.01081469189375639,9,1
rms_mean,0.010705762542784214,9,1
zero_crossing_rate_std,0.01069711335003376,9,1
mfcc_14_p90,0.010404834523797035,9,1
mfcc_16_std,0.009976997971534729,9,1
mfcc_8_p10,0.008729794062674046,9,1
mfcc_9_std,0.008610621094703674,9,1
zero_crossing_rate_p90,0.008602749556303024,9,1
mfcc_13_p90,0.008285274729132652,9,1
contrast_3_p90,0.0082384729757905,9,1
mfcc_7_std,0.008056209422647953,9,1
contrast_1_std,0.007708377204835415,9,1
mfcc_delta_4_p10,0.007352658547461033,9,1
zero_crossing_rate_mean,0.006980768404901028,9,1
mfcc_delta_0_p90,0.0069066728465259075,9,1
mfcc_delta_0_p10,0.0068558091297745705,9,1
mfcc_13_p10,0.006827150471508503,9,1
rms_p90,0.006714450195431709,9,1
mfcc_delta_0_std,0.006543702445924282,9,1
centroid_mean,0.006424336228519678,9,1
mfcc_delta_14_p10,0.006320728920400143,9,1
mfcc_19_std,0.006142341066151857,9,1
contrast_5_mean,0.005940498784184456,9,1
contrast_2_mean,0.005903197918087244,9,1
flatness_p90,0.005627696868032217,9,1
mfcc_delta_5_p10,0.00553890410810709,9,1
mfcc_8_std,0.00552579527720809,9,1
mfcc_1_mean,0.0055203624069690704,9,1
mfcc_delta_14_std,0.005495788063853979,9,1
mfcc_delta_8_p10,0.005494253244251013,9,1
contrast_0_std,0.005377491004765034,9,1
spectral_entropy_p90,0.005242187529802322,9,1
mfcc_8_p90,0.005121040623635054,9,1
contrast_3_p10,0.005020993761718273,9,1
contrast_4_std,0.004930670373141766,9,1
mfcc_delta_4_p90,0.004923065192997456,9,1
mfcc_6_p90,0.004741578362882137,9,1
mfcc_1_p90,0.004635477904230356,9,1
mfcc_15_p10,0.0045286486856639385,9,1
bandwidth_std,0.004413885995745659,9,1
contrast_5_p10,0.0043606325052678585,9,1
mfcc_delta_7_p90,0.004312779288738966,9,1
contrast_2_p90,0.058262601494789124,9,2
mfcc_15_std,0.04844709485769272,9,2
mfcc_14_std,0.04445992037653923,9,2
contrast_3_p10,0.04365578666329384,9,2
rms_p10,0.03983033448457718,9,2
contrast_3_mean,0.03606032207608223,9,2
contrast_2_mean,0.03586750105023384,9,2
mfcc_14_p90,0.02326362393796444,9,2
mfcc_16_std,0.02100626938045025,9,2
mfcc_13_std,0.017409302294254303,9,2
contrast_3_p90,0.017154650762677193,9,2
contrast_5_mean,0.014341697096824646,9,2
mfcc_18_std,0.01369570940732956,9,2
dominant_frequency,0.013529849238693714,9,2
zero_crossing_rate_std,0.0127011863514781,9,2
rms_mean,0.01165060605853796,9,2
contrast_2_std,0.011439446359872818,9,2
mfcc_delta_4_p90,0.011213752441108227,9,2
mfcc_delta_4_p10,0.01120922714471817,9,2
contrast_5_p10,0.011116676963865757,9,2
rolloff85_mean,0.010947317816317081,9,2
mfcc_8_std,0.010748989880084991,9,2
mfcc_9_std,0.009734642691910267,9,2
contrast_4_p90,0.009662431664764881,9,2
mfcc_14_p10,0.00939007569104433,9,2
mfcc_2_p10,0.008690990507602692,9,2
mfcc_7_std,0.00791141577064991,9,2
mfcc_delta_6_p90,0.00791021715849638,9,2
mfcc_17_std,0.007663297466933727,9,2
mfcc_19_std,0.007234249729663134,9,2
mfcc_12_std,0.006771635264158249,9,2
rms_std,0.006244301795959473,9,2
contrast_0_p90,0.006208622362464666,9,2
mfcc_delta_7_p90,0.006196559872478247,9,2
mfcc_delta_8_p90,0.005954098887741566,9,2
mfcc_2_mean,0.005798711907118559,9,2
mfcc_delta_7_p10,0.0057073598727583885,9,2
bandwidth_mean,0.005634892266243696,9,2
mfcc_delta_0_std,0.005321009084582329,9,2
mfcc_delta_0_p10,0.00523883244022727,9,2
bandwidth_p90,0.005235026590526104,9,2
mfcc_14_mean,0.004972438793629408,9,2
flatness_p10,0.004892047494649887,9,2
zero_crossing_rate_p10,0.0048294346779584885,9,2
rolloff85_p10,0.004731134045869112,9,2
flatness_mean,0.004706111736595631,9,2
mfcc_2_p90,0.00459175044670701,9,2
mfcc_delta_0_mean,0.004552799742668867,9,2
mfcc_1_p90,0.004541311878710985,9,2
contrast_4_std,0.004468436818569899,9,2
contrast_3_std,0.004304341971874237,9,2
mfcc_10_p90,0.004291881807148457,9,2
rms_p90,0.00416370015591383,9,2
rolloff85_p90,0.004014947917312384,9,2
mfcc_delta_5_p10,0.0037610281724482775,9,2
mfcc_1_std,0.003709465963765979,9,2
mfcc_delta_0_p90,0.0036627664230763912,9,2
mfcc_6_std,0.0035667880438268185,9,2
contrast_2_p10,0.003425593487918377,9,2
mfcc_9_p10,0.0033832869958132505,9,2
mfcc_14_std,0.06344056874513626,9,3
rms_p10,0.05377668887376785,9,3
mfcc_15_std,0.0528985895216465,9,3
contrast_3_p90,0.05269655957818031,9,3
contrast_2_p90,0.045590706169605255,9,3
mfcc_13_std,0.025644076988101006,9,3
dominant_frequency,0.023727791383862495,9,3
rms_mean,0.021097332239151,9,3
contrast_2_std,0.020171208307147026,9,3
mfcc_16_std,0.01940978318452835,9,3
contrast_3_mean,0.017489952966570854,9,3
contrast_4_p90,0.015255875885486603,9,3
mfcc_9_std,0.011350628919899464,9,3
contrast_3_std,0.01128895953297615,9,3
mfcc_19_std,0.010662037879228592,9,3
contrast_1_p90,0.009980211034417152,9,3
mfcc_8_std,0.009891793131828308,9,3
mfcc_7_std,0.0084178876131773,9,3
mfcc_delta_3_p10,0.008109861053526402,9,3
zero_crossing_rate_p90,0.007824935019016266,9,3
mfcc_delta_6_std,0.0073641142807900906,9,3
zero_crossing_rate_std,0.007316687610000372,9,3
contrast_1_std,0.007187299896031618,9,3
contrast_5_mean,0.006858117878437042,9,3
spectral_entropy_p90,0.006271210499107838,9,3
mfcc_14_mean,0.006154438480734825,9,3
flatness_mean,0.006050104275345802,9,3
flatness_p90,0.006028440315276384,9,3
mfcc_delta_14_std,0.005990631878376007,9,3
zero_crossing_rate_mean,0.005947750061750412,9,3
dominant_frequency_ratio,0.005767683498561382,9,3
rms_p90,0.005668021738529205,9,3
mfcc_delta_0_p10,0.005646021105349064,9,3
rms_std,0.005530575755983591,9,3
flatness_p10,0.005374524742364883,9,3
spectral_entropy_mean,0.005287019070237875,9,3
mfcc_delta_0_p90,0.0052178725600242615,9,3
contrast_2_mean,0.00521581107750535,9,3
mfcc_delta_0_std,0.00499955378472805,9,3
mfcc_delta_7_p90,0.004952254239469767,9,3
mfcc_delta_1_std,0.004815458785742521,9,3
mfcc_17_std,0.004806635435670614,9,3
mfcc_11_p90,0.004737454000860453,9,3
mfcc_3_mean,0.00459000701084733,9,3
mfcc_delta_15_p10,0.00443329568952322,9,3
mfcc_14_p90,0.004369230475276709,9,3
contrast_4_std,0.00420413026586175,9,3
mfcc_3_p10,0.004087227862328291,9,3
mfcc_0_p10,0.004072846844792366,9,3
centroid_p90,0.004017101135104895,9,3
mfcc_delta_19_std,0.003987970761954784,9,3
mfcc_delta_13_mean,0.003983427304774523,9,3
centroid_p10,0.0039276424795389175,9,3
mfcc_delta_14_p10,0.003926418721675873,9,3
mfcc_delta_18_mean,0.003878318704664707,9,3
mfcc_13_p10,0.0037880593445152044,9,3
rolloff85_mean,0.003766397014260292,9,3
mfcc_6_mean,0.003764114109799266,9,3
mfcc_delta_8_p90,0.003753781784325838,9,3
spectral_entropy_p10,0.0036496310494840145,9,3
contrast_2_p90,0.0784517452120781,9,4
mfcc_15_std,0.06633505970239639,9,4
mfcc_14_std,0.030765453353524208,9,4
rms_p10,0.02996123395860195,9,4
mfcc_delta_6_p90,0.022872017696499825,9,4
mfcc_16_std,0.022023707628250122,9,4
contrast_2_mean,0.020746078342199326,9,4
contrast_2_std,0.020514847710728645,9,4
mfcc_13_std,0.01862737536430359,9,4
contrast_3_mean,0.017636118456721306,9,4
mfcc_delta_8_p10,0.0174584798514843,9,4
zero_crossing_rate_std,0.015665683895349503,9,4
contrast_1_std,0.012377886101603508,9,4
mfcc_8_std,0.01153486967086792,9,4
mfcc_2_std,0.011441431939601898,9,4
contrast_3_p10,0.011212550103664398,9,4
mfcc_11_std,0.010596731677651405,9,4
rms_mean,0.010209329426288605,9,4
mfcc_19_std,0.009759359993040562,9,4
mfcc_delta_8_p90,0.009134162217378616,9,4
spectral_entropy_mean,0.008845803327858448,9,4
contrast_4_p90,0.008746265433728695,9,4
dominant_frequency,0.008704747073352337,9,4
zero_crossing_rate_p10,0.008622545748949051,9,4
rms_std,0.00818029697984457,9,4
contrast_4_std,0.007886338979005814,9,4
mfcc_delta_7_p90,0.007407480385154486,9,4
zero_crossing_rate_p90,0.006915243808180094,9,4
flatness_p10,0.006891206838190556,9,4
mfcc_delta_9_p90,0.00688510574400425,9,4
dominant_frequency_ratio,0.006870987359434366,9,4
mfcc_17_std,0.006817189045250416,9,4
flatness_p90,0.006523179356008768,9,4
mfcc_delta_6_p10,0.006287781521677971,9,4
mfcc_16_p90,0.006147913634777069,9,4
mfcc_9_p90,0.006004479248076677,9,4
mfcc_9_std,0.005907669197767973,9,4
mfcc_delta_14_p90,0.005679362919181585,9,4
mfcc_11_mean,0.005609421990811825,9,4
mfcc_12_p90,0.0054470538161695,9,4
mfcc_1_std,0.005130070261657238,9,4
rms_p90,0.005068252794444561,9,4
mfcc_delta_7_p10,0.004969894886016846,9,4
mfcc_delta_12_std,0.004895559977740049,9,4
mfcc_delta_1_std,0.004886472597718239,9,4
mfcc_10_p90,0.004885357804596424,9,4
mfcc_7_std,0.0048753670416772366,9,4
mfcc_11_p10,0.0048676710575819016,9,4
contrast_1_p10,0.004769011400640011,9,4
mfcc_delta_0_p10,0.0046930694952607155,9,4
mfcc_1_p90,0.0046055917628109455,9,4
mfcc_delta_15_p90,0.004578611347824335,9,4
mfcc_delta_9_p10,0.004432602319866419,9,4
contrast_1_p90,0.004420426208525896,9,4
mfcc_3_std,0.004379065707325935,9,4
mfcc_delta_1_p10,0.0043383496813476086,9,4
mfcc_delta_19_p10,0.004321047570556402,9,4
contrast_3_p90,0.00431377999484539,9,4
flatness_mean,0.0041375188156962395,9,4
spectral_entropy_p90,0.0040962425991892815,9,4
